rank,source_family_id,pmcid,decision,exception_reason,priority_score,missing_review_fields,observation_locator_count,cell_state_tags,modality_tags,mechanics_tags
1,doi:10.1002/advs.202410052,PMC11923911,manual_priority,NONE,23,affiliation_resolved_lab_group;correction_retraction_check;independent_replication_check,7,cancer_tumor;epithelial;migrating,afm;flow_cytometry;live_cell_imaging;magnetic_tweezers;micropipette_aspiration,migration_speed;stiffness_modulus;strain_deformation
2,doi:10.1002/ctm2.70703,PMC13239690,manual_priority,NONE,23,affiliation_resolved_lab_group;correction_retraction_check;independent_replication_check,7,differentiating;immune,flow_cytometry;immunofluorescence;pcr;western_blot,strain_deformation
3,doi:10.1016/j.cell.2020.03.052,PMC7237863,manual_priority,NONE,23,affiliation_resolved_lab_group;correction_retraction_check;independent_replication_check,24,apoptotic;cancer_tumor;differentiating;epithelial;mitotic;stem_progenitor,afm;flow_cytometry;immunofluorescence;pcr;western_blot,membrane_tension;stiffness_modulus;strain_deformation
4,doi:10.1016/j.cell.2021.02.017,PMC8055543,manual_priority,NONE,23,affiliation_resolved_lab_group;correction_retraction_check;independent_replication_check,26,epithelial;migrating;mitotic;stem_progenitor,immunofluorescence;micropipette_aspiration,cell_volume;stiffness_modulus;strain_deformation;viscosity_viscoelasticity
5,doi:10.1016/j.devcel.2019.12.011,PMC6983945,manual_priority,NONE,23,affiliation_resolved_lab_group;correction_retraction_check;independent_replication_check,7,epithelial;migrating;mitotic,afm;immunofluorescence;live_cell_imaging;pcr;western_blot,cortical_tension;membrane_tension;viscosity_viscoelasticity
6,doi:10.1016/j.isci.2023.106657,PMC10164898,manual_priority,NONE,23,affiliation_resolved_lab_group;correction_retraction_check;independent_replication_check,7,differentiating;epithelial;fibroblast;migrating;stem_progenitor,immunofluorescence,stiffness_modulus
7,doi:10.1016/j.mtbio.2025.102472,PMC12621461,manual_priority,NONE,23,affiliation_resolved_lab_group;correction_retraction_check;independent_replication_check,8,fibroblast;migrating,afm;immunofluorescence;western_blot,stiffness_modulus;strain_deformation
8,doi:10.1038/s41467-021-26611-2,PMC8586027,manual_priority,NONE,23,affiliation_resolved_lab_group;correction_retraction_check;independent_replication_check,6,mitotic,afm;western_blot,cell_volume;cortical_tension;membrane_tension
9,doi:10.1038/s41467-025-60515-9,PMC12216642,manual_priority,NONE,23,affiliation_resolved_lab_group;correction_retraction_check;independent_replication_check,7,differentiating;immune;migrating;muscle;stem_progenitor,flow_cytometry;immunofluorescence;pcr;single_cell_sequencing;western_blot,strain_deformation;viscosity_viscoelasticity
10,doi:10.1038/s41467-025-60760-y,PMC12254341,manual_priority,NONE,23,affiliation_resolved_lab_group;correction_retraction_check;independent_replication_check,5,differentiating;immune;migrating;stem_progenitor,afm;immunofluorescence;micropipette_aspiration;single_cell_sequencing;western_blot,stiffness_modulus;strain_deformation
11,doi:10.1038/s41467-025-62153-7,PMC12297719,manual_priority,NONE,23,affiliation_resolved_lab_group;correction_retraction_check;independent_replication_check,7,fibroblast;mitotic,afm;flow_cytometry;live_cell_imaging;western_blot,adhesion_force
12,doi:10.1038/s41467-025-63374-6,PMC12402161,manual_priority,NONE,23,affiliation_resolved_lab_group;correction_retraction_check;independent_replication_check,9,apoptotic;cancer_tumor;differentiating;epithelial;immune;migrating;stem_progenitor,immunofluorescence;live_cell_imaging;pcr,strain_deformation;viscosity_viscoelasticity
13,doi:10.1038/s41523-025-00769-0,PMC12144095,manual_priority,NONE,23,affiliation_resolved_lab_group;correction_retraction_check;independent_replication_check,5,cancer_tumor;migrating,afm;immunofluorescence;pcr;western_blot,stiffness_modulus;strain_deformation
14,doi:10.1038/s41556-024-01527-3,PMC11628398,manual_priority,NONE,23,affiliation_resolved_lab_group;correction_retraction_check;independent_replication_check,30,differentiating;epithelial;stem_progenitor,flow_cytometry;immunofluorescence;pcr;western_blot,strain_deformation;viscosity_viscoelasticity
15,doi:10.1038/s41563-024-02060-2,PMC11879868,manual_priority,NONE,23,affiliation_resolved_lab_group;correction_retraction_check;independent_replication_check,15,migrating;stem_progenitor,immunofluorescence;live_cell_imaging;pcr,membrane_tension;strain_deformation
16,doi:10.1038/s41564-021-01003-w,PMC8612929,manual_priority,NONE,23,affiliation_resolved_lab_group;correction_retraction_check;independent_replication_check,6,migrating,afm,stiffness_modulus;strain_deformation
17,doi:10.1038/s41598-024-64608-1,PMC11178842,manual_priority,NONE,23,affiliation_resolved_lab_group;correction_retraction_check;independent_replication_check,12,apoptotic;differentiating;epithelial;mitotic;muscle,immunofluorescence;pcr;western_blot,strain_deformation
18,doi:10.1038/s44318-024-00309-9,PMC11696905,manual_priority,NONE,23,affiliation_resolved_lab_group;correction_retraction_check;independent_replication_check,24,cancer_tumor;epithelial;migrating;mitotic,immunofluorescence;piv;traction_force_microscopy;western_blot,cortical_tension;membrane_tension;strain_deformation;traction_force
19,doi:10.1038/s44318-024-00336-6,PMC11791182,manual_priority,NONE,23,affiliation_resolved_lab_group;correction_retraction_check;independent_replication_check,7,mitotic,pcr;western_blot,strain_deformation
20,doi:10.1039/d5lc01171j,PMC13054795,manual_priority,NONE,23,affiliation_resolved_lab_group;correction_retraction_check;independent_replication_check,7,cancer_tumor;fibroblast;immune;migrating,flow_cytometry;immunofluorescence,pressure;viscosity_viscoelasticity
21,doi:10.1111/nph.70631,PMC12630457,manual_priority,NONE,23,affiliation_resolved_lab_group;correction_retraction_check;independent_replication_check,5,mitotic,afm,cell_volume;stiffness_modulus;strain_deformation
22,doi:10.3389/fcell.2020.618898,PMC7884762,manual_priority,NONE,23,affiliation_resolved_lab_group;correction_retraction_check;independent_replication_check,9,apoptotic;epithelial;immune;migrating;mitotic,immunofluorescence;western_blot,cell_volume;membrane_tension;pressure;stiffness_modulus;strain_deformation;traction_force
23,doi:10.3389/fimmu.2026.1850953,PMC13254702,manual_priority,NONE,23,affiliation_resolved_lab_group;correction_retraction_check;independent_replication_check,6,apoptotic;differentiating;epithelial;stem_progenitor,immunofluorescence;pcr,strain_deformation
24,doi:10.7554/elife.107220,PMC13275063,manual_priority,NONE,23,affiliation_resolved_lab_group;correction_retraction_check;independent_replication_check,16,migrating;mitotic,afm;western_blot,membrane_tension;strain_deformation;traction_force;viscosity_viscoelasticity
25,doi:10.7554/elife.19799,PMC5104517,manual_priority,NONE,23,affiliation_resolved_lab_group;correction_retraction_check;independent_replication_check,27,apoptotic;differentiating;epithelial;mitotic;stem_progenitor,immunofluorescence,strain_deformation
26,doi:10.7554/elife.48964,PMC7108867,manual_priority,NONE,23,affiliation_resolved_lab_group;correction_retraction_check;independent_replication_check,18,differentiating;migrating,piv,cortical_tension;membrane_tension;strain_deformation;traction_force
27,doi:10.7554/elife.67449,PMC8282336,manual_priority,NONE,23,affiliation_resolved_lab_group;correction_retraction_check;independent_replication_check,15,differentiating;epithelial;fibroblast;immune;migrating;muscle;stem_progenitor,immunofluorescence;pcr;western_blot,cell_volume;membrane_tension;strain_deformation
28,doi:10.7554/elife.90375,PMC12483517,manual_priority,NONE,23,affiliation_resolved_lab_group;correction_retraction_check;independent_replication_check,22,apoptotic;cancer_tumor;differentiating;fibroblast;migrating;muscle;stem_progenitor,flow_cytometry;immunofluorescence;live_cell_imaging;pcr;western_blot,migration_speed;pressure;traction_force
29,doi:10.7554/elife.92078,PMC10959525,manual_priority,NONE,23,affiliation_resolved_lab_group;correction_retraction_check;independent_replication_check,18,differentiating,immunofluorescence;live_cell_imaging;micropipette_aspiration;optical_tweezers;western_blot,cell_volume;membrane_tension;strain_deformation
30,doi:10.1002/advs.202509860,PMC12713034,manual_priority,NONE,22,affiliation_resolved_lab_group;correction_retraction_check;exclusions;independent_replication_check,8,apoptotic;differentiating;stem_progenitor,immunofluorescence;pcr,membrane_tension;strain_deformation;viscosity_viscoelasticity
31,doi:10.1002/advs.202511480,PMC12866708,manual_priority,NONE,22,affiliation_resolved_lab_group;correction_retraction_check;exclusions;independent_replication_check,7,apoptotic;differentiating;fibroblast;muscle;stem_progenitor,flow_cytometry;immunofluorescence;pcr;traction_force_microscopy;western_blot,traction_force
32,doi:10.1007/s00018-024-05357-2,PMC11335284,manual_priority,NONE,22,affiliation_resolved_lab_group;correction_retraction_check;exclusions;independent_replication_check,15,epithelial;migrating;neural,afm;live_cell_imaging;pcr;western_blot,membrane_tension
33,doi:10.1007/s10753-025-02446-7,PMC12876478,manual_priority,NONE,22,affiliation_resolved_lab_group;correction_retraction_check;exclusions;independent_replication_check,11,apoptotic;immune;migrating;neural,flow_cytometry;immunofluorescence;pcr,cell_volume;viscosity_viscoelasticity
34,doi:10.1016/j.bioactmat.2025.10.029,PMC12677092,manual_priority,NONE,22,affiliation_resolved_lab_group;correction_retraction_check;exclusions;independent_replication_check,8,cancer_tumor;differentiating;epithelial;migrating,immunofluorescence;pcr;western_blot,stiffness_modulus;strain_deformation
35,doi:10.1016/j.bioactmat.2026.03.037,PMC13084373,manual_priority,NONE,22,affiliation_resolved_lab_group;correction_retraction_check;exclusions;independent_replication_check,7,apoptotic;differentiating;fibroblast;migrating,afm;flow_cytometry;immunofluorescence;western_blot,stiffness_modulus;strain_deformation;viscosity_viscoelasticity
36,doi:10.1016/j.jbc.2026.111329,PMC13022629,manual_priority,NONE,22,affiliation_resolved_lab_group;correction_retraction_check;exclusions;independent_replication_check,8,cancer_tumor;epithelial;migrating,immunofluorescence;western_blot,migration_speed
37,doi:10.1016/j.stem.2020.10.018,PMC7875115,manual_priority,NONE,22,affiliation_resolved_lab_group;correction_retraction_check;exclusions;independent_replication_check,7,differentiating;fibroblast;stem_progenitor,immunofluorescence;optical_tweezers;pcr;western_blot,membrane_tension
38,doi:10.1038/ncomms12604,PMC5013665,manual_priority,NONE,22,affiliation_resolved_lab_group;correction_retraction_check;exclusions;independent_replication_check,9,epithelial;neural,afm;micropipette_aspiration,cell_volume;membrane_tension
39,doi:10.1038/s41419-025-08222-7,PMC12700999,manual_priority,NONE,22,affiliation_resolved_lab_group;correction_retraction_check;exclusions;independent_replication_check,7,cancer_tumor;differentiating;epithelial;immune;stem_progenitor,afm;immunofluorescence;pcr;single_cell_sequencing;western_blot,membrane_tension;pressure;stiffness_modulus;viscosity_viscoelasticity
40,doi:10.1038/s41420-023-01467-1,PMC10192198,manual_priority,NONE,22,affiliation_resolved_lab_group;correction_retraction_check;exclusions;independent_replication_check,7,apoptotic;migrating,afm;flow_cytometry;immunofluorescence,strain_deformation
41,doi:10.1038/s41467-017-00401-1,PMC5569112,manual_priority,NONE,22,affiliation_resolved_lab_group;correction_retraction_check;independent_replication_check;measurement_modality,6,mitotic,,stiffness_modulus;strain_deformation;viscosity_viscoelasticity
42,doi:10.1038/s41467-021-22010-9,PMC7994818,manual_priority,NONE,22,affiliation_resolved_lab_group;correction_retraction_check;exclusions;independent_replication_check,9,epithelial;mitotic,afm;immunofluorescence;western_blot,cortical_tension;strain_deformation;viscosity_viscoelasticity
43,doi:10.1038/s41467-021-26296-7,PMC8517024,manual_priority,NONE,22,affiliation_resolved_lab_group;correction_retraction_check;exclusions;independent_replication_check,15,apoptotic;differentiating;epithelial;migrating;mitotic;muscle;stem_progenitor,afm;flow_cytometry;immunofluorescence;live_cell_imaging;pcr;traction_force_microscopy;western_blot,stiffness_modulus;strain_deformation;traction_force
44,doi:10.1038/s41467-024-51211-1,PMC11341855,manual_priority,NONE,22,affiliation_resolved_lab_group;correction_retraction_check;exclusions;independent_replication_check,9,differentiating;immune;migrating,flow_cytometry;immunofluorescence;pcr;western_blot,strain_deformation
45,doi:10.1038/s41467-025-58935-8,PMC12032206,manual_priority,NONE,22,affiliation_resolved_lab_group;correction_retraction_check;exclusions;independent_replication_check,6,epithelial,live_cell_imaging,membrane_tension;strain_deformation
46,doi:10.1038/s41564-023-01430-x,PMC10390335,manual_priority,NONE,22,affiliation_resolved_lab_group;correction_retraction_check;exclusions;independent_replication_check,12,mitotic,live_cell_imaging,membrane_tension;pressure;strain_deformation;viscosity_viscoelasticity
47,doi:10.1038/s42003-019-0514-3,PMC6685976,manual_priority,NONE,22,affiliation_resolved_lab_group;correction_retraction_check;exclusions;independent_replication_check,8,differentiating;epithelial;fibroblast;migrating;muscle;stem_progenitor,immunofluorescence;traction_force_microscopy;western_blot,cell_volume;membrane_tension;traction_force
48,doi:10.1038/s42003-020-01330-4,PMC7576174,manual_priority,NONE,22,affiliation_resolved_lab_group;correction_retraction_check;exclusions;independent_replication_check,5,cancer_tumor;epithelial,afm,cortical_tension;stiffness_modulus;strain_deformation;viscosity_viscoelasticity
49,doi:10.1083/jcb.201409001,PMC4411279,manual_priority,NONE,22,affiliation_resolved_lab_group;correction_retraction_check;exclusions;independent_replication_check,7,cancer_tumor;epithelial;migrating,afm;immunofluorescence;pcr,membrane_tension;strain_deformation
50,doi:10.1083/jcb.202301062,PMC10808031,manual_priority,NONE,22,affiliation_resolved_lab_group;correction_retraction_check;exclusions;independent_replication_check,16,differentiating;mitotic,flow_cytometry;immunofluorescence;pcr;western_blot,strain_deformation;viscosity_viscoelasticity
51,doi:10.1111/jcmm.15076,PMC7131935,manual_priority,NONE,22,affiliation_resolved_lab_group;correction_retraction_check;exclusions;independent_replication_check,7,epithelial;fibroblast,pcr;western_blot,cell_volume;membrane_tension;pressure
52,doi:10.1111/nyas.70247,PMC13064422,manual_priority,NONE,22,affiliation_resolved_lab_group;correction_retraction_check;exclusions;independent_replication_check,5,apoptotic;differentiating;migrating;muscle;stem_progenitor,flow_cytometry;pcr;western_blot,cell_volume;strain_deformation
53,doi:10.1182/bloodadvances.2025017995,PMC13195618,manual_priority,NONE,22,affiliation_resolved_lab_group;cell_type_state;correction_retraction_check;independent_replication_check,7,,pcr;traction_force_microscopy;western_blot,traction_force;viscosity_viscoelasticity
54,doi:10.1186/s12903-026-07936-0,PMC13059376,manual_priority,NONE,22,affiliation_resolved_lab_group;correction_retraction_check;exclusions;independent_replication_check,4,differentiating;epithelial;fibroblast;migrating,afm;pcr,stiffness_modulus
55,doi:10.1242/jcs.259993,PMC9481927,manual_priority,NONE,22,affiliation_resolved_lab_group;correction_retraction_check;exclusions;independent_replication_check,4,differentiating;epithelial;migrating;mitotic,afm;live_cell_imaging;pcr;western_blot,cortical_tension
56,doi:10.3389/fcell.2026.1771078,PMC13176260,manual_priority,NONE,22,affiliation_resolved_lab_group;correction_retraction_check;exclusions;independent_replication_check,6,differentiating;epithelial;fibroblast;muscle,immunofluorescence;pcr;western_blot,stiffness_modulus;viscosity_viscoelasticity
57,doi:10.3389/fimmu.2022.874698,PMC9297916,manual_priority,NONE,22,affiliation_resolved_lab_group;correction_retraction_check;exclusions;independent_replication_check,5,apoptotic;differentiating;immune;neural;stem_progenitor,flow_cytometry;pcr,viscosity_viscoelasticity
58,doi:10.3390/life11080832,PMC8399975,manual_priority,NONE,22,affiliation_resolved_lab_group;correction_retraction_check;exclusions;independent_replication_check,5,apoptotic;cancer_tumor;fibroblast,afm,stiffness_modulus;strain_deformation
59,doi:10.3390/ma14112897,PMC8198807,manual_priority,NONE,22,affiliation_resolved_lab_group;correction_retraction_check;exclusions;independent_replication_check,7,cancer_tumor;epithelial;migrating;stem_progenitor,afm,cell_volume;stiffness_modulus;strain_deformation;viscosity_viscoelasticity
60,doi:10.34133/research.1259,PMC13172581,manual_priority,NONE,22,affiliation_resolved_lab_group;correction_retraction_check;exclusions;independent_replication_check,7,differentiating;mitotic;muscle,afm;flow_cytometry;immunofluorescence;pcr;western_blot,stiffness_modulus;strain_deformation
61,doi:10.1002/adhm.202504087,PMC12988578,manual_priority,NONE,21,affiliation_resolved_lab_group;correction_retraction_check;independent_replication_check,6,apoptotic;differentiating;immune;migrating;neural;stem_progenitor,flow_cytometry;immunofluorescence;pcr;western_blot,
62,doi:10.1002/advs.202001066,PMC7578851,manual_priority,NONE,21,affiliation_resolved_lab_group;correction_retraction_check;independent_replication_check;source_data,5,differentiating;stem_progenitor,afm;flow_cytometry;pcr,cell_volume;membrane_tension;stiffness_modulus;strain_deformation
63,doi:10.1002/advs.202503659,PMC12520526,manual_priority,NONE,21,affiliation_resolved_lab_group;calibration;correction_retraction_check;independent_replication_check,10,apoptotic;differentiating;epithelial;immune;migrating,flow_cytometry;immunofluorescence;pcr;western_blot,cell_volume;membrane_tension
64,doi:10.1002/advs.202504138,PMC12697874,manual_priority,NONE,21,affiliation_resolved_lab_group;calibration;correction_retraction_check;independent_replication_check,8,differentiating;fibroblast;migrating;muscle,afm;immunofluorescence;western_blot,stiffness_modulus;strain_deformation
65,doi:10.1002/advs.202512873,PMC12806548,manual_priority,NONE,21,affiliation_resolved_lab_group;calibration;correction_retraction_check;independent_replication_check,6,differentiating;epithelial;migrating;stem_progenitor,immunofluorescence;piv,cell_volume;pressure;stiffness_modulus;strain_deformation;viscosity_viscoelasticity
66,doi:10.1002/advs.202514693,PMC12866780,manual_priority,NONE,21,affiliation_resolved_lab_group;calibration;correction_retraction_check;independent_replication_check,8,cancer_tumor;differentiating;epithelial;fibroblast;migrating;mitotic;stem_progenitor,afm;immunofluorescence,stiffness_modulus;strain_deformation;viscosity_viscoelasticity
67,doi:10.1002/jcp.70202,PMC13276787,manual_priority,NONE,21,affiliation_resolved_lab_group;correction_retraction_check;independent_replication_check,2,differentiating;epithelial;migrating;muscle,immunofluorescence;western_blot,
68,doi:10.1002/jcsm.70311,PMC13133598,manual_priority,NONE,21,affiliation_resolved_lab_group;calibration;correction_retraction_check;independent_replication_check,7,differentiating;immune;muscle,immunofluorescence;pcr;western_blot,viscosity_viscoelasticity
69,doi:10.1002/smtd.202500136,PMC12353401,manual_priority,NONE,21,affiliation_resolved_lab_group;calibration;correction_retraction_check;independent_replication_check,7,apoptotic;cancer_tumor;epithelial;migrating;mitotic;muscle;stem_progenitor,live_cell_imaging,strain_deformation
70,doi:10.1016/j.actbio.2025.08.061,PMC13110826,manual_priority,NONE,21,affiliation_resolved_lab_group;cell_type_state;correction_retraction_check;exclusions;independent_replication_check,6,,afm,stiffness_modulus;strain_deformation;viscosity_viscoelasticity
71,doi:10.1016/j.cell.2017.07.038,PMC5638020,manual_priority,NONE,21,affiliation_resolved_lab_group;correction_retraction_check;independent_replication_check;source_data,22,apoptotic;mitotic,afm;flow_cytometry;immunofluorescence;live_cell_imaging;western_blot,strain_deformation
72,doi:10.1016/j.isci.2022.104978,PMC9474860,manual_priority,NONE,21,affiliation_resolved_lab_group;calibration;correction_retraction_check;independent_replication_check,13,apoptotic;cancer_tumor;differentiating;migrating;mitotic,immunofluorescence;live_cell_imaging;pcr;western_blot,migration_speed;strain_deformation;viscosity_viscoelasticity
73,doi:10.1016/j.isci.2024.110446,PMC11301061,manual_priority,NONE,21,affiliation_resolved_lab_group;calibration;correction_retraction_check;independent_replication_check,5,fibroblast;migrating;muscle,afm;immunofluorescence;live_cell_imaging,membrane_tension;migration_speed;stiffness_modulus;strain_deformation
74,doi:10.1016/j.mtbio.2025.102446,PMC12590149,manual_priority,NONE,21,affiliation_resolved_lab_group;calibration;correction_retraction_check;independent_replication_check,8,apoptotic;differentiating;neural;stem_progenitor,flow_cytometry;immunofluorescence;western_blot,membrane_tension
75,doi:10.1016/j.mtbio.2025.102581,PMC12681753,manual_priority,NONE,21,affiliation_resolved_lab_group;calibration;correction_retraction_check;independent_replication_check,7,differentiating;migrating,immunofluorescence;western_blot,stiffness_modulus;strain_deformation
76,doi:10.1016/j.tcsw.2025.100160,PMC12657310,manual_priority,NONE,21,affiliation_resolved_lab_group;cell_type_state;correction_retraction_check;exclusions;independent_replication_check,5,,afm,adhesion_force;membrane_tension;stiffness_modulus;strain_deformation
77,doi:10.1016/j.tox.2011.12.002,PMC3274693,manual_priority,NONE,21,affiliation_resolved_lab_group;correction_retraction_check;independent_replication_check;source_data,10,apoptotic;epithelial;migrating,flow_cytometry,cell_volume
78,doi:10.1016/j.xpro.2020.100167,PMC7757366,manual_priority,NONE,21,affiliation_resolved_lab_group;cell_type_state;correction_retraction_check;exclusions;independent_replication_check,8,,afm,membrane_tension;stiffness_modulus;strain_deformation;viscosity_viscoelasticity
79,doi:10.1021/acsami.5c22333,PMC12781066,manual_priority,NONE,21,affiliation_resolved_lab_group;correction_retraction_check;independent_replication_check;source_data,4,migrating;mitotic,afm;live_cell_imaging,cell_volume
80,doi:10.1038/nature13701,PMC4230887,manual_priority,NONE,21,affiliation_resolved_lab_group;correction_retraction_check;independent_replication_check,16,apoptotic;fibroblast;migrating;stem_progenitor,flow_cytometry;immunofluorescence;live_cell_imaging;pcr;western_blot,
81,doi:10.1038/ncb3525,PMC5536221,manual_priority,NONE,21,affiliation_resolved_lab_group;independent_replication_check;source_data,7,mitotic;stem_progenitor,afm;pcr,cell_volume;cortical_tension;membrane_tension;strain_deformation
82,doi:10.1038/ncomms14122,PMC5253685,manual_priority,NONE,21,affiliation_resolved_lab_group;calibration;correction_retraction_check;independent_replication_check,6,apoptotic;cancer_tumor;migrating;muscle,immunofluorescence;pcr;western_blot,migration_speed;stiffness_modulus;viscosity_viscoelasticity
83,doi:10.1038/nm.4082,PMC4860133,manual_priority,NONE,21,affiliation_resolved_lab_group;correction_retraction_check;independent_replication_check;source_data,6,cancer_tumor;differentiating;epithelial;fibroblast;muscle,afm;flow_cytometry;immunofluorescence;pcr;traction_force_microscopy;western_blot,stiffness_modulus;strain_deformation;traction_force
84,doi:10.1038/nn.4394,PMC5531257,manual_priority,NONE,21,affiliation_resolved_lab_group;calibration;correction_retraction_check;independent_replication_check,5,cancer_tumor;neural,afm;immunofluorescence;live_cell_imaging;western_blot,stiffness_modulus;strain_deformation
85,doi:10.1038/s41467-017-00445-3,PMC5614989,manual_priority,NONE,21,affiliation_resolved_lab_group;calibration;correction_retraction_check;independent_replication_check,5,migrating;mitotic,live_cell_imaging,strain_deformation;viscosity_viscoelasticity
86,doi:10.1038/s41467-019-09578-z,PMC6465287,manual_priority,NONE,21,affiliation_resolved_lab_group;calibration;correction_retraction_check;independent_replication_check,14,cancer_tumor;differentiating;mitotic,flow_cytometry;live_cell_imaging;western_blot,viscosity_viscoelasticity
87,doi:10.1038/s41467-019-09755-0,PMC6478686,manual_priority,NONE,21,affiliation_resolved_lab_group;calibration;correction_retraction_check;independent_replication_check,3,apoptotic;cancer_tumor;epithelial,immunofluorescence;pcr;western_blot,stiffness_modulus;strain_deformation
88,doi:10.1038/s41467-019-10751-7,PMC6599028,manual_priority,NONE,21,affiliation_resolved_lab_group;calibration;correction_retraction_check;independent_replication_check,9,immune;migrating,afm;immunofluorescence;traction_force_microscopy,membrane_tension;strain_deformation;traction_force
89,doi:10.1038/s41467-021-22988-2,PMC8115695,manual_priority,NONE,21,affiliation_resolved_lab_group;calibration;correction_retraction_check;independent_replication_check,6,cancer_tumor;epithelial;migrating;muscle;stem_progenitor,flow_cytometry;immunofluorescence;live_cell_imaging,strain_deformation
90,doi:10.1038/s41467-021-26454-x,PMC8553821,manual_priority,NONE,21,affiliation_resolved_lab_group;calibration;correction_retraction_check;independent_replication_check,10,differentiating;epithelial;stem_progenitor,traction_force_microscopy,strain_deformation;traction_force;viscosity_viscoelasticity
91,doi:10.1038/s41467-025-56398-5,PMC11760362,manual_priority,NONE,21,affiliation_resolved_lab_group;cell_type_state;correction_retraction_check;exclusions;independent_replication_check,7,,afm;micropipette_aspiration,membrane_tension;strain_deformation
92,doi:10.1038/s41467-025-61702-4,PMC12259986,manual_priority,NONE,21,affiliation_resolved_lab_group;calibration;correction_retraction_check;independent_replication_check,8,epithelial,afm,cell_volume;membrane_tension;stiffness_modulus;strain_deformation
93,doi:10.1038/s41467-025-62270-3,PMC12297709,manual_priority,NONE,21,affiliation_resolved_lab_group;calibration;correction_retraction_check;independent_replication_check,6,apoptotic;differentiating;epithelial;fibroblast;immune;stem_progenitor,flow_cytometry;immunofluorescence;pcr;single_cell_sequencing,strain_deformation
94,doi:10.1038/s41467-025-63854-9,PMC12491448,manual_priority,NONE,21,affiliation_resolved_lab_group;calibration;correction_retraction_check;independent_replication_check,9,cancer_tumor;epithelial;migrating,afm;immunofluorescence;live_cell_imaging;piv;traction_force_microscopy;western_blot,adhesion_force;migration_speed;strain_deformation;traction_force;viscosity_viscoelasticity
95,doi:10.1038/s41467-025-64810-3,PMC12594958,manual_priority,NONE,21,affiliation_resolved_lab_group;calibration;correction_retraction_check;independent_replication_check,8,differentiating;neural,afm;immunofluorescence,stiffness_modulus
96,doi:10.1038/s41467-026-71766-5,PMC13247214,manual_priority,NONE,21,affiliation_resolved_lab_group;correction_retraction_check;independent_replication_check,8,apoptotic,optical_tweezers;pcr,
97,doi:10.1038/s41556-021-00699-6,PMC7611697,manual_priority,NONE,21,affiliation_resolved_lab_group;calibration;correction_retraction_check;independent_replication_check,20,differentiating;epithelial;migrating;mitotic;stem_progenitor,piv;traction_force_microscopy,membrane_tension;strain_deformation;traction_force;viscosity_viscoelasticity
98,doi:10.1038/s41556-024-01558-w,PMC11735399,manual_priority,NONE,21,affiliation_resolved_lab_group;calibration;correction_retraction_check;independent_replication_check,24,cancer_tumor;epithelial;mitotic,flow_cytometry;immunofluorescence;live_cell_imaging;western_blot,strain_deformation
99,doi:10.1038/s41563-025-02269-9,PMC12404997,manual_priority,NONE,21,affiliation_resolved_lab_group;calibration;correction_retraction_check;independent_replication_check,20,cancer_tumor;epithelial;migrating;mitotic,flow_cytometry;immunofluorescence;live_cell_imaging;western_blot,cell_volume;stiffness_modulus;strain_deformation;viscosity_viscoelasticity
100,doi:10.1038/s41567-024-02438-8,PMC11254768,manual_priority,NONE,21,affiliation_resolved_lab_group;correction_retraction_check;independent_replication_check,22,migrating,afm;live_cell_imaging;magnetic_tweezers;pcr,
101,doi:10.1038/s41598-021-89130-6,PMC8119502,manual_priority,NONE,21,affiliation_resolved_lab_group;calibration;correction_retraction_check;independent_replication_check,3,apoptotic;cancer_tumor;epithelial;migrating,piv,strain_deformation
102,doi:10.1038/s42003-023-05074-9,PMC10338514,manual_priority,NONE,21,affiliation_resolved_lab_group;calibration;correction_retraction_check;independent_replication_check,2,differentiating;epithelial;mitotic;stem_progenitor,live_cell_imaging,membrane_tension;strain_deformation;viscosity_viscoelasticity
103,doi:10.1038/s44318-026-00703-5,PMC13083957,manual_priority,NONE,21,affiliation_resolved_lab_group;calibration;correction_retraction_check;independent_replication_check,17,apoptotic;cancer_tumor;migrating,immunofluorescence;live_cell_imaging;pcr;western_blot,cortical_tension;membrane_tension;migration_speed;pressure;strain_deformation;viscosity_viscoelasticity
104,doi:10.1038/s44321-025-00297-1,PMC12514245,manual_priority,NONE,21,affiliation_resolved_lab_group;calibration;correction_retraction_check;independent_replication_check,11,apoptotic;cancer_tumor;epithelial;immune;migrating,immunofluorescence;western_blot,strain_deformation
105,doi:10.1083/jcb.202007005,PMC8129793,manual_priority,NONE,21,affiliation_resolved_lab_group;calibration;correction_retraction_check;independent_replication_check,18,migrating;mitotic;neural,immunofluorescence,migration_speed
106,doi:10.1083/jcb.202106160,PMC8952684,manual_priority,NONE,21,affiliation_resolved_lab_group;calibration;correction_retraction_check;independent_replication_check,21,apoptotic;epithelial,immunofluorescence;western_blot,cell_volume;membrane_tension
107,doi:10.1091/mbc.e21-02-0088,PMC8684735,manual_priority,NONE,21,affiliation_resolved_lab_group;correction_retraction_check;independent_replication_check;source_data,7,differentiating;muscle,pcr,stiffness_modulus;viscosity_viscoelasticity
108,doi:10.1093/nar/gkac234,PMC9071401,manual_priority,NONE,21,affiliation_resolved_lab_group;calibration;correction_retraction_check;independent_replication_check,7,apoptotic;cancer_tumor;differentiating;epithelial;fibroblast;migrating;mitotic;stem_progenitor,afm;immunofluorescence;pcr;piv;western_blot,migration_speed
109,doi:10.1126/sciadv.ady8382,PMC12857737,manual_priority,NONE,21,affiliation_resolved_lab_group;calibration;correction_retraction_check;independent_replication_check,11,cancer_tumor;differentiating;immune;migrating;muscle;neural,immunofluorescence;pcr;single_cell_sequencing;western_blot,strain_deformation
110,doi:10.1126/sciadv.aea9562,PMC12998526,manual_priority,NONE,21,affiliation_resolved_lab_group;calibration;correction_retraction_check;independent_replication_check,7,cancer_tumor;differentiating;epithelial;fibroblast;migrating;muscle;stem_progenitor,flow_cytometry;immunofluorescence;pcr;single_cell_sequencing;western_blot,strain_deformation
111,doi:10.1167/iovs.67.5.45,PMC13193208,manual_priority,NONE,21,affiliation_resolved_lab_group;correction_retraction_check;independent_replication_check,3,differentiating;epithelial;neural,immunofluorescence;western_blot,
112,doi:10.1186/s12935-019-1015-7,PMC6842528,manual_priority,NONE,21,affiliation_resolved_lab_group;correction_retraction_check;independent_replication_check;source_data,9,apoptotic;cancer_tumor;epithelial;immune;migrating;mitotic,afm;western_blot,migration_speed;stiffness_modulus;strain_deformation
113,doi:10.15252/embj.2021107680,PMC8521318,manual_priority,NONE,21,affiliation_resolved_lab_group;calibration;correction_retraction_check;independent_replication_check,16,apoptotic;cancer_tumor;differentiating;epithelial;fibroblast;migrating;mitotic;stem_progenitor,flow_cytometry;immunofluorescence;western_blot,migration_speed
114,doi:10.15252/embj.2022112847,PMC10476281,manual_priority,NONE,21,affiliation_resolved_lab_group;calibration;correction_retraction_check;independent_replication_check,20,apoptotic;differentiating;mitotic;stem_progenitor,afm;flow_cytometry;immunofluorescence;western_blot,cortical_tension;stiffness_modulus
115,doi:10.3389/fcell.2025.1633976,PMC12708539,manual_priority,NONE,21,affiliation_resolved_lab_group;calibration;correction_retraction_check;independent_replication_check,6,apoptotic;cancer_tumor,afm,membrane_tension
116,doi:10.3389/fgene.2026.1719513,PMC13016589,manual_priority,NONE,21,affiliation_resolved_lab_group;correction_retraction_check;independent_replication_check,2,apoptotic;differentiating;epithelial;fibroblast;migrating;mitotic;muscle;stem_progenitor,pcr;single_cell_sequencing,
117,doi:10.3389/fphar.2026.1689804,PMC13152848,manual_priority,NONE,21,affiliation_resolved_lab_group;correction_retraction_check;independent_replication_check,8,differentiating;immune;stem_progenitor,flow_cytometry;live_cell_imaging,
118,doi:10.3389/fphar.2026.1857290,PMC13253385,manual_priority,NONE,21,affiliation_resolved_lab_group;calibration;correction_retraction_check;independent_replication_check,5,immune,afm;immunofluorescence,adhesion_force;strain_deformation
119,doi:10.3390/ijms26167701,PMC12386929,manual_priority,NONE,21,affiliation_resolved_lab_group;calibration;correction_retraction_check;independent_replication_check,8,migrating,flow_cytometry;immunofluorescence;live_cell_imaging;traction_force_microscopy;western_blot,traction_force
120,doi:10.3390/ijms27072952,PMC13073417,manual_priority,NONE,21,affiliation_resolved_lab_group;correction_retraction_check;exclusions;independent_replication_check;measurement_modality,12,apoptotic;cancer_tumor;epithelial,,membrane_tension
121,doi:10.3390/mi17040446,PMC13118628,manual_priority,NONE,21,affiliation_resolved_lab_group;calibration;correction_retraction_check;independent_replication_check,5,cancer_tumor;epithelial;migrating,immunofluorescence;single_cell_sequencing,viscosity_viscoelasticity
122,doi:10.3390/mi17050568,PMC13208784,manual_priority,NONE,21,affiliation_resolved_lab_group;correction_retraction_check;exclusions;independent_replication_check;measurement_modality,4,muscle,,stiffness_modulus;strain_deformation
123,doi:10.3390/polym17192603,PMC12526752,manual_priority,NONE,21,affiliation_resolved_lab_group;cell_type_state;correction_retraction_check;exclusions;independent_replication_check,4,,afm,stiffness_modulus;viscosity_viscoelasticity
124,doi:10.3390/toxins5050926,PMC3709270,manual_priority,NONE,21,affiliation_resolved_lab_group;correction_retraction_check;independent_replication_check;source_data,3,apoptotic;differentiating;epithelial;immune;migrating,flow_cytometry;live_cell_imaging,migration_speed
125,doi:10.7554/elife.63349,PMC8099429,manual_priority,NONE,21,affiliation_resolved_lab_group;correction_retraction_check;independent_replication_check,31,epithelial;migrating;mitotic;neural,afm,
126,doi:10.1002/adma.202520717,PMC12983442,manual_priority,NONE,20,affiliation_resolved_lab_group;calibration;correction_retraction_check;exclusions;independent_replication_check,9,differentiating;epithelial;fibroblast;stem_progenitor,flow_cytometry;immunofluorescence,viscosity_viscoelasticity
127,doi:10.1002/advs.202003380,PMC7816720,manual_priority,NONE,20,affiliation_resolved_lab_group;calibration;correction_retraction_check;exclusions;independent_replication_check,5,apoptotic;epithelial,immunofluorescence,strain_deformation;viscosity_viscoelasticity
128,doi:10.1002/advs.202201248,PMC9376816,manual_priority,NONE,20,affiliation_resolved_lab_group;calibration;correction_retraction_check;exclusions;independent_replication_check,8,cancer_tumor;epithelial;fibroblast;migrating,afm;live_cell_imaging,membrane_tension;stiffness_modulus;strain_deformation
129,doi:10.1002/advs.202308253,PMC11022731,manual_priority,NONE,20,affiliation_resolved_lab_group;calibration;correction_retraction_check;exclusions;independent_replication_check,9,fibroblast;migrating;muscle,immunofluorescence;micropipette_aspiration;pcr,cortical_tension;strain_deformation
130,doi:10.1002/advs.202501335,PMC12407327,manual_priority,NONE,20,affiliation_resolved_lab_group;calibration;correction_retraction_check;exclusions;independent_replication_check,5,apoptotic;cancer_tumor;epithelial;immune;migrating,afm;immunofluorescence,stiffness_modulus;strain_deformation
131,doi:10.1002/advs.202502074,PMC12533206,manual_priority,NONE,20,affiliation_resolved_lab_group;calibration;correction_retraction_check;exclusions;independent_replication_check,14,cancer_tumor;differentiating;epithelial;fibroblast;immune;migrating;neural,flow_cytometry;traction_force_microscopy;western_blot,migration_speed;stiffness_modulus;strain_deformation;traction_force
132,doi:10.1002/advs.202509056,PMC12955904,manual_priority,NONE,20,affiliation_resolved_lab_group;calibration;correction_retraction_check;exclusions;independent_replication_check,7,differentiating;migrating;stem_progenitor,afm;flow_cytometry;immunofluorescence;western_blot,cell_volume;stiffness_modulus;strain_deformation;viscosity_viscoelasticity
133,doi:10.1002/advs.202510815,PMC13104105,manual_priority,NONE,20,affiliation_resolved_lab_group;calibration;correction_retraction_check;exclusions;independent_replication_check,9,differentiating;epithelial;immune;migrating;mitotic;muscle;stem_progenitor,flow_cytometry;immunofluorescence;western_blot,migration_speed
134,doi:10.1016/j.bpj.2016.04.034,PMC4906360,manual_priority,NONE,20,affiliation_resolved_lab_group;correction_retraction_check;exclusions;independent_replication_check;source_data,6,fibroblast;migrating;mitotic,afm;immunofluorescence;micropipette_aspiration;optical_tweezers,cell_volume;cortical_tension;membrane_tension;pressure;stiffness_modulus;strain_deformation;viscosity_viscoelasticity
135,doi:10.1016/j.celrep.2025.115328,PMC7617678,manual_priority,NONE,20,affiliation_resolved_lab_group;calibration;correction_retraction_check;exclusions;independent_replication_check,10,apoptotic;immune,flow_cytometry;live_cell_imaging;micropipette_aspiration,membrane_tension;strain_deformation;viscosity_viscoelasticity
136,doi:10.1016/j.devcel.2020.01.004,PMC7063569,manual_priority,NONE,20,affiliation_resolved_lab_group;correction_retraction_check;exclusions;independent_replication_check;source_data,6,cancer_tumor;epithelial;migrating;mitotic,afm;flow_cytometry;live_cell_imaging;western_blot,cell_volume;stiffness_modulus;strain_deformation
137,doi:10.1016/j.identj.2025.01.018,PMC12142805,manual_priority,NONE,20,affiliation_resolved_lab_group;calibration;correction_retraction_check;exclusions;independent_replication_check,4,differentiating;stem_progenitor,flow_cytometry;immunofluorescence;western_blot,pressure
138,doi:10.1016/j.isci.2022.103772,PMC8814755,manual_priority,NONE,20,affiliation_resolved_lab_group;calibration;correction_retraction_check;exclusions;independent_replication_check,5,differentiating;migrating;mitotic,afm;flow_cytometry;micropipette_aspiration;pcr,cortical_tension;stiffness_modulus;strain_deformation;viscosity_viscoelasticity
139,doi:10.1016/j.isci.2023.107714,PMC10494210,manual_priority,NONE,20,affiliation_resolved_lab_group;calibration;correction_retraction_check;exclusions;independent_replication_check,5,fibroblast;migrating,immunofluorescence,cell_volume;cortical_tension;membrane_tension;stiffness_modulus;strain_deformation;viscosity_viscoelasticity
140,doi:10.1016/j.isci.2025.113862,PMC12637249,manual_priority,NONE,20,affiliation_resolved_lab_group;calibration;correction_retraction_check;exclusions;independent_replication_check,5,differentiating;epithelial;immune,flow_cytometry;immunofluorescence;western_blot,strain_deformation
141,doi:10.1016/j.mbm.2025.100117,PMC12067908,manual_priority,NONE,20,affiliation_resolved_lab_group;calibration;correction_retraction_check;exclusions;independent_replication_check,5,differentiating;immune;migrating;muscle,flow_cytometry;immunofluorescence;live_cell_imaging;micropipette_aspiration;pcr;western_blot,migration_speed;stiffness_modulus;strain_deformation
142,doi:10.1021/acsami.4c15459,PMC11758775,manual_priority,NONE,20,affiliation_resolved_lab_group;calibration;correction_retraction_check;exclusions;independent_replication_check,7,differentiating;migrating;muscle;stem_progenitor,immunofluorescence;pcr;traction_force_microscopy;western_blot,cortical_tension;strain_deformation;traction_force
143,doi:10.1038/ncb3492,PMC5635970,manual_priority,NONE,20,affiliation_resolved_lab_group;calibration;correction_retraction_check;exclusions;independent_replication_check,14,migrating;stem_progenitor,immunofluorescence;live_cell_imaging;piv;western_blot,migration_speed;strain_deformation;viscosity_viscoelasticity
144,doi:10.1038/ncb3592,PMC5617103,manual_priority,NONE,20,affiliation_resolved_lab_group;correction_retraction_check;exclusions;independent_replication_check,9,differentiating;epithelial,immunofluorescence;western_blot,
145,doi:10.1038/ncb3605,PMC5675053,manual_priority,NONE,20,affiliation_resolved_lab_group;calibration;correction_retraction_check;exclusions;independent_replication_check,15,differentiating;migrating,afm;immunofluorescence;western_blot,membrane_tension;pressure;stiffness_modulus;strain_deformation
146,doi:10.1038/ncomms13119,PMC5062559,manual_priority,NONE,20,affiliation_resolved_lab_group;correction_retraction_check;exclusions;independent_replication_check,7,immune;migrating,flow_cytometry,
147,doi:10.1038/s41378-026-01305-1,PMC13158303,manual_priority,NONE,20,affiliation_resolved_lab_group;correction_retraction_check;exclusions;independent_replication_check;source_data,3,differentiating;stem_progenitor,afm;flow_cytometry;immunofluorescence;live_cell_imaging;magnetic_tweezers;micropipette_aspiration;pcr,strain_deformation
148,doi:10.1038/s41420-026-03124-9,PMC13230721,manual_priority,NONE,20,affiliation_resolved_lab_group;calibration;correction_retraction_check;exclusions;independent_replication_check,7,apoptotic,immunofluorescence;live_cell_imaging;pcr;single_cell_sequencing,cortical_tension
149,doi:10.1038/s41467-017-00884-y,PMC5638855,manual_priority,NONE,20,affiliation_resolved_lab_group;calibration;correction_retraction_check;exclusions;independent_replication_check,9,fibroblast;immune;migrating,afm;immunofluorescence;pcr;piv;traction_force_microscopy;western_blot,cell_volume;migration_speed;traction_force
150,doi:10.1038/s41467-017-01325-6,PMC5680264,manual_priority,NONE,20,affiliation_resolved_lab_group;calibration;cell_type_state;correction_retraction_check;independent_replication_check,9,,afm;magnetic_tweezers,strain_deformation
151,doi:10.1038/s41467-017-01945-y,PMC5705652,manual_priority,NONE,20,affiliation_resolved_lab_group;calibration;correction_retraction_check;exclusions;independent_replication_check,10,cancer_tumor;epithelial;mitotic,afm;immunofluorescence;live_cell_imaging;western_blot,cortical_tension;stiffness_modulus;strain_deformation
152,doi:10.1038/s41467-017-02482-4,PMC5741619,manual_priority,NONE,20,affiliation_resolved_lab_group;calibration;correction_retraction_check;exclusions;independent_replication_check,9,immune,flow_cytometry;immunofluorescence,migration_speed
153,doi:10.1038/s41467-020-15813-9,PMC7198589,manual_priority,NONE,20,affiliation_resolved_lab_group;cell_type_state;correction_retraction_check;independent_replication_check;source_data,9,,afm;flow_cytometry;micropipette_aspiration,stiffness_modulus;strain_deformation;viscosity_viscoelasticity
154,doi:10.1038/s41467-020-20826-5,PMC7817837,manual_priority,NONE,20,affiliation_resolved_lab_group;calibration;correction_retraction_check;exclusions;independent_replication_check,10,cancer_tumor;epithelial;migrating,pcr,pressure;strain_deformation
155,doi:10.1038/s41467-021-21178-4,PMC7870949,manual_priority,NONE,20,affiliation_resolved_lab_group;calibration;correction_retraction_check;exclusions;independent_replication_check,11,epithelial;muscle,immunofluorescence;pcr;western_blot,cell_volume
156,doi:10.1038/s41467-021-22602-5,PMC8060400,manual_priority,NONE,20,affiliation_resolved_lab_group;calibration;correction_retraction_check;exclusions;independent_replication_check,7,epithelial;migrating;stem_progenitor,flow_cytometry;immunofluorescence;traction_force_microscopy;western_blot,migration_speed;stiffness_modulus;traction_force
157,doi:10.1038/s41467-021-22718-8,PMC8110787,manual_priority,NONE,20,affiliation_resolved_lab_group;calibration;cell_type_state;correction_retraction_check;independent_replication_check,4,,afm,strain_deformation
158,doi:10.1038/s41467-021-22822-9,PMC8110808,manual_priority,NONE,20,affiliation_resolved_lab_group;correction_retraction_check;exclusions;independent_replication_check;source_data,8,differentiating;epithelial;migrating;stem_progenitor,afm;pcr,strain_deformation;viscosity_viscoelasticity
159,doi:10.1038/s41467-021-26236-5,PMC8531294,manual_priority,NONE,20,affiliation_resolved_lab_group;calibration;correction_retraction_check;exclusions;independent_replication_check,9,differentiating;epithelial;stem_progenitor,afm;flow_cytometry;immunofluorescence;pcr,stiffness_modulus
160,doi:10.1038/s41467-025-60329-9,PMC12141477,manual_priority,NONE,20,affiliation_resolved_lab_group;calibration;correction_retraction_check;exclusions;independent_replication_check,14,cancer_tumor;epithelial;migrating,immunofluorescence;live_cell_imaging;pcr;western_blot,migration_speed
161,doi:10.1038/s41467-025-60344-w,PMC12125352,manual_priority,NONE,20,affiliation_resolved_lab_group;correction_retraction_check;exclusions;independent_replication_check,5,mitotic,afm,
162,doi:10.1038/s41467-025-66160-6,PMC12823613,manual_priority,NONE,20,affiliation_resolved_lab_group;calibration;correction_retraction_check;exclusions;independent_replication_check,4,differentiating;epithelial;migrating;mitotic,pcr;piv,cell_volume;membrane_tension;strain_deformation
163,doi:10.1038/s41467-025-67030-x,PMC12789465,manual_priority,NONE,20,affiliation_resolved_lab_group;calibration;correction_retraction_check;exclusions;independent_replication_check,5,differentiating;stem_progenitor,flow_cytometry;immunofluorescence;live_cell_imaging,strain_deformation
164,doi:10.1038/s41598-021-90119-4,PMC8134495,manual_priority,NONE,20,affiliation_resolved_lab_group;calibration;correction_retraction_check;exclusions;independent_replication_check,6,apoptotic;muscle,immunofluorescence;pcr;traction_force_microscopy;western_blot,traction_force
165,doi:10.1038/s41598-025-09549-z,PMC12234856,manual_priority,NONE,20,affiliation_resolved_lab_group;correction_retraction_check;exclusions;independent_replication_check;source_data,10,apoptotic;cancer_tumor;differentiating;epithelial;fibroblast;migrating;stem_progenitor,flow_cytometry,migration_speed;pressure
166,doi:10.1038/s42003-022-03406-9,PMC9098460,manual_priority,NONE,20,affiliation_resolved_lab_group;calibration;correction_retraction_check;exclusions;independent_replication_check,9,apoptotic;cancer_tumor;differentiating;migrating;stem_progenitor,afm;immunofluorescence;pcr;traction_force_microscopy;western_blot,stiffness_modulus;strain_deformation;traction_force
167,doi:10.1038/srep00575,PMC3418629,manual_priority,NONE,20,affiliation_resolved_lab_group;correction_retraction_check;exclusions;independent_replication_check;source_data,4,mitotic,afm,adhesion_force;strain_deformation
168,doi:10.1038/srep45058,PMC5361196,manual_priority,NONE,20,affiliation_resolved_lab_group;correction_retraction_check;exclusions;independent_replication_check;source_data,4,epithelial;mitotic,immunofluorescence,strain_deformation
169,doi:10.1063/5.0153215,PMC10491463,manual_priority,NONE,20,affiliation_resolved_lab_group;calibration;correction_retraction_check;exclusions;independent_replication_check,7,apoptotic;differentiating;migrating;mitotic;stem_progenitor,flow_cytometry;immunofluorescence;western_blot,cell_volume;stiffness_modulus;strain_deformation;viscosity_viscoelasticity
170,doi:10.1073/pnas.2407835121,PMC11621841,manual_priority,NONE,20,affiliation_resolved_lab_group;calibration;correction_retraction_check;exclusions;independent_replication_check,8,immune,immunofluorescence;live_cell_imaging;western_blot,strain_deformation
171,doi:10.1083/jcb.202309097,PMC11082369,manual_priority,NONE,20,affiliation_resolved_lab_group;calibration;correction_retraction_check;exclusions;independent_replication_check,10,differentiating;migrating;mitotic;neural,live_cell_imaging;western_blot,cortical_tension
172,doi:10.1084/jem.20180483,PMC6170174,manual_priority,NONE,20,affiliation_resolved_lab_group;cell_type_state;correction_retraction_check;independent_replication_check;source_data,8,,flow_cytometry;immunofluorescence;western_blot,membrane_tension;viscosity_viscoelasticity
173,doi:10.1093/nar/gkt245,PMC3664824,manual_priority,NONE,20,affiliation_resolved_lab_group;calibration;correction_retraction_check;exclusions;independent_replication_check,10,apoptotic;cancer_tumor;epithelial;migrating;mitotic,immunofluorescence;live_cell_imaging;pcr;western_blot,migration_speed
174,doi:10.1126/sciadv.abe1969,PMC7888921,manual_priority,NONE,20,affiliation_resolved_lab_group;correction_retraction_check;exclusions;independent_replication_check;source_data,6,epithelial;fibroblast,immunofluorescence;optical_tweezers;pcr,strain_deformation;viscosity_viscoelasticity
175,doi:10.1126/sciadv.adm9195,PMC11338266,manual_priority,NONE,20,affiliation_resolved_lab_group;correction_retraction_check;exclusions;independent_replication_check;source_data,7,cancer_tumor;epithelial;migrating,afm;live_cell_imaging;pcr,cortical_tension;migration_speed;strain_deformation;viscosity_viscoelasticity
176,doi:10.1126/sciadv.adr5023,PMC11691697,manual_priority,NONE,20,affiliation_resolved_lab_group;calibration;correction_retraction_check;exclusions;independent_replication_check,7,cancer_tumor;differentiating;immune;stem_progenitor,immunofluorescence;pcr;western_blot,cell_volume;membrane_tension;stiffness_modulus;strain_deformation;viscosity_viscoelasticity
177,doi:10.1155/humu/9266306,PMC13197829,manual_priority,NONE,20,affiliation_resolved_lab_group;correction_retraction_check;exclusions;independent_replication_check,1,apoptotic;cancer_tumor;differentiating;epithelial;immune;migrating,flow_cytometry;pcr;western_blot,
178,doi:10.1167/iovs.61.10.41,PMC7452853,manual_priority,NONE,20,affiliation_resolved_lab_group;correction_retraction_check;exclusions;independent_replication_check;source_data,10,differentiating;muscle,afm;immunofluorescence;pcr;western_blot,stiffness_modulus;strain_deformation
179,doi:10.1186/s12886-026-04886-7,PMC13251016,manual_priority,NONE,20,affiliation_resolved_lab_group;calibration;correction_retraction_check;exclusions;independent_replication_check,4,epithelial;neural,immunofluorescence;pcr;western_blot,traction_force
180,doi:10.1242/dmm.052520,PMC13225230,manual_priority,NONE,20,affiliation_resolved_lab_group;calibration;correction_retraction_check;exclusions;independent_replication_check,5,cancer_tumor;differentiating;immune,flow_cytometry,strain_deformation
181,doi:10.1371/journal.pone.0057706,PMC3589411,manual_priority,NONE,20,affiliation_resolved_lab_group;correction_retraction_check;exclusions;independent_replication_check;source_data,5,cancer_tumor;stem_progenitor,afm;immunofluorescence;live_cell_imaging;optical_tweezers;pcr,adhesion_force;stiffness_modulus;strain_deformation
182,doi:10.1371/journal.pone.0068301,PMC3708942,manual_priority,NONE,20,affiliation_resolved_lab_group;correction_retraction_check;exclusions;independent_replication_check;source_data,8,apoptotic;differentiating;epithelial;fibroblast;migrating;mitotic;neural,immunofluorescence;western_blot,cell_volume
183,doi:10.1371/journal.pone.0073499,PMC3758302,manual_priority,NONE,20,affiliation_resolved_lab_group;correction_retraction_check;exclusions;independent_replication_check;source_data,7,apoptotic;neural,afm,cell_volume;pressure
184,doi:10.1371/journal.pone.0075997,PMC3790854,manual_priority,NONE,20,affiliation_resolved_lab_group;correction_retraction_check;exclusions;independent_replication_check;source_data,8,stem_progenitor,afm,stiffness_modulus;strain_deformation
185,doi:10.1371/journal.pone.0080677,PMC3851762,manual_priority,NONE,20,affiliation_resolved_lab_group;calibration;correction_retraction_check;exclusions;independent_replication_check,2,mitotic,flow_cytometry,strain_deformation
186,doi:10.1371/journal.pone.0257495,PMC8460069,manual_priority,NONE,20,affiliation_resolved_lab_group;calibration;correction_retraction_check;exclusions;independent_replication_check,7,apoptotic;cancer_tumor;differentiating;fibroblast;immune;migrating,afm;immunofluorescence,migration_speed;strain_deformation
187,doi:10.18632/aging.203054,PMC8312435,manual_priority,NONE,20,affiliation_resolved_lab_group;correction_retraction_check;exclusions;independent_replication_check;source_data,5,fibroblast;immune;muscle;stem_progenitor,afm;flow_cytometry;immunofluorescence;pcr,stiffness_modulus
188,doi:10.18632/oncotarget.3862,PMC4599250,manual_priority,NONE,20,affiliation_resolved_lab_group;correction_retraction_check;exclusions;independent_replication_check;source_data,8,apoptotic;cancer_tumor;epithelial;fibroblast;migrating;muscle,afm;flow_cytometry;immunofluorescence,stiffness_modulus;strain_deformation
189,doi:10.18632/oncotarget.4704,PMC4694797,manual_priority,NONE,20,affiliation_resolved_lab_group;correction_retraction_check;exclusions;independent_replication_check;source_data,5,cancer_tumor;epithelial,flow_cytometry;western_blot,strain_deformation
190,doi:10.26508/lsa.202402820,PMC12361644,manual_priority,NONE,20,affiliation_resolved_lab_group;calibration;correction_retraction_check;exclusions;independent_replication_check,13,cancer_tumor;epithelial;migrating;mitotic,flow_cytometry;immunofluorescence;pcr;western_blot,strain_deformation
191,doi:10.3389/fcell.2020.00733,PMC7417463,manual_priority,NONE,20,affiliation_resolved_lab_group;calibration;correction_retraction_check;exclusions;independent_replication_check,9,cancer_tumor;epithelial;migrating,immunofluorescence;western_blot,traction_force
192,doi:10.3389/fcell.2020.593879,PMC7674772,manual_priority,NONE,20,affiliation_resolved_lab_group;calibration;correction_retraction_check;exclusions;independent_replication_check,4,cancer_tumor;migrating,afm,stiffness_modulus
193,doi:10.3389/fcell.2021.665919,PMC8076160,manual_priority,NONE,20,affiliation_resolved_lab_group;calibration;correction_retraction_check;exclusions;independent_replication_check,8,epithelial;migrating,flow_cytometry;immunofluorescence;live_cell_imaging;pcr;traction_force_microscopy;western_blot,migration_speed;strain_deformation;traction_force
194,doi:10.3389/fcell.2024.1352233,PMC11188430,manual_priority,NONE,20,affiliation_resolved_lab_group;calibration;correction_retraction_check;exclusions;independent_replication_check,8,cancer_tumor;differentiating;epithelial;migrating,flow_cytometry;live_cell_imaging;pcr,cortical_tension;traction_force
195,doi:10.3389/fimmu.2021.742370,PMC8564185,manual_priority,NONE,20,affiliation_resolved_lab_group;calibration;correction_retraction_check;exclusions;independent_replication_check,8,apoptotic;differentiating;immune,flow_cytometry;immunofluorescence;western_blot,strain_deformation
196,doi:10.3389/fimmu.2026.1730864,PMC12953389,manual_priority,NONE,20,affiliation_resolved_lab_group;calibration;correction_retraction_check;exclusions;independent_replication_check,8,epithelial;migrating,immunofluorescence;western_blot,strain_deformation
197,doi:10.3389/fpls.2021.737690,PMC8495263,manual_priority,NONE,20,affiliation_resolved_lab_group;calibration;correction_retraction_check;exclusions;independent_replication_check,8,stem_progenitor,afm;live_cell_imaging,adhesion_force;stiffness_modulus;strain_deformation
198,doi:10.3390/biomedicines13051167,PMC12108686,manual_priority,NONE,20,affiliation_resolved_lab_group;calibration;correction_retraction_check;exclusions;independent_replication_check,6,apoptotic;differentiating;epithelial;stem_progenitor,afm;immunofluorescence;western_blot,strain_deformation
199,doi:10.3390/cells14211669,PMC12609614,manual_priority,NONE,20,affiliation_resolved_lab_group;calibration;correction_retraction_check;independent_replication_check;measurement_modality,4,apoptotic;differentiating;migrating;stem_progenitor,,strain_deformation
200,doi:10.3390/cells15121127,PMC13296632,manual_priority,NONE,20,affiliation_resolved_lab_group;calibration;correction_retraction_check;exclusions;independent_replication_check,4,apoptotic;differentiating;immune;migrating;mitotic;muscle,immunofluorescence;pcr;western_blot,migration_speed
201,doi:10.3390/ijms160714318,PMC4519844,manual_priority,NONE,20,affiliation_resolved_lab_group;correction_retraction_check;exclusions;independent_replication_check;source_data,4,apoptotic;cancer_tumor;epithelial;mitotic,flow_cytometry,cell_volume
202,doi:10.3390/ijms22042198,PMC7926382,manual_priority,NONE,20,affiliation_resolved_lab_group;calibration;correction_retraction_check;exclusions;independent_replication_check,8,differentiating;fibroblast;migrating;muscle,afm;flow_cytometry;immunofluorescence;pcr;piv;traction_force_microscopy,strain_deformation;traction_force
203,doi:10.3892/br.2026.2160,PMC13216753,manual_priority,NONE,20,affiliation_resolved_lab_group;calibration;correction_retraction_check;exclusions;independent_replication_check,5,apoptotic;differentiating;epithelial;mitotic,immunofluorescence;pcr;western_blot,membrane_tension;strain_deformation
204,doi:10.7150/ijbs.122142,PMC13050439,manual_priority,NONE,20,affiliation_resolved_lab_group;correction_retraction_check;exclusions;independent_replication_check,6,cancer_tumor;differentiating;immune;migrating,flow_cytometry;immunofluorescence;live_cell_imaging;pcr;western_blot,
205,doi:10.7150/thno.112299,PMC12203922,manual_priority,NONE,20,affiliation_resolved_lab_group;calibration;correction_retraction_check;exclusions;independent_replication_check,8,apoptotic;differentiating;epithelial;fibroblast;mitotic,immunofluorescence;pcr;single_cell_sequencing,stiffness_modulus;strain_deformation
206,doi:10.7554/elife.108862,PMC13016609,manual_priority,NONE,20,affiliation_resolved_lab_group;correction_retraction_check;exclusions;independent_replication_check,24,apoptotic;differentiating,afm;flow_cytometry;live_cell_imaging;pcr;western_blot,
207,doi:10.7554/elife.18207,PMC5148611,manual_priority,NONE,20,affiliation_resolved_lab_group;calibration;correction_retraction_check;exclusions;independent_replication_check,17,differentiating;migrating;stem_progenitor,afm;western_blot,migration_speed;stiffness_modulus;strain_deformation;traction_force
208,doi:10.1002/cm.21336,PMC5111583,manual_priority,NONE,19,affiliation_resolved_lab_group;calibration;correction_retraction_check;independent_replication_check;source_data,5,cancer_tumor;epithelial;migrating,immunofluorescence,migration_speed
209,doi:10.1002/ctm2.475,PMC8255059,manual_priority,NONE,19,affiliation_resolved_lab_group;calibration;correction_retraction_check;independent_replication_check;source_data,8,apoptotic;immune;migrating;muscle;stem_progenitor,immunofluorescence;pcr;western_blot,strain_deformation
210,doi:10.1007/s00018-025-05854-y,PMC12504178,manual_priority,NONE,19,affiliation_resolved_lab_group;correction_retraction_check;independent_replication_check;source_data,6,apoptotic;muscle,immunofluorescence;pcr;western_blot,
211,doi:10.1016/j.bpj.2020.01.048,PMC7136340,manual_priority,NONE,19,affiliation_resolved_lab_group;correction_retraction_check;exclusions;independent_replication_check;measurement_modality;source_data,8,cancer_tumor;migrating,,migration_speed;stiffness_modulus;strain_deformation;traction_force;viscosity_viscoelasticity
212,doi:10.1016/j.celrep.2021.109019,PMC8142933,manual_priority,NONE,19,affiliation_resolved_lab_group;calibration;correction_retraction_check;independent_replication_check;source_data,6,differentiating;muscle,immunofluorescence;pcr;piv;traction_force_microscopy,traction_force
213,doi:10.1016/j.cub.2018.11.066,PMC6345631,manual_priority,NONE,19,affiliation_resolved_lab_group;calibration;correction_retraction_check;independent_replication_check;source_data,9,cancer_tumor;epithelial;mitotic,flow_cytometry;immunofluorescence;pcr;western_blot,strain_deformation
214,doi:10.1016/j.isci.2021.103061,PMC8450245,manual_priority,NONE,19,affiliation_resolved_lab_group;calibration;correction_retraction_check;independent_replication_check;source_data,8,differentiating;epithelial;fibroblast;muscle;stem_progenitor,single_cell_sequencing,strain_deformation;viscosity_viscoelasticity
215,doi:10.1016/j.mtbio.2025.102130,PMC12320710,manual_priority,NONE,19,affiliation_resolved_lab_group;calibration;correction_retraction_check;independent_replication_check,7,apoptotic;differentiating;epithelial,immunofluorescence;pcr;western_blot,
216,doi:10.1016/j.xpro.2023.102288,PMC10189550,manual_priority,NONE,19,affiliation_resolved_lab_group;calibration;correction_retraction_check;independent_replication_check;source_data,5,epithelial;migrating,live_cell_imaging;piv,migration_speed
217,doi:10.1038/ncb3134,PMC6485532,manual_priority,NONE,19,affiliation_resolved_lab_group;calibration;correction_retraction_check;independent_replication_check;source_data,5,migrating,flow_cytometry;piv,pressure;traction_force;viscosity_viscoelasticity
218,doi:10.1038/s41467-017-00418-6,PMC5575316,manual_priority,NONE,19,affiliation_resolved_lab_group;calibration;correction_retraction_check;exclusions;independent_replication_check;measurement_modality,5,differentiating;migrating,,pressure;strain_deformation
219,doi:10.1038/s41467-018-07481-7,PMC6269467,manual_priority,NONE,19,affiliation_resolved_lab_group;calibration;correction_retraction_check;independent_replication_check,8,differentiating;epithelial,flow_cytometry;immunofluorescence;piv;western_blot,
220,doi:10.1038/s41467-023-41760-2,PMC10533890,manual_priority,NONE,19,affiliation_resolved_lab_group;calibration;correction_retraction_check;exclusions;independent_replication_check;measurement_modality,11,differentiating;epithelial;stem_progenitor,,membrane_tension;strain_deformation
221,doi:10.1038/s41467-025-58765-8,PMC12022024,manual_priority,NONE,19,affiliation_resolved_lab_group;calibration;correction_retraction_check;independent_replication_check,5,cancer_tumor;differentiating;epithelial;migrating;mitotic,immunofluorescence,
222,doi:10.1038/s41467-025-60780-8,PMC12238380,manual_priority,NONE,19,affiliation_resolved_lab_group;calibration;correction_retraction_check;exclusions;independent_replication_check;measurement_modality,11,apoptotic;differentiating;epithelial;mitotic,,adhesion_force;cell_volume;membrane_tension;pressure
223,doi:10.1038/s41467-025-65775-z,PMC12660846,manual_priority,NONE,19,affiliation_resolved_lab_group;calibration;correction_retraction_check;independent_replication_check;source_data,14,cancer_tumor;differentiating;epithelial;migrating;mitotic;stem_progenitor,immunofluorescence;live_cell_imaging;pcr;western_blot,cell_volume;membrane_tension
224,doi:10.1038/s41563-020-0615-x,PMC7316573,manual_priority,NONE,19,affiliation_resolved_lab_group;calibration;correction_retraction_check;independent_replication_check;source_data,22,cancer_tumor;differentiating;epithelial;fibroblast;stem_progenitor,flow_cytometry;immunofluorescence;piv;traction_force_microscopy;western_blot,strain_deformation;traction_force;viscosity_viscoelasticity
225,doi:10.1038/s41586-020-2672-3,PMC7666080,manual_priority,NONE,19,affiliation_resolved_lab_group;calibration;correction_retraction_check;independent_replication_check,20,apoptotic;migrating;mitotic,flow_cytometry;immunofluorescence;live_cell_imaging;western_blot,
226,doi:10.1038/s41598-019-45352-3,PMC6591285,manual_priority,NONE,19,affiliation_resolved_lab_group;calibration;correction_retraction_check;independent_replication_check;source_data,6,differentiating;epithelial;fibroblast;stem_progenitor,western_blot,stiffness_modulus;strain_deformation;traction_force
227,doi:10.1038/s41598-019-53659-4,PMC6868278,manual_priority,NONE,19,affiliation_resolved_lab_group;calibration;correction_retraction_check;independent_replication_check;source_data,4,apoptotic;cancer_tumor;epithelial,flow_cytometry;immunofluorescence;western_blot,stiffness_modulus;strain_deformation
228,doi:10.1038/s41598-021-82074-x,PMC7870945,manual_priority,NONE,19,affiliation_resolved_lab_group;calibration;correction_retraction_check;independent_replication_check;source_data,9,cancer_tumor;migrating;mitotic;muscle,immunofluorescence;pcr;western_blot,strain_deformation
229,doi:10.1038/s41598-021-94399-8,PMC8298526,manual_priority,NONE,19,affiliation_resolved_lab_group;calibration;correction_retraction_check;independent_replication_check;source_data,6,apoptotic;cancer_tumor;epithelial;migrating;mitotic;neural,immunofluorescence,cortical_tension;membrane_tension;migration_speed
230,doi:10.1038/s41598-026-39179-y,PMC13057257,manual_priority,NONE,19,affiliation_resolved_lab_group;calibration;correction_retraction_check;independent_replication_check;source_data,5,epithelial;migrating,immunofluorescence;optical_tweezers,strain_deformation;viscosity_viscoelasticity
231,doi:10.1038/s42003-020-01540-w,PMC7782499,manual_priority,NONE,19,affiliation_resolved_lab_group;calibration;correction_retraction_check;independent_replication_check;source_data,6,apoptotic;fibroblast,immunofluorescence;pcr;western_blot,strain_deformation
232,doi:10.1038/s42003-025-08160-2,PMC12162834,manual_priority,NONE,19,affiliation_resolved_lab_group;calibration;correction_retraction_check;independent_replication_check;source_data,5,cancer_tumor;differentiating;epithelial;migrating;muscle,immunofluorescence;pcr;single_cell_sequencing;western_blot,strain_deformation
233,doi:10.1038/s44318-025-00400-9,PMC11962124,manual_priority,NONE,19,affiliation_resolved_lab_group;calibration;correction_retraction_check;independent_replication_check,11,cancer_tumor;mitotic,flow_cytometry;immunofluorescence;live_cell_imaging;western_blot,
234,doi:10.1038/s44319-025-00507-4,PMC12592460,manual_priority,NONE,19,affiliation_resolved_lab_group;calibration;correction_retraction_check;exclusions;independent_replication_check;measurement_modality,7,migrating,,strain_deformation
235,doi:10.1038/s44320-026-00192-y,PMC13144420,manual_priority,NONE,19,affiliation_resolved_lab_group;calibration;correction_retraction_check;independent_replication_check,4,mitotic,flow_cytometry;western_blot,
236,doi:10.1038/srep23412,PMC4800500,manual_priority,NONE,19,affiliation_resolved_lab_group;calibration;correction_retraction_check;independent_replication_check;source_data,6,epithelial;immune;migrating,flow_cytometry;immunofluorescence;western_blot,migration_speed;strain_deformation
237,doi:10.1073/pnas.2207425120,PMC9974462,manual_priority,NONE,19,affiliation_resolved_lab_group;calibration;correction_retraction_check;independent_replication_check;source_data,8,cancer_tumor;epithelial,immunofluorescence;live_cell_imaging,membrane_tension
238,doi:10.1083/jcb.201902057,PMC6891075,manual_priority,NONE,19,affiliation_resolved_lab_group;calibration;correction_retraction_check;independent_replication_check;source_data,8,apoptotic;cancer_tumor;migrating,live_cell_imaging;micropipette_aspiration,membrane_tension;migration_speed;pressure;strain_deformation;viscosity_viscoelasticity
239,doi:10.1083/jcb.201906204,PMC7265322,manual_priority,NONE,19,affiliation_resolved_lab_group;calibration;correction_retraction_check;independent_replication_check,19,cancer_tumor;epithelial;migrating;mitotic,flow_cytometry;immunofluorescence;live_cell_imaging;pcr;western_blot,
240,doi:10.1096/fj.13-247635,PMC4139899,manual_priority,NONE,19,affiliation_resolved_lab_group;calibration;correction_retraction_check;independent_replication_check;source_data,8,fibroblast;neural,afm;flow_cytometry;immunofluorescence;western_blot,stiffness_modulus;strain_deformation
241,doi:10.1096/fj.202402764rr,PMC12093284,manual_priority,NONE,19,affiliation_resolved_lab_group;calibration;correction_retraction_check;independent_replication_check,5,apoptotic;migrating,western_blot,
242,doi:10.1101/gad.301549.117,PMC5580653,manual_priority,NONE,19,affiliation_resolved_lab_group;correction_retraction_check;independent_replication_check;source_data,10,migrating;mitotic;muscle;stem_progenitor,immunofluorescence;live_cell_imaging;pcr,
243,doi:10.1111/imcb.12304,PMC7028084,manual_priority,NONE,19,affiliation_resolved_lab_group;calibration;correction_retraction_check;independent_replication_check;source_data,10,apoptotic;cancer_tumor;differentiating;epithelial;immune;migrating,flow_cytometry;micropipette_aspiration;western_blot,cortical_tension;membrane_tension;migration_speed;pressure;strain_deformation
244,doi:10.1126/sciadv.1602883,PMC5451190,manual_priority,NONE,19,affiliation_resolved_lab_group;correction_retraction_check;independent_replication_check;source_data,4,apoptotic;differentiating;epithelial;fibroblast;immune;stem_progenitor,flow_cytometry;immunofluorescence;pcr,
245,doi:10.1126/sciadv.aba6505,PMC7399493,manual_priority,NONE,19,affiliation_resolved_lab_group;calibration;correction_retraction_check;independent_replication_check;source_data,6,apoptotic;cancer_tumor;migrating;muscle,afm;immunofluorescence;live_cell_imaging;micropipette_aspiration,migration_speed;stiffness_modulus;strain_deformation;traction_force
246,doi:10.1126/sciadv.abb8471,PMC7717914,manual_priority,NONE,19,affiliation_resolved_lab_group;calibration;correction_retraction_check;independent_replication_check;source_data,6,apoptotic;differentiating;epithelial;immune,immunofluorescence;pcr;piv;traction_force_microscopy;western_blot,stiffness_modulus;traction_force
247,doi:10.1126/sciadv.abc9294,PMC7695475,manual_priority,NONE,19,affiliation_resolved_lab_group;cell_type_state;correction_retraction_check;exclusions;independent_replication_check;source_data,5,,afm;pcr;western_blot,stiffness_modulus;strain_deformation
248,doi:10.1126/sciadv.abe3640,PMC11057708,manual_priority,NONE,19,affiliation_resolved_lab_group;calibration;correction_retraction_check;independent_replication_check;source_data,4,differentiating;immune;migrating,afm;immunofluorescence,membrane_tension;pressure;stiffness_modulus;strain_deformation;viscosity_viscoelasticity
249,doi:10.1126/sciadv.abe4501,PMC7954458,manual_priority,NONE,19,affiliation_resolved_lab_group;calibration;correction_retraction_check;independent_replication_check;source_data,7,differentiating;fibroblast;migrating;mitotic;stem_progenitor,afm;pcr;western_blot,migration_speed;stiffness_modulus;strain_deformation;viscosity_viscoelasticity
250,doi:10.1126/sciadv.abh3457,PMC8270498,manual_priority,NONE,19,affiliation_resolved_lab_group;calibration;correction_retraction_check;independent_replication_check;source_data,10,cancer_tumor;fibroblast;immune;migrating,immunofluorescence;pcr;western_blot,membrane_tension;migration_speed;pressure;strain_deformation;viscosity_viscoelasticity
251,doi:10.1126/sciadv.adt7046,PMC12164982,manual_priority,NONE,19,affiliation_resolved_lab_group;calibration;correction_retraction_check;independent_replication_check;source_data,4,migrating,pcr;western_blot,membrane_tension
252,doi:10.1126/sciadv.adx2110,PMC12466923,manual_priority,NONE,19,affiliation_resolved_lab_group;calibration;correction_retraction_check;independent_replication_check;source_data,7,cancer_tumor;epithelial,immunofluorescence,stiffness_modulus;strain_deformation;viscosity_viscoelasticity
253,doi:10.1126/sciadv.adx7672,PMC12533555,manual_priority,NONE,19,affiliation_resolved_lab_group;calibration;correction_retraction_check;independent_replication_check;source_data,10,differentiating;immune;migrating,flow_cytometry;immunofluorescence;pcr;western_blot,migration_speed;strain_deformation
254,doi:10.1158/0008-5472.can-25-0766,PMC13266349,manual_priority,NONE,19,affiliation_resolved_lab_group;calibration;correction_retraction_check;independent_replication_check,11,cancer_tumor;epithelial;fibroblast;immune;migrating;muscle;stem_progenitor,flow_cytometry;immunofluorescence;pcr;single_cell_sequencing;western_blot,
255,doi:10.1172/jci.insight.196350,PMC12581665,manual_priority,NONE,19,affiliation_resolved_lab_group;calibration;correction_retraction_check;independent_replication_check,9,cancer_tumor;epithelial;migrating,immunofluorescence;live_cell_imaging;western_blot,
256,doi:10.1172/jci173448,PMC11563688,manual_priority,NONE,19,affiliation_resolved_lab_group;calibration;correction_retraction_check;independent_replication_check,12,fibroblast;muscle;stem_progenitor,afm;flow_cytometry;immunofluorescence;pcr;single_cell_sequencing;western_blot,
257,doi:10.1186/1471-2121-14-16,PMC3618206,manual_priority,NONE,19,affiliation_resolved_lab_group;calibration;correction_retraction_check;independent_replication_check;source_data,5,epithelial,immunofluorescence,cell_volume
258,doi:10.1186/s12933-025-03033-8,PMC12805760,manual_priority,NONE,19,affiliation_resolved_lab_group;calibration;correction_retraction_check;independent_replication_check,7,apoptotic;muscle,immunofluorescence;pcr;western_blot,
259,doi:10.1186/s13014-021-01883-6,PMC8375131,manual_priority,NONE,19,affiliation_resolved_lab_group;calibration;correction_retraction_check;independent_replication_check;source_data,4,cancer_tumor;differentiating;epithelial;fibroblast;migrating;muscle,immunofluorescence;western_blot,strain_deformation
260,doi:10.1186/s13020-026-01359-3,PMC12977682,manual_priority,NONE,19,affiliation_resolved_lab_group;calibration;correction_retraction_check;independent_replication_check,7,cancer_tumor;differentiating;immune;neural,flow_cytometry;immunofluorescence;pcr;single_cell_sequencing,
261,doi:10.1186/s13023-025-03784-3,PMC12153161,manual_priority,NONE,19,affiliation_resolved_lab_group;calibration;correction_retraction_check;independent_replication_check,2,migrating;muscle,immunofluorescence;pcr,
262,doi:10.1186/s13062-021-00316-4,PMC8670252,manual_priority,NONE,19,affiliation_resolved_lab_group;calibration;cell_type_state;correction_retraction_check;exclusions;independent_replication_check,2,,western_blot,strain_deformation
263,doi:10.1186/s40001-025-03332-6,PMC12533429,manual_priority,NONE,19,affiliation_resolved_lab_group;calibration;correction_retraction_check;independent_replication_check,7,cancer_tumor;epithelial;migrating,immunofluorescence;pcr;western_blot,
264,doi:10.1186/s40104-026-01454-3,PMC13274008,manual_priority,NONE,19,affiliation_resolved_lab_group;calibration;correction_retraction_check;independent_replication_check,8,apoptotic;cancer_tumor;migrating,immunofluorescence;pcr,
265,doi:10.1242/bio.019703,PMC5051642,manual_priority,NONE,19,affiliation_resolved_lab_group;calibration;correction_retraction_check;independent_replication_check;source_data,9,cancer_tumor;differentiating;epithelial;migrating;mitotic;muscle,immunofluorescence;live_cell_imaging,cell_volume;migration_speed;strain_deformation
266,doi:10.1242/dmm.052634,PMC12690527,manual_priority,NONE,19,affiliation_resolved_lab_group;calibration;correction_retraction_check;independent_replication_check;source_data,8,apoptotic;cancer_tumor;epithelial;migrating;stem_progenitor,immunofluorescence;western_blot,migration_speed;strain_deformation
267,doi:10.1371/journal.pone.0025663,PMC3182247,manual_priority,NONE,19,affiliation_resolved_lab_group;correction_retraction_check;independent_replication_check;source_data,5,immune;migrating;stem_progenitor,flow_cytometry,
268,doi:10.1371/journal.pone.0035058,PMC3324407,manual_priority,NONE,19,affiliation_resolved_lab_group;calibration;correction_retraction_check;independent_replication_check;source_data,6,apoptotic;cancer_tumor;epithelial;immune;migrating;mitotic,flow_cytometry;immunofluorescence;live_cell_imaging;magnetic_tweezers;western_blot,adhesion_force;migration_speed;traction_force
269,doi:10.1371/journal.pone.0044041,PMC3430618,manual_priority,NONE,19,affiliation_resolved_lab_group;calibration;correction_retraction_check;independent_replication_check;source_data,6,cancer_tumor;migrating;mitotic,immunofluorescence,migration_speed
270,doi:10.1371/journal.pone.0073063,PMC3760889,manual_priority,NONE,19,affiliation_resolved_lab_group;calibration;correction_retraction_check;independent_replication_check;source_data,5,cancer_tumor;epithelial;immune;migrating;stem_progenitor,immunofluorescence;western_blot,migration_speed
271,doi:10.1371/journal.pone.0086110,PMC3935829,manual_priority,NONE,19,affiliation_resolved_lab_group;calibration;correction_retraction_check;independent_replication_check;source_data,6,cancer_tumor;epithelial;migrating,afm;live_cell_imaging;piv;traction_force_microscopy,membrane_tension;migration_speed;stiffness_modulus;traction_force
272,doi:10.1371/journal.pone.0170312,PMC5240960,manual_priority,NONE,19,affiliation_resolved_lab_group;calibration;correction_retraction_check;exclusions;independent_replication_check;measurement_modality,3,differentiating;stem_progenitor,,stiffness_modulus;strain_deformation
273,doi:10.1371/journal.pone.0181085,PMC5513452,manual_priority,NONE,19,affiliation_resolved_lab_group;calibration;correction_retraction_check;independent_replication_check;source_data,11,apoptotic;differentiating;epithelial;fibroblast;muscle,afm;immunofluorescence;traction_force_microscopy;western_blot,strain_deformation;traction_force
274,doi:10.1371/journal.pone.0181703,PMC5531513,manual_priority,NONE,19,affiliation_resolved_lab_group;calibration;cell_type_state;correction_retraction_check;exclusions;independent_replication_check,4,,immunofluorescence,strain_deformation
275,doi:10.1371/journal.pone.0194170,PMC5864000,manual_priority,NONE,19,affiliation_resolved_lab_group;calibration;correction_retraction_check;exclusions;independent_replication_check;measurement_modality,5,apoptotic;cancer_tumor;differentiating;epithelial;migrating;mitotic;stem_progenitor,,viscosity_viscoelasticity
276,doi:10.1371/journal.pone.0260800,PMC8654239,manual_priority,NONE,19,affiliation_resolved_lab_group;calibration;correction_retraction_check;independent_replication_check,3,apoptotic;cancer_tumor;fibroblast;immune;migrating,flow_cytometry,
277,doi:10.1371/journal.ppat.1003590,PMC3757042,manual_priority,NONE,19,affiliation_resolved_lab_group;calibration;correction_retraction_check;independent_replication_check;source_data,9,apoptotic;cancer_tumor;immune;migrating,afm;flow_cytometry;immunofluorescence;live_cell_imaging;pcr;western_blot,adhesion_force;strain_deformation
278,doi:10.15252/embj.201694756,PMC5239996,manual_priority,NONE,19,affiliation_resolved_lab_group;calibration;correction_retraction_check;independent_replication_check;source_data,8,muscle,afm;immunofluorescence;pcr;western_blot,cortical_tension;viscosity_viscoelasticity
279,doi:10.15252/embj.201694912,PMC5556271,manual_priority,NONE,19,affiliation_resolved_lab_group;calibration;correction_retraction_check;independent_replication_check,13,cancer_tumor;epithelial;fibroblast;muscle,afm;flow_cytometry;immunofluorescence;western_blot,
280,doi:10.15252/embj.2020106113,PMC8090850,manual_priority,NONE,19,affiliation_resolved_lab_group;calibration;correction_retraction_check;independent_replication_check,13,differentiating;immune,immunofluorescence;western_blot,
281,doi:10.2147/btt.s592879,PMC13225285,manual_priority,NONE,19,affiliation_resolved_lab_group;calibration;correction_retraction_check;independent_replication_check,2,apoptotic;cancer_tumor;differentiating;epithelial;migrating;mitotic;muscle,flow_cytometry;pcr;western_blot,
282,doi:10.3389/fcell.2021.728383,PMC8632149,manual_priority,NONE,19,affiliation_resolved_lab_group;calibration;correction_retraction_check;independent_replication_check,7,apoptotic;cancer_tumor;differentiating;epithelial;mitotic;muscle,immunofluorescence;western_blot,
283,doi:10.3389/fcell.2025.1667154,PMC12604528,manual_priority,NONE,19,affiliation_resolved_lab_group;calibration;correction_retraction_check;independent_replication_check,8,cancer_tumor;epithelial;migrating;muscle;stem_progenitor,immunofluorescence;pcr;western_blot,
284,doi:10.3389/fcell.2026.1810043,PMC13187488,manual_priority,NONE,19,affiliation_resolved_lab_group;calibration;correction_retraction_check;independent_replication_check,4,apoptotic;fibroblast;immune;migrating;muscle,immunofluorescence;pcr;single_cell_sequencing;western_blot,
285,doi:10.3389/fcell.2026.1831997,PMC13233457,manual_priority,NONE,19,affiliation_resolved_lab_group;calibration;correction_retraction_check;independent_replication_check,5,cancer_tumor;fibroblast;migrating,live_cell_imaging;pcr;western_blot,
286,doi:10.3390/biology10050356,PMC8145850,manual_priority,NONE,19,affiliation_resolved_lab_group;calibration;correction_retraction_check;independent_replication_check,5,differentiating;epithelial;fibroblast;migrating;muscle;stem_progenitor,pcr,
287,doi:10.3390/biology15050436,PMC12984785,manual_priority,NONE,19,affiliation_resolved_lab_group;calibration;correction_retraction_check;independent_replication_check,8,apoptotic;epithelial;muscle,immunofluorescence;pcr;western_blot,
288,doi:10.3390/cancers13061472,PMC8004890,manual_priority,NONE,19,affiliation_resolved_lab_group;calibration;correction_retraction_check;independent_replication_check,10,apoptotic;cancer_tumor;epithelial;fibroblast;migrating;muscle,flow_cytometry;live_cell_imaging,
289,doi:10.3390/cells10061549,PMC8234170,manual_priority,NONE,19,affiliation_resolved_lab_group;calibration;correction_retraction_check;independent_replication_check;source_data,9,cancer_tumor;epithelial;fibroblast;immune;migrating,afm;immunofluorescence;western_blot,migration_speed;strain_deformation;viscosity_viscoelasticity
290,doi:10.3390/ijms26157121,PMC12346119,manual_priority,NONE,19,affiliation_resolved_lab_group;calibration;correction_retraction_check;exclusions;independent_replication_check;measurement_modality,1,differentiating,,membrane_tension;strain_deformation
291,doi:10.3390/jcm9082634,PMC7464296,manual_priority,NONE,19,affiliation_resolved_lab_group;calibration;correction_retraction_check;independent_replication_check,5,apoptotic;differentiating;epithelial,immunofluorescence;western_blot,
292,doi:10.3390/mi7100186,PMC6189709,manual_priority,NONE,19,affiliation_resolved_lab_group;calibration;correction_retraction_check;independent_replication_check;source_data,3,differentiating;fibroblast;migrating,afm,migration_speed
293,doi:10.3892/ijo.2012.1548,PMC3583651,manual_priority,NONE,19,affiliation_resolved_lab_group;calibration;correction_retraction_check;independent_replication_check,5,cancer_tumor;immune;migrating,immunofluorescence;pcr;western_blot,
294,doi:10.4081/ejh.2025.4239,PMC12505280,manual_priority,NONE,19,affiliation_resolved_lab_group;calibration;correction_retraction_check;independent_replication_check,6,apoptotic;differentiating;muscle;stem_progenitor,flow_cytometry;immunofluorescence;pcr;western_blot,
295,doi:10.7554/elife.66143,PMC8216718,manual_priority,NONE,19,affiliation_resolved_lab_group;calibration;correction_retraction_check;independent_replication_check,21,apoptotic;epithelial;muscle,immunofluorescence;pcr,
296,doi:10.1002/advs.74987,PMC13252651,manual_priority,NONE,18,affiliation_resolved_lab_group;calibration;correction_retraction_check;exclusions;independent_replication_check,7,differentiating;immune;migrating;stem_progenitor,immunofluorescence;pcr,
297,doi:10.1002/cm.21369,PMC5601209,manual_priority,NONE,18,affiliation_resolved_lab_group;calibration;correction_retraction_check;exclusions;independent_replication_check;source_data,6,apoptotic;cancer_tumor;differentiating;migrating;mitotic,afm;micropipette_aspiration,stiffness_modulus;strain_deformation;viscosity_viscoelasticity
298,doi:10.1002/jev2.12170,PMC8650025,manual_priority,NONE,18,affiliation_resolved_lab_group;calibration;correction_retraction_check;exclusions;independent_replication_check;source_data,6,cancer_tumor;epithelial;immune,afm;western_blot,stiffness_modulus;strain_deformation
299,doi:10.1007/s00018-016-2365-0,PMC5272905,manual_priority,NONE,18,affiliation_resolved_lab_group;calibration;correction_retraction_check;exclusions;independent_replication_check;source_data,7,fibroblast;migrating,immunofluorescence;western_blot,stiffness_modulus
300,doi:10.1007/s00018-021-03858-y,PMC8254729,manual_priority,NONE,18,affiliation_resolved_lab_group;calibration;correction_retraction_check;exclusions;independent_replication_check,7,cancer_tumor;migrating;neural,flow_cytometry;live_cell_imaging;pcr,
301,doi:10.1007/s00018-024-05294-0,PMC11335285,manual_priority,NONE,18,affiliation_resolved_lab_group;calibration;correction_retraction_check;exclusions;independent_replication_check;source_data,11,cancer_tumor;epithelial;migrating;mitotic,immunofluorescence;live_cell_imaging;pcr;traction_force_microscopy;western_blot,migration_speed;traction_force
302,doi:10.1007/s00253-025-13631-x,PMC12689813,manual_priority,NONE,18,affiliation_resolved_lab_group;calibration;correction_retraction_check;exclusions;independent_replication_check;source_data,7,migrating;mitotic,afm,strain_deformation
303,doi:10.1016/j.actbio.2025.12.008,PMC13251587,manual_priority,NONE,18,affiliation_resolved_lab_group;calibration;correction_retraction_check;exclusions;independent_replication_check;source_data,5,cancer_tumor,afm;immunofluorescence,strain_deformation;viscosity_viscoelasticity
304,doi:10.1016/j.bpj.2013.06.051,PMC3762340,manual_priority,NONE,18,affiliation_resolved_lab_group;correction_retraction_check;exclusions;independent_replication_check;source_data,4,immune;migrating,western_blot,
305,doi:10.1016/j.celrep.2021.109601,PMC8411111,manual_priority,NONE,18,affiliation_resolved_lab_group;calibration;correction_retraction_check;exclusions;independent_replication_check,6,differentiating;fibroblast;stem_progenitor,afm;immunofluorescence;pcr;western_blot,
306,doi:10.1016/j.isci.2020.100907,PMC7044518,manual_priority,NONE,18,affiliation_resolved_lab_group;calibration;correction_retraction_check;exclusions;independent_replication_check;source_data,6,fibroblast;immune;muscle,afm;flow_cytometry;immunofluorescence;magnetic_tweezers;pcr;traction_force_microscopy;western_blot,traction_force
307,doi:10.1016/j.isci.2025.113996,PMC12682049,manual_priority,NONE,18,affiliation_resolved_lab_group;calibration;correction_retraction_check;exclusions;independent_replication_check,8,apoptotic;cancer_tumor;epithelial;immune;stem_progenitor,afm;flow_cytometry;immunofluorescence;pcr;western_blot,
308,doi:10.1016/j.mocell.2026.100329,PMC12954320,manual_priority,NONE,18,affiliation_resolved_lab_group;calibration;correction_retraction_check;exclusions;independent_replication_check,6,apoptotic;epithelial;migrating,immunofluorescence;live_cell_imaging;pcr;western_blot,
309,doi:10.1016/j.mtbio.2026.103326,PMC13267705,manual_priority,NONE,18,affiliation_resolved_lab_group;calibration;correction_retraction_check;exclusions;independent_replication_check,7,apoptotic;differentiating,immunofluorescence;pcr;western_blot,
310,doi:10.1016/j.stemcr.2016.03.011,PMC4939656,manual_priority,NONE,18,affiliation_resolved_lab_group;calibration;correction_retraction_check;exclusions;independent_replication_check;source_data,8,apoptotic;cancer_tumor;differentiating;epithelial;stem_progenitor,pcr,cortical_tension;membrane_tension
311,doi:10.1016/j.xpro.2021.100954,PMC8669101,manual_priority,NONE,18,affiliation_resolved_lab_group;calibration;correction_retraction_check;exclusions;independent_replication_check;source_data,9,differentiating;fibroblast;migrating;neural;stem_progenitor,immunofluorescence;live_cell_imaging,migration_speed;strain_deformation
312,doi:10.1021/acs.biochem.5c00495,PMC12713720,manual_priority,NONE,18,affiliation_resolved_lab_group;correction_retraction_check;independent_replication_check;measurement_modality;source_data,7,apoptotic;migrating;muscle,,
313,doi:10.1021/acsomega.5c11322,PMC13019181,manual_priority,NONE,18,affiliation_resolved_lab_group;calibration;correction_retraction_check;exclusions;independent_replication_check;source_data,3,differentiating;epithelial;fibroblast;migrating,afm;pcr;western_blot,stiffness_modulus;strain_deformation;viscosity_viscoelasticity
314,doi:10.1038/ncb3559,PMC5493987,manual_priority,NONE,18,affiliation_resolved_lab_group;calibration;correction_retraction_check;exclusions;independent_replication_check;source_data,11,mitotic,afm;flow_cytometry;live_cell_imaging;western_blot,strain_deformation
315,doi:10.1038/s41388-025-03538-2,PMC12500468,manual_priority,NONE,18,affiliation_resolved_lab_group;calibration;correction_retraction_check;exclusions;independent_replication_check,3,apoptotic;cancer_tumor;migrating,flow_cytometry;western_blot,
316,doi:10.1038/s41419-024-06466-3,PMC10808102,manual_priority,NONE,18,affiliation_resolved_lab_group;calibration;correction_retraction_check;exclusions;independent_replication_check;source_data,9,apoptotic;differentiating;fibroblast;stem_progenitor,flow_cytometry;immunofluorescence;pcr;western_blot,stiffness_modulus
317,doi:10.1038/s41467-018-03715-w,PMC5882663,manual_priority,NONE,18,affiliation_resolved_lab_group;calibration;correction_retraction_check;exclusions;independent_replication_check,7,apoptotic;epithelial,immunofluorescence;pcr,
318,doi:10.1038/s41467-021-26612-1,PMC8568894,manual_priority,NONE,18,affiliation_resolved_lab_group;calibration;correction_retraction_check;exclusions;independent_replication_check,7,apoptotic;cancer_tumor;differentiating;epithelial;migrating;stem_progenitor,pcr;single_cell_sequencing;western_blot,
319,doi:10.1038/s41467-021-27384-4,PMC8660829,manual_priority,NONE,18,affiliation_resolved_lab_group;calibration;correction_retraction_check;exclusions;independent_replication_check,9,differentiating;epithelial;migrating;mitotic;stem_progenitor,immunofluorescence;pcr,
320,doi:10.1038/s41467-024-54143-y,PMC11550478,manual_priority,NONE,18,affiliation_resolved_lab_group;calibration;correction_retraction_check;exclusions;independent_replication_check,13,differentiating,immunofluorescence;piv,
321,doi:10.1038/s41586-020-1979-4,PMC7025890,manual_priority,NONE,18,affiliation_resolved_lab_group;calibration;cell_type_state;correction_retraction_check;independent_replication_check,18,,immunofluorescence;magnetic_tweezers;pcr,
322,doi:10.1038/s41598-018-29817-5,PMC6085392,manual_priority,NONE,18,affiliation_resolved_lab_group;calibration;correction_retraction_check;exclusions;independent_replication_check;source_data,6,apoptotic;cancer_tumor;migrating;mitotic,flow_cytometry;immunofluorescence;live_cell_imaging,stiffness_modulus;strain_deformation;viscosity_viscoelasticity
323,doi:10.1038/s41598-019-52926-8,PMC6842088,manual_priority,NONE,18,affiliation_resolved_lab_group;calibration;correction_retraction_check;exclusions;independent_replication_check;source_data,8,differentiating;fibroblast;stem_progenitor,pcr,membrane_tension;strain_deformation;viscosity_viscoelasticity
324,doi:10.1038/s44318-024-00114-4,PMC11217342,manual_priority,NONE,18,affiliation_resolved_lab_group;calibration;correction_retraction_check;exclusions;independent_replication_check;source_data,10,apoptotic;migrating,immunofluorescence;traction_force_microscopy;western_blot,traction_force
325,doi:10.1038/srep08499,PMC4330529,manual_priority,NONE,18,affiliation_resolved_lab_group;calibration;correction_retraction_check;independent_replication_check;measurement_modality;source_data,4,differentiating;epithelial;neural;stem_progenitor,,stiffness_modulus;strain_deformation
326,doi:10.1038/srep27903,PMC4904279,manual_priority,NONE,18,affiliation_resolved_lab_group;calibration;correction_retraction_check;exclusions;independent_replication_check;source_data,7,apoptotic;cancer_tumor;epithelial;migrating,flow_cytometry;immunofluorescence;micropipette_aspiration;pcr;western_blot,pressure;stiffness_modulus;strain_deformation
327,doi:10.1038/srep32418,PMC5007526,manual_priority,NONE,18,affiliation_resolved_lab_group;calibration;correction_retraction_check;exclusions;independent_replication_check;source_data,7,apoptotic;differentiating;fibroblast;migrating;mitotic;muscle,micropipette_aspiration;western_blot,pressure;stiffness_modulus;strain_deformation;viscosity_viscoelasticity
328,doi:10.1038/srep36570,PMC5101530,manual_priority,NONE,18,affiliation_resolved_lab_group;correction_retraction_check;exclusions;independent_replication_check;source_data,7,apoptotic;cancer_tumor;migrating,afm;immunofluorescence;live_cell_imaging;western_blot,
329,doi:10.1038/srep42092,PMC5304191,manual_priority,NONE,18,affiliation_resolved_lab_group;calibration;correction_retraction_check;exclusions;independent_replication_check;source_data,9,differentiating;migrating;muscle,immunofluorescence;western_blot,viscosity_viscoelasticity
330,doi:10.1038/srep46233,PMC5390273,manual_priority,NONE,18,affiliation_resolved_lab_group;calibration;correction_retraction_check;exclusions;independent_replication_check;source_data,7,migrating,flow_cytometry;immunofluorescence;traction_force_microscopy;western_blot,migration_speed;strain_deformation;traction_force
331,doi:10.1039/d5ra03862f,PMC12604092,manual_priority,NONE,18,affiliation_resolved_lab_group;calibration;cell_type_state;correction_retraction_check;exclusions;independent_replication_check;measurement_modality,6,,,membrane_tension;strain_deformation;viscosity_viscoelasticity
332,doi:10.1073/pnas.2216811120,PMC10120019,manual_priority,NONE,18,affiliation_resolved_lab_group;calibration;correction_retraction_check;exclusions;independent_replication_check;source_data,6,differentiating,immunofluorescence,cell_volume;membrane_tension;strain_deformation;traction_force;viscosity_viscoelasticity
333,doi:10.1073/pnas.2317711121,PMC11252819,manual_priority,NONE,18,affiliation_resolved_lab_group;calibration;correction_retraction_check;exclusions;independent_replication_check;source_data,5,differentiating;neural;stem_progenitor,piv,stiffness_modulus;strain_deformation;viscosity_viscoelasticity
334,doi:10.1073/pnas.2415028122,PMC12664006,manual_priority,NONE,18,affiliation_resolved_lab_group;calibration;correction_retraction_check;exclusions;independent_replication_check;source_data,8,migrating,immunofluorescence;piv;traction_force_microscopy,migration_speed;traction_force
335,doi:10.1073/pnas.2424047122,PMC12663998,manual_priority,NONE,18,affiliation_resolved_lab_group;calibration;correction_retraction_check;exclusions;independent_replication_check;source_data,6,differentiating;fibroblast;migrating;mitotic;stem_progenitor,traction_force_microscopy,strain_deformation;traction_force
336,doi:10.1073/pnas.2507831122,PMC12685118,manual_priority,NONE,18,affiliation_resolved_lab_group;calibration;correction_retraction_check;exclusions;independent_replication_check;source_data,8,migrating,immunofluorescence;live_cell_imaging,strain_deformation
337,doi:10.1074/jbc.ra119.007431,PMC6635457,manual_priority,NONE,18,affiliation_resolved_lab_group;calibration;correction_retraction_check;exclusions;independent_replication_check;source_data,8,cancer_tumor;epithelial;migrating;muscle,pcr;western_blot,cortical_tension;membrane_tension;migration_speed;traction_force
338,doi:10.1080/21541248.2017.1413496,PMC7549670,manual_priority,NONE,18,affiliation_resolved_lab_group;calibration;correction_retraction_check;exclusions;independent_replication_check;source_data,9,cancer_tumor;epithelial;migrating;stem_progenitor,immunofluorescence;pcr,strain_deformation
339,doi:10.1083/jcb.201207066,PMC3639397,manual_priority,NONE,18,affiliation_resolved_lab_group;calibration;correction_retraction_check;exclusions;independent_replication_check,5,apoptotic;mitotic,immunofluorescence;pcr,
340,doi:10.1083/jcb.201508081,PMC4772498,manual_priority,NONE,18,affiliation_resolved_lab_group;calibration;correction_retraction_check;exclusions;independent_replication_check;source_data,10,epithelial;migrating;stem_progenitor,western_blot,migration_speed
341,doi:10.1083/jcb.201905228,PMC7055000,manual_priority,NONE,18,affiliation_resolved_lab_group;calibration;correction_retraction_check;exclusions;independent_replication_check;source_data,18,apoptotic;epithelial;immune;migrating;mitotic,piv;traction_force_microscopy,migration_speed;traction_force
342,doi:10.1084/jem.20192275,PMC7526481,manual_priority,NONE,18,affiliation_resolved_lab_group;calibration;correction_retraction_check;exclusions;independent_replication_check,8,differentiating;immune;stem_progenitor,flow_cytometry;immunofluorescence;pcr;western_blot,
343,doi:10.1091/mbc.e17-08-0502,PMC5739295,manual_priority,NONE,18,affiliation_resolved_lab_group;calibration;correction_retraction_check;exclusions;independent_replication_check;source_data,6,differentiating;epithelial;mitotic,immunofluorescence,strain_deformation
344,doi:10.1091/mbc.e20-02-0127,PMC7851868,manual_priority,NONE,18,affiliation_resolved_lab_group;calibration;correction_retraction_check;exclusions;independent_replication_check;source_data,5,cancer_tumor;epithelial;migrating,immunofluorescence;live_cell_imaging;pcr;western_blot,strain_deformation
345,doi:10.1091/mbc.e20-11-0698,PMC8684736,manual_priority,NONE,18,affiliation_resolved_lab_group;calibration;correction_retraction_check;exclusions;independent_replication_check;source_data,4,epithelial;migrating;mitotic,immunofluorescence;live_cell_imaging;western_blot,migration_speed;strain_deformation
346,doi:10.1091/mbc.e23-05-0163,PMC10846620,manual_priority,NONE,18,affiliation_resolved_lab_group;calibration;correction_retraction_check;exclusions;independent_replication_check;source_data,10,epithelial,flow_cytometry;immunofluorescence;traction_force_microscopy,cortical_tension;membrane_tension;strain_deformation
347,doi:10.1093/noajnl/vdab064,PMC8320690,manual_priority,NONE,18,affiliation_resolved_lab_group;calibration;correction_retraction_check;exclusions;independent_replication_check;source_data,7,apoptotic;differentiating;migrating;mitotic;stem_progenitor,flow_cytometry;immunofluorescence;pcr;western_blot,membrane_tension
348,doi:10.1098/rsob.160275,PMC5133448,manual_priority,NONE,18,affiliation_resolved_lab_group;calibration;correction_retraction_check;exclusions;independent_replication_check;source_data,6,cancer_tumor;differentiating;epithelial;fibroblast;migrating;muscle;stem_progenitor,flow_cytometry;pcr,cell_volume;stiffness_modulus;strain_deformation
349,doi:10.1111/cas.15146,PMC8645759,manual_priority,NONE,18,affiliation_resolved_lab_group;calibration;correction_retraction_check;exclusions;independent_replication_check;source_data,7,apoptotic;cancer_tumor;differentiating;epithelial;migrating;stem_progenitor,immunofluorescence;western_blot,strain_deformation
350,doi:10.1111/cpr.12960,PMC7848962,manual_priority,NONE,18,affiliation_resolved_lab_group;calibration;correction_retraction_check;exclusions;independent_replication_check,6,cancer_tumor;differentiating;immune;migrating;stem_progenitor,flow_cytometry;immunofluorescence;pcr;western_blot,
351,doi:10.1126/sciadv.adr5947,PMC11654694,manual_priority,NONE,18,affiliation_resolved_lab_group;calibration;correction_retraction_check;exclusions;independent_replication_check;source_data,6,apoptotic;cancer_tumor;mitotic,afm;immunofluorescence,strain_deformation
352,doi:10.1128/mbio.01494-21,PMC8406305,manual_priority,NONE,18,affiliation_resolved_lab_group;calibration;correction_retraction_check;exclusions;independent_replication_check;source_data,11,cancer_tumor;differentiating;epithelial;migrating,immunofluorescence;live_cell_imaging;western_blot,migration_speed;strain_deformation
353,doi:10.1155/2021/8262502,PMC8413040,manual_priority,NONE,18,affiliation_resolved_lab_group;calibration;correction_retraction_check;exclusions;independent_replication_check,3,apoptotic;cancer_tumor;fibroblast;migrating;mitotic,flow_cytometry;pcr;western_blot,
354,doi:10.1186/1471-2202-12-25,PMC3063191,manual_priority,NONE,18,affiliation_resolved_lab_group;correction_retraction_check;exclusions;independent_replication_check;source_data,5,apoptotic;differentiating;fibroblast;neural;stem_progenitor,immunofluorescence;western_blot,
355,doi:10.1186/1756-0500-6-10,PMC3599066,manual_priority,NONE,18,affiliation_resolved_lab_group;calibration;correction_retraction_check;exclusions;independent_replication_check;source_data,4,apoptotic;cancer_tumor;muscle,flow_cytometry;western_blot,stiffness_modulus;strain_deformation;viscosity_viscoelasticity
356,doi:10.1186/s12915-025-02254-3,PMC12180154,manual_priority,NONE,18,affiliation_resolved_lab_group;calibration;correction_retraction_check;exclusions;independent_replication_check;source_data,12,apoptotic;cancer_tumor;differentiating;epithelial;fibroblast;immune;migrating;stem_progenitor,flow_cytometry;immunofluorescence;live_cell_imaging;western_blot,migration_speed;strain_deformation
357,doi:10.1186/s12929-026-01236-z,PMC13019896,manual_priority,NONE,18,affiliation_resolved_lab_group;calibration;correction_retraction_check;exclusions;independent_replication_check,10,apoptotic;differentiating;epithelial;mitotic;neural;stem_progenitor,flow_cytometry;immunofluorescence;pcr;single_cell_sequencing;western_blot,
358,doi:10.1186/s12943-017-0599-6,PMC5288940,manual_priority,NONE,18,affiliation_resolved_lab_group;calibration;correction_retraction_check;exclusions;independent_replication_check,7,apoptotic;cancer_tumor;epithelial;migrating;stem_progenitor,flow_cytometry;western_blot,
359,doi:10.1186/s12951-026-04412-3,PMC13200410,manual_priority,NONE,18,affiliation_resolved_lab_group;calibration;correction_retraction_check;exclusions;independent_replication_check;source_data,10,cancer_tumor;immune;migrating;mitotic;neural,flow_cytometry;immunofluorescence,cortical_tension;stiffness_modulus
360,doi:10.1186/s12964-020-00629-3,PMC7433185,manual_priority,NONE,18,affiliation_resolved_lab_group;calibration;correction_retraction_check;exclusions;independent_replication_check,6,apoptotic;differentiating;epithelial;fibroblast;migrating;neural,immunofluorescence;live_cell_imaging;western_blot,
361,doi:10.1186/s12964-025-02276-y,PMC12139146,manual_priority,NONE,18,affiliation_resolved_lab_group;calibration;correction_retraction_check;exclusions;independent_replication_check,4,cancer_tumor;epithelial;stem_progenitor,flow_cytometry;immunofluorescence;live_cell_imaging;western_blot,
362,doi:10.1186/s12964-026-02859-3,PMC13245100,manual_priority,NONE,18,affiliation_resolved_lab_group;calibration;correction_retraction_check;exclusions;independent_replication_check,8,apoptotic;cancer_tumor;differentiating;epithelial;migrating,immunofluorescence;pcr;western_blot,
363,doi:10.1186/s12967-026-07941-5,PMC13067562,manual_priority,NONE,18,affiliation_resolved_lab_group;correction_retraction_check;exclusions;independent_replication_check;source_data,14,apoptotic;cancer_tumor;epithelial;immune;migrating,pcr;western_blot,
364,doi:10.1186/s13058-021-01473-0,PMC8507133,manual_priority,NONE,18,affiliation_resolved_lab_group;calibration;correction_retraction_check;exclusions;independent_replication_check,5,apoptotic;cancer_tumor;epithelial;migrating,pcr;western_blot,
365,doi:10.1186/s13395-015-0030-1,PMC4343274,manual_priority,NONE,18,affiliation_resolved_lab_group;calibration;correction_retraction_check;exclusions;independent_replication_check;source_data,9,differentiating;mitotic;stem_progenitor,afm;immunofluorescence;pcr,stiffness_modulus
366,doi:10.1242/bio.022335,PMC5483013,manual_priority,NONE,18,affiliation_resolved_lab_group;correction_retraction_check;exclusions;independent_replication_check;source_data,5,cancer_tumor;epithelial;migrating;mitotic;neural,immunofluorescence;western_blot,
367,doi:10.1242/bio.062267,PMC12746711,manual_priority,NONE,18,affiliation_resolved_lab_group;calibration;correction_retraction_check;exclusions;independent_replication_check;source_data,3,apoptotic;epithelial;migrating;mitotic,flow_cytometry;immunofluorescence;live_cell_imaging,cortical_tension;migration_speed;strain_deformation
368,doi:10.1242/jcs.195420,PMC5358338,manual_priority,NONE,18,affiliation_resolved_lab_group;calibration;correction_retraction_check;exclusions;independent_replication_check;source_data,6,differentiating;epithelial;mitotic,immunofluorescence;live_cell_imaging;western_blot,cell_volume;membrane_tension
369,doi:10.1242/jcs.231357,PMC6803361,manual_priority,NONE,18,affiliation_resolved_lab_group;calibration;correction_retraction_check;exclusions;independent_replication_check;source_data,10,mitotic,live_cell_imaging;piv,cortical_tension;stiffness_modulus;strain_deformation;viscosity_viscoelasticity
370,doi:10.12659/msm.903261,PMC5310228,manual_priority,NONE,18,affiliation_resolved_lab_group;calibration;correction_retraction_check;exclusions;independent_replication_check;source_data,3,cancer_tumor;epithelial;immune;migrating,immunofluorescence;western_blot,strain_deformation
371,doi:10.1371/journal.pone.0037695,PMC3360763,manual_priority,NONE,18,affiliation_resolved_lab_group;calibration;correction_retraction_check;exclusions;independent_replication_check,4,apoptotic;differentiating;epithelial;migrating,flow_cytometry;immunofluorescence;western_blot,
372,doi:10.1371/journal.pone.0044806,PMC3458052,manual_priority,NONE,18,affiliation_resolved_lab_group;calibration;correction_retraction_check;exclusions;independent_replication_check;source_data,6,cancer_tumor;epithelial;migrating;stem_progenitor,flow_cytometry;live_cell_imaging;western_blot,migration_speed
373,doi:10.1371/journal.pone.0045237,PMC3459925,manual_priority,NONE,18,affiliation_resolved_lab_group;calibration;correction_retraction_check;exclusions;independent_replication_check;source_data,3,apoptotic;differentiating;immune;migrating;stem_progenitor,afm;flow_cytometry;immunofluorescence,strain_deformation;viscosity_viscoelasticity
374,doi:10.1371/journal.pone.0045877,PMC3454319,manual_priority,NONE,18,affiliation_resolved_lab_group;calibration;correction_retraction_check;exclusions;independent_replication_check,6,cancer_tumor;epithelial;fibroblast;immune;migrating,immunofluorescence;pcr,
375,doi:10.1371/journal.pone.0048332,PMC3485184,manual_priority,NONE,18,affiliation_resolved_lab_group;correction_retraction_check;exclusions;independent_replication_check;source_data,8,apoptotic;cancer_tumor;differentiating;migrating;neural,immunofluorescence;live_cell_imaging;pcr;western_blot,
376,doi:10.1371/journal.pone.0052530,PMC3541369,manual_priority,NONE,18,affiliation_resolved_lab_group;correction_retraction_check;exclusions;independent_replication_check;source_data,5,apoptotic;cancer_tumor;differentiating,afm;western_blot,
377,doi:10.1371/journal.pone.0058859,PMC3602596,manual_priority,NONE,18,affiliation_resolved_lab_group;calibration;correction_retraction_check;exclusions;independent_replication_check;source_data,5,cancer_tumor;epithelial;migrating;mitotic,immunofluorescence;live_cell_imaging;piv;western_blot,migration_speed
378,doi:10.1371/journal.pone.0063794,PMC3665827,manual_priority,NONE,18,affiliation_resolved_lab_group;correction_retraction_check;exclusions;independent_replication_check;source_data,5,apoptotic;differentiating;migrating;neural;stem_progenitor,flow_cytometry;pcr,
379,doi:10.1371/journal.pone.0074659,PMC3767638,manual_priority,NONE,18,affiliation_resolved_lab_group;calibration;correction_retraction_check;exclusions;independent_replication_check;source_data,5,cancer_tumor;epithelial;fibroblast;migrating,flow_cytometry;live_cell_imaging;western_blot,migration_speed
380,doi:10.1371/journal.pone.0074923,PMC3784416,manual_priority,NONE,18,affiliation_resolved_lab_group;calibration;correction_retraction_check;exclusions;independent_replication_check,5,cancer_tumor;differentiating;epithelial;fibroblast;immune;migrating;neural,immunofluorescence;live_cell_imaging;pcr;western_blot,
381,doi:10.1371/journal.pone.0079919,PMC3838429,manual_priority,NONE,18,affiliation_resolved_lab_group;calibration;correction_retraction_check;exclusions;independent_replication_check;source_data,7,cancer_tumor;epithelial;migrating;stem_progenitor,immunofluorescence;western_blot,strain_deformation
382,doi:10.1371/journal.pone.0080532,PMC3821855,manual_priority,NONE,18,affiliation_resolved_lab_group;calibration;correction_retraction_check;exclusions;independent_replication_check;source_data,8,migrating;mitotic;muscle,afm;western_blot,strain_deformation
383,doi:10.1371/journal.pone.0111534,PMC4214753,manual_priority,NONE,18,affiliation_resolved_lab_group;calibration;correction_retraction_check;exclusions;independent_replication_check;source_data,9,cancer_tumor;epithelial;migrating,immunofluorescence,cell_volume
384,doi:10.1371/journal.pone.0133392,PMC4511229,manual_priority,NONE,18,affiliation_resolved_lab_group;calibration;correction_retraction_check;independent_replication_check;measurement_modality,8,apoptotic;differentiating;immune;neural,,
385,doi:10.1371/journal.pone.0159646,PMC4956306,manual_priority,NONE,18,affiliation_resolved_lab_group;calibration;correction_retraction_check;exclusions;independent_replication_check,6,cancer_tumor;differentiating;epithelial;mitotic;stem_progenitor,immunofluorescence;western_blot,
386,doi:10.1371/journal.pone.0182825,PMC5549984,manual_priority,NONE,18,affiliation_resolved_lab_group;calibration;correction_retraction_check;exclusions;independent_replication_check;source_data,5,apoptotic;differentiating;epithelial;immune;migrating;stem_progenitor,flow_cytometry;immunofluorescence;western_blot,strain_deformation
387,doi:10.1371/journal.pone.0223753,PMC6818761,manual_priority,NONE,18,affiliation_resolved_lab_group;calibration;correction_retraction_check;exclusions;independent_replication_check,7,apoptotic;differentiating;migrating,pcr;western_blot,
388,doi:10.1371/journal.pone.0230001,PMC7064240,manual_priority,NONE,18,affiliation_resolved_lab_group;calibration;correction_retraction_check;exclusions;independent_replication_check,5,differentiating;fibroblast;muscle;stem_progenitor,flow_cytometry,
389,doi:10.14814/phy2.15045,PMC8496154,manual_priority,NONE,18,affiliation_resolved_lab_group;calibration;correction_retraction_check;exclusions;independent_replication_check;source_data,7,differentiating;fibroblast;migrating;muscle;stem_progenitor,flow_cytometry;immunofluorescence,stiffness_modulus;strain_deformation
390,doi:10.15252/embr.202152387,PMC8490981,manual_priority,NONE,18,affiliation_resolved_lab_group;calibration;correction_retraction_check;exclusions;independent_replication_check,16,mitotic,flow_cytometry;immunofluorescence;live_cell_imaging,
391,doi:10.18632/aging.202244,PMC7880396,manual_priority,NONE,18,affiliation_resolved_lab_group;calibration;correction_retraction_check;exclusions;independent_replication_check;source_data,12,apoptotic;differentiating;epithelial;muscle;stem_progenitor,flow_cytometry;immunofluorescence;pcr;western_blot,stiffness_modulus;strain_deformation
392,doi:10.18632/aging.203623,PMC8544341,manual_priority,NONE,18,affiliation_resolved_lab_group;calibration;correction_retraction_check;exclusions;independent_replication_check,7,apoptotic;cancer_tumor;differentiating;immune;migrating;mitotic;muscle,flow_cytometry;immunofluorescence;pcr;western_blot,
393,doi:10.18632/oncotarget.3360,PMC4467435,manual_priority,NONE,18,affiliation_resolved_lab_group;calibration;correction_retraction_check;exclusions;independent_replication_check;source_data,6,apoptotic;cancer_tumor;epithelial;migrating;mitotic;stem_progenitor,immunofluorescence;western_blot,cortical_tension;strain_deformation
394,doi:10.18632/oncotarget.5392,PMC4742168,manual_priority,NONE,18,affiliation_resolved_lab_group;correction_retraction_check;exclusions;independent_replication_check;source_data,5,apoptotic;cancer_tumor;epithelial;migrating;stem_progenitor,pcr,
395,doi:10.3389/fcell.2021.624089,PMC8049182,manual_priority,NONE,18,affiliation_resolved_lab_group;calibration;correction_retraction_check;exclusions;independent_replication_check,6,apoptotic;cancer_tumor;migrating;mitotic,flow_cytometry;immunofluorescence;western_blot,
396,doi:10.3389/fcell.2021.675562,PMC8158299,manual_priority,NONE,18,affiliation_resolved_lab_group;calibration;correction_retraction_check;exclusions;independent_replication_check,8,apoptotic;epithelial;migrating,immunofluorescence;pcr;western_blot,
397,doi:10.3389/fcell.2025.1541953,PMC12077316,manual_priority,NONE,18,affiliation_resolved_lab_group;calibration;correction_retraction_check;exclusions;independent_replication_check,9,apoptotic;cancer_tumor;differentiating;epithelial;fibroblast;migrating,pcr;western_blot,
398,doi:10.3389/fimmu.2017.01007,PMC5566967,manual_priority,NONE,18,affiliation_resolved_lab_group;calibration;correction_retraction_check;exclusions;independent_replication_check;source_data,6,differentiating;immune;migrating,flow_cytometry;immunofluorescence,viscosity_viscoelasticity
399,doi:10.3389/fimmu.2021.676752,PMC8361494,manual_priority,NONE,18,affiliation_resolved_lab_group;calibration;correction_retraction_check;exclusions;independent_replication_check,7,apoptotic;differentiating;immune;migrating;muscle;stem_progenitor,flow_cytometry;immunofluorescence;pcr;western_blot,
400,doi:10.3389/fimmu.2025.1715675,PMC12756434,manual_priority,NONE,18,affiliation_resolved_lab_group;calibration;correction_retraction_check;exclusions;independent_replication_check,8,apoptotic;differentiating;epithelial;fibroblast,flow_cytometry,
401,doi:10.3389/fonc.2026.1817872,PMC13253281,manual_priority,NONE,18,affiliation_resolved_lab_group;calibration;correction_retraction_check;exclusions;independent_replication_check,6,cancer_tumor;migrating,immunofluorescence;pcr;western_blot,
402,doi:10.3390/biom16050720,PMC13204542,manual_priority,NONE,18,affiliation_resolved_lab_group;correction_retraction_check;exclusions;independent_replication_check;source_data,5,differentiating;epithelial;fibroblast;immune;migrating;mitotic;muscle,immunofluorescence;pcr,
403,doi:10.3390/cancers17010081,PMC11720119,manual_priority,NONE,18,affiliation_resolved_lab_group;calibration;correction_retraction_check;exclusions;independent_replication_check;source_data,4,cancer_tumor;differentiating;epithelial;fibroblast;migrating;mitotic,live_cell_imaging;western_blot,migration_speed
404,doi:10.3390/cancers5041504,PMC3875951,manual_priority,NONE,18,affiliation_resolved_lab_group;calibration;correction_retraction_check;exclusions;independent_replication_check,4,cancer_tumor;epithelial;migrating,immunofluorescence;pcr;western_blot,
405,doi:10.3390/cells10123362,PMC8699733,manual_priority,NONE,18,affiliation_resolved_lab_group;calibration;correction_retraction_check;exclusions;independent_replication_check;source_data,5,differentiating;migrating,flow_cytometry;live_cell_imaging,stiffness_modulus;strain_deformation
406,doi:10.3390/cells13030285,PMC10854672,manual_priority,NONE,18,affiliation_resolved_lab_group;calibration;cell_type_state;correction_retraction_check;independent_replication_check,5,,immunofluorescence;pcr;western_blot,
407,doi:10.3390/cells8050427,PMC6563141,manual_priority,NONE,18,affiliation_resolved_lab_group;calibration;correction_retraction_check;exclusions;independent_replication_check;source_data,6,cancer_tumor;differentiating;epithelial;fibroblast;migrating;stem_progenitor,afm;immunofluorescence;magnetic_tweezers,cell_volume;migration_speed;stiffness_modulus;strain_deformation
408,doi:10.3390/ijms21218361,PMC7664694,manual_priority,NONE,18,affiliation_resolved_lab_group;calibration;correction_retraction_check;exclusions;independent_replication_check;source_data,9,apoptotic;differentiating;mitotic;stem_progenitor,immunofluorescence;live_cell_imaging;pcr;western_blot,cell_volume;strain_deformation
409,doi:10.3390/jfb17040200,PMC13118223,manual_priority,NONE,18,affiliation_resolved_lab_group;calibration;correction_retraction_check;exclusions;independent_replication_check,4,differentiating;stem_progenitor,afm;western_blot,
410,doi:10.3390/ma14195858,PMC8510223,manual_priority,NONE,18,affiliation_resolved_lab_group;calibration;correction_retraction_check;exclusions;independent_replication_check;source_data,6,differentiating;migrating,afm,adhesion_force
411,doi:10.34133/cbsystems.0503,PMC13103462,manual_priority,NONE,18,affiliation_resolved_lab_group;calibration;correction_retraction_check;exclusions;independent_replication_check,6,differentiating;immune;migrating;muscle;stem_progenitor,immunofluorescence;pcr,
412,doi:10.3892/or.2020.7517,PMC7108022,manual_priority,NONE,18,affiliation_resolved_lab_group;calibration;correction_retraction_check;exclusions;independent_replication_check,5,apoptotic;cancer_tumor;differentiating;migrating,immunofluorescence;pcr;western_blot,
413,doi:10.3892/or.2020.7801,PMC7640368,manual_priority,NONE,18,affiliation_resolved_lab_group;calibration;correction_retraction_check;exclusions;independent_replication_check,7,apoptotic;cancer_tumor;epithelial;migrating,immunofluorescence;pcr;western_blot,
414,doi:10.7554/elife.21130,PMC5360446,manual_priority,NONE,18,affiliation_resolved_lab_group;calibration;correction_retraction_check;exclusions;independent_replication_check,20,differentiating;epithelial;migrating;muscle;stem_progenitor,immunofluorescence;live_cell_imaging;pcr;western_blot,
415,doi:10.7554/elife.58541,PMC8051949,manual_priority,NONE,18,affiliation_resolved_lab_group;calibration;correction_retraction_check;exclusions;independent_replication_check,16,differentiating;epithelial;stem_progenitor,immunofluorescence;pcr;western_blot,
416,doi:10.7554/elife.63093,PMC7857731,manual_priority,NONE,18,affiliation_resolved_lab_group;calibration;correction_retraction_check;exclusions;independent_replication_check,11,cancer_tumor;differentiating;epithelial;fibroblast;stem_progenitor,flow_cytometry;immunofluorescence;live_cell_imaging;pcr;single_cell_sequencing;western_blot,
417,doi:10.1007/s00210-026-05050-0,PMC13269452,manual_priority,NONE,17,affiliation_resolved_lab_group;calibration;correction_retraction_check;independent_replication_check;source_data,5,apoptotic;cancer_tumor;epithelial;migrating;mitotic,immunofluorescence;pcr;western_blot,
418,doi:10.1016/j.devcel.2012.01.002,PMC3332010,manual_priority,NONE,17,affiliation_resolved_lab_group;calibration;correction_retraction_check;independent_replication_check;source_data,9,differentiating;epithelial;mitotic,immunofluorescence,
419,doi:10.1016/j.isci.2019.04.021,PMC6503128,manual_priority,NONE,17,affiliation_resolved_lab_group;calibration;correction_retraction_check;exclusions;independent_replication_check;measurement_modality;source_data,8,mitotic,,membrane_tension;strain_deformation
420,doi:10.1016/j.jacbts.2025.101449,PMC12794416,manual_priority,NONE,17,affiliation_resolved_lab_group;calibration;correction_retraction_check;exclusions;independent_replication_check;measurement_modality;source_data,5,differentiating;migrating;muscle,,stiffness_modulus;strain_deformation;viscosity_viscoelasticity
421,doi:10.1021/acsnano.3c04293,PMC7615193,manual_priority,NONE,17,affiliation_resolved_lab_group;calibration;cell_type_state;correction_retraction_check;exclusions;independent_replication_check;source_data,3,,micropipette_aspiration;optical_tweezers,membrane_tension
422,doi:10.1038/ncb2859,PMC3838899,manual_priority,NONE,17,affiliation_resolved_lab_group;calibration;correction_retraction_check;exclusions;independent_replication_check;measurement_modality;source_data,7,migrating,,cortical_tension;membrane_tension;strain_deformation;viscosity_viscoelasticity
423,doi:10.1038/ncomms11082,PMC4821876,manual_priority,NONE,17,affiliation_resolved_lab_group;calibration;correction_retraction_check;independent_replication_check;source_data,8,cancer_tumor;epithelial,immunofluorescence;live_cell_imaging;western_blot,
424,doi:10.1038/ncomms14347,PMC5316839,manual_priority,NONE,17,affiliation_resolved_lab_group;calibration;cell_type_state;correction_retraction_check;exclusions;independent_replication_check;source_data,7,,afm,stiffness_modulus
425,doi:10.1038/s41598-017-02689-x,PMC5451433,manual_priority,NONE,17,affiliation_resolved_lab_group;calibration;correction_retraction_check;independent_replication_check;source_data,5,apoptotic;cancer_tumor;differentiating;migrating;mitotic;muscle,immunofluorescence;pcr,
426,doi:10.1038/s41598-018-32572-2,PMC6155315,manual_priority,NONE,17,affiliation_resolved_lab_group;calibration;correction_retraction_check;exclusions;independent_replication_check;measurement_modality;source_data,6,differentiating;epithelial;migrating;mitotic,,membrane_tension;migration_speed
427,doi:10.1038/s41598-021-85828-9,PMC7990921,manual_priority,NONE,17,affiliation_resolved_lab_group;calibration;cell_type_state;correction_retraction_check;exclusions;independent_replication_check;source_data,5,,afm,strain_deformation
428,doi:10.1038/s41598-021-97950-9,PMC8446051,manual_priority,NONE,17,affiliation_resolved_lab_group;calibration;cell_type_state;correction_retraction_check;exclusions;independent_replication_check;source_data,4,,pcr,strain_deformation
429,doi:10.1038/s41598-026-44527-z,PMC13279817,manual_priority,NONE,17,affiliation_resolved_lab_group;calibration;correction_retraction_check;independent_replication_check;source_data,6,epithelial;immune;migrating,immunofluorescence;pcr;western_blot,
430,doi:10.1038/s41598-026-48506-2,PMC13230867,manual_priority,NONE,17,affiliation_resolved_lab_group;calibration;correction_retraction_check;independent_replication_check;source_data,6,apoptotic;cancer_tumor;immune;migrating;mitotic;stem_progenitor,immunofluorescence;western_blot,
431,doi:10.1038/srep29003,PMC4928053,manual_priority,NONE,17,affiliation_resolved_lab_group;calibration;correction_retraction_check;independent_replication_check;source_data,5,epithelial,immunofluorescence;pcr;western_blot,
432,doi:10.1038/srep37535,PMC5114590,manual_priority,NONE,17,affiliation_resolved_lab_group;cell_type_state;correction_retraction_check;exclusions;independent_replication_check;source_data,6,,immunofluorescence;pcr;western_blot,
433,doi:10.1038/srep43926,PMC5339698,manual_priority,NONE,17,affiliation_resolved_lab_group;calibration;correction_retraction_check;independent_replication_check;source_data,5,cancer_tumor;differentiating;epithelial;migrating,immunofluorescence;western_blot,
434,doi:10.1091/mbc.e10-08-0671,PMC3057701,manual_priority,NONE,17,affiliation_resolved_lab_group;calibration;correction_retraction_check;independent_replication_check;source_data,6,mitotic,immunofluorescence;live_cell_imaging,
435,doi:10.1113/jp272927,PMC5157078,manual_priority,NONE,17,affiliation_resolved_lab_group;calibration;correction_retraction_check;exclusions;independent_replication_check;measurement_modality;source_data,20,migrating;muscle,,viscosity_viscoelasticity
436,doi:10.1167/iovs.66.2.22,PMC11809450,manual_priority,NONE,17,affiliation_resolved_lab_group;calibration;correction_retraction_check;independent_replication_check;source_data,6,differentiating,immunofluorescence;pcr;western_blot,
437,doi:10.1186/s12860-026-00596-6,PMC13251036,manual_priority,NONE,17,affiliation_resolved_lab_group;calibration;correction_retraction_check;independent_replication_check;source_data,3,epithelial;fibroblast;migrating;stem_progenitor,pcr;western_blot,
438,doi:10.1186/s12885-026-16100-4,PMC13281367,manual_priority,NONE,17,affiliation_resolved_lab_group;calibration;correction_retraction_check;independent_replication_check;source_data,1,cancer_tumor;differentiating;epithelial;fibroblast;immune;migrating,flow_cytometry;pcr;single_cell_sequencing;western_blot,
439,doi:10.1186/s13287-025-04771-y,PMC12625545,manual_priority,NONE,17,affiliation_resolved_lab_group;calibration;correction_retraction_check;exclusions;independent_replication_check;measurement_modality,6,apoptotic;differentiating;epithelial;fibroblast;neural;stem_progenitor,,
440,doi:10.1186/s40478-026-02244-8,PMC12983546,manual_priority,NONE,17,affiliation_resolved_lab_group;calibration;correction_retraction_check;independent_replication_check;source_data,10,cancer_tumor;differentiating;fibroblast;migrating,immunofluorescence;pcr;single_cell_sequencing;western_blot,
441,doi:10.1186/scrt310,PMC3854782,manual_priority,NONE,17,affiliation_resolved_lab_group;calibration;correction_retraction_check;independent_replication_check;source_data,6,differentiating;fibroblast;migrating;mitotic;stem_progenitor,flow_cytometry;pcr,
442,doi:10.1242/bio.017558,PMC5051654,manual_priority,NONE,17,affiliation_resolved_lab_group;calibration;correction_retraction_check;independent_replication_check;source_data,5,apoptotic;cancer_tumor;epithelial;migrating,immunofluorescence;western_blot,
443,doi:10.1242/bio.201410132,PMC4265761,manual_priority,NONE,17,affiliation_resolved_lab_group;calibration;cell_type_state;correction_retraction_check;exclusions;independent_replication_check;source_data,5,,flow_cytometry;pcr;western_blot,strain_deformation;viscosity_viscoelasticity
444,doi:10.1371/journal.pone.0033085,PMC3323582,manual_priority,NONE,17,affiliation_resolved_lab_group;calibration;correction_retraction_check;independent_replication_check;source_data,10,cancer_tumor;fibroblast;migrating,immunofluorescence,
445,doi:10.1371/journal.pone.0058703,PMC3596281,manual_priority,NONE,17,affiliation_resolved_lab_group;calibration;correction_retraction_check;independent_replication_check;source_data,7,migrating;muscle,western_blot,
446,doi:10.1371/journal.pone.0079654,PMC3855176,manual_priority,NONE,17,affiliation_resolved_lab_group;calibration;correction_retraction_check;independent_replication_check;source_data,4,apoptotic;cancer_tumor;differentiating;epithelial;migrating;mitotic,flow_cytometry;immunofluorescence;pcr;western_blot,
447,doi:10.1371/journal.pone.0188637,PMC5705145,manual_priority,NONE,17,affiliation_resolved_lab_group;calibration;correction_retraction_check;independent_replication_check;source_data,4,apoptotic;cancer_tumor;differentiating;epithelial;migrating;stem_progenitor,flow_cytometry,
448,doi:10.21037/jtd-2026-1-0101,PMC13190016,manual_priority,NONE,17,affiliation_resolved_lab_group;calibration;correction_retraction_check;independent_replication_check;source_data,8,apoptotic;cancer_tumor;differentiating;fibroblast;immune;migrating;muscle,immunofluorescence;pcr;western_blot,
449,doi:10.3390/biom15060863,PMC12191399,manual_priority,NONE,17,affiliation_resolved_lab_group;calibration;correction_retraction_check;independent_replication_check;source_data,5,apoptotic;fibroblast;migrating;mitotic,immunofluorescence;pcr;western_blot,
450,doi:10.3390/biom3030386,PMC4030958,manual_priority,NONE,17,affiliation_resolved_lab_group;calibration;correction_retraction_check;independent_replication_check;source_data,5,apoptotic;cancer_tumor;differentiating;epithelial;migrating,afm;immunofluorescence;pcr;western_blot,
451,doi:10.3390/cells15090772,PMC13162786,manual_priority,NONE,17,affiliation_resolved_lab_group;calibration;cell_type_state;correction_retraction_check;exclusions;independent_replication_check,2,,western_blot,
452,doi:10.3390/cells9051080,PMC7290736,manual_priority,NONE,17,affiliation_resolved_lab_group;calibration;correction_retraction_check;independent_replication_check;source_data,8,differentiating;epithelial;fibroblast;migrating;mitotic;muscle;stem_progenitor,immunofluorescence;western_blot,
453,doi:10.3390/ijms262311402,PMC12691728,manual_priority,NONE,17,affiliation_resolved_lab_group;calibration;cell_type_state;correction_retraction_check;exclusions;independent_replication_check,2,,pcr,
454,doi:10.3390/mi17050524,PMC13209113,manual_priority,NONE,17,affiliation_resolved_lab_group;calibration;correction_retraction_check;independent_replication_check;source_data,4,differentiating;neural;stem_progenitor,afm;immunofluorescence,
455,doi:10.3892/ijmm.2016.2542,PMC4829139,manual_priority,NONE,17,affiliation_resolved_lab_group;calibration;correction_retraction_check;independent_replication_check;source_data,8,apoptotic;differentiating;fibroblast;immune;migrating;muscle;stem_progenitor,flow_cytometry;immunofluorescence;pcr;western_blot,
456,doi:10.55730/1300-0152.2796,PMC13124146,manual_priority,NONE,17,affiliation_resolved_lab_group;calibration;correction_retraction_check;independent_replication_check;source_data,4,mitotic,afm,
457,doi:10.1007/s00018-012-1130-2,PMC3535415,manual_priority,NONE,16,affiliation_resolved_lab_group;calibration;correction_retraction_check;exclusions;independent_replication_check;source_data,8,apoptotic;epithelial;fibroblast;mitotic,immunofluorescence,
458,doi:10.1007/s00204-023-03495-3,PMC10182945,manual_priority,NONE,16,affiliation_resolved_lab_group;calibration;correction_retraction_check;exclusions;independent_replication_check;source_data,6,cancer_tumor;epithelial;migrating,immunofluorescence;live_cell_imaging,
459,doi:10.1007/s10558-009-9089-9,PMC2837826,manual_priority,NONE,16,affiliation_resolved_lab_group;calibration;cell_type_state;correction_retraction_check;exclusions;independent_replication_check;measurement_modality;source_data,1,,,viscosity_viscoelasticity
460,doi:10.1016/j.isci.2026.115791,PMC13157194,manual_priority,NONE,16,affiliation_resolved_lab_group;calibration;correction_retraction_check;exclusions;independent_replication_check;source_data,6,cancer_tumor;differentiating;fibroblast;immune;migrating,flow_cytometry;pcr;western_blot,
461,doi:10.1016/j.jcmgh.2020.09.010,PMC7797380,manual_priority,NONE,16,affiliation_resolved_lab_group;calibration;correction_retraction_check;exclusions;independent_replication_check;source_data,12,cancer_tumor;differentiating;epithelial;fibroblast;migrating;stem_progenitor,immunofluorescence;live_cell_imaging;pcr,
462,doi:10.1016/j.yexcr.2012.07.002,PMC4022105,manual_priority,NONE,16,affiliation_resolved_lab_group;calibration;correction_retraction_check;exclusions;independent_replication_check;source_data,10,apoptotic;cancer_tumor;differentiating;epithelial;migrating,immunofluorescence;live_cell_imaging;western_blot,
463,doi:10.1038/bjc.2012.395,PMC3494439,manual_priority,NONE,16,affiliation_resolved_lab_group;calibration;correction_retraction_check;exclusions;independent_replication_check;source_data,7,cancer_tumor;differentiating;epithelial;migrating,flow_cytometry;immunofluorescence;western_blot,
464,doi:10.1038/onc.2017.104,PMC5582215,manual_priority,NONE,16,affiliation_resolved_lab_group;calibration;correction_retraction_check;exclusions;independent_replication_check;source_data,14,apoptotic;migrating,flow_cytometry;immunofluorescence;western_blot,
465,doi:10.1038/s41398-024-03017-4,PMC11339458,manual_priority,NONE,16,affiliation_resolved_lab_group;calibration;correction_retraction_check;exclusions;independent_replication_check;source_data,8,neural,live_cell_imaging,
466,doi:10.1038/s41420-025-02335-w,PMC11794427,manual_priority,NONE,16,affiliation_resolved_lab_group;calibration;correction_retraction_check;exclusions;independent_replication_check;source_data,7,apoptotic;cancer_tumor;differentiating;immune,flow_cytometry;immunofluorescence;pcr;western_blot,
467,doi:10.1038/s41536-025-00445-8,PMC12820250,manual_priority,NONE,16,affiliation_resolved_lab_group;calibration;correction_retraction_check;exclusions;independent_replication_check;source_data,9,differentiating;fibroblast,afm;flow_cytometry;immunofluorescence;western_blot,
468,doi:10.1038/s41598-017-08742-z,PMC5561075,manual_priority,NONE,16,affiliation_resolved_lab_group;calibration;cell_type_state;correction_retraction_check;exclusions;independent_replication_check;measurement_modality;source_data,5,,,cell_volume;strain_deformation
469,doi:10.1038/s41598-020-71955-2,PMC7518443,manual_priority,NONE,16,affiliation_resolved_lab_group;calibration;correction_retraction_check;exclusions;independent_replication_check;source_data,6,immune;mitotic,immunofluorescence;western_blot,
470,doi:10.1038/s42003-026-09894-3,PMC13276172,manual_priority,NONE,16,affiliation_resolved_lab_group;cell_type_state;correction_retraction_check;exclusions;independent_replication_check;measurement_modality;source_data,3,,,
471,doi:10.1038/srep15623,PMC4614995,manual_priority,NONE,16,affiliation_resolved_lab_group;calibration;correction_retraction_check;exclusions;independent_replication_check;source_data,7,apoptotic;cancer_tumor;differentiating;migrating,afm;flow_cytometry;immunofluorescence;live_cell_imaging;western_blot,
472,doi:10.1128/mbio.01111-13,PMC3977363,manual_priority,NONE,16,affiliation_resolved_lab_group;calibration;correction_retraction_check;exclusions;independent_replication_check;source_data,6,epithelial;migrating,flow_cytometry;immunofluorescence;live_cell_imaging,
473,doi:10.1155/2016/3497901,PMC4870373,manual_priority,NONE,16,affiliation_resolved_lab_group;calibration;correction_retraction_check;exclusions;independent_replication_check;source_data,6,migrating;neural,live_cell_imaging,
474,doi:10.1167/iovs.17-22732,PMC5656416,manual_priority,NONE,16,affiliation_resolved_lab_group;calibration;correction_retraction_check;exclusions;independent_replication_check;source_data,7,apoptotic;stem_progenitor,live_cell_imaging,
475,doi:10.1177/20458940211049002,PMC8493322,manual_priority,NONE,16,affiliation_resolved_lab_group;calibration;correction_retraction_check;exclusions;independent_replication_check;source_data,5,migrating,immunofluorescence,
476,doi:10.1186/1476-4598-11-51,PMC3496689,manual_priority,NONE,16,affiliation_resolved_lab_group;calibration;correction_retraction_check;exclusions;independent_replication_check;source_data,5,cancer_tumor;migrating,pcr;western_blot,
477,doi:10.1186/1478-811x-11-80,PMC3895861,manual_priority,NONE,16,affiliation_resolved_lab_group;calibration;correction_retraction_check;exclusions;independent_replication_check;source_data,7,apoptotic;epithelial;migrating;muscle,immunofluorescence;live_cell_imaging;pcr;western_blot,
478,doi:10.1186/s12964-021-00800-4,PMC8684100,manual_priority,NONE,16,affiliation_resolved_lab_group;calibration;correction_retraction_check;exclusions;independent_replication_check;source_data,6,apoptotic;cancer_tumor;epithelial;migrating;mitotic,flow_cytometry;immunofluorescence;western_blot,
479,doi:10.1186/s13020-026-01430-z,PMC13217949,manual_priority,NONE,16,affiliation_resolved_lab_group;calibration;correction_retraction_check;exclusions;independent_replication_check;source_data,6,apoptotic;differentiating;immune;muscle,immunofluorescence;pcr;western_blot,
480,doi:10.1186/s13046-021-01859-0,PMC7874610,manual_priority,NONE,16,affiliation_resolved_lab_group;calibration;correction_retraction_check;exclusions;independent_replication_check;source_data,7,apoptotic;cancer_tumor;epithelial;migrating;stem_progenitor,immunofluorescence;pcr;western_blot,
481,doi:10.1242/jcs.221788,PMC6262774,manual_priority,NONE,16,affiliation_resolved_lab_group;calibration;correction_retraction_check;exclusions;independent_replication_check;source_data,5,epithelial,immunofluorescence;pcr,
482,doi:10.1371/journal.pgen.1011924,PMC12633902,manual_priority,NONE,16,affiliation_resolved_lab_group;calibration;correction_retraction_check;exclusions;independent_replication_check;source_data,5,apoptotic;differentiating;fibroblast;stem_progenitor,flow_cytometry;western_blot,
483,doi:10.1371/journal.pone.0013847,PMC2973953,manual_priority,NONE,16,affiliation_resolved_lab_group;calibration;correction_retraction_check;exclusions;independent_replication_check;source_data,5,cancer_tumor;epithelial;immune;migrating,live_cell_imaging;western_blot,
484,doi:10.1371/journal.pone.0013886,PMC2975642,manual_priority,NONE,16,affiliation_resolved_lab_group;calibration;correction_retraction_check;exclusions;independent_replication_check;source_data,5,cancer_tumor;migrating,immunofluorescence,
485,doi:10.1371/journal.pone.0023554,PMC3158081,manual_priority,NONE,16,affiliation_resolved_lab_group;calibration;correction_retraction_check;exclusions;independent_replication_check;source_data,6,differentiating;fibroblast;migrating;stem_progenitor,flow_cytometry;immunofluorescence;pcr;western_blot,
486,doi:10.1371/journal.pone.0030678,PMC3262830,manual_priority,NONE,16,affiliation_resolved_lab_group;calibration;correction_retraction_check;exclusions;independent_replication_check;source_data,7,apoptotic;muscle,immunofluorescence;pcr;western_blot,
487,doi:10.1371/journal.pone.0040365,PMC3396652,manual_priority,NONE,16,affiliation_resolved_lab_group;calibration;correction_retraction_check;exclusions;independent_replication_check;source_data,5,apoptotic;differentiating;migrating,immunofluorescence;pcr;western_blot,
488,doi:10.1371/journal.pone.0053702,PMC3549953,manual_priority,NONE,16,affiliation_resolved_lab_group;calibration;correction_retraction_check;exclusions;independent_replication_check;source_data,5,cancer_tumor;epithelial;mitotic;muscle,immunofluorescence;live_cell_imaging;western_blot,
489,doi:10.1371/journal.pone.0065105,PMC3661508,manual_priority,NONE,16,affiliation_resolved_lab_group;calibration;correction_retraction_check;exclusions;independent_replication_check;source_data,5,cancer_tumor;epithelial;fibroblast;migrating;muscle,immunofluorescence;pcr;western_blot,
490,doi:10.1371/journal.pone.0073571,PMC3774713,manual_priority,NONE,16,affiliation_resolved_lab_group;calibration;correction_retraction_check;exclusions;independent_replication_check;source_data,11,epithelial,immunofluorescence;pcr;western_blot,
491,doi:10.1371/journal.pone.0079763,PMC3838353,manual_priority,NONE,16,affiliation_resolved_lab_group;calibration;correction_retraction_check;exclusions;independent_replication_check;source_data,7,apoptotic;differentiating;epithelial;fibroblast;immune;migrating,immunofluorescence;western_blot,
492,doi:10.1371/journal.pone.0130540,PMC4482413,manual_priority,NONE,16,affiliation_resolved_lab_group;calibration;correction_retraction_check;exclusions;independent_replication_check;source_data,8,epithelial;fibroblast;migrating;muscle,immunofluorescence;live_cell_imaging;western_blot,
493,doi:10.1371/journal.pone.0189031,PMC5718561,manual_priority,NONE,16,affiliation_resolved_lab_group;calibration;correction_retraction_check;exclusions;independent_replication_check;source_data,6,apoptotic;cancer_tumor;differentiating;epithelial;migrating,afm;western_blot,
494,doi:10.18632/oncotarget.13610,PMC5352056,manual_priority,NONE,16,affiliation_resolved_lab_group;calibration;correction_retraction_check;exclusions;independent_replication_check;source_data,5,cancer_tumor;epithelial;fibroblast;immune;migrating,flow_cytometry;immunofluorescence;pcr;western_blot,
495,doi:10.18632/oncotarget.25372,PMC5995249,manual_priority,NONE,16,affiliation_resolved_lab_group;calibration;correction_retraction_check;exclusions;independent_replication_check;source_data,6,apoptotic;cancer_tumor;migrating,immunofluorescence,
496,doi:10.18632/oncotarget.9827,PMC5129932,manual_priority,NONE,16,affiliation_resolved_lab_group;calibration;correction_retraction_check;exclusions;independent_replication_check;source_data,3,apoptotic;cancer_tumor;differentiating;epithelial;fibroblast;migrating;stem_progenitor,western_blot,
497,doi:10.21037/atm-21-2944,PMC8422147,manual_priority,NONE,16,affiliation_resolved_lab_group;calibration;correction_retraction_check;exclusions;independent_replication_check;source_data,5,apoptotic;cancer_tumor;differentiating;epithelial;migrating,immunofluorescence;western_blot,
498,doi:10.3390/cells14231922,PMC12691368,manual_priority,NONE,16,affiliation_resolved_lab_group;calibration;correction_retraction_check;exclusions;independent_replication_check;source_data,13,apoptotic;cancer_tumor;differentiating;migrating;mitotic;muscle,flow_cytometry;immunofluorescence;pcr;western_blot,
499,doi:10.3390/cells15030306,PMC12896405,manual_priority,NONE,16,affiliation_resolved_lab_group;calibration;correction_retraction_check;exclusions;independent_replication_check;source_data,7,differentiating;fibroblast;migrating,flow_cytometry;western_blot,
500,doi:10.3969/j.issn.2095-3941.2012.02.002,PMC3643652,manual_priority,NONE,16,affiliation_resolved_lab_group;calibration;correction_retraction_check;exclusions;independent_replication_check;source_data,5,cancer_tumor;differentiating;epithelial;migrating,immunofluorescence;pcr;western_blot,
501,doi:10.7554/elife.07727,PMC4798962,manual_priority,NONE,16,affiliation_resolved_lab_group;calibration;correction_retraction_check;exclusions;independent_replication_check;source_data,11,apoptotic;migrating,flow_cytometry;immunofluorescence;pcr,
502,doi:10.1038/hortres.2017.43,PMC5605667,manual_priority,NONE,15,affiliation_resolved_lab_group;calibration;correction_retraction_check;exclusions;independent_replication_check;measurement_modality;source_data,5,mitotic,,
503,doi:10.1038/srep41223,PMC5264604,manual_priority,NONE,15,affiliation_resolved_lab_group;calibration;cell_type_state;correction_retraction_check;exclusions;independent_replication_check;source_data,5,,immunofluorescence;pcr;western_blot,
504,doi:10.1073/pnas.2520485122,PMC12718379,manual_priority,NONE,15,affiliation_resolved_lab_group;calibration;correction_retraction_check;exclusions;independent_replication_check;measurement_modality;source_data,3,mitotic,,
505,doi:10.1242/bio.023267,PMC5450318,manual_priority,NONE,15,affiliation_resolved_lab_group;calibration;cell_type_state;correction_retraction_check;exclusions;independent_replication_check;source_data,6,,pcr,
506,doi:10.1371/journal.pone.0024338,PMC3164210,manual_priority,NONE,15,affiliation_resolved_lab_group;calibration;correction_retraction_check;exclusions;independent_replication_check;source_data;units,5,apoptotic;migrating,western_blot,
507,doi:10.3389/fpls.2017.00044,PMC5266734,manual_priority,NONE,15,affiliation_resolved_lab_group;calibration;cell_type_state;correction_retraction_check;exclusions;independent_replication_check;source_data,8,,pcr,
