rank,source_family_id,pmcid,decision,exception_reason,priority_score,missing_review_fields,observation_locator_count,cell_state_tags,modality_tags,mechanics_tags
1,doi:10.1002/adhm.202500914,PMC12805617,manual_priority,NONE,23,affiliation_resolved_lab_group;independent_replication_check,10,cancer_tumor;differentiating;epithelial;stem_progenitor,afm;immunofluorescence;pcr;piv;traction_force_microscopy;western_blot,cell_volume;stiffness_modulus;traction_force
2,doi:10.1002/adma.202518382,PMC13054206,manual_priority,NONE,23,affiliation_resolved_lab_group;correction_retraction_check;independent_replication_check,5,fibroblast;immune,immunofluorescence,membrane_tension;stiffness_modulus;strain_deformation;viscosity_viscoelasticity
3,doi:10.1002/advs.202414750,PMC12407281,manual_priority,NONE,23,affiliation_resolved_lab_group;correction_retraction_check;independent_replication_check,7,cancer_tumor;differentiating;fibroblast;stem_progenitor,afm;immunofluorescence;pcr;western_blot,stiffness_modulus;strain_deformation;viscosity_viscoelasticity
4,doi:10.1002/advs.202511538,PMC12915213,manual_priority,NONE,23,affiliation_resolved_lab_group;independent_replication_check,4,fibroblast,afm;magnetic_tweezers;optical_tweezers;traction_force_microscopy,stiffness_modulus;strain_deformation;traction_force
5,doi:10.1002/advs.202513153,PMC12822390,manual_priority,NONE,23,affiliation_resolved_lab_group;correction_retraction_check;independent_replication_check,9,cancer_tumor;epithelial;migrating,flow_cytometry;immunofluorescence;optical_tweezers;western_blot,cell_volume;cortical_tension;stiffness_modulus;strain_deformation;viscosity_viscoelasticity
6,doi:10.1002/advs.202524337,PMC13248770,manual_priority,NONE,23,affiliation_resolved_lab_group;independent_replication_check,6,cancer_tumor;differentiating;epithelial,immunofluorescence;piv,stiffness_modulus;viscosity_viscoelasticity
7,doi:10.1002/cbic.202500864,PMC13096856,manual_priority,NONE,23,affiliation_resolved_lab_group;correction_retraction_check;independent_replication_check,5,differentiating;immune;migrating;stem_progenitor,flow_cytometry,stiffness_modulus;strain_deformation;viscosity_viscoelasticity
8,doi:10.1002/glia.24156,PMC9304177,manual_priority,NONE,23,affiliation_resolved_lab_group;correction_retraction_check;independent_replication_check,7,immune;migrating;neural,pcr,cell_volume;migration_speed
9,doi:10.1002/smll.202503011,PMC12462601,manual_priority,NONE,23,affiliation_resolved_lab_group;correction_retraction_check;independent_replication_check,5,differentiating;muscle;neural;stem_progenitor,immunofluorescence,strain_deformation
10,doi:10.1002/smll.202504526,PMC12590530,manual_priority,NONE,23,affiliation_resolved_lab_group;correction_retraction_check;independent_replication_check,4,differentiating;fibroblast;muscle,afm;traction_force_microscopy,stiffness_modulus;traction_force
11,doi:10.1002/smll.202512198,PMC13054210,manual_priority,NONE,23,affiliation_resolved_lab_group;correction_retraction_check;independent_replication_check,5,fibroblast;migrating,afm;immunofluorescence,stiffness_modulus;traction_force
12,doi:10.1016/j.isci.2025.112955,PMC12302250,manual_priority,NONE,23,affiliation_resolved_lab_group;independent_replication_check,14,apoptotic;cancer_tumor;differentiating;epithelial;migrating;mitotic,afm;immunofluorescence;live_cell_imaging,stiffness_modulus;strain_deformation
13,doi:10.1016/j.mtbio.2026.103105,PMC13123377,manual_priority,NONE,23,affiliation_resolved_lab_group;correction_retraction_check;independent_replication_check,8,differentiating;epithelial;migrating,immunofluorescence;live_cell_imaging;traction_force_microscopy,migration_speed;stiffness_modulus;strain_deformation;traction_force
14,doi:10.1016/j.mtbio.2026.103129,PMC13141807,manual_priority,NONE,23,affiliation_resolved_lab_group;correction_retraction_check;independent_replication_check,12,cancer_tumor;differentiating;migrating;stem_progenitor,immunofluorescence;pcr,membrane_tension;viscosity_viscoelasticity
15,doi:10.1038/ncb3537,PMC5494977,manual_priority,NONE,23,affiliation_resolved_lab_group;correction_retraction_check;independent_replication_check,5,epithelial,immunofluorescence;western_blot,viscosity_viscoelasticity
16,doi:10.1038/ncomms15321,PMC5440673,manual_priority,NONE,23,affiliation_resolved_lab_group;correction_retraction_check;independent_replication_check,7,differentiating;migrating,afm;flow_cytometry;immunofluorescence;western_blot,stiffness_modulus
17,doi:10.1038/s41467-024-49755-3,PMC11208611,manual_priority,NONE,23,affiliation_resolved_lab_group;independent_replication_check,11,differentiating;muscle;stem_progenitor,flow_cytometry;traction_force_microscopy,strain_deformation;traction_force
18,doi:10.1038/s41467-024-53228-y,PMC11551154,manual_priority,NONE,23,affiliation_resolved_lab_group;correction_retraction_check;independent_replication_check,10,migrating;mitotic,piv,cortical_tension;membrane_tension;strain_deformation;viscosity_viscoelasticity
19,doi:10.1038/s41467-025-56941-4,PMC11822051,manual_priority,NONE,23,affiliation_resolved_lab_group;independent_replication_check,10,epithelial;migrating;mitotic,afm;flow_cytometry;immunofluorescence;pcr;piv;western_blot,membrane_tension;migration_speed;strain_deformation
20,doi:10.1038/s41467-025-57428-y,PMC11906862,manual_priority,NONE,23,affiliation_resolved_lab_group;correction_retraction_check;independent_replication_check,6,apoptotic;epithelial;migrating;muscle,afm;flow_cytometry;immunofluorescence;western_blot,cortical_tension;strain_deformation;viscosity_viscoelasticity
21,doi:10.1038/s41467-025-61787-x,PMC12310956,manual_priority,NONE,23,affiliation_resolved_lab_group;correction_retraction_check;independent_replication_check,7,apoptotic;cancer_tumor;epithelial;migrating;mitotic,immunofluorescence;live_cell_imaging;western_blot,strain_deformation
22,doi:10.1038/s41467-025-66789-3,PMC12698700,manual_priority,NONE,23,affiliation_resolved_lab_group;independent_replication_check,5,apoptotic;cancer_tumor;differentiating;immune,flow_cytometry;live_cell_imaging;pcr;western_blot,membrane_tension;stiffness_modulus;strain_deformation
23,doi:10.1038/s41467-026-71194-5,PMC13194945,manual_priority,NONE,23,affiliation_resolved_lab_group;independent_replication_check,15,apoptotic;differentiating;immune;stem_progenitor,flow_cytometry;pcr,membrane_tension
24,doi:10.1038/s41467-026-71525-6,PMC13261106,manual_priority,NONE,23,affiliation_resolved_lab_group;correction_retraction_check;independent_replication_check,5,apoptotic;differentiating;epithelial;immune;neural;stem_progenitor,immunofluorescence;single_cell_sequencing,strain_deformation
25,doi:10.1038/s41556-025-01767-x,PMC12527910,manual_priority,NONE,23,affiliation_resolved_lab_group;independent_replication_check,16,apoptotic;differentiating;mitotic;stem_progenitor,afm;flow_cytometry;immunofluorescence;pcr;single_cell_sequencing,stiffness_modulus;strain_deformation;viscosity_viscoelasticity
26,doi:10.1038/s41556-025-01807-6,PMC12716991,manual_priority,NONE,23,affiliation_resolved_lab_group;independent_replication_check,15,apoptotic;cancer_tumor;immune;neural,flow_cytometry;micropipette_aspiration,cortical_tension;membrane_tension;strain_deformation
27,doi:10.1038/s41556-025-01820-9,PMC12807876,manual_priority,NONE,23,affiliation_resolved_lab_group;correction_retraction_check;independent_replication_check,16,differentiating;epithelial;immune;mitotic,flow_cytometry;micropipette_aspiration,cell_volume;membrane_tension;strain_deformation
28,doi:10.1038/s41563-025-02463-9,PMC13046474,manual_priority,NONE,23,affiliation_resolved_lab_group;correction_retraction_check;independent_replication_check,16,epithelial;migrating;stem_progenitor,afm;immunofluorescence;piv;traction_force_microscopy;western_blot,stiffness_modulus;strain_deformation;traction_force;viscosity_viscoelasticity
29,doi:10.1038/s41563-025-02473-7,PMC13143829,manual_priority,NONE,23,affiliation_resolved_lab_group;correction_retraction_check;independent_replication_check,23,cancer_tumor;epithelial;immune;migrating,afm;immunofluorescence;live_cell_imaging;piv;western_blot,stiffness_modulus;strain_deformation;viscosity_viscoelasticity
30,doi:10.1038/s41598-024-80837-w,PMC11680690,manual_priority,NONE,23,affiliation_resolved_lab_group;correction_retraction_check;independent_replication_check,7,cancer_tumor;differentiating;fibroblast;immune;migrating,afm;immunofluorescence;pcr;western_blot,stiffness_modulus;strain_deformation
31,doi:10.1038/s42003-025-09142-0,PMC12678835,manual_priority,NONE,23,affiliation_resolved_lab_group;correction_retraction_check;independent_replication_check,8,differentiating,afm,stiffness_modulus;strain_deformation;viscosity_viscoelasticity
32,doi:10.1038/s42003-025-09328-6,PMC12804834,manual_priority,NONE,23,affiliation_resolved_lab_group;independent_replication_check,9,differentiating;fibroblast;neural;stem_progenitor,afm;flow_cytometry;pcr;western_blot,stiffness_modulus;strain_deformation
33,doi:10.1038/s42003-026-09843-0,PMC13106796,manual_priority,NONE,23,affiliation_resolved_lab_group;correction_retraction_check;independent_replication_check,8,migrating;mitotic,optical_tweezers;piv,stiffness_modulus;strain_deformation
34,doi:10.1038/s42255-025-01332-8,PMC12373511,manual_priority,NONE,23,affiliation_resolved_lab_group;correction_retraction_check;independent_replication_check,14,apoptotic;differentiating;immune;muscle;stem_progenitor,afm;flow_cytometry;immunofluorescence;pcr;western_blot,strain_deformation
35,doi:10.1038/s44318-024-00173-7,PMC11535515,manual_priority,NONE,23,affiliation_resolved_lab_group;correction_retraction_check;independent_replication_check,14,cancer_tumor;differentiating;epithelial;immune;migrating;mitotic;stem_progenitor,afm;flow_cytometry;immunofluorescence;live_cell_imaging;western_blot,membrane_tension;pressure;stiffness_modulus;strain_deformation;viscosity_viscoelasticity
36,doi:10.1083/jcb.201210152,PMC3691458,manual_priority,NONE,23,affiliation_resolved_lab_group;correction_retraction_check;independent_replication_check,12,apoptotic;cancer_tumor;immune;migrating;mitotic,afm;flow_cytometry;immunofluorescence;live_cell_imaging;western_blot,migration_speed;stiffness_modulus;strain_deformation;traction_force
37,doi:10.1083/jcb.202504025,PMC12818104,manual_priority,NONE,23,affiliation_resolved_lab_group;correction_retraction_check;independent_replication_check,20,epithelial;fibroblast;immune;migrating,flow_cytometry;live_cell_imaging;western_blot,migration_speed;strain_deformation
38,doi:10.1096/fj.202401558rr,PMC12124425,manual_priority,NONE,23,affiliation_resolved_lab_group;correction_retraction_check;independent_replication_check,11,apoptotic;differentiating,immunofluorescence;pcr;western_blot,viscosity_viscoelasticity
39,doi:10.1126/sciadv.adw5786,PMC12266117,manual_priority,NONE,23,affiliation_resolved_lab_group;correction_retraction_check;independent_replication_check,5,differentiating,immunofluorescence;pcr,stiffness_modulus;strain_deformation
40,doi:10.1126/sciadv.aed9613,PMC13170623,manual_priority,NONE,23,affiliation_resolved_lab_group;correction_retraction_check;independent_replication_check,4,cancer_tumor;migrating;mitotic,live_cell_imaging,membrane_tension;stiffness_modulus;viscosity_viscoelasticity
41,doi:10.1177/20417314251394126,PMC12681588,manual_priority,NONE,23,affiliation_resolved_lab_group;correction_retraction_check;independent_replication_check,9,cancer_tumor;differentiating;epithelial;migrating,immunofluorescence;live_cell_imaging;piv;traction_force_microscopy;western_blot,membrane_tension;migration_speed;strain_deformation;traction_force
42,doi:10.1186/s12964-025-02526-z,PMC12659518,manual_priority,NONE,23,affiliation_resolved_lab_group;correction_retraction_check;independent_replication_check,9,cancer_tumor;epithelial;immune;migrating;stem_progenitor,immunofluorescence;western_blot,stiffness_modulus
43,doi:10.1186/s12964-026-02873-5,PMC13217683,manual_priority,NONE,23,affiliation_resolved_lab_group;correction_retraction_check;independent_replication_check,12,apoptotic;cancer_tumor;differentiating;epithelial;fibroblast;immune;migrating;stem_progenitor,pcr;western_blot,migration_speed
44,doi:10.1371/journal.pbio.1002474,PMC4900667,manual_priority,NONE,23,affiliation_resolved_lab_group;correction_retraction_check;independent_replication_check,8,differentiating;epithelial;immune;migrating,afm;flow_cytometry;immunofluorescence;western_blot,membrane_tension;migration_speed;viscosity_viscoelasticity
45,doi:10.1371/journal.ppat.1013873,PMC12818678,manual_priority,NONE,23,affiliation_resolved_lab_group;correction_retraction_check;independent_replication_check,6,differentiating;fibroblast,afm;western_blot,membrane_tension;stiffness_modulus;strain_deformation;viscosity_viscoelasticity
46,doi:10.26508/lsa.202503602,PMC12967895,manual_priority,NONE,23,affiliation_resolved_lab_group;correction_retraction_check;independent_replication_check,10,apoptotic;fibroblast,afm;flow_cytometry,stiffness_modulus
47,doi:10.3390/biomimetics11020095,PMC12938487,manual_priority,NONE,23,affiliation_resolved_lab_group;correction_retraction_check;independent_replication_check,10,immune,afm,adhesion_force
48,doi:10.34133/research.1067,PMC12824097,manual_priority,NONE,23,affiliation_resolved_lab_group;correction_retraction_check;independent_replication_check,6,epithelial;immune,flow_cytometry;live_cell_imaging;pcr,membrane_tension;strain_deformation;viscosity_viscoelasticity
49,doi:10.7554/elife.39356,PMC6333438,manual_priority,NONE,23,affiliation_resolved_lab_group;correction_retraction_check;independent_replication_check,14,mitotic,afm,stiffness_modulus;strain_deformation
50,doi:10.1002/adma.202408616,PMC11938001,manual_priority,NONE,22,affiliation_resolved_lab_group;correction_retraction_check;exclusions;independent_replication_check,6,differentiating;fibroblast;stem_progenitor,immunofluorescence,stiffness_modulus;strain_deformation;viscosity_viscoelasticity
51,doi:10.1002/advs.202503569,PMC12442610,manual_priority,NONE,22,affiliation_resolved_lab_group;correction_retraction_check;exclusions;independent_replication_check,6,cancer_tumor;epithelial;migrating,afm;live_cell_imaging;piv;traction_force_microscopy;western_blot,membrane_tension;migration_speed;stiffness_modulus;strain_deformation;traction_force;viscosity_viscoelasticity
52,doi:10.1002/advs.202516423,PMC13137838,manual_priority,NONE,22,affiliation_resolved_lab_group;correction_retraction_check;exclusions;independent_replication_check,12,apoptotic;epithelial;migrating,immunofluorescence;live_cell_imaging;western_blot,migration_speed;strain_deformation;viscosity_viscoelasticity
53,doi:10.1002/mco2.70650,PMC13042470,manual_priority,NONE,22,affiliation_resolved_lab_group;correction_retraction_check;exclusions;independent_replication_check,7,differentiating;mitotic;stem_progenitor,flow_cytometry;pcr;western_blot,viscosity_viscoelasticity
54,doi:10.1016/j.isci.2021.103482,PMC8649806,manual_priority,NONE,22,affiliation_resolved_lab_group;correction_retraction_check;exclusions;independent_replication_check,6,apoptotic,afm,cell_volume;pressure;stiffness_modulus;strain_deformation;viscosity_viscoelasticity
55,doi:10.1016/j.isci.2025.113317,PMC12410407,manual_priority,NONE,22,affiliation_resolved_lab_group;correction_retraction_check;exclusions;independent_replication_check,12,apoptotic;differentiating;epithelial;fibroblast;migrating,afm;flow_cytometry;immunofluorescence;live_cell_imaging;pcr;single_cell_sequencing;western_blot,stiffness_modulus;strain_deformation;traction_force
56,doi:10.1016/j.jbc.2025.111093,PMC12853782,manual_priority,NONE,22,affiliation_resolved_lab_group;correction_retraction_check;exclusions;independent_replication_check,5,immune,flow_cytometry;western_blot,strain_deformation
57,doi:10.1016/j.xcrm.2026.102781,PMC13198242,manual_priority,NONE,22,affiliation_resolved_lab_group;correction_retraction_check;exclusions;independent_replication_check,8,differentiating;immune;neural,flow_cytometry;pcr;western_blot,cell_volume;strain_deformation
58,doi:10.1038/s41392-025-02450-1,PMC12572652,manual_priority,NONE,22,affiliation_resolved_lab_group;correction_retraction_check;exclusions;independent_replication_check,16,apoptotic;immune;muscle;neural,western_blot,strain_deformation
59,doi:10.1038/s41467-017-01145-8,PMC5715111,manual_priority,NONE,22,affiliation_resolved_lab_group;correction_retraction_check;exclusions;independent_replication_check,6,apoptotic;epithelial,afm;immunofluorescence;western_blot,cell_volume;cortical_tension;membrane_tension;pressure;viscosity_viscoelasticity
60,doi:10.1038/s41467-019-11325-3,PMC6662827,manual_priority,NONE,22,affiliation_resolved_lab_group;correction_retraction_check;exclusions;independent_replication_check,11,apoptotic;differentiating;epithelial;mitotic;stem_progenitor,afm;immunofluorescence;live_cell_imaging;pcr;piv;western_blot,cortical_tension;stiffness_modulus;strain_deformation;viscosity_viscoelasticity
61,doi:10.1038/s41467-024-48086-7,PMC11069511,manual_priority,NONE,22,affiliation_resolved_lab_group;correction_retraction_check;exclusions;independent_replication_check,7,fibroblast,micropipette_aspiration;optical_tweezers,membrane_tension
62,doi:10.1038/s41467-025-60062-3,PMC12103621,manual_priority,NONE,22,affiliation_resolved_lab_group;correction_retraction_check;exclusions;independent_replication_check,6,apoptotic;cancer_tumor;migrating,afm;immunofluorescence,migration_speed;strain_deformation;viscosity_viscoelasticity
63,doi:10.1038/s41467-025-64124-4,PMC12514153,manual_priority,NONE,22,affiliation_resolved_lab_group;correction_retraction_check;exclusions;independent_replication_check,10,epithelial;muscle,immunofluorescence;western_blot,stiffness_modulus;strain_deformation
64,doi:10.1038/s41467-026-68547-5,PMC12920898,manual_priority,NONE,22,affiliation_resolved_lab_group;exclusions;independent_replication_check,10,cancer_tumor;differentiating;fibroblast;immune;stem_progenitor,flow_cytometry;optical_tweezers;western_blot,membrane_tension;strain_deformation;viscosity_viscoelasticity
65,doi:10.1038/s41467-026-70395-2,PMC13125569,manual_priority,NONE,22,affiliation_resolved_lab_group;correction_retraction_check;exclusions;independent_replication_check,11,differentiating;epithelial;fibroblast;immune;muscle;stem_progenitor,immunofluorescence;pcr;traction_force_microscopy,stiffness_modulus;strain_deformation;traction_force;viscosity_viscoelasticity
66,doi:10.1038/s41467-026-70463-7,PMC13111603,manual_priority,NONE,22,affiliation_resolved_lab_group;correction_retraction_check;exclusions;independent_replication_check,9,apoptotic;differentiating;immune;muscle,flow_cytometry;immunofluorescence;western_blot,cell_volume
67,doi:10.1038/s41467-026-70518-9,PMC13181009,manual_priority,NONE,22,affiliation_resolved_lab_group;correction_retraction_check;exclusions;independent_replication_check,13,cancer_tumor;differentiating;epithelial;migrating,afm;immunofluorescence;pcr;western_blot,viscosity_viscoelasticity
68,doi:10.1038/s41563-019-0567-1,PMC7260055,manual_priority,NONE,22,affiliation_resolved_lab_group;correction_retraction_check;exclusions;independent_replication_check,8,differentiating;fibroblast,immunofluorescence;magnetic_tweezers;pcr;western_blot,strain_deformation;viscosity_viscoelasticity
69,doi:10.1038/s41586-018-0444-0,PMC6128698,manual_priority,NONE,22,affiliation_resolved_lab_group;correction_retraction_check;exclusions;independent_replication_check,25,differentiating;mitotic,afm;immunofluorescence;pcr;western_blot,stiffness_modulus;strain_deformation
70,doi:10.1038/s41586-026-10398-7,PMC13233326,manual_priority,NONE,22,affiliation_resolved_lab_group;correction_retraction_check;independent_replication_check;measurement_modality,11,migrating;mitotic;muscle,,membrane_tension;strain_deformation
71,doi:10.1038/s41598-017-07220-w,PMC5532264,manual_priority,NONE,22,affiliation_resolved_lab_group;correction_retraction_check;exclusions;independent_replication_check,6,immune,afm;flow_cytometry,adhesion_force;strain_deformation
72,doi:10.1038/s42003-024-06327-x,PMC11144229,manual_priority,NONE,22,affiliation_resolved_lab_group;correction_retraction_check;exclusions;independent_replication_check,9,apoptotic;cancer_tumor;differentiating;immune,flow_cytometry,strain_deformation;viscosity_viscoelasticity
73,doi:10.1038/s44318-026-00771-7,PMC13226717,manual_priority,NONE,22,affiliation_resolved_lab_group;correction_retraction_check;exclusions;independent_replication_check,17,epithelial;migrating;mitotic;muscle;stem_progenitor,afm;pcr,membrane_tension;stiffness_modulus;strain_deformation;traction_force
74,doi:10.1073/pnas.2521253123,PMC12956887,manual_priority,NONE,22,affiliation_resolved_lab_group;correction_retraction_check;exclusions;independent_replication_check,5,apoptotic,afm;flow_cytometry;immunofluorescence;live_cell_imaging;western_blot,strain_deformation;viscosity_viscoelasticity
75,doi:10.1088/1758-5090/ae235a,PMC12709583,manual_priority,NONE,22,affiliation_resolved_lab_group;correction_retraction_check;exclusions;independent_replication_check,5,apoptotic;migrating,afm,strain_deformation
76,doi:10.1111/cpr.13746,PMC11839199,manual_priority,NONE,22,affiliation_resolved_lab_group;correction_retraction_check;exclusions;independent_replication_check,8,apoptotic;differentiating;stem_progenitor,afm;flow_cytometry;immunofluorescence;pcr,stiffness_modulus
77,doi:10.1126/sciadv.aeg0950,PMC13189103,manual_priority,NONE,22,affiliation_resolved_lab_group;correction_retraction_check;exclusions;independent_replication_check,4,migrating,piv,viscosity_viscoelasticity
78,doi:10.1186/s13287-018-1103-y,PMC6329065,manual_priority,NONE,22,affiliation_resolved_lab_group;correction_retraction_check;exclusions;independent_replication_check,6,apoptotic;differentiating;epithelial;immune;stem_progenitor,flow_cytometry;immunofluorescence;western_blot,cell_volume;membrane_tension;stiffness_modulus;strain_deformation
79,doi:10.1242/jcs.264128,PMC12863306,manual_priority,NONE,22,affiliation_resolved_lab_group;correction_retraction_check;exclusions;independent_replication_check,8,differentiating;epithelial;migrating;mitotic;muscle,immunofluorescence;micropipette_aspiration;pcr;western_blot,cortical_tension;membrane_tension;strain_deformation;viscosity_viscoelasticity
80,doi:10.1371/journal.pntd.0014141,PMC13075791,manual_priority,NONE,22,affiliation_resolved_lab_group;correction_retraction_check;exclusions;independent_replication_check,5,differentiating;immune,immunofluorescence;pcr;western_blot,cell_volume;strain_deformation
81,doi:10.3390/ijms25073726,PMC11011295,manual_priority,NONE,22,affiliation_resolved_lab_group;exclusions;independent_replication_check,7,epithelial,afm;immunofluorescence;piv;traction_force_microscopy;western_blot,stiffness_modulus;strain_deformation;traction_force;viscosity_viscoelasticity
82,doi:10.1002/adma.202505965,PMC12921338,manual_priority,NONE,21,affiliation_resolved_lab_group;calibration;correction_retraction_check;independent_replication_check,7,cancer_tumor;differentiating;epithelial;immune;migrating;stem_progenitor,flow_cytometry,stiffness_modulus;strain_deformation
83,doi:10.1002/advs.202401127,PMC11848607,manual_priority,NONE,21,affiliation_resolved_lab_group;calibration;independent_replication_check,14,apoptotic;cancer_tumor;differentiating;immune;migrating;neural,flow_cytometry;immunofluorescence;pcr;western_blot,strain_deformation
84,doi:10.1002/advs.202515497,PMC12915117,manual_priority,NONE,21,affiliation_resolved_lab_group;cell_type_state;exclusions;independent_replication_check,7,,afm;traction_force_microscopy,stiffness_modulus;strain_deformation;traction_force
85,doi:10.1002/advs.202515847,PMC13285159,manual_priority,NONE,21,affiliation_resolved_lab_group;calibration;independent_replication_check,10,cancer_tumor;differentiating;immune,flow_cytometry;immunofluorescence;pcr;western_blot,membrane_tension;strain_deformation
86,doi:10.1002/advs.202517631,PMC13285145,manual_priority,NONE,21,affiliation_resolved_lab_group;calibration;correction_retraction_check;independent_replication_check,9,apoptotic;cancer_tumor;differentiating;epithelial;fibroblast;migrating;muscle,immunofluorescence;live_cell_imaging,strain_deformation
87,doi:10.1002/advs.202519109,PMC13045404,manual_priority,NONE,21,affiliation_resolved_lab_group;calibration;independent_replication_check,11,cancer_tumor,afm;immunofluorescence;pcr;western_blot,membrane_tension;stiffness_modulus;strain_deformation;viscosity_viscoelasticity
88,doi:10.1002/cam4.71059,PMC12264578,manual_priority,NONE,21,affiliation_resolved_lab_group;calibration;correction_retraction_check;independent_replication_check,3,apoptotic;cancer_tumor;differentiating;epithelial;fibroblast,flow_cytometry;immunofluorescence;pcr;western_blot,stiffness_modulus
89,doi:10.1007/s00018-026-06215-z,PMC13190896,manual_priority,NONE,21,affiliation_resolved_lab_group;correction_retraction_check;independent_replication_check,5,apoptotic;epithelial;migrating,flow_cytometry;pcr;western_blot,
90,doi:10.1007/s10456-025-10022-8,PMC12717152,manual_priority,NONE,21,affiliation_resolved_lab_group;correction_retraction_check;independent_replication_check,5,epithelial;migrating,immunofluorescence;western_blot,
91,doi:10.1007/s10456-026-10042-y,PMC13186828,manual_priority,NONE,21,affiliation_resolved_lab_group;calibration;correction_retraction_check;independent_replication_check,4,apoptotic;cancer_tumor;differentiating;epithelial;immune;muscle,flow_cytometry;immunofluorescence;pcr;single_cell_sequencing;western_blot,strain_deformation
92,doi:10.1016/j.crmeth.2026.101307,PMC12946747,manual_priority,NONE,21,affiliation_resolved_lab_group;calibration;correction_retraction_check;independent_replication_check,8,cancer_tumor;differentiating;immune;migrating;muscle,flow_cytometry,cell_volume;migration_speed
93,doi:10.1016/j.isci.2025.112676,PMC12164020,manual_priority,NONE,21,affiliation_resolved_lab_group;calibration;correction_retraction_check;independent_replication_check,8,apoptotic;cancer_tumor;epithelial;fibroblast;migrating;muscle;stem_progenitor,afm;flow_cytometry;pcr;piv;traction_force_microscopy,migration_speed;stiffness_modulus;strain_deformation;traction_force
94,doi:10.1016/j.isci.2025.114477,PMC12814695,manual_priority,NONE,21,affiliation_resolved_lab_group;correction_retraction_check;independent_replication_check;source_data,8,apoptotic;epithelial;mitotic,flow_cytometry;immunofluorescence;western_blot,membrane_tension;strain_deformation
95,doi:10.1016/j.isci.2026.114997,PMC12962170,manual_priority,NONE,21,affiliation_resolved_lab_group;correction_retraction_check;independent_replication_check,5,apoptotic;differentiating;neural;stem_progenitor,immunofluorescence;pcr;single_cell_sequencing,
96,doi:10.1016/j.isci.2026.115209,PMC13018890,manual_priority,NONE,21,affiliation_resolved_lab_group;correction_retraction_check;independent_replication_check;source_data,7,migrating;neural,afm;pcr,membrane_tension;strain_deformation
97,doi:10.1016/j.isci.2026.115495,PMC13091545,manual_priority,NONE,21,affiliation_resolved_lab_group;correction_retraction_check;independent_replication_check,7,apoptotic;differentiating;epithelial;fibroblast;migrating;muscle;stem_progenitor,immunofluorescence;pcr;western_blot,
98,doi:10.1016/j.isci.2026.115659,PMC13137216,manual_priority,NONE,21,affiliation_resolved_lab_group;calibration;correction_retraction_check;independent_replication_check,6,apoptotic;epithelial;muscle;stem_progenitor,flow_cytometry;immunofluorescence;western_blot,cell_volume;strain_deformation;viscosity_viscoelasticity
99,doi:10.1016/j.jvssci.2025.100394,PMC12648979,manual_priority,NONE,21,affiliation_resolved_lab_group;calibration;correction_retraction_check;independent_replication_check,6,fibroblast;immune;muscle,immunofluorescence,stiffness_modulus;strain_deformation
100,doi:10.1016/j.mbm.2026.100178,PMC12995898,manual_priority,NONE,21,affiliation_resolved_lab_group;calibration;correction_retraction_check;independent_replication_check,4,differentiating;epithelial;migrating;neural;stem_progenitor,afm;immunofluorescence;live_cell_imaging;pcr,membrane_tension;traction_force
101,doi:10.1016/j.mtbio.2026.102883,PMC12906116,manual_priority,NONE,21,affiliation_resolved_lab_group;calibration;correction_retraction_check;independent_replication_check,7,differentiating;epithelial;muscle,flow_cytometry;immunofluorescence,membrane_tension;strain_deformation;viscosity_viscoelasticity
102,doi:10.1016/j.mtbio.2026.102985,PMC12995504,manual_priority,NONE,21,affiliation_resolved_lab_group;calibration;correction_retraction_check;independent_replication_check,9,differentiating;mitotic;stem_progenitor,flow_cytometry;immunofluorescence;pcr,strain_deformation;viscosity_viscoelasticity
103,doi:10.1021/acsnano.8b06998,PMC6439438,manual_priority,NONE,21,affiliation_resolved_lab_group;calibration;correction_retraction_check;independent_replication_check,6,apoptotic;differentiating;stem_progenitor,immunofluorescence;live_cell_imaging;pcr;western_blot,strain_deformation
104,doi:10.1038/ncomms15206,PMC5442321,manual_priority,NONE,21,affiliation_resolved_lab_group;calibration;correction_retraction_check;independent_replication_check,11,cancer_tumor;differentiating;epithelial;stem_progenitor,afm;flow_cytometry;immunofluorescence;pcr;western_blot,stiffness_modulus
105,doi:10.1038/ncomms8159,PMC4490570,manual_priority,NONE,21,affiliation_resolved_lab_group;correction_retraction_check;independent_replication_check;source_data,7,mitotic;stem_progenitor,live_cell_imaging;optical_tweezers,strain_deformation;viscosity_viscoelasticity
106,doi:10.1038/s41467-017-01170-7,PMC5665913,manual_priority,NONE,21,affiliation_resolved_lab_group;calibration;correction_retraction_check;independent_replication_check,10,differentiating;epithelial,afm;immunofluorescence;traction_force_microscopy;western_blot,cortical_tension;strain_deformation;traction_force
107,doi:10.1038/s41467-018-03959-6,PMC5904183,manual_priority,NONE,21,affiliation_resolved_lab_group;correction_retraction_check;independent_replication_check,9,differentiating;migrating;mitotic;stem_progenitor,afm;flow_cytometry;immunofluorescence;pcr;western_blot,
108,doi:10.1038/s41467-019-09746-1,PMC6470137,manual_priority,NONE,21,affiliation_resolved_lab_group;calibration;correction_retraction_check;independent_replication_check,6,differentiating;muscle;stem_progenitor,afm;flow_cytometry;immunofluorescence;pcr;western_blot,strain_deformation
109,doi:10.1038/s41467-019-11250-5,PMC6692387,manual_priority,NONE,21,affiliation_resolved_lab_group;correction_retraction_check;independent_replication_check,8,apoptotic;differentiating;immune;neural,flow_cytometry;pcr;western_blot,
110,doi:10.1038/s41467-019-12103-x,PMC6778142,manual_priority,NONE,21,affiliation_resolved_lab_group;correction_retraction_check;independent_replication_check,12,cancer_tumor;differentiating;fibroblast;muscle,immunofluorescence;live_cell_imaging;pcr;western_blot,
111,doi:10.1038/s41467-024-47596-8,PMC11014958,manual_priority,NONE,21,affiliation_resolved_lab_group;calibration;correction_retraction_check;independent_replication_check,10,epithelial;migrating,immunofluorescence,cortical_tension;membrane_tension;viscosity_viscoelasticity
112,doi:10.1038/s41467-024-52543-8,PMC11410944,manual_priority,NONE,21,affiliation_resolved_lab_group;calibration;independent_replication_check,11,apoptotic;differentiating;immune,flow_cytometry;live_cell_imaging;pcr;western_blot,cell_volume
113,doi:10.1038/s41467-024-55398-1,PMC11696741,manual_priority,NONE,21,affiliation_resolved_lab_group;calibration;independent_replication_check,5,immune;mitotic;neural,optical_tweezers,cell_volume;membrane_tension;pressure;viscosity_viscoelasticity
114,doi:10.1038/s41467-025-58852-w,PMC12078562,manual_priority,NONE,21,affiliation_resolved_lab_group;calibration;correction_retraction_check;independent_replication_check,11,mitotic,immunofluorescence;live_cell_imaging;western_blot,strain_deformation
115,doi:10.1038/s41467-025-64402-1,PMC12484798,manual_priority,NONE,21,affiliation_resolved_lab_group;calibration;independent_replication_check,9,apoptotic;differentiating;epithelial;stem_progenitor,afm;flow_cytometry;immunofluorescence;pcr;western_blot,stiffness_modulus
116,doi:10.1038/s41467-025-65143-x,PMC12638305,manual_priority,NONE,21,affiliation_resolved_lab_group;calibration;correction_retraction_check;independent_replication_check,5,apoptotic;differentiating;epithelial;migrating;mitotic;stem_progenitor,piv,cell_volume;migration_speed;viscosity_viscoelasticity
117,doi:10.1038/s41467-025-65636-9,PMC12675637,manual_priority,NONE,21,affiliation_resolved_lab_group;calibration;correction_retraction_check;independent_replication_check,11,differentiating;fibroblast;stem_progenitor,immunofluorescence;pcr,stiffness_modulus;strain_deformation
118,doi:10.1038/s41467-025-67090-z,PMC12796338,manual_priority,NONE,21,affiliation_resolved_lab_group;calibration;independent_replication_check,12,cancer_tumor;migrating,immunofluorescence,membrane_tension;migration_speed
119,doi:10.1038/s41467-025-67645-0,PMC12830778,manual_priority,NONE,21,affiliation_resolved_lab_group;calibration;independent_replication_check,11,cancer_tumor;differentiating;epithelial;immune;migrating,flow_cytometry;immunofluorescence;live_cell_imaging;western_blot,strain_deformation
120,doi:10.1038/s41467-025-68086-5,PMC12873303,manual_priority,NONE,21,affiliation_resolved_lab_group;calibration;correction_retraction_check;independent_replication_check,9,muscle,immunofluorescence;western_blot,strain_deformation
121,doi:10.1038/s41467-026-69270-x,PMC12996288,manual_priority,NONE,21,affiliation_resolved_lab_group;calibration;correction_retraction_check;independent_replication_check,6,differentiating;mitotic,immunofluorescence;pcr;western_blot,strain_deformation
122,doi:10.1038/s41467-026-70052-8,PMC13061913,manual_priority,NONE,21,affiliation_resolved_lab_group;calibration;independent_replication_check,6,cancer_tumor,flow_cytometry;immunofluorescence;optical_tweezers;traction_force_microscopy,membrane_tension;strain_deformation;traction_force;viscosity_viscoelasticity
123,doi:10.1038/s41467-026-71493-x,PMC13068956,manual_priority,NONE,21,affiliation_resolved_lab_group;calibration;correction_retraction_check;independent_replication_check,8,apoptotic;epithelial;stem_progenitor,immunofluorescence;live_cell_imaging;western_blot,cell_volume;cortical_tension;membrane_tension;strain_deformation;viscosity_viscoelasticity
124,doi:10.1038/s41556-020-0546-4,PMC7612185,manual_priority,NONE,21,affiliation_resolved_lab_group;cell_type_state;correction_retraction_check;exclusions;independent_replication_check,22,,immunofluorescence;live_cell_imaging;optical_tweezers;western_blot,membrane_tension;strain_deformation
125,doi:10.1038/s41556-024-01565-x,PMC11735390,manual_priority,NONE,21,affiliation_resolved_lab_group;calibration;independent_replication_check,24,apoptotic;differentiating;epithelial;migrating;mitotic,afm;flow_cytometry;immunofluorescence;live_cell_imaging;pcr;western_blot,membrane_tension;strain_deformation
126,doi:10.1038/s41556-025-01618-9,PMC11906357,manual_priority,NONE,21,affiliation_resolved_lab_group;calibration;correction_retraction_check;independent_replication_check,24,apoptotic;differentiating;epithelial;fibroblast;migrating;mitotic;stem_progenitor,immunofluorescence;micropipette_aspiration;pcr,cell_volume;cortical_tension;membrane_tension;strain_deformation
127,doi:10.1038/s41556-025-01773-z,PMC12527920,manual_priority,NONE,21,affiliation_resolved_lab_group;calibration;correction_retraction_check;independent_replication_check,32,differentiating;epithelial;migrating;mitotic;stem_progenitor,flow_cytometry;immunofluorescence;western_blot,cortical_tension
128,doi:10.1038/s41556-026-01965-1,PMC13279283,manual_priority,NONE,21,affiliation_resolved_lab_group;calibration;correction_retraction_check;independent_replication_check,27,differentiating;epithelial;immune;migrating;mitotic;neural,flow_cytometry;micropipette_aspiration,cortical_tension;membrane_tension;pressure;strain_deformation
129,doi:10.1038/s41567-026-03276-6,PMC13271890,manual_priority,NONE,21,affiliation_resolved_lab_group;calibration;correction_retraction_check;independent_replication_check,24,epithelial;migrating;mitotic,micropipette_aspiration,membrane_tension;strain_deformation;viscosity_viscoelasticity
130,doi:10.1038/s41586-026-10214-2,PMC13102715,manual_priority,NONE,21,affiliation_resolved_lab_group;calibration;correction_retraction_check;independent_replication_check,17,cancer_tumor;differentiating;immune;migrating;mitotic;neural;stem_progenitor,flow_cytometry;immunofluorescence;live_cell_imaging;single_cell_sequencing,migration_speed
131,doi:10.1038/s41586-026-10648-8,PMC13293896,manual_priority,NONE,21,affiliation_resolved_lab_group;calibration;correction_retraction_check;independent_replication_check,18,apoptotic;cancer_tumor;differentiating;migrating;mitotic;neural;stem_progenitor,immunofluorescence;live_cell_imaging;single_cell_sequencing;western_blot,strain_deformation
132,doi:10.1038/s41587-019-0197-9,PMC6824587,manual_priority,NONE,21,affiliation_resolved_lab_group;calibration;correction_retraction_check;independent_replication_check,6,apoptotic;differentiating;epithelial;fibroblast;muscle;stem_progenitor,flow_cytometry;pcr,strain_deformation
133,doi:10.1038/s41591-018-0046-2,PMC6195768,manual_priority,NONE,21,affiliation_resolved_lab_group;calibration;correction_retraction_check;independent_replication_check,5,muscle,immunofluorescence;western_blot,stiffness_modulus;viscosity_viscoelasticity
134,doi:10.1038/s41598-019-43409-x,PMC6529472,manual_priority,NONE,21,affiliation_resolved_lab_group;calibration;correction_retraction_check;independent_replication_check,6,cancer_tumor;epithelial;fibroblast;migrating;mitotic,afm;pcr;western_blot,migration_speed;stiffness_modulus;strain_deformation
135,doi:10.1038/s41598-025-16063-9,PMC12368239,manual_priority,NONE,21,affiliation_resolved_lab_group;calibration;correction_retraction_check;independent_replication_check,7,apoptotic;differentiating;fibroblast;migrating;muscle;stem_progenitor,flow_cytometry;immunofluorescence;pcr;single_cell_sequencing,strain_deformation
136,doi:10.1038/s41598-025-27668-5,PMC12708804,manual_priority,NONE,21,affiliation_resolved_lab_group;correction_retraction_check;exclusions;independent_replication_check;measurement_modality,6,apoptotic;muscle,,viscosity_viscoelasticity
137,doi:10.1038/s41598-026-43432-9,PMC13102957,manual_priority,NONE,21,affiliation_resolved_lab_group;calibration;correction_retraction_check;independent_replication_check,6,cancer_tumor;differentiating;migrating;mitotic,pcr;traction_force_microscopy,migration_speed;strain_deformation;traction_force;viscosity_viscoelasticity
138,doi:10.1038/s41598-026-44537-x,PMC13136399,manual_priority,NONE,21,affiliation_resolved_lab_group;correction_retraction_check;independent_replication_check;source_data,7,cancer_tumor;epithelial;migrating;neural,flow_cytometry;immunofluorescence;pcr;western_blot,strain_deformation
139,doi:10.1038/s42003-024-06528-4,PMC11236970,manual_priority,NONE,21,affiliation_resolved_lab_group;calibration;correction_retraction_check;independent_replication_check,5,epithelial;migrating;mitotic,piv,cortical_tension;membrane_tension;stiffness_modulus;strain_deformation;viscosity_viscoelasticity
140,doi:10.1038/s42003-024-07431-8,PMC11711618,manual_priority,NONE,21,affiliation_resolved_lab_group;calibration;independent_replication_check,9,fibroblast;migrating;mitotic,immunofluorescence;pcr;piv;traction_force_microscopy;western_blot,membrane_tension;migration_speed;traction_force
141,doi:10.1038/s42003-025-09326-8,PMC12800221,manual_priority,NONE,21,affiliation_resolved_lab_group;correction_retraction_check;independent_replication_check,4,cancer_tumor;epithelial;migrating,western_blot,
142,doi:10.1038/s42003-026-09514-0,PMC12902013,manual_priority,NONE,21,affiliation_resolved_lab_group;calibration;independent_replication_check,5,differentiating;migrating,live_cell_imaging;traction_force_microscopy,strain_deformation;traction_force
143,doi:10.1038/s44161-025-00727-w,PMC12611788,manual_priority,NONE,21,affiliation_resolved_lab_group;calibration;correction_retraction_check;independent_replication_check,20,muscle;stem_progenitor,immunofluorescence;western_blot,pressure;stiffness_modulus;strain_deformation;viscosity_viscoelasticity
144,doi:10.1038/s44318-024-00326-8,PMC11790904,manual_priority,NONE,21,affiliation_resolved_lab_group;calibration;correction_retraction_check;independent_replication_check,9,migrating;neural,pcr;western_blot,membrane_tension;migration_speed;stiffness_modulus;strain_deformation;traction_force
145,doi:10.1038/s44318-026-00766-4,PMC13187162,manual_priority,NONE,21,affiliation_resolved_lab_group;correction_retraction_check;independent_replication_check,16,cancer_tumor;epithelial;migrating;mitotic,immunofluorescence;live_cell_imaging;pcr;western_blot,
146,doi:10.1038/s44319-025-00437-1,PMC12117036,manual_priority,NONE,21,affiliation_resolved_lab_group;calibration;correction_retraction_check;independent_replication_check,15,cancer_tumor;migrating,immunofluorescence;pcr,migration_speed;strain_deformation
147,doi:10.1073/pnas.2217019121,PMC10998583,manual_priority,NONE,21,affiliation_resolved_lab_group;calibration;correction_retraction_check;independent_replication_check,11,differentiating,live_cell_imaging;western_blot,membrane_tension;strain_deformation
148,doi:10.1083/jcb.202007152,PMC7918622,manual_priority,NONE,21,affiliation_resolved_lab_group;calibration;correction_retraction_check;independent_replication_check,6,apoptotic;epithelial;fibroblast;muscle,flow_cytometry;immunofluorescence;pcr;single_cell_sequencing;western_blot,strain_deformation
149,doi:10.1083/jcb.202502071,PMC12898032,manual_priority,NONE,21,affiliation_resolved_lab_group;calibration;correction_retraction_check;independent_replication_check,22,cancer_tumor;differentiating;epithelial;stem_progenitor,immunofluorescence;pcr;western_blot,cell_volume;strain_deformation;viscosity_viscoelasticity
150,doi:10.1083/jcb.202507103,PMC13108843,manual_priority,NONE,21,affiliation_resolved_lab_group;calibration;correction_retraction_check;independent_replication_check,26,apoptotic;differentiating;epithelial;fibroblast;stem_progenitor,flow_cytometry;immunofluorescence;pcr;western_blot,strain_deformation
151,doi:10.1091/mbc.e18-04-0228,PMC6080647,manual_priority,NONE,21,affiliation_resolved_lab_group;correction_retraction_check;independent_replication_check;source_data,11,differentiating;epithelial;migrating,afm;flow_cytometry;immunofluorescence;pcr;western_blot,strain_deformation
152,doi:10.1093/nar/gkag248,PMC13000468,manual_priority,NONE,21,affiliation_resolved_lab_group;calibration;correction_retraction_check;independent_replication_check,7,differentiating;epithelial;migrating,immunofluorescence;pcr;western_blot,cell_volume
153,doi:10.1111/cpr.70121,PMC13114792,manual_priority,NONE,21,affiliation_resolved_lab_group;calibration;correction_retraction_check;independent_replication_check,8,apoptotic;cancer_tumor;differentiating;epithelial;immune;stem_progenitor,flow_cytometry;immunofluorescence;pcr;western_blot,strain_deformation
154,doi:10.1113/jp289215,PMC12400783,manual_priority,NONE,21,affiliation_resolved_lab_group;calibration;correction_retraction_check;independent_replication_check,9,migrating;neural,western_blot,cell_volume;strain_deformation
155,doi:10.1126/sciadv.aea1492,PMC12978223,manual_priority,NONE,21,affiliation_resolved_lab_group;calibration;correction_retraction_check;independent_replication_check,6,cancer_tumor;epithelial;immune;migrating,live_cell_imaging,migration_speed
156,doi:10.1126/sciadv.aea2784,PMC12922757,manual_priority,NONE,21,affiliation_resolved_lab_group;calibration;correction_retraction_check;independent_replication_check,12,apoptotic;differentiating;epithelial;immune;migrating;stem_progenitor,immunofluorescence;western_blot,migration_speed;strain_deformation
157,doi:10.1126/sciadv.aeb0879,PMC12710695,manual_priority,NONE,21,affiliation_resolved_lab_group;correction_retraction_check;independent_replication_check;source_data,5,differentiating;migrating;stem_progenitor,afm;immunofluorescence,migration_speed;viscosity_viscoelasticity
158,doi:10.1167/iovs.66.12.45,PMC12453065,manual_priority,NONE,21,affiliation_resolved_lab_group;correction_retraction_check;independent_replication_check;source_data,5,cancer_tumor;differentiating;fibroblast;migrating;neural,flow_cytometry;immunofluorescence;pcr;western_blot,migration_speed
159,doi:10.1172/jci.insight.201797,PMC13232008,manual_priority,NONE,21,affiliation_resolved_lab_group;calibration;correction_retraction_check;independent_replication_check,7,differentiating;fibroblast;immune;mitotic;muscle,immunofluorescence;single_cell_sequencing,pressure;strain_deformation
160,doi:10.1186/1741-7007-12-6,PMC3925996,manual_priority,NONE,21,affiliation_resolved_lab_group;correction_retraction_check;independent_replication_check;source_data,5,mitotic,afm,strain_deformation
161,doi:10.1186/s12964-026-02832-0,PMC13217813,manual_priority,NONE,21,affiliation_resolved_lab_group;calibration;correction_retraction_check;independent_replication_check,8,cancer_tumor;differentiating;epithelial;immune;migrating,flow_cytometry;western_blot,traction_force
162,doi:10.1371/journal.pone.0071485,PMC3747215,manual_priority,NONE,21,affiliation_resolved_lab_group;correction_retraction_check;independent_replication_check;source_data,6,cancer_tumor;differentiating;epithelial;fibroblast;migrating,afm;immunofluorescence;pcr,adhesion_force;stiffness_modulus;strain_deformation
163,doi:10.1371/journal.pone.0225051,PMC6894824,manual_priority,NONE,21,affiliation_resolved_lab_group;calibration;correction_retraction_check;independent_replication_check,11,apoptotic;differentiating;epithelial;immune,flow_cytometry;immunofluorescence;live_cell_imaging;western_blot,strain_deformation
164,doi:10.1371/journal.pone.0348366,PMC13170884,manual_priority,NONE,21,affiliation_resolved_lab_group;correction_retraction_check;independent_replication_check,9,differentiating,immunofluorescence;western_blot,
165,doi:10.1371/journal.ppat.1013471,PMC12694794,manual_priority,NONE,21,affiliation_resolved_lab_group;calibration;correction_retraction_check;independent_replication_check,6,migrating;mitotic,pcr;western_blot,strain_deformation
166,doi:10.15252/msb.202110505,PMC8666840,manual_priority,NONE,21,affiliation_resolved_lab_group;calibration;correction_retraction_check;independent_replication_check,13,migrating,traction_force_microscopy,membrane_tension;migration_speed;stiffness_modulus;strain_deformation;traction_force;viscosity_viscoelasticity
167,doi:10.26508/lsa.202503599,PMC12877406,manual_priority,NONE,21,affiliation_resolved_lab_group;calibration;correction_retraction_check;independent_replication_check,10,differentiating,immunofluorescence;live_cell_imaging;western_blot,membrane_tension
168,doi:10.3389/fcell.2026.1830777,PMC13201410,manual_priority,NONE,21,affiliation_resolved_lab_group;calibration;correction_retraction_check;independent_replication_check,4,apoptotic;differentiating;epithelial;fibroblast;immune;migrating;muscle,immunofluorescence,migration_speed
169,doi:10.3389/fimmu.2025.1717788,PMC12703968,manual_priority,NONE,21,affiliation_resolved_lab_group;correction_retraction_check;exclusions;independent_replication_check;units,5,apoptotic;differentiating;epithelial;immune;migrating,flow_cytometry;pcr,strain_deformation
170,doi:10.3390/cells8121639,PMC6952926,manual_priority,NONE,21,affiliation_resolved_lab_group;correction_retraction_check;independent_replication_check;source_data,8,mitotic;muscle,afm;immunofluorescence;pcr,stiffness_modulus;strain_deformation;viscosity_viscoelasticity
171,doi:10.3390/gels11080642,PMC12385777,manual_priority,NONE,21,affiliation_resolved_lab_group;correction_retraction_check;independent_replication_check,7,cancer_tumor;epithelial;fibroblast;mitotic,afm;immunofluorescence,
172,doi:10.3390/ijms27062834,PMC13026721,manual_priority,NONE,21,affiliation_resolved_lab_group;correction_retraction_check;independent_replication_check,5,differentiating;epithelial;fibroblast;immune;migrating;muscle,single_cell_sequencing;western_blot,
173,doi:10.3390/jfb17060269,PMC13301322,manual_priority,NONE,21,affiliation_resolved_lab_group;correction_retraction_check;independent_replication_check;source_data,6,differentiating;migrating,immunofluorescence;pcr,strain_deformation
174,doi:10.7150/thno.119211,PMC12675006,manual_priority,NONE,21,affiliation_resolved_lab_group;calibration;correction_retraction_check;independent_replication_check,9,cancer_tumor;differentiating;epithelial;migrating,afm;immunofluorescence;live_cell_imaging,membrane_tension;migration_speed;strain_deformation
175,doi:10.7554/elife.101673,PMC12803517,manual_priority,NONE,21,affiliation_resolved_lab_group;calibration;correction_retraction_check;independent_replication_check,21,cancer_tumor;migrating;neural,immunofluorescence;live_cell_imaging;western_blot,migration_speed
176,doi:10.7554/elife.45853,PMC6684320,manual_priority,NONE,21,affiliation_resolved_lab_group;calibration;correction_retraction_check;independent_replication_check,24,epithelial;migrating;mitotic,afm;immunofluorescence;pcr;piv;western_blot,adhesion_force;migration_speed
177,doi:10.7554/elife.85601,PMC11509677,manual_priority,NONE,21,affiliation_resolved_lab_group;calibration;independent_replication_check,28,cancer_tumor;epithelial;migrating;mitotic,flow_cytometry;immunofluorescence;live_cell_imaging;pcr;western_blot,membrane_tension;migration_speed
178,doi:10.7554/elife.88872,PMC11052573,manual_priority,NONE,21,affiliation_resolved_lab_group;calibration;independent_replication_check,35,cancer_tumor;migrating,immunofluorescence;live_cell_imaging;pcr;western_blot,migration_speed
179,doi:10.1002/adma.202512578,PMC13054115,manual_priority,NONE,20,affiliation_resolved_lab_group;calibration;correction_retraction_check;independent_replication_check;measurement_modality,5,migrating,,membrane_tension;stiffness_modulus;strain_deformation;viscosity_viscoelasticity
180,doi:10.1002/advs.202305867,PMC10953556,manual_priority,NONE,20,affiliation_resolved_lab_group;calibration;exclusions;independent_replication_check,5,cancer_tumor;differentiating;epithelial,immunofluorescence;western_blot,stiffness_modulus;strain_deformation;traction_force
181,doi:10.1002/advs.202402317,PMC11672324,manual_priority,NONE,20,affiliation_resolved_lab_group;calibration;cell_type_state;independent_replication_check,11,,flow_cytometry;optical_tweezers,membrane_tension;viscosity_viscoelasticity
182,doi:10.1002/advs.202413376,PMC12120710,manual_priority,NONE,20,affiliation_resolved_lab_group;calibration;correction_retraction_check;exclusions;independent_replication_check,12,apoptotic;differentiating;neural,afm;immunofluorescence;optical_tweezers;western_blot,membrane_tension;pressure;viscosity_viscoelasticity
183,doi:10.1002/advs.202415407,PMC12140319,manual_priority,NONE,20,affiliation_resolved_lab_group;calibration;exclusions;independent_replication_check,7,differentiating;migrating;stem_progenitor,immunofluorescence;pcr;western_blot,cell_volume;migration_speed;pressure;strain_deformation
184,doi:10.1002/advs.202501036,PMC12376556,manual_priority,NONE,20,affiliation_resolved_lab_group;calibration;correction_retraction_check;exclusions;independent_replication_check,5,apoptotic;differentiating;epithelial;fibroblast;immune,flow_cytometry;immunofluorescence;single_cell_sequencing;western_blot,migration_speed;strain_deformation;viscosity_viscoelasticity
185,doi:10.1002/advs.202507160,PMC12806497,manual_priority,NONE,20,affiliation_resolved_lab_group;calibration;correction_retraction_check;exclusions;independent_replication_check,13,apoptotic;cancer_tumor;differentiating;fibroblast;neural;stem_progenitor,afm;immunofluorescence;pcr,stiffness_modulus;strain_deformation;viscosity_viscoelasticity
186,doi:10.1002/advs.202509932,PMC12849879,manual_priority,NONE,20,affiliation_resolved_lab_group;calibration;correction_retraction_check;exclusions;independent_replication_check,8,cancer_tumor;differentiating;epithelial,afm;immunofluorescence;pcr,membrane_tension;stiffness_modulus;viscosity_viscoelasticity
187,doi:10.1002/advs.202511682,PMC12677620,manual_priority,NONE,20,affiliation_resolved_lab_group;calibration;correction_retraction_check;independent_replication_check;measurement_modality,7,mitotic,,strain_deformation;viscosity_viscoelasticity
188,doi:10.1002/glia.70185,PMC13262022,manual_priority,NONE,20,affiliation_resolved_lab_group;calibration;correction_retraction_check;exclusions;independent_replication_check,6,apoptotic;differentiating;epithelial;fibroblast;neural;stem_progenitor,immunofluorescence;pcr,strain_deformation
189,doi:10.1002/smll.202505261,PMC12614139,manual_priority,NONE,20,affiliation_resolved_lab_group;calibration;correction_retraction_check;exclusions;independent_replication_check,4,cancer_tumor;fibroblast;migrating;muscle,immunofluorescence;western_blot,stiffness_modulus
190,doi:10.1007/s00203-025-04529-3,PMC12535489,manual_priority,NONE,20,affiliation_resolved_lab_group;correction_retraction_check;exclusions;independent_replication_check;source_data,5,migrating;mitotic,afm,adhesion_force;stiffness_modulus;strain_deformation;viscosity_viscoelasticity
191,doi:10.1007/s10544-009-9384-7,PMC2836253,manual_priority,NONE,20,affiliation_resolved_lab_group;correction_retraction_check;exclusions;independent_replication_check;source_data,5,differentiating;fibroblast;migrating;muscle;stem_progenitor,afm;live_cell_imaging;western_blot,stiffness_modulus
192,doi:10.1007/s13402-026-01235-0,PMC13263367,manual_priority,NONE,20,affiliation_resolved_lab_group;calibration;correction_retraction_check;exclusions;independent_replication_check,7,cancer_tumor;differentiating;epithelial;fibroblast;migrating;stem_progenitor,afm,stiffness_modulus;strain_deformation
193,doi:10.1016/j.bioactmat.2025.09.025,PMC12514354,manual_priority,NONE,20,affiliation_resolved_lab_group;correction_retraction_check;exclusions;independent_replication_check;source_data,6,epithelial;neural,immunofluorescence;live_cell_imaging;piv;traction_force_microscopy,stiffness_modulus;strain_deformation;traction_force
194,doi:10.1016/j.bioactmat.2026.05.025,PMC13233615,manual_priority,NONE,20,affiliation_resolved_lab_group;calibration;correction_retraction_check;exclusions;independent_replication_check,9,apoptotic;cancer_tumor;differentiating;fibroblast;immune;mitotic;stem_progenitor,immunofluorescence;pcr;western_blot,stiffness_modulus;strain_deformation;viscosity_viscoelasticity
195,doi:10.1016/j.crphys.2025.100140,PMC11833412,manual_priority,NONE,20,affiliation_resolved_lab_group;calibration;correction_retraction_check;exclusions;independent_replication_check,5,differentiating;muscle,immunofluorescence;live_cell_imaging;single_cell_sequencing;western_blot,cell_volume;migration_speed;stiffness_modulus;strain_deformation
196,doi:10.1016/j.isci.2025.113775,PMC12664470,manual_priority,NONE,20,affiliation_resolved_lab_group;calibration;correction_retraction_check;exclusions;independent_replication_check,7,apoptotic;cancer_tumor;differentiating;epithelial;fibroblast;migrating;muscle,immunofluorescence;pcr;western_blot,strain_deformation
197,doi:10.1016/j.isci.2026.115000,PMC12962177,manual_priority,NONE,20,affiliation_resolved_lab_group;correction_retraction_check;exclusions;independent_replication_check,5,cancer_tumor,flow_cytometry;western_blot,
198,doi:10.1016/j.isci.2026.115847,PMC13156679,manual_priority,NONE,20,affiliation_resolved_lab_group;correction_retraction_check;exclusions;independent_replication_check,3,apoptotic;cancer_tumor;differentiating;epithelial;migrating;mitotic,pcr;single_cell_sequencing,
199,doi:10.1016/j.mbm.2025.100158,PMC12529497,manual_priority,NONE,20,affiliation_resolved_lab_group;calibration;correction_retraction_check;exclusions;independent_replication_check,3,apoptotic;differentiating;fibroblast;migrating;muscle,live_cell_imaging;piv;traction_force_microscopy,migration_speed;stiffness_modulus;traction_force
200,doi:10.1016/j.mcpro.2026.101515,PMC12964026,manual_priority,NONE,20,affiliation_resolved_lab_group;calibration;correction_retraction_check;exclusions;independent_replication_check,5,apoptotic;cancer_tumor;fibroblast;immune;migrating,immunofluorescence;pcr,migration_speed;strain_deformation
201,doi:10.1016/j.mtbio.2026.103033,PMC13059309,manual_priority,NONE,20,affiliation_resolved_lab_group;calibration;correction_retraction_check;exclusions;independent_replication_check,6,differentiating;fibroblast;immune;mitotic;muscle,afm;immunofluorescence;pcr,stiffness_modulus
202,doi:10.1016/j.redox.2026.104027,PMC12855570,manual_priority,NONE,20,affiliation_resolved_lab_group;correction_retraction_check;exclusions;independent_replication_check,10,migrating;neural;stem_progenitor,immunofluorescence;western_blot,
203,doi:10.1016/j.stemcr.2020.07.022,PMC7486305,manual_priority,NONE,20,affiliation_resolved_lab_group;calibration;correction_retraction_check;exclusions;independent_replication_check,8,differentiating;fibroblast;migrating;mitotic;muscle;stem_progenitor,flow_cytometry;western_blot,stiffness_modulus
204,doi:10.1016/j.stemcr.2026.102927,PMC13261887,manual_priority,NONE,20,affiliation_resolved_lab_group;calibration;correction_retraction_check;exclusions;independent_replication_check,5,differentiating;mitotic;neural;stem_progenitor,immunofluorescence;pcr;western_blot,strain_deformation
205,doi:10.1016/j.xjidi.2025.100357,PMC12146637,manual_priority,NONE,20,affiliation_resolved_lab_group;calibration;correction_retraction_check;exclusions;independent_replication_check,9,differentiating;epithelial;mitotic;stem_progenitor,immunofluorescence;pcr;western_blot,cell_volume;pressure
206,doi:10.1021/acs.chemmater.5c03410,PMC13130400,manual_priority,NONE,20,affiliation_resolved_lab_group;correction_retraction_check;exclusions;independent_replication_check;source_data,7,differentiating;fibroblast;migrating,afm;flow_cytometry,strain_deformation;viscosity_viscoelasticity
207,doi:10.1021/acsmeasuresciau.5c00206,PMC13087962,manual_priority,NONE,20,affiliation_resolved_lab_group;correction_retraction_check;exclusions;independent_replication_check;source_data,11,migrating,afm;piv;traction_force_microscopy,stiffness_modulus;strain_deformation;traction_force
208,doi:10.1038/ncb2756,PMC3836234,manual_priority,NONE,20,affiliation_resolved_lab_group;calibration;correction_retraction_check;exclusions;independent_replication_check,8,cancer_tumor;epithelial;fibroblast;muscle;stem_progenitor,afm;immunofluorescence,stiffness_modulus
209,doi:10.1038/ncomms11642,PMC4873981,manual_priority,NONE,20,affiliation_resolved_lab_group;correction_retraction_check;exclusions;independent_replication_check,10,epithelial;muscle,immunofluorescence;pcr;western_blot,
210,doi:10.1038/s41413-025-00491-4,PMC12858872,manual_priority,NONE,20,affiliation_resolved_lab_group;calibration;correction_retraction_check;exclusions;independent_replication_check,7,apoptotic;differentiating;epithelial;migrating;mitotic,immunofluorescence;pcr;single_cell_sequencing;western_blot,pressure;strain_deformation
211,doi:10.1038/s41419-025-08014-z,PMC12518539,manual_priority,NONE,20,affiliation_resolved_lab_group;correction_retraction_check;exclusions;independent_replication_check,6,apoptotic;cancer_tumor;differentiating;epithelial;stem_progenitor,flow_cytometry;immunofluorescence,
212,doi:10.1038/s41420-025-02909-8,PMC12830637,manual_priority,NONE,20,affiliation_resolved_lab_group;correction_retraction_check;exclusions;independent_replication_check;source_data,8,apoptotic;immune;muscle,immunofluorescence;pcr;western_blot,viscosity_viscoelasticity
213,doi:10.1038/s41467-017-02486-0,PMC5772625,manual_priority,NONE,20,affiliation_resolved_lab_group;calibration;correction_retraction_check;exclusions;independent_replication_check,6,cancer_tumor;differentiating;migrating;mitotic;muscle;stem_progenitor,pcr;western_blot,stiffness_modulus;strain_deformation;viscosity_viscoelasticity
214,doi:10.1038/s41467-018-06684-2,PMC6177485,manual_priority,NONE,20,affiliation_resolved_lab_group;correction_retraction_check;exclusions;independent_replication_check,5,differentiating;fibroblast;immune;neural;stem_progenitor,flow_cytometry;immunofluorescence;live_cell_imaging,
215,doi:10.1038/s41467-019-10729-5,PMC6594963,manual_priority,NONE,20,affiliation_resolved_lab_group;calibration;correction_retraction_check;exclusions;independent_replication_check,12,cancer_tumor;epithelial;immune;migrating;muscle,immunofluorescence;live_cell_imaging;western_blot,migration_speed;strain_deformation
216,doi:10.1038/s41467-021-27220-9,PMC8630031,manual_priority,NONE,20,affiliation_resolved_lab_group;calibration;correction_retraction_check;exclusions;independent_replication_check,9,apoptotic;cancer_tumor;differentiating;epithelial;fibroblast;stem_progenitor,afm;immunofluorescence;pcr;western_blot,stiffness_modulus;strain_deformation;viscosity_viscoelasticity
217,doi:10.1038/s41467-024-54577-4,PMC11584751,manual_priority,NONE,20,affiliation_resolved_lab_group;calibration;exclusions;independent_replication_check,6,cancer_tumor;fibroblast;migrating;mitotic,afm;immunofluorescence;pcr;western_blot,cell_volume;membrane_tension;strain_deformation
218,doi:10.1038/s41467-025-67820-3,PMC12848307,manual_priority,NONE,20,affiliation_resolved_lab_group;calibration;correction_retraction_check;independent_replication_check;measurement_modality,10,immune;mitotic,,cortical_tension;strain_deformation
219,doi:10.1038/s41467-025-68033-4,PMC12909977,manual_priority,NONE,20,affiliation_resolved_lab_group;calibration;exclusions;independent_replication_check,10,apoptotic;differentiating;fibroblast;immune,flow_cytometry;immunofluorescence;pcr;western_blot,membrane_tension;strain_deformation;viscosity_viscoelasticity
220,doi:10.1038/s41531-019-0101-9,PMC6906478,manual_priority,NONE,20,affiliation_resolved_lab_group;correction_retraction_check;exclusions;independent_replication_check,2,differentiating;fibroblast;neural;stem_progenitor,immunofluorescence;pcr;western_blot,
221,doi:10.1038/s41556-021-00700-2,PMC7611267,manual_priority,NONE,20,affiliation_resolved_lab_group;calibration;exclusions;independent_replication_check,21,differentiating;epithelial;mitotic;muscle;stem_progenitor,flow_cytometry;micropipette_aspiration;single_cell_sequencing,cell_volume;strain_deformation;traction_force
222,doi:10.1038/s41586-019-1484-9,PMC7025879,manual_priority,NONE,20,affiliation_resolved_lab_group;correction_retraction_check;exclusions;independent_replication_check;source_data,19,differentiating;stem_progenitor,afm;flow_cytometry;immunofluorescence;pcr;western_blot,stiffness_modulus;strain_deformation
223,doi:10.1038/s41598-019-42077-1,PMC6453879,manual_priority,NONE,20,affiliation_resolved_lab_group;correction_retraction_check;exclusions;independent_replication_check;source_data,5,epithelial;fibroblast;migrating;muscle,afm;live_cell_imaging;magnetic_tweezers,stiffness_modulus;strain_deformation;viscosity_viscoelasticity
224,doi:10.1038/s41598-019-51024-z,PMC6797797,manual_priority,NONE,20,affiliation_resolved_lab_group;correction_retraction_check;exclusions;independent_replication_check;source_data,5,cancer_tumor;differentiating;epithelial;immune;mitotic,afm;magnetic_tweezers;micropipette_aspiration,adhesion_force;stiffness_modulus;viscosity_viscoelasticity
225,doi:10.1038/s41598-019-51665-0,PMC6811633,manual_priority,NONE,20,affiliation_resolved_lab_group;calibration;correction_retraction_check;exclusions;independent_replication_check,6,differentiating;epithelial;fibroblast;muscle,pcr;western_blot,strain_deformation
226,doi:10.1038/s41598-021-00450-z,PMC8536695,manual_priority,NONE,20,affiliation_resolved_lab_group;correction_retraction_check;exclusions;independent_replication_check;source_data,5,differentiating;immune,afm;flow_cytometry;live_cell_imaging;western_blot,membrane_tension;strain_deformation
227,doi:10.1038/s41598-024-70759-y,PMC11358509,manual_priority,NONE,20,affiliation_resolved_lab_group;calibration;correction_retraction_check;exclusions;independent_replication_check,5,cancer_tumor;differentiating;fibroblast;muscle,micropipette_aspiration;western_blot,cortical_tension;membrane_tension;strain_deformation;viscosity_viscoelasticity
228,doi:10.1038/s41598-026-35900-z,PMC12901288,manual_priority,NONE,20,affiliation_resolved_lab_group;calibration;correction_retraction_check;exclusions;independent_replication_check,8,apoptotic;differentiating;epithelial;migrating;neural;stem_progenitor,immunofluorescence;piv;western_blot,cell_volume;migration_speed;strain_deformation
229,doi:10.1038/srep33751,PMC5028715,manual_priority,NONE,20,affiliation_resolved_lab_group;correction_retraction_check;exclusions;independent_replication_check;source_data,7,differentiating;neural,afm;immunofluorescence;western_blot,stiffness_modulus;viscosity_viscoelasticity
230,doi:10.1063/5.0111581,PMC9674388,manual_priority,NONE,20,affiliation_resolved_lab_group;calibration;correction_retraction_check;exclusions;independent_replication_check,5,apoptotic;epithelial;neural,afm;flow_cytometry;live_cell_imaging;micropipette_aspiration,adhesion_force;membrane_tension;stiffness_modulus;strain_deformation;viscosity_viscoelasticity
231,doi:10.1073/pnas.2416659122,PMC12088434,manual_priority,NONE,20,affiliation_resolved_lab_group;calibration;exclusions;independent_replication_check,6,apoptotic;cancer_tumor;immune;migrating,afm,strain_deformation
232,doi:10.1073/pnas.2417290122,PMC12012536,manual_priority,NONE,20,affiliation_resolved_lab_group;calibration;exclusions;independent_replication_check,5,cancer_tumor;differentiating;epithelial;migrating;mitotic,immunofluorescence;live_cell_imaging;piv,migration_speed;stiffness_modulus;strain_deformation;traction_force;viscosity_viscoelasticity
233,doi:10.1073/pnas.2424566122,PMC11962468,manual_priority,NONE,20,affiliation_resolved_lab_group;calibration;correction_retraction_check;exclusions;independent_replication_check,5,immune;muscle,immunofluorescence;pcr;western_blot,strain_deformation;viscosity_viscoelasticity
234,doi:10.1073/pnas.2522788122,PMC12718393,manual_priority,NONE,20,affiliation_resolved_lab_group;calibration;correction_retraction_check;exclusions;independent_replication_check,5,apoptotic;differentiating;migrating;muscle,pcr;western_blot,strain_deformation
235,doi:10.1073/pnas.2535333123,PMC13167751,manual_priority,NONE,20,affiliation_resolved_lab_group;exclusions;independent_replication_check;source_data,12,migrating,live_cell_imaging,cell_volume;membrane_tension;strain_deformation
236,doi:10.1080/19491034.2025.2486816,PMC11988277,manual_priority,NONE,20,affiliation_resolved_lab_group;calibration;exclusions;independent_replication_check,5,differentiating;mitotic,afm;immunofluorescence;live_cell_imaging;optical_tweezers,strain_deformation
237,doi:10.1083/jcb.201801122,PMC6279385,manual_priority,NONE,20,affiliation_resolved_lab_group;correction_retraction_check;exclusions;independent_replication_check;source_data,5,cancer_tumor;differentiating;epithelial;mitotic,immunofluorescence;live_cell_imaging;optical_tweezers;pcr;western_blot,membrane_tension
238,doi:10.1088/1758-5090/ae2cf2,PMC12745674,manual_priority,NONE,20,affiliation_resolved_lab_group;calibration;correction_retraction_check;independent_replication_check;measurement_modality,4,differentiating;epithelial;migrating;muscle;stem_progenitor,,strain_deformation
239,doi:10.1093/hr/uhaf199,PMC12554371,manual_priority,NONE,20,affiliation_resolved_lab_group;calibration;correction_retraction_check;exclusions;independent_replication_check,6,mitotic,pcr,strain_deformation
240,doi:10.1096/fba.2025-00117,PMC12256985,manual_priority,NONE,20,affiliation_resolved_lab_group;calibration;correction_retraction_check;exclusions;independent_replication_check,5,cancer_tumor;epithelial;fibroblast;migrating;muscle,afm;immunofluorescence;western_blot,stiffness_modulus;strain_deformation
241,doi:10.1111/pbi.70519,PMC13140649,manual_priority,NONE,20,affiliation_resolved_lab_group;calibration;correction_retraction_check;exclusions;independent_replication_check,5,mitotic,pcr;western_blot,strain_deformation
242,doi:10.1126/sciadv.aao5553,PMC5931766,manual_priority,NONE,20,affiliation_resolved_lab_group;calibration;correction_retraction_check;exclusions;independent_replication_check,5,mitotic,afm;immunofluorescence;pcr;western_blot,stiffness_modulus
243,doi:10.1126/sciadv.abn5390,PMC9833668,manual_priority,NONE,20,affiliation_resolved_lab_group;correction_retraction_check;exclusions;independent_replication_check;source_data,6,epithelial;migrating,live_cell_imaging;magnetic_tweezers;micropipette_aspiration,cell_volume;membrane_tension;pressure;strain_deformation
244,doi:10.1126/sciadv.ads6132,PMC12190009,manual_priority,NONE,20,affiliation_resolved_lab_group;calibration;correction_retraction_check;exclusions;independent_replication_check,15,differentiating;epithelial;migrating;muscle;stem_progenitor,afm;live_cell_imaging;pcr;western_blot,membrane_tension;strain_deformation
245,doi:10.1126/sciadv.aea3822,PMC13251863,manual_priority,NONE,20,affiliation_resolved_lab_group;calibration;correction_retraction_check;exclusions;independent_replication_check,6,differentiating;muscle;stem_progenitor,immunofluorescence;live_cell_imaging;pcr;single_cell_sequencing;western_blot,strain_deformation
246,doi:10.1128/jb.00453-25,PMC13104611,manual_priority,NONE,20,affiliation_resolved_lab_group;correction_retraction_check;exclusions;independent_replication_check;source_data,5,epithelial;fibroblast;mitotic,immunofluorescence;pcr,strain_deformation
247,doi:10.1155/2019/5150634,PMC6413410,manual_priority,NONE,20,affiliation_resolved_lab_group;calibration;correction_retraction_check;exclusions;independent_replication_check,6,apoptotic;cancer_tumor;differentiating;epithelial;muscle,pcr,strain_deformation
248,doi:10.1161/atvbaha.123.320300,PMC10880945,manual_priority,NONE,20,affiliation_resolved_lab_group;calibration;correction_retraction_check;exclusions;independent_replication_check,13,epithelial;fibroblast;muscle,immunofluorescence;pcr;single_cell_sequencing;western_blot,strain_deformation;viscosity_viscoelasticity
249,doi:10.1186/s10020-025-01334-y,PMC12330085,manual_priority,NONE,20,affiliation_resolved_lab_group;calibration;correction_retraction_check;exclusions;independent_replication_check,8,differentiating;epithelial;immune;migrating,flow_cytometry;immunofluorescence;pcr;western_blot,migration_speed
250,doi:10.1186/s12964-026-02771-w,PMC13081611,manual_priority,NONE,20,affiliation_resolved_lab_group;correction_retraction_check;exclusions;independent_replication_check;source_data,12,epithelial;migrating;mitotic,flow_cytometry;immunofluorescence;live_cell_imaging,migration_speed
251,doi:10.1186/s12964-026-02809-z,PMC13218027,manual_priority,NONE,20,affiliation_resolved_lab_group;correction_retraction_check;exclusions;independent_replication_check;source_data,6,fibroblast;mitotic,immunofluorescence;single_cell_sequencing;western_blot,stiffness_modulus;strain_deformation
252,doi:10.1186/s12974-026-03827-x,PMC13289496,manual_priority,NONE,20,affiliation_resolved_lab_group;calibration;correction_retraction_check;independent_replication_check;measurement_modality,5,apoptotic;differentiating;neural;stem_progenitor,,strain_deformation
253,doi:10.1186/s12987-025-00683-4,PMC12261575,manual_priority,NONE,20,affiliation_resolved_lab_group;correction_retraction_check;exclusions;independent_replication_check;source_data,7,immune;migrating;stem_progenitor,western_blot,stiffness_modulus;strain_deformation;viscosity_viscoelasticity
254,doi:10.1186/s43556-026-00471-y,PMC13197542,manual_priority,NONE,20,affiliation_resolved_lab_group;correction_retraction_check;exclusions;independent_replication_check,7,apoptotic;cancer_tumor;epithelial;migrating,immunofluorescence;pcr;western_blot,
255,doi:10.1242/bio.049809,PMC7104857,manual_priority,NONE,20,affiliation_resolved_lab_group;correction_retraction_check;exclusions;independent_replication_check;source_data,4,differentiating;fibroblast,afm;immunofluorescence;live_cell_imaging;piv;single_cell_sequencing;traction_force_microscopy,stiffness_modulus;strain_deformation;traction_force
256,doi:10.1242/bio.061726,PMC11744050,manual_priority,NONE,20,affiliation_resolved_lab_group;calibration;correction_retraction_check;exclusions;independent_replication_check,5,apoptotic;epithelial;mitotic,flow_cytometry;immunofluorescence;western_blot,strain_deformation
257,doi:10.1242/bio.062212,PMC12958301,manual_priority,NONE,20,affiliation_resolved_lab_group;correction_retraction_check;exclusions;independent_replication_check;source_data,7,cancer_tumor;differentiating;epithelial;migrating,immunofluorescence,strain_deformation
258,doi:10.1242/dev.204561,PMC12448309,manual_priority,NONE,20,affiliation_resolved_lab_group;correction_retraction_check;exclusions;independent_replication_check;source_data,4,epithelial,immunofluorescence,strain_deformation
259,doi:10.1371/journal.pone.0338817,PMC12768252,manual_priority,NONE,20,affiliation_resolved_lab_group;calibration;correction_retraction_check;exclusions;independent_replication_check,4,cancer_tumor,live_cell_imaging;micropipette_aspiration,membrane_tension;strain_deformation
260,doi:10.15252/emmm.201809085,PMC6180301,manual_priority,NONE,20,affiliation_resolved_lab_group;calibration;correction_retraction_check;exclusions;independent_replication_check,5,cancer_tumor;differentiating;epithelial;fibroblast;muscle;stem_progenitor,flow_cytometry;immunofluorescence,strain_deformation
261,doi:10.26502/fjhs.388,PMC12885364,manual_priority,NONE,20,affiliation_resolved_lab_group;correction_retraction_check;exclusions;independent_replication_check;source_data,2,cancer_tumor;stem_progenitor,afm,adhesion_force;strain_deformation;viscosity_viscoelasticity
262,doi:10.3389/fbioe.2020.00346,PMC7186378,manual_priority,NONE,20,affiliation_resolved_lab_group;calibration;correction_retraction_check;exclusions;independent_replication_check,8,differentiating;migrating;stem_progenitor,pcr;western_blot,stiffness_modulus;strain_deformation;viscosity_viscoelasticity
263,doi:10.3389/fcell.2020.00678,PMC7438942,manual_priority,NONE,20,affiliation_resolved_lab_group;calibration;correction_retraction_check;exclusions;independent_replication_check,6,differentiating;fibroblast;stem_progenitor,flow_cytometry;immunofluorescence;western_blot,strain_deformation;viscosity_viscoelasticity
264,doi:10.3389/fcell.2020.577201,PMC7658195,manual_priority,NONE,20,affiliation_resolved_lab_group;calibration;correction_retraction_check;exclusions;independent_replication_check,10,differentiating;epithelial;immune;migrating;stem_progenitor,immunofluorescence;live_cell_imaging;pcr;western_blot,strain_deformation;traction_force
265,doi:10.3389/fmicb.2018.02766,PMC6296317,manual_priority,NONE,20,affiliation_resolved_lab_group;correction_retraction_check;exclusions;independent_replication_check;source_data,6,apoptotic;cancer_tumor;differentiating;neural;stem_progenitor,flow_cytometry;pcr,strain_deformation
266,doi:10.3389/fonc.2025.1563969,PMC12420279,manual_priority,NONE,20,affiliation_resolved_lab_group;correction_retraction_check;exclusions;independent_replication_check,7,cancer_tumor;differentiating;epithelial;migrating;mitotic;stem_progenitor,flow_cytometry;pcr;western_blot,
267,doi:10.3389/fphar.2026.1831729,PMC13269220,manual_priority,NONE,20,affiliation_resolved_lab_group;calibration;correction_retraction_check;exclusions;independent_replication_check,6,cancer_tumor;migrating,immunofluorescence,strain_deformation
268,doi:10.3390/bioengineering13050500,PMC13203712,manual_priority,NONE,20,affiliation_resolved_lab_group;correction_retraction_check;exclusions;independent_replication_check,8,differentiating;migrating;neural;stem_progenitor,immunofluorescence;pcr,
269,doi:10.3390/cells10061545,PMC8234748,manual_priority,NONE,20,affiliation_resolved_lab_group;calibration;correction_retraction_check;exclusions;independent_replication_check,6,cancer_tumor;epithelial;migrating,afm;flow_cytometry;immunofluorescence;live_cell_imaging;pcr,membrane_tension;strain_deformation
270,doi:10.3390/cells15050424,PMC12984660,manual_priority,NONE,20,affiliation_resolved_lab_group;correction_retraction_check;exclusions;independent_replication_check,5,apoptotic;migrating;muscle,western_blot,
271,doi:10.3390/cells15070637,PMC13072191,manual_priority,NONE,20,affiliation_resolved_lab_group;correction_retraction_check;exclusions;independent_replication_check,10,apoptotic;differentiating;epithelial;fibroblast;immune;muscle,western_blot,
272,doi:10.3390/ijms26147021,PMC12296178,manual_priority,NONE,20,affiliation_resolved_lab_group;calibration;exclusions;independent_replication_check,11,cancer_tumor;epithelial;fibroblast;migrating;mitotic,afm;live_cell_imaging,migration_speed;stiffness_modulus;strain_deformation;viscosity_viscoelasticity
273,doi:10.3390/life14101260,PMC11509142,manual_priority,NONE,20,affiliation_resolved_lab_group;correction_retraction_check;exclusions;independent_replication_check;source_data,6,cancer_tumor;differentiating;epithelial;migrating,afm;live_cell_imaging;piv;traction_force_microscopy;western_blot,migration_speed;stiffness_modulus;strain_deformation;traction_force
274,doi:10.34133/cbsystems.0552,PMC13009532,manual_priority,NONE,20,affiliation_resolved_lab_group;calibration;correction_retraction_check;exclusions;independent_replication_check,7,apoptotic;differentiating;fibroblast;immune;migrating;mitotic;muscle;stem_progenitor,flow_cytometry;immunofluorescence;pcr,strain_deformation;viscosity_viscoelasticity
275,doi:10.34133/research.1121,PMC12877341,manual_priority,NONE,20,affiliation_resolved_lab_group;calibration;correction_retraction_check;exclusions;independent_replication_check,9,fibroblast;immune,immunofluorescence,stiffness_modulus;strain_deformation
276,doi:10.7554/elife.24958,PMC5503509,manual_priority,NONE,20,affiliation_resolved_lab_group;correction_retraction_check;exclusions;independent_replication_check;source_data,12,epithelial;mitotic,afm,cortical_tension;strain_deformation;viscosity_viscoelasticity
277,doi:10.1002/adhm.202501370,PMC12836466,manual_priority,NONE,19,affiliation_resolved_lab_group;calibration;correction_retraction_check;exclusions;independent_replication_check;measurement_modality,2,differentiating;epithelial;stem_progenitor,,traction_force
278,doi:10.1002/adhm.202504086,PMC12973354,manual_priority,NONE,19,affiliation_resolved_lab_group;calibration;correction_retraction_check;exclusions;independent_replication_check;measurement_modality,6,cancer_tumor;fibroblast;migrating;stem_progenitor,,migration_speed;pressure;stiffness_modulus;strain_deformation;viscosity_viscoelasticity
279,doi:10.1002/advs.202413443,PMC12120797,manual_priority,NONE,19,affiliation_resolved_lab_group;calibration;correction_retraction_check;independent_replication_check,14,cancer_tumor;epithelial,flow_cytometry;single_cell_sequencing;western_blot,
280,doi:10.1002/advs.202509344,PMC12667478,manual_priority,NONE,19,affiliation_resolved_lab_group;calibration;correction_retraction_check;independent_replication_check,8,cancer_tumor;differentiating;epithelial;immune;migrating;mitotic;neural;stem_progenitor,pcr;western_blot,
281,doi:10.1002/ctm2.70581,PMC12775584,manual_priority,NONE,19,affiliation_resolved_lab_group;calibration;correction_retraction_check;independent_replication_check,9,cancer_tumor;differentiating;epithelial;immune;migrating;mitotic,flow_cytometry;immunofluorescence;western_blot,
282,doi:10.1002/pmic.70072,PMC12704032,manual_priority,NONE,19,affiliation_resolved_lab_group;calibration;correction_retraction_check;independent_replication_check,2,migrating;neural,flow_cytometry;immunofluorescence;pcr,
283,doi:10.1007/s10911-026-09598-8,PMC13004756,manual_priority,NONE,19,affiliation_resolved_lab_group;calibration;correction_retraction_check;independent_replication_check;source_data,5,apoptotic;differentiating;epithelial;muscle;stem_progenitor,flow_cytometry;pcr;single_cell_sequencing,strain_deformation
284,doi:10.1007/s11060-026-05555-x,PMC13079484,manual_priority,NONE,19,affiliation_resolved_lab_group;correction_retraction_check;independent_replication_check;source_data,4,cancer_tumor;fibroblast;migrating;mitotic;stem_progenitor,immunofluorescence,
285,doi:10.1007/s12195-025-00852-3,PMC12436249,manual_priority,NONE,19,affiliation_resolved_lab_group;calibration;cell_type_state;correction_retraction_check;exclusions;independent_replication_check,5,,live_cell_imaging;pcr;traction_force_microscopy,strain_deformation;traction_force
286,doi:10.1016/j.celrep.2013.10.040,PMC3898747,manual_priority,NONE,19,affiliation_resolved_lab_group;calibration;correction_retraction_check;independent_replication_check;source_data,6,cancer_tumor;differentiating;epithelial;fibroblast;immune;migrating,live_cell_imaging,traction_force;viscosity_viscoelasticity
287,doi:10.1016/j.celrep.2018.10.024,PMC6231326,manual_priority,NONE,19,affiliation_resolved_lab_group;calibration;correction_retraction_check;independent_replication_check;source_data,7,cancer_tumor;differentiating;epithelial;fibroblast;mitotic,immunofluorescence;pcr;western_blot,strain_deformation
288,doi:10.1016/j.celrep.2020.107924,PMC7383227,exception_candidate,rare_modality,19,affiliation_resolved_lab_group;correction_retraction_check;exclusions;independent_replication_check,4,epithelial,immunofluorescence;piv;traction_force_microscopy,strain_deformation;traction_force
289,doi:10.1016/j.celrep.2025.116355,PMC12593247,manual_priority,NONE,19,affiliation_resolved_lab_group;calibration;correction_retraction_check;exclusions;independent_replication_check;measurement_modality,8,epithelial,,cortical_tension;stiffness_modulus;strain_deformation;viscosity_viscoelasticity
290,doi:10.1016/j.isci.2026.115839,PMC13207355,manual_priority,NONE,19,affiliation_resolved_lab_group;correction_retraction_check;independent_replication_check;source_data,7,apoptotic;cancer_tumor;differentiating;mitotic;neural;stem_progenitor,live_cell_imaging;single_cell_sequencing;western_blot,
291,doi:10.1016/j.jlr.2025.100939,PMC12743522,manual_priority,NONE,19,affiliation_resolved_lab_group;calibration;correction_retraction_check;independent_replication_check,7,cancer_tumor;migrating,immunofluorescence;western_blot,
292,doi:10.1016/j.mtbio.2026.103046,PMC13049608,manual_priority,NONE,19,affiliation_resolved_lab_group;calibration;correction_retraction_check;exclusions;independent_replication_check;measurement_modality,6,differentiating;fibroblast;immune;migrating;muscle;stem_progenitor,,strain_deformation;viscosity_viscoelasticity
293,doi:10.1016/j.reth.2026.101099,PMC13068846,manual_priority,NONE,19,affiliation_resolved_lab_group;calibration;correction_retraction_check;independent_replication_check,2,apoptotic;differentiating;immune;muscle;stem_progenitor,flow_cytometry;western_blot,
294,doi:10.1016/j.xpro.2026.104632,PMC13292552,manual_priority,NONE,19,affiliation_resolved_lab_group;calibration;cell_type_state;correction_retraction_check;exclusions;independent_replication_check,7,,live_cell_imaging,strain_deformation
295,doi:10.1038/ncomms7249,PMC4346611,manual_priority,NONE,19,affiliation_resolved_lab_group;cell_type_state;correction_retraction_check;exclusions;independent_replication_check;source_data,5,,afm;optical_tweezers,membrane_tension;strain_deformation
296,doi:10.1038/ncomms9672,PMC4846324,manual_priority,NONE,19,affiliation_resolved_lab_group;calibration;correction_retraction_check;independent_replication_check;source_data,8,cancer_tumor;fibroblast;migrating,immunofluorescence;western_blot,migration_speed;traction_force
297,doi:10.1038/s12276-026-01690-7,PMC13144515,manual_priority,NONE,19,affiliation_resolved_lab_group;calibration;correction_retraction_check;independent_replication_check;source_data,8,differentiating;fibroblast;migrating,pcr,strain_deformation
298,doi:10.1038/s41392-025-02479-2,PMC12660931,manual_priority,NONE,19,affiliation_resolved_lab_group;calibration;correction_retraction_check;independent_replication_check;source_data,9,apoptotic;immune;muscle,afm;flow_cytometry;immunofluorescence;western_blot,membrane_tension;stiffness_modulus;viscosity_viscoelasticity
299,doi:10.1038/s41416-025-03181-4,PMC12644670,manual_priority,NONE,19,affiliation_resolved_lab_group;calibration;correction_retraction_check;independent_replication_check,3,cancer_tumor;epithelial;migrating;stem_progenitor,immunofluorescence;single_cell_sequencing,
300,doi:10.1038/s41419-026-08520-8,PMC13031913,manual_priority,NONE,19,affiliation_resolved_lab_group;calibration;correction_retraction_check;independent_replication_check;source_data,10,apoptotic;differentiating;neural,immunofluorescence,strain_deformation
301,doi:10.1038/s41422-025-01217-1,PMC12909937,manual_priority,NONE,19,affiliation_resolved_lab_group;calibration;correction_retraction_check;independent_replication_check;source_data,8,cancer_tumor;immune;migrating;neural,afm;flow_cytometry;immunofluorescence;optical_tweezers;pcr;single_cell_sequencing;western_blot,strain_deformation;viscosity_viscoelasticity
302,doi:10.1038/s41467-025-60940-w,PMC12216130,manual_priority,NONE,19,affiliation_resolved_lab_group;calibration;correction_retraction_check;independent_replication_check,2,mitotic,afm,
303,doi:10.1038/s41467-025-65905-7,PMC12686533,manual_priority,NONE,19,affiliation_resolved_lab_group;calibration;correction_retraction_check;independent_replication_check,6,migrating;mitotic,immunofluorescence;magnetic_tweezers,
304,doi:10.1038/s41467-026-70038-6,PMC13066034,manual_priority,NONE,19,affiliation_resolved_lab_group;calibration;correction_retraction_check;independent_replication_check,8,apoptotic;differentiating;epithelial;immune;mitotic;stem_progenitor,immunofluorescence;pcr;single_cell_sequencing,
305,doi:10.1038/s41467-026-70099-7,PMC13000191,manual_priority,NONE,19,affiliation_resolved_lab_group;calibration;correction_retraction_check;independent_replication_check,7,epithelial;immune;neural;stem_progenitor,flow_cytometry;single_cell_sequencing,
306,doi:10.1038/s41467-026-71471-3,PMC13216336,manual_priority,NONE,19,affiliation_resolved_lab_group;calibration;correction_retraction_check;independent_replication_check,11,apoptotic;cancer_tumor;differentiating;epithelial;immune;stem_progenitor,flow_cytometry;immunofluorescence;live_cell_imaging;pcr;single_cell_sequencing;western_blot,
307,doi:10.1038/s41467-026-72419-3,PMC13156320,manual_priority,NONE,19,affiliation_resolved_lab_group;calibration;correction_retraction_check;independent_replication_check,8,apoptotic;differentiating;epithelial;fibroblast;immune;muscle;stem_progenitor,flow_cytometry;immunofluorescence;pcr;single_cell_sequencing,
308,doi:10.1038/s41586-025-09770-w,PMC12823447,manual_priority,NONE,19,affiliation_resolved_lab_group;calibration;correction_retraction_check;independent_replication_check,24,differentiating;immune;neural;stem_progenitor,flow_cytometry;immunofluorescence;traction_force_microscopy;western_blot,
309,doi:10.1038/s41598-019-46151-6,PMC6614400,manual_priority,NONE,19,affiliation_resolved_lab_group;calibration;correction_retraction_check;exclusions;independent_replication_check;measurement_modality,1,epithelial;fibroblast;migrating,,migration_speed;viscosity_viscoelasticity
310,doi:10.1038/s41698-026-01431-z,PMC13276076,manual_priority,NONE,19,affiliation_resolved_lab_group;calibration;correction_retraction_check;independent_replication_check,3,apoptotic;cancer_tumor;differentiating;epithelial;fibroblast;immune;migrating,immunofluorescence;live_cell_imaging;single_cell_sequencing;western_blot,
311,doi:10.1038/s42003-025-09476-9,PMC12886888,manual_priority,NONE,19,affiliation_resolved_lab_group;calibration;independent_replication_check,6,differentiating;migrating;muscle;stem_progenitor,flow_cytometry;immunofluorescence;single_cell_sequencing;western_blot,
312,doi:10.1038/s42003-026-10022-4,PMC13179327,manual_priority,NONE,19,affiliation_resolved_lab_group;calibration;correction_retraction_check;independent_replication_check;source_data,8,apoptotic;cancer_tumor;epithelial;immune;migrating,immunofluorescence;single_cell_sequencing;western_blot,strain_deformation
313,doi:10.1038/s44319-025-00484-8,PMC12238373,manual_priority,NONE,19,affiliation_resolved_lab_group;calibration;correction_retraction_check;independent_replication_check,13,cancer_tumor;differentiating;mitotic;neural;stem_progenitor,immunofluorescence;western_blot,
314,doi:10.1038/s44319-026-00751-2,PMC13219523,manual_priority,NONE,19,affiliation_resolved_lab_group;calibration;correction_retraction_check;independent_replication_check,18,apoptotic;cancer_tumor;epithelial;fibroblast;migrating;muscle,flow_cytometry;immunofluorescence;western_blot,
315,doi:10.1073/pnas.2501044122,PMC12207459,manual_priority,NONE,19,affiliation_resolved_lab_group;calibration;correction_retraction_check;independent_replication_check;source_data,5,mitotic,flow_cytometry;immunofluorescence;live_cell_imaging,strain_deformation
316,doi:10.1080/0886022x.2026.2663246,PMC13148085,manual_priority,NONE,19,affiliation_resolved_lab_group;calibration;correction_retraction_check;independent_replication_check,5,migrating;muscle,immunofluorescence;pcr;western_blot,
317,doi:10.1083/jcb.202403005,PMC11363863,manual_priority,NONE,19,affiliation_resolved_lab_group;calibration;cell_type_state;correction_retraction_check;exclusions;independent_replication_check,11,,afm;flow_cytometry;immunofluorescence;western_blot,stiffness_modulus;strain_deformation
318,doi:10.1083/jcb.202508155,PMC12671483,manual_priority,NONE,19,affiliation_resolved_lab_group;calibration;correction_retraction_check;independent_replication_check,20,cancer_tumor;differentiating;migrating,flow_cytometry;immunofluorescence;live_cell_imaging;western_blot,
319,doi:10.1091/mbc.e14-07-1229,PMC4196869,manual_priority,NONE,19,affiliation_resolved_lab_group;cell_type_state;correction_retraction_check;exclusions;independent_replication_check;source_data,10,,immunofluorescence;optical_tweezers;western_blot,membrane_tension;strain_deformation;viscosity_viscoelasticity
320,doi:10.1093/stmcls/sxaf012,PMC12080355,manual_priority,NONE,19,affiliation_resolved_lab_group;calibration;correction_retraction_check;independent_replication_check,4,differentiating;epithelial;fibroblast;migrating;stem_progenitor,immunofluorescence;single_cell_sequencing,
321,doi:10.1111/jnc.70373,PMC12879276,manual_priority,NONE,19,affiliation_resolved_lab_group;calibration;correction_retraction_check;independent_replication_check,7,apoptotic;differentiating;migrating;mitotic;neural;stem_progenitor,immunofluorescence,
322,doi:10.1126/sciadv.adw6425,PMC12494029,manual_priority,NONE,19,affiliation_resolved_lab_group;calibration;correction_retraction_check;independent_replication_check;source_data,5,migrating,flow_cytometry;live_cell_imaging;traction_force_microscopy,traction_force
323,doi:10.1126/sciadv.ady0301,PMC12778038,manual_priority,NONE,19,affiliation_resolved_lab_group;calibration;correction_retraction_check;independent_replication_check,7,apoptotic;differentiating;immune;stem_progenitor,flow_cytometry;pcr;single_cell_sequencing;western_blot,
324,doi:10.1126/sciadv.adz9453,PMC13155312,manual_priority,NONE,19,affiliation_resolved_lab_group;calibration;correction_retraction_check;independent_replication_check;source_data,5,epithelial;migrating;muscle,immunofluorescence,strain_deformation;viscosity_viscoelasticity
325,doi:10.1167/iovs.67.6.16,PMC13263985,manual_priority,NONE,19,affiliation_resolved_lab_group;calibration;correction_retraction_check;independent_replication_check,6,apoptotic;epithelial;migrating,flow_cytometry;immunofluorescence;pcr;single_cell_sequencing;western_blot,
326,doi:10.1186/s11689-019-9294-9,PMC6913030,manual_priority,NONE,19,affiliation_resolved_lab_group;calibration;correction_retraction_check;independent_replication_check,7,differentiating;mitotic;neural;stem_progenitor,immunofluorescence;pcr,
327,doi:10.1186/s12860-026-00579-7,PMC13077938,manual_priority,NONE,19,affiliation_resolved_lab_group;calibration;correction_retraction_check;independent_replication_check,6,differentiating;epithelial;fibroblast;muscle,immunofluorescence;pcr,
328,doi:10.1186/s12935-026-04322-2,PMC13227730,manual_priority,NONE,19,affiliation_resolved_lab_group;calibration;correction_retraction_check;independent_replication_check,2,apoptotic;cancer_tumor;epithelial;immune;migrating;stem_progenitor,immunofluorescence;western_blot,
329,doi:10.1186/s12943-026-02617-6,PMC13049746,manual_priority,NONE,19,affiliation_resolved_lab_group;calibration;correction_retraction_check;independent_replication_check,6,apoptotic;cancer_tumor;differentiating;epithelial;fibroblast;immune;migrating;stem_progenitor,flow_cytometry;pcr;single_cell_sequencing;western_blot,
330,doi:10.1186/s12943-026-02652-3,PMC13214137,manual_priority,NONE,19,affiliation_resolved_lab_group;calibration;correction_retraction_check;independent_replication_check,7,cancer_tumor;differentiating;epithelial;fibroblast;migrating;stem_progenitor,immunofluorescence;pcr;single_cell_sequencing;western_blot,
331,doi:10.1186/s12967-025-07298-1,PMC13104274,manual_priority,NONE,19,affiliation_resolved_lab_group;calibration;correction_retraction_check;independent_replication_check,7,cancer_tumor;differentiating;epithelial;fibroblast;migrating;muscle,immunofluorescence;pcr;western_blot,
332,doi:10.1186/s12967-026-08300-0,PMC13274032,manual_priority,NONE,19,affiliation_resolved_lab_group;calibration;correction_retraction_check;independent_replication_check,8,apoptotic;cancer_tumor;differentiating;epithelial;fibroblast;migrating,flow_cytometry;pcr;single_cell_sequencing;western_blot,
333,doi:10.1186/s12974-026-03708-3,PMC12924220,manual_priority,NONE,19,affiliation_resolved_lab_group;calibration;correction_retraction_check;independent_replication_check;source_data,6,apoptotic;differentiating;immune;neural;stem_progenitor,flow_cytometry;immunofluorescence;pcr;western_blot,strain_deformation
334,doi:10.1186/s13046-026-03660-3,PMC12997712,manual_priority,NONE,19,affiliation_resolved_lab_group;calibration;correction_retraction_check;independent_replication_check,8,apoptotic;cancer_tumor;differentiating;epithelial;fibroblast;immune;mitotic;stem_progenitor,flow_cytometry;immunofluorescence;single_cell_sequencing,
335,doi:10.1186/s13062-026-00732-4,PMC12952090,manual_priority,NONE,19,affiliation_resolved_lab_group;calibration;correction_retraction_check;independent_replication_check,4,apoptotic;differentiating;fibroblast;immune;migrating;muscle,immunofluorescence;pcr;single_cell_sequencing;western_blot,
336,doi:10.1186/s13148-019-0617-1,PMC6360658,manual_priority,NONE,19,affiliation_resolved_lab_group;calibration;correction_retraction_check;independent_replication_check,1,differentiating;fibroblast;immune;mitotic;stem_progenitor,flow_cytometry,
337,doi:10.1186/s13287-019-1374-y,PMC6712625,manual_priority,NONE,19,affiliation_resolved_lab_group;calibration;correction_retraction_check;independent_replication_check,4,differentiating;fibroblast;migrating;neural;stem_progenitor,flow_cytometry;immunofluorescence;pcr;single_cell_sequencing,
338,doi:10.1186/s40478-017-0476-y,PMC5645909,manual_priority,NONE,19,affiliation_resolved_lab_group;calibration;correction_retraction_check;independent_replication_check;source_data,9,differentiating;immune;neural,immunofluorescence;live_cell_imaging,strain_deformation
339,doi:10.1242/dev.205265,PMC12746075,manual_priority,NONE,19,affiliation_resolved_lab_group;calibration;correction_retraction_check;independent_replication_check;source_data,8,migrating,immunofluorescence,strain_deformation
340,doi:10.1242/jcs.263637,PMC11925395,manual_priority,NONE,19,affiliation_resolved_lab_group;correction_retraction_check;independent_replication_check;source_data,7,stem_progenitor,flow_cytometry;immunofluorescence;western_blot,
341,doi:10.1242/jcs.264375,PMC12752515,manual_priority,NONE,19,affiliation_resolved_lab_group;calibration;correction_retraction_check;independent_replication_check;source_data,12,immune;migrating,immunofluorescence;live_cell_imaging;western_blot,migration_speed
342,doi:10.1242/jcs.264494,PMC12863304,manual_priority,NONE,19,affiliation_resolved_lab_group;calibration;correction_retraction_check;independent_replication_check;source_data,11,apoptotic;cancer_tumor;mitotic,immunofluorescence;live_cell_imaging;pcr;western_blot,strain_deformation
343,doi:10.1371/journal.pone.0024847,PMC3173483,manual_priority,NONE,19,affiliation_resolved_lab_group;calibration;correction_retraction_check;independent_replication_check;source_data,7,differentiating;stem_progenitor,immunofluorescence;western_blot,strain_deformation
344,doi:10.15252/embj.201899016,PMC6028027,manual_priority,NONE,19,affiliation_resolved_lab_group;calibration;correction_retraction_check;independent_replication_check,9,cancer_tumor;differentiating;epithelial;migrating;muscle,immunofluorescence;pcr;western_blot,
345,doi:10.2147/dddt.s605489,PMC13157850,manual_priority,NONE,19,affiliation_resolved_lab_group;calibration;correction_retraction_check;independent_replication_check,15,apoptotic;migrating;muscle,immunofluorescence;western_blot,
346,doi:10.3389/fcell.2021.669086,PMC8247578,manual_priority,NONE,19,affiliation_resolved_lab_group;calibration;correction_retraction_check;independent_replication_check,6,differentiating;epithelial,immunofluorescence,
347,doi:10.3389/fcell.2025.1699698,PMC12727941,manual_priority,NONE,19,affiliation_resolved_lab_group;calibration;independent_replication_check,6,apoptotic;immune;migrating;mitotic,flow_cytometry;live_cell_imaging;pcr,
348,doi:10.3389/fcell.2026.1803439,PMC13143943,manual_priority,NONE,19,affiliation_resolved_lab_group;calibration;correction_retraction_check;independent_replication_check,8,cancer_tumor;differentiating;epithelial;immune;migrating,flow_cytometry;immunofluorescence;pcr;single_cell_sequencing;western_blot,
349,doi:10.3389/fimmu.2026.1718849,PMC12913547,manual_priority,NONE,19,affiliation_resolved_lab_group;calibration;correction_retraction_check;independent_replication_check,7,apoptotic;cancer_tumor;differentiating;epithelial;fibroblast;immune;migrating;stem_progenitor,flow_cytometry;pcr;single_cell_sequencing,
350,doi:10.3389/fncel.2015.00363,PMC4585148,manual_priority,NONE,19,affiliation_resolved_lab_group;calibration;correction_retraction_check;independent_replication_check;source_data,11,migrating;neural;stem_progenitor,traction_force_microscopy,migration_speed;strain_deformation;traction_force;viscosity_viscoelasticity
351,doi:10.3389/fonc.2026.1769833,PMC13222828,manual_priority,NONE,19,affiliation_resolved_lab_group;calibration;correction_retraction_check;independent_replication_check,8,cancer_tumor;differentiating;epithelial;migrating;stem_progenitor,live_cell_imaging;western_blot,
352,doi:10.3389/fphar.2026.1734640,PMC13219017,manual_priority,NONE,19,affiliation_resolved_lab_group;calibration;correction_retraction_check;independent_replication_check,6,apoptotic;cancer_tumor;epithelial;migrating,immunofluorescence;pcr;western_blot,
353,doi:10.3389/fphys.2018.01121,PMC6107778,exception_candidate,rare_modality,19,affiliation_resolved_lab_group;correction_retraction_check;exclusions;independent_replication_check,4,cancer_tumor;migrating,afm;optical_tweezers,stiffness_modulus;strain_deformation;viscosity_viscoelasticity
354,doi:10.3389/fphys.2019.00224,PMC6423482,manual_priority,NONE,19,affiliation_resolved_lab_group;calibration;correction_retraction_check;independent_replication_check,9,apoptotic;cancer_tumor;differentiating;fibroblast;migrating,flow_cytometry;immunofluorescence;live_cell_imaging;pcr;single_cell_sequencing,
355,doi:10.3389/fphys.2024.1425620,PMC11420013,manual_priority,NONE,19,affiliation_resolved_lab_group;calibration;cell_type_state;correction_retraction_check;exclusions;independent_replication_check,7,,immunofluorescence;western_blot,strain_deformation;traction_force;viscosity_viscoelasticity
356,doi:10.3390/biomedicines14030633,PMC13024041,manual_priority,NONE,19,affiliation_resolved_lab_group;calibration;correction_retraction_check;independent_replication_check;source_data,6,fibroblast;muscle;neural,pcr;western_blot,strain_deformation
357,doi:10.3390/cells14211741,PMC12610839,manual_priority,NONE,19,affiliation_resolved_lab_group;calibration;correction_retraction_check;independent_replication_check,7,mitotic;muscle,pcr;western_blot,
358,doi:10.3390/cells15060508,PMC13025859,manual_priority,NONE,19,affiliation_resolved_lab_group;calibration;correction_retraction_check;independent_replication_check,4,apoptotic;cancer_tumor;immune;neural,flow_cytometry;immunofluorescence;pcr;single_cell_sequencing;western_blot,
359,doi:10.3390/cells7090136,PMC6162683,manual_priority,NONE,19,affiliation_resolved_lab_group;calibration;correction_retraction_check;independent_replication_check;source_data,5,apoptotic;epithelial;migrating;muscle,immunofluorescence;live_cell_imaging;pcr,migration_speed;stiffness_modulus;strain_deformation
360,doi:10.3390/ijms262210892,PMC12652201,manual_priority,NONE,19,affiliation_resolved_lab_group;calibration;correction_retraction_check;independent_replication_check,5,apoptotic;cancer_tumor;differentiating;epithelial;migrating;stem_progenitor,flow_cytometry;single_cell_sequencing,
361,doi:10.3390/ijms27041866,PMC12940621,manual_priority,NONE,19,affiliation_resolved_lab_group;calibration;correction_retraction_check;independent_replication_check,5,cancer_tumor;differentiating;epithelial;migrating,immunofluorescence;pcr;western_blot,
362,doi:10.3390/ijms27104234,PMC13208031,manual_priority,NONE,19,affiliation_resolved_lab_group;calibration;correction_retraction_check;independent_replication_check,9,apoptotic;cancer_tumor;epithelial;migrating,pcr;western_blot,
363,doi:10.3390/jfb17060299,PMC13302221,manual_priority,NONE,19,affiliation_resolved_lab_group;correction_retraction_check;exclusions;independent_replication_check;measurement_modality;source_data,8,differentiating;muscle,,strain_deformation
364,doi:10.7150/ijbs.119262,PMC13282778,manual_priority,NONE,19,affiliation_resolved_lab_group;calibration;correction_retraction_check;independent_replication_check,6,apoptotic;differentiating;fibroblast;immune;mitotic;neural;stem_progenitor,flow_cytometry;immunofluorescence;pcr;single_cell_sequencing;western_blot,
365,doi:10.7554/elife.44667,PMC6726422,manual_priority,NONE,19,affiliation_resolved_lab_group;calibration;correction_retraction_check;independent_replication_check,12,differentiating;fibroblast;neural,immunofluorescence;pcr;western_blot,
366,doi:10.7554/elife.47970,PMC6845233,manual_priority,NONE,19,affiliation_resolved_lab_group;calibration;correction_retraction_check;independent_replication_check,15,differentiating;fibroblast;stem_progenitor,flow_cytometry;immunofluorescence;pcr;western_blot,
367,doi:10.1002/advs.202512149,PMC12955916,manual_priority,NONE,18,affiliation_resolved_lab_group;calibration;correction_retraction_check;exclusions;independent_replication_check,10,differentiating;immune;migrating;neural,flow_cytometry;immunofluorescence;pcr;western_blot,
368,doi:10.1002/advs.202515693,PMC12904018,manual_priority,NONE,18,affiliation_resolved_lab_group;calibration;correction_retraction_check;exclusions;independent_replication_check,9,fibroblast;immune;migrating;muscle,immunofluorescence,
369,doi:10.1002/advs.202519191,PMC13042690,manual_priority,NONE,18,affiliation_resolved_lab_group;calibration;correction_retraction_check;exclusions;independent_replication_check,10,cancer_tumor;differentiating;epithelial;fibroblast;immune,immunofluorescence;pcr;western_blot,
370,doi:10.1002/ctm2.70698,PMC13181338,manual_priority,NONE,18,affiliation_resolved_lab_group;calibration;correction_retraction_check;exclusions;independent_replication_check,7,cancer_tumor;epithelial;fibroblast;immune;migrating;stem_progenitor,flow_cytometry;immunofluorescence;pcr;western_blot,
371,doi:10.1002/glia.23630,PMC6557696,manual_priority,NONE,18,affiliation_resolved_lab_group;calibration;correction_retraction_check;exclusions;independent_replication_check,5,fibroblast;mitotic;neural;stem_progenitor,flow_cytometry;pcr,
372,doi:10.1002/mco2.70828,PMC13263789,manual_priority,NONE,18,affiliation_resolved_lab_group;calibration;correction_retraction_check;exclusions;independent_replication_check,9,apoptotic;cancer_tumor;epithelial;immune,flow_cytometry;western_blot,
373,doi:10.1002/sctm.19-0147,PMC6877769,manual_priority,NONE,18,affiliation_resolved_lab_group;calibration;correction_retraction_check;exclusions;independent_replication_check,7,differentiating;neural;stem_progenitor,immunofluorescence;pcr,
374,doi:10.1007/s00438-026-02371-w,PMC12960442,manual_priority,NONE,18,affiliation_resolved_lab_group;calibration;correction_retraction_check;independent_replication_check;units,3,apoptotic;cancer_tumor;differentiating;epithelial;immune;mitotic,flow_cytometry;pcr;single_cell_sequencing;western_blot,
375,doi:10.1007/s12035-026-05903-y,PMC13190451,manual_priority,NONE,18,affiliation_resolved_lab_group;calibration;correction_retraction_check;exclusions;independent_replication_check,5,differentiating;fibroblast;mitotic;neural;stem_progenitor,pcr,
376,doi:10.1007/s12672-026-04400-x,PMC12881234,manual_priority,NONE,18,affiliation_resolved_lab_group;calibration;correction_retraction_check;exclusions;independent_replication_check,4,cancer_tumor;epithelial;immune;migrating,immunofluorescence;western_blot,
377,doi:10.1016/j.isci.2025.112067,PMC11964680,manual_priority,NONE,18,affiliation_resolved_lab_group;calibration;exclusions;independent_replication_check;source_data,9,differentiating;epithelial;immune;migrating,immunofluorescence;piv;traction_force_microscopy,membrane_tension;pressure;stiffness_modulus;traction_force
378,doi:10.1016/j.isci.2026.115549,PMC13122223,manual_priority,NONE,18,affiliation_resolved_lab_group;calibration;correction_retraction_check;exclusions;independent_replication_check,10,apoptotic;migrating,flow_cytometry;immunofluorescence;western_blot,
379,doi:10.1016/j.isci.2026.115716,PMC13141472,manual_priority,NONE,18,affiliation_resolved_lab_group;calibration;correction_retraction_check;exclusions;independent_replication_check,7,epithelial;migrating,immunofluorescence;pcr;western_blot,
380,doi:10.1016/j.isci.2026.116096,PMC13223982,manual_priority,NONE,18,affiliation_resolved_lab_group;calibration;correction_retraction_check;exclusions;independent_replication_check;source_data,5,differentiating;epithelial;fibroblast;immune,immunofluorescence;pcr,stiffness_modulus;strain_deformation
381,doi:10.1016/j.jbc.2024.107335,PMC11143907,manual_priority,NONE,18,affiliation_resolved_lab_group;calibration;correction_retraction_check;exclusions;independent_replication_check,7,apoptotic,flow_cytometry;immunofluorescence;pcr;western_blot,
382,doi:10.1016/j.jbc.2026.111135,PMC12860955,manual_priority,NONE,18,affiliation_resolved_lab_group;calibration;correction_retraction_check;exclusions;independent_replication_check,9,differentiating;epithelial;fibroblast;immune;muscle,immunofluorescence;single_cell_sequencing;western_blot,
383,doi:10.1016/j.jhepr.2020.100145,PMC7479345,manual_priority,NONE,18,affiliation_resolved_lab_group;calibration;correction_retraction_check;exclusions;independent_replication_check;source_data,7,cancer_tumor;muscle,immunofluorescence,stiffness_modulus;strain_deformation
384,doi:10.1016/j.jhepr.2026.101789,PMC13158412,manual_priority,NONE,18,affiliation_resolved_lab_group;calibration;correction_retraction_check;exclusions;independent_replication_check,6,cancer_tumor;epithelial;immune;migrating,immunofluorescence;pcr;western_blot,
385,doi:10.1016/j.stem.2018.09.008,PMC6179960,manual_priority,NONE,18,affiliation_resolved_lab_group;calibration;correction_retraction_check;exclusions;independent_replication_check,3,apoptotic;differentiating;mitotic;neural;stem_progenitor,immunofluorescence;pcr;western_blot,
386,doi:10.1016/j.stemcr.2015.10.017,PMC4682285,manual_priority,NONE,18,affiliation_resolved_lab_group;calibration;correction_retraction_check;exclusions;independent_replication_check;source_data,6,differentiating;muscle;stem_progenitor,afm;flow_cytometry;traction_force_microscopy,strain_deformation;traction_force
387,doi:10.1016/j.stemcr.2019.08.013,PMC6829750,manual_priority,NONE,18,affiliation_resolved_lab_group;calibration;correction_retraction_check;exclusions;independent_replication_check,6,differentiating;fibroblast;muscle;stem_progenitor,flow_cytometry;pcr,
388,doi:10.1016/j.xcrm.2026.102591,PMC12923982,manual_priority,NONE,18,affiliation_resolved_lab_group;calibration;correction_retraction_check;exclusions;independent_replication_check;source_data,8,apoptotic;cancer_tumor;epithelial;migrating,afm;flow_cytometry;immunofluorescence;pcr;western_blot,stiffness_modulus
389,doi:10.1016/j.xcrm.2026.102714,PMC13130670,manual_priority,NONE,18,affiliation_resolved_lab_group;correction_retraction_check;exclusions;independent_replication_check;source_data,11,differentiating;immune,flow_cytometry;immunofluorescence;pcr;western_blot,
390,doi:10.1016/j.xpro.2025.103965,PMC12309584,manual_priority,NONE,18,affiliation_resolved_lab_group;correction_retraction_check;exclusions;independent_replication_check;source_data,3,apoptotic;differentiating;fibroblast;neural;stem_progenitor,immunofluorescence,
391,doi:10.1038/ncomms9574,PMC4634219,manual_priority,NONE,18,affiliation_resolved_lab_group;calibration;correction_retraction_check;exclusions;independent_replication_check;source_data,6,differentiating;epithelial;fibroblast;muscle;stem_progenitor,immunofluorescence;pcr;western_blot,strain_deformation
392,doi:10.1038/s41388-018-0631-3,PMC6755965,manual_priority,NONE,18,affiliation_resolved_lab_group;calibration;correction_retraction_check;exclusions;independent_replication_check;source_data,6,cancer_tumor;fibroblast;immune,afm;immunofluorescence;magnetic_tweezers;pcr;traction_force_microscopy,migration_speed;stiffness_modulus;traction_force
393,doi:10.1038/s41392-026-02620-9,PMC13018198,manual_priority,NONE,18,affiliation_resolved_lab_group;calibration;correction_retraction_check;exclusions;independent_replication_check,17,apoptotic;differentiating;immune;muscle;neural;stem_progenitor,flow_cytometry;immunofluorescence;pcr;single_cell_sequencing;western_blot,
394,doi:10.1038/s41419-019-1397-4,PMC6393505,manual_priority,NONE,18,affiliation_resolved_lab_group;calibration;correction_retraction_check;exclusions;independent_replication_check,7,cancer_tumor;epithelial;migrating,flow_cytometry;immunofluorescence;pcr,
395,doi:10.1038/s41467-017-01322-9,PMC5665863,manual_priority,NONE,18,affiliation_resolved_lab_group;calibration;correction_retraction_check;independent_replication_check;measurement_modality,10,apoptotic;differentiating;epithelial;migrating;mitotic;stem_progenitor,,
396,doi:10.1038/s41467-019-10219-8,PMC6554348,manual_priority,NONE,18,affiliation_resolved_lab_group;calibration;correction_retraction_check;exclusions;independent_replication_check;source_data,5,neural,immunofluorescence;western_blot,strain_deformation
397,doi:10.1038/s41467-019-12003-0,PMC6739418,manual_priority,NONE,18,affiliation_resolved_lab_group;calibration;correction_retraction_check;exclusions;independent_replication_check,7,differentiating;epithelial;mitotic;stem_progenitor,flow_cytometry,
398,doi:10.1038/s41467-026-69602-x,PMC13035906,manual_priority,NONE,18,affiliation_resolved_lab_group;calibration;correction_retraction_check;exclusions;independent_replication_check,13,epithelial;fibroblast;immune;muscle,immunofluorescence;live_cell_imaging;pcr;single_cell_sequencing,
399,doi:10.1038/s41540-025-00601-2,PMC12572407,manual_priority,NONE,18,affiliation_resolved_lab_group;calibration;correction_retraction_check;exclusions;independent_replication_check;source_data,8,cancer_tumor;epithelial;migrating,afm;flow_cytometry;pcr,stiffness_modulus;strain_deformation
400,doi:10.1038/s41556-018-0232-y,PMC6314017,manual_priority,NONE,18,affiliation_resolved_lab_group;calibration;correction_retraction_check;exclusions;independent_replication_check,8,differentiating;epithelial;stem_progenitor,immunofluorescence;pcr,
401,doi:10.1038/s41598-018-27184-9,PMC5995871,manual_priority,NONE,18,affiliation_resolved_lab_group;correction_retraction_check;exclusions;independent_replication_check;source_data,6,cancer_tumor;differentiating;epithelial;fibroblast;migrating,flow_cytometry;immunofluorescence;pcr;western_blot,
402,doi:10.1038/s41598-018-34747-3,PMC6226511,manual_priority,NONE,18,affiliation_resolved_lab_group;calibration;correction_retraction_check;exclusions;independent_replication_check,7,apoptotic;differentiating;fibroblast,immunofluorescence;pcr,
403,doi:10.1038/s41598-019-50866-x,PMC6803685,manual_priority,NONE,18,affiliation_resolved_lab_group;calibration;correction_retraction_check;exclusions;independent_replication_check,10,cancer_tumor;migrating;mitotic,immunofluorescence;live_cell_imaging;western_blot,
404,doi:10.1038/s41598-019-56739-7,PMC6934682,manual_priority,NONE,18,affiliation_resolved_lab_group;calibration;correction_retraction_check;exclusions;independent_replication_check;source_data,6,apoptotic;cancer_tumor,western_blot,viscosity_viscoelasticity
405,doi:10.1038/s41598-020-76117-y,PMC7645754,manual_priority,NONE,18,affiliation_resolved_lab_group;calibration;correction_retraction_check;exclusions;independent_replication_check,3,differentiating;fibroblast;mitotic;stem_progenitor,pcr,
406,doi:10.1038/s41598-025-27134-2,PMC12663238,manual_priority,NONE,18,affiliation_resolved_lab_group;calibration;correction_retraction_check;exclusions;independent_replication_check;source_data,5,cancer_tumor;epithelial;migrating;muscle,immunofluorescence;pcr;western_blot,migration_speed
407,doi:10.1038/s41598-025-27140-4,PMC12627602,manual_priority,NONE,18,affiliation_resolved_lab_group;calibration;correction_retraction_check;exclusions;independent_replication_check,4,apoptotic;differentiating;epithelial;migrating,afm;immunofluorescence;western_blot,
408,doi:10.1038/s41598-025-28261-6,PMC12749163,manual_priority,NONE,18,affiliation_resolved_lab_group;calibration;correction_retraction_check;exclusions;independent_replication_check,5,apoptotic;cancer_tumor;epithelial;immune;migrating;mitotic,immunofluorescence;western_blot,
409,doi:10.1038/s41598-025-99383-0,PMC12056193,manual_priority,NONE,18,affiliation_resolved_lab_group;calibration;exclusions;independent_replication_check,7,apoptotic;cancer_tumor;migrating;neural,flow_cytometry;immunofluorescence;pcr;western_blot,
410,doi:10.1038/s42003-026-10493-5,PMC13282386,manual_priority,NONE,18,affiliation_resolved_lab_group;calibration;correction_retraction_check;exclusions;independent_replication_check,4,apoptotic;differentiating;immune;migrating;muscle;stem_progenitor,immunofluorescence;pcr,
411,doi:10.1038/s44385-026-00066-w,PMC13055082,manual_priority,NONE,18,affiliation_resolved_lab_group;calibration;correction_retraction_check;exclusions;independent_replication_check,6,differentiating;epithelial;fibroblast;stem_progenitor,immunofluorescence;pcr,
412,doi:10.1038/srep31547,PMC4985743,manual_priority,NONE,18,affiliation_resolved_lab_group;calibration;correction_retraction_check;exclusions;independent_replication_check;source_data,6,differentiating;fibroblast;stem_progenitor,immunofluorescence;pcr,stiffness_modulus;strain_deformation;viscosity_viscoelasticity
413,doi:10.1039/d1ra01277k,PMC8697701,manual_priority,NONE,18,affiliation_resolved_lab_group;calibration;correction_retraction_check;exclusions;independent_replication_check;source_data,5,cancer_tumor;epithelial;migrating,afm;micropipette_aspiration;piv;traction_force_microscopy,stiffness_modulus;traction_force
414,doi:10.1073/pnas.2320769121,PMC11260091,manual_priority,NONE,18,affiliation_resolved_lab_group;calibration;correction_retraction_check;exclusions;independent_replication_check;source_data,6,immune;migrating;mitotic,live_cell_imaging,membrane_tension;strain_deformation
415,doi:10.1073/pnas.2405560121,PMC11406304,manual_priority,NONE,18,affiliation_resolved_lab_group;calibration;exclusions;independent_replication_check;source_data,8,epithelial;migrating,afm;immunofluorescence;pcr;western_blot,cortical_tension;migration_speed;stiffness_modulus;strain_deformation;viscosity_viscoelasticity
416,doi:10.1073/pnas.2524111122,PMC12685142,manual_priority,NONE,18,affiliation_resolved_lab_group;calibration;correction_retraction_check;exclusions;independent_replication_check,8,differentiating;neural;stem_progenitor,western_blot,
417,doi:10.1083/jcb.201505007,PMC4602038,manual_priority,NONE,18,affiliation_resolved_lab_group;calibration;correction_retraction_check;exclusions;independent_replication_check;source_data,8,apoptotic;cancer_tumor;differentiating;epithelial;fibroblast,afm;flow_cytometry;immunofluorescence;western_blot,adhesion_force;stiffness_modulus
418,doi:10.1083/jcb.201708137,PMC5987719,manual_priority,NONE,18,affiliation_resolved_lab_group;calibration;correction_retraction_check;exclusions;independent_replication_check;source_data,7,differentiating;migrating,immunofluorescence;pcr,strain_deformation
419,doi:10.1091/mbc.e18-08-0545,PMC6589788,manual_priority,NONE,18,affiliation_resolved_lab_group;calibration;correction_retraction_check;exclusions;independent_replication_check;source_data,8,cancer_tumor;differentiating;epithelial,afm;flow_cytometry;immunofluorescence;traction_force_microscopy,stiffness_modulus;strain_deformation;traction_force
420,doi:10.1093/stmcls/sxag009,PMC13017134,manual_priority,NONE,18,affiliation_resolved_lab_group;calibration;correction_retraction_check;exclusions;independent_replication_check,8,apoptotic;differentiating;stem_progenitor,pcr;western_blot,
421,doi:10.1096/fj.202600886r,PMC13264399,manual_priority,NONE,18,affiliation_resolved_lab_group;calibration;correction_retraction_check;exclusions;independent_replication_check,6,apoptotic;differentiating;epithelial;fibroblast;migrating;muscle,immunofluorescence;pcr;western_blot,
422,doi:10.1115/1.4042317,PMC7164499,manual_priority,NONE,18,affiliation_resolved_lab_group;calibration;correction_retraction_check;exclusions;independent_replication_check;source_data,4,migrating;muscle,immunofluorescence,migration_speed;stiffness_modulus;strain_deformation;traction_force
423,doi:10.1126/sciadv.aea7025,PMC13101866,manual_priority,NONE,18,affiliation_resolved_lab_group;calibration;correction_retraction_check;exclusions;independent_replication_check;source_data,10,epithelial;migrating,immunofluorescence;pcr,cell_volume;strain_deformation
424,doi:10.1126/science.ady3136,PMC7619039,manual_priority,NONE,18,affiliation_resolved_lab_group;calibration;correction_retraction_check;exclusions;independent_replication_check,6,differentiating;fibroblast,afm;immunofluorescence;pcr;single_cell_sequencing;western_blot,
425,doi:10.1128/jb.00503-25,PMC12713402,manual_priority,NONE,18,affiliation_resolved_lab_group;calibration;correction_retraction_check;exclusions;independent_replication_check;source_data,8,differentiating;mitotic,western_blot,strain_deformation
426,doi:10.1155/2019/1484736,PMC6500679,manual_priority,NONE,18,affiliation_resolved_lab_group;calibration;correction_retraction_check;exclusions;independent_replication_check,7,apoptotic;differentiating;epithelial;fibroblast;muscle,flow_cytometry;pcr;western_blot,
427,doi:10.1155/jp/8266780,PMC13140943,manual_priority,NONE,18,affiliation_resolved_lab_group;calibration;correction_retraction_check;exclusions;independent_replication_check,1,differentiating;epithelial;migrating;muscle,immunofluorescence;pcr;western_blot,
428,doi:10.1172/jci200260,PMC13132380,manual_priority,NONE,18,affiliation_resolved_lab_group;calibration;correction_retraction_check;exclusions;independent_replication_check,8,cancer_tumor;differentiating;epithelial;fibroblast;migrating;neural;stem_progenitor,flow_cytometry;immunofluorescence;pcr;single_cell_sequencing;western_blot,
429,doi:10.1186/s11658-025-00765-z,PMC12291249,manual_priority,NONE,18,affiliation_resolved_lab_group;calibration;correction_retraction_check;exclusions;independent_replication_check,2,apoptotic;differentiating;fibroblast;migrating;mitotic;neural;stem_progenitor,immunofluorescence;single_cell_sequencing;western_blot,
430,doi:10.1186/s11658-026-00898-9,PMC13154437,manual_priority,NONE,18,affiliation_resolved_lab_group;calibration;correction_retraction_check;exclusions;independent_replication_check,9,apoptotic;differentiating;epithelial;fibroblast;immune;migrating;muscle;stem_progenitor,flow_cytometry;immunofluorescence;pcr;single_cell_sequencing;western_blot,
431,doi:10.1186/s12870-025-07632-1,PMC12642101,manual_priority,NONE,18,affiliation_resolved_lab_group;calibration;correction_retraction_check;exclusions;independent_replication_check,8,differentiating;mitotic,pcr,
432,doi:10.1186/s12896-026-01127-z,PMC13123019,manual_priority,NONE,18,affiliation_resolved_lab_group;calibration;correction_retraction_check;exclusions;independent_replication_check;source_data,7,differentiating;stem_progenitor,flow_cytometry;immunofluorescence;pcr,strain_deformation;viscosity_viscoelasticity
433,doi:10.1186/s12951-020-00765-5,PMC7802323,manual_priority,NONE,18,affiliation_resolved_lab_group;calibration;correction_retraction_check;exclusions;independent_replication_check;source_data,5,migrating,pcr,membrane_tension;strain_deformation;traction_force
434,doi:10.1186/s12967-025-07630-9,PMC12903623,manual_priority,NONE,18,affiliation_resolved_lab_group;calibration;correction_retraction_check;exclusions;independent_replication_check,3,apoptotic;cancer_tumor;differentiating;epithelial;mitotic;stem_progenitor,immunofluorescence;pcr;single_cell_sequencing;western_blot,
435,doi:10.1186/s12967-026-07864-1,PMC13097837,manual_priority,NONE,18,affiliation_resolved_lab_group;calibration;correction_retraction_check;exclusions;independent_replication_check;source_data,7,apoptotic;cancer_tumor;differentiating;epithelial;immune;migrating;stem_progenitor,immunofluorescence;pcr;western_blot,strain_deformation
436,doi:10.1186/s12974-018-1189-2,PMC5952884,manual_priority,NONE,18,affiliation_resolved_lab_group;calibration;correction_retraction_check;exclusions;independent_replication_check,5,fibroblast;migrating;neural,flow_cytometry,
437,doi:10.1186/s13046-019-1130-2,PMC6429712,manual_priority,NONE,18,affiliation_resolved_lab_group;calibration;correction_retraction_check;exclusions;independent_replication_check,9,apoptotic;cancer_tumor;epithelial;migrating;mitotic;stem_progenitor,flow_cytometry;immunofluorescence;pcr;western_blot,
438,doi:10.1186/s13048-026-02068-z,PMC13126956,manual_priority,NONE,18,affiliation_resolved_lab_group;calibration;correction_retraction_check;exclusions;independent_replication_check,1,cancer_tumor;epithelial;immune;migrating;mitotic,flow_cytometry;pcr;single_cell_sequencing,
439,doi:10.1186/s40478-019-0735-1,PMC6530067,manual_priority,NONE,18,affiliation_resolved_lab_group;calibration;correction_retraction_check;exclusions;independent_replication_check,7,neural,immunofluorescence;pcr;western_blot,
440,doi:10.1242/bio.021378,PMC5087688,manual_priority,NONE,18,affiliation_resolved_lab_group;calibration;correction_retraction_check;exclusions;independent_replication_check;source_data,5,cancer_tumor;epithelial;migrating;stem_progenitor,live_cell_imaging;western_blot,migration_speed;strain_deformation
441,doi:10.1242/jcs.263938,PMC12450467,manual_priority,NONE,18,affiliation_resolved_lab_group;calibration;correction_retraction_check;exclusions;independent_replication_check;source_data,8,differentiating;epithelial;fibroblast;immune;migrating,afm;immunofluorescence;pcr;piv;single_cell_sequencing,cortical_tension;membrane_tension;stiffness_modulus;strain_deformation
442,doi:10.1242/jcs.264118,PMC12989073,manual_priority,NONE,18,affiliation_resolved_lab_group;calibration;correction_retraction_check;exclusions;independent_replication_check;source_data,9,mitotic,immunofluorescence;live_cell_imaging,strain_deformation
443,doi:10.1371/journal.pone.0037178,PMC3353896,manual_priority,NONE,18,affiliation_resolved_lab_group;calibration;correction_retraction_check;exclusions;independent_replication_check;source_data,4,differentiating;fibroblast;mitotic;stem_progenitor,flow_cytometry;immunofluorescence,traction_force
444,doi:10.1371/journal.pone.0046889,PMC3485289,manual_priority,NONE,18,affiliation_resolved_lab_group;calibration;correction_retraction_check;exclusions;independent_replication_check;source_data,6,apoptotic;immune;muscle,afm;flow_cytometry;immunofluorescence;pcr,stiffness_modulus
445,doi:10.1371/journal.pone.0053430,PMC3537614,manual_priority,NONE,18,affiliation_resolved_lab_group;calibration;correction_retraction_check;exclusions;independent_replication_check;source_data,4,differentiating;epithelial;muscle;stem_progenitor,immunofluorescence;pcr;traction_force_microscopy;western_blot,traction_force;viscosity_viscoelasticity
446,doi:10.1371/journal.pone.0342326,PMC12875467,manual_priority,NONE,18,affiliation_resolved_lab_group;correction_retraction_check;exclusions;independent_replication_check;source_data,3,apoptotic;cancer_tumor;epithelial;fibroblast,flow_cytometry;immunofluorescence;pcr;western_blot,
447,doi:10.1371/journal.pone.0347313,PMC13170830,manual_priority,NONE,18,affiliation_resolved_lab_group;calibration;correction_retraction_check;exclusions;independent_replication_check,6,apoptotic;cancer_tumor;differentiating;fibroblast;immune;mitotic,flow_cytometry;pcr;western_blot,
448,doi:10.26508/lsa.202503600,PMC13062534,manual_priority,NONE,18,affiliation_resolved_lab_group;calibration;correction_retraction_check;exclusions;independent_replication_check,9,differentiating;fibroblast;mitotic;muscle;stem_progenitor,immunofluorescence;pcr;western_blot,
449,doi:10.3389/fbioe.2026.1834218,PMC13212446,manual_priority,NONE,18,affiliation_resolved_lab_group;calibration;correction_retraction_check;exclusions;independent_replication_check,4,apoptotic;cancer_tumor;migrating,afm;flow_cytometry;immunofluorescence,
450,doi:10.3389/fcell.2025.1570587,PMC12521193,manual_priority,NONE,18,affiliation_resolved_lab_group;calibration;correction_retraction_check;exclusions;independent_replication_check,8,apoptotic;differentiating;immune;migrating;muscle;neural,flow_cytometry;immunofluorescence;pcr;single_cell_sequencing,
451,doi:10.3389/fimmu.2026.1743950,PMC12936047,manual_priority,NONE,18,affiliation_resolved_lab_group;calibration;correction_retraction_check;exclusions;independent_replication_check,4,cancer_tumor;differentiating;immune,immunofluorescence;pcr;western_blot,
452,doi:10.3389/fmolb.2023.1254691,PMC10616263,manual_priority,NONE,18,affiliation_resolved_lab_group;calibration;correction_retraction_check;exclusions;independent_replication_check,10,apoptotic;differentiating;epithelial;migrating;mitotic,flow_cytometry;immunofluorescence;pcr,
453,doi:10.3389/fonc.2026.1734983,PMC13111407,manual_priority,NONE,18,affiliation_resolved_lab_group;calibration;correction_retraction_check;exclusions;independent_replication_check,6,apoptotic;cancer_tumor;epithelial;migrating,pcr;western_blot,
454,doi:10.3389/fonc.2026.1764850,PMC13070961,manual_priority,NONE,18,affiliation_resolved_lab_group;calibration;correction_retraction_check;exclusions;independent_replication_check,5,apoptotic;cancer_tumor;differentiating;epithelial;fibroblast;migrating;stem_progenitor,flow_cytometry;pcr;western_blot,
455,doi:10.3390/antiox15050640,PMC13203694,manual_priority,NONE,18,affiliation_resolved_lab_group;correction_retraction_check;exclusions;independent_replication_check;source_data,8,apoptotic;differentiating;immune,flow_cytometry;pcr;western_blot,
456,doi:10.3390/biology15110860,PMC13255711,manual_priority,NONE,18,affiliation_resolved_lab_group;calibration;correction_retraction_check;exclusions;independent_replication_check,5,apoptotic;differentiating;immune,pcr,
457,doi:10.3390/cells14120892,PMC12190492,manual_priority,NONE,18,affiliation_resolved_lab_group;calibration;correction_retraction_check;exclusions;independent_replication_check;source_data,6,apoptotic;differentiating;fibroblast;migrating;mitotic;muscle;stem_progenitor,immunofluorescence;pcr;single_cell_sequencing;traction_force_microscopy;western_blot,strain_deformation;traction_force
458,doi:10.3390/cells14141088,PMC12293314,manual_priority,NONE,18,affiliation_resolved_lab_group;calibration;correction_retraction_check;exclusions;independent_replication_check,3,fibroblast;muscle,afm;pcr,
459,doi:10.3390/cells15100860,PMC13204761,manual_priority,NONE,18,affiliation_resolved_lab_group;calibration;correction_retraction_check;exclusions;independent_replication_check,7,apoptotic;cancer_tumor;differentiating;epithelial;immune;migrating;neural,flow_cytometry;pcr;western_blot,
460,doi:10.3390/cells15121093,PMC13297192,manual_priority,NONE,18,affiliation_resolved_lab_group;correction_retraction_check;exclusions;independent_replication_check;source_data,7,epithelial;fibroblast;immune;stem_progenitor,immunofluorescence;pcr;western_blot,
461,doi:10.3390/cimb48050447,PMC13204259,manual_priority,NONE,18,affiliation_resolved_lab_group;calibration;correction_retraction_check;exclusions;independent_replication_check,6,apoptotic;cancer_tumor;differentiating;immune;migrating;mitotic,immunofluorescence;pcr,
462,doi:10.3390/ijms26094221,PMC12072577,manual_priority,NONE,18,affiliation_resolved_lab_group;calibration;correction_retraction_check;independent_replication_check;measurement_modality;source_data,3,apoptotic,,cell_volume;membrane_tension;strain_deformation
463,doi:10.3390/ijms262210838,PMC12652076,manual_priority,NONE,18,affiliation_resolved_lab_group;calibration;correction_retraction_check;independent_replication_check;measurement_modality,1,differentiating;mitotic,,
464,doi:10.3390/ijms27073322,PMC13074184,manual_priority,NONE,18,affiliation_resolved_lab_group;correction_retraction_check;exclusions;independent_replication_check;source_data,6,apoptotic;differentiating;neural;stem_progenitor,immunofluorescence;pcr;western_blot,
465,doi:10.3390/ijms27093845,PMC13164411,manual_priority,NONE,18,affiliation_resolved_lab_group;calibration;correction_retraction_check;exclusions;independent_replication_check,1,apoptotic;differentiating;fibroblast;mitotic;neural;stem_progenitor,flow_cytometry;immunofluorescence,
466,doi:10.3390/ijms27094146,PMC13163429,manual_priority,NONE,18,affiliation_resolved_lab_group;correction_retraction_check;exclusions;independent_replication_check;source_data,8,apoptotic;differentiating;fibroblast;muscle;stem_progenitor,flow_cytometry;immunofluorescence;pcr,
467,doi:10.3390/ijms27104551,PMC13207416,manual_priority,NONE,18,affiliation_resolved_lab_group;calibration;cell_type_state;independent_replication_check;source_data,9,,pcr,strain_deformation;viscosity_viscoelasticity
468,doi:10.3390/ijms27114834,PMC13257201,manual_priority,NONE,18,affiliation_resolved_lab_group;correction_retraction_check;exclusions;independent_replication_check;source_data,6,apoptotic;differentiating;neural;stem_progenitor,flow_cytometry;immunofluorescence;pcr;western_blot,
469,doi:10.3390/molecules31091380,PMC13165309,manual_priority,NONE,18,affiliation_resolved_lab_group;correction_retraction_check;independent_replication_check;measurement_modality;source_data,3,epithelial;muscle,,
470,doi:10.34133/research.1077,PMC13274629,manual_priority,NONE,18,affiliation_resolved_lab_group;calibration;correction_retraction_check;exclusions;independent_replication_check,7,neural,flow_cytometry;immunofluorescence;pcr;western_blot,
471,doi:10.3892/mmr.2017.6364,PMC5428737,manual_priority,NONE,18,affiliation_resolved_lab_group;correction_retraction_check;exclusions;independent_replication_check;source_data,4,apoptotic;differentiating;epithelial;fibroblast;muscle,pcr;western_blot,
472,doi:10.3892/ol.2018.9686,PMC6313053,manual_priority,NONE,18,affiliation_resolved_lab_group;calibration;correction_retraction_check;exclusions;independent_replication_check,4,apoptotic;cancer_tumor;immune;migrating,western_blot,
473,doi:10.3892/ol.2019.11055,PMC6888185,manual_priority,NONE,18,affiliation_resolved_lab_group;calibration;correction_retraction_check;exclusions;independent_replication_check,4,cancer_tumor;migrating,pcr;western_blot,
474,doi:10.3892/or.2025.8961,PMC12329650,manual_priority,NONE,18,affiliation_resolved_lab_group;calibration;correction_retraction_check;exclusions;independent_replication_check,4,apoptotic;cancer_tumor;differentiating;epithelial;migrating,pcr;western_blot,
475,doi:10.7150/thno.33444,PMC6735387,manual_priority,NONE,18,affiliation_resolved_lab_group;calibration;correction_retraction_check;exclusions;independent_replication_check,5,apoptotic;cancer_tumor;differentiating;epithelial;migrating;mitotic;stem_progenitor,flow_cytometry;pcr;western_blot,
476,doi:10.1002/glia.70141,PMC13022517,manual_priority,NONE,17,affiliation_resolved_lab_group;calibration;correction_retraction_check;exclusions;independent_replication_check;measurement_modality,6,neural,,
477,doi:10.1002/pro.70523,PMC12953715,manual_priority,NONE,17,affiliation_resolved_lab_group;calibration;cell_type_state;correction_retraction_check;exclusions;independent_replication_check,5,,afm;flow_cytometry,
478,doi:10.1038/celldisc.2017.46,PMC5735367,manual_priority,NONE,17,affiliation_resolved_lab_group;calibration;correction_retraction_check;independent_replication_check;source_data,4,differentiating;migrating;stem_progenitor,flow_cytometry;immunofluorescence;pcr,
479,doi:10.1038/s41419-026-08606-3,PMC13039504,manual_priority,NONE,17,affiliation_resolved_lab_group;calibration;correction_retraction_check;independent_replication_check;source_data,9,apoptotic;cancer_tumor;epithelial;immune;migrating,flow_cytometry;immunofluorescence;pcr;single_cell_sequencing;western_blot,
480,doi:10.1038/s41598-019-49009-z,PMC6731241,manual_priority,NONE,17,affiliation_resolved_lab_group;correction_retraction_check;exclusions;independent_replication_check;measurement_modality;source_data,5,cancer_tumor;epithelial;neural,,
481,doi:10.1038/srep28805,PMC4926206,manual_priority,NONE,17,affiliation_resolved_lab_group;calibration;cell_type_state;correction_retraction_check;exclusions;independent_replication_check;source_data,7,,piv;traction_force_microscopy;western_blot,traction_force
482,doi:10.1161/jaha.119.013673,PMC6915261,manual_priority,NONE,17,affiliation_resolved_lab_group;calibration;correction_retraction_check;independent_replication_check;source_data,7,fibroblast;migrating,immunofluorescence;pcr,
483,doi:10.1186/s12860-025-00563-7,PMC12849310,manual_priority,NONE,17,affiliation_resolved_lab_group;calibration;correction_retraction_check;exclusions;independent_replication_check;measurement_modality;source_data,6,cancer_tumor;migrating;mitotic,,migration_speed;traction_force
484,doi:10.1242/bio.062197,PMC12505270,manual_priority,NONE,17,affiliation_resolved_lab_group;calibration;correction_retraction_check;exclusions;independent_replication_check;measurement_modality;source_data,4,migrating,,migration_speed;strain_deformation
485,doi:10.21037/tcr-2025-aw-2336,PMC12776223,manual_priority,NONE,17,affiliation_resolved_lab_group;calibration;correction_retraction_check;independent_replication_check;source_data,6,cancer_tumor;differentiating;epithelial;fibroblast;immune;migrating;stem_progenitor,flow_cytometry;pcr;western_blot,
486,doi:10.3390/antiox14020137,PMC11851573,manual_priority,NONE,17,affiliation_resolved_lab_group;correction_retraction_check;exclusions;independent_replication_check;measurement_modality;source_data,8,apoptotic;cancer_tumor,,
487,doi:10.3390/biology15030240,PMC12897175,manual_priority,NONE,17,affiliation_resolved_lab_group;calibration;correction_retraction_check;independent_replication_check;source_data,10,cancer_tumor;differentiating;fibroblast;immune;migrating,flow_cytometry;pcr,
488,doi:10.3390/biology15110858,PMC13255591,manual_priority,NONE,17,affiliation_resolved_lab_group;calibration;correction_retraction_check;independent_replication_check;source_data,5,apoptotic;differentiating;epithelial;migrating,western_blot,
489,doi:10.3390/cells15080671,PMC13114339,manual_priority,NONE,17,affiliation_resolved_lab_group;calibration;correction_retraction_check;independent_replication_check;source_data,7,apoptotic;differentiating;epithelial;fibroblast;immune;muscle,western_blot,
490,doi:10.3390/cells15100857,PMC13204890,manual_priority,NONE,17,affiliation_resolved_lab_group;calibration;correction_retraction_check;independent_replication_check;source_data,4,cancer_tumor;differentiating;epithelial;fibroblast;migrating;muscle;stem_progenitor,immunofluorescence;pcr;single_cell_sequencing,
491,doi:10.3390/ijms20143568,PMC6678358,manual_priority,NONE,17,affiliation_resolved_lab_group;calibration;correction_retraction_check;independent_replication_check;source_data,4,cancer_tumor;differentiating;epithelial;migrating;mitotic;stem_progenitor,pcr,
492,doi:10.3390/ph19040560,PMC13118493,manual_priority,NONE,17,affiliation_resolved_lab_group;calibration;correction_retraction_check;independent_replication_check;source_data,7,apoptotic;fibroblast;immune;migrating,flow_cytometry;western_blot,
493,doi:10.3390/s25113510,PMC12158340,exception_candidate,validated_method,17,affiliation_resolved_lab_group;biological_replicates;correction_retraction_check;independent_replication_check,8,cancer_tumor;differentiating;fibroblast,afm,membrane_tension;stiffness_modulus;strain_deformation;viscosity_viscoelasticity
494,doi:10.1002/2211-5463.70129,PMC12871564,manual_priority,NONE,16,affiliation_resolved_lab_group;calibration;correction_retraction_check;exclusions;independent_replication_check;source_data,6,mitotic,flow_cytometry;immunofluorescence;western_blot,
495,doi:10.1002/advs.202416992,PMC12822483,exception_candidate,rare_modality,16,affiliation_resolved_lab_group;calibration;correction_retraction_check;independent_replication_check;source_data,4,apoptotic;differentiating;epithelial;fibroblast;migrating;mitotic;muscle;neural;stem_progenitor,immunofluorescence;magnetic_tweezers;optical_tweezers;traction_force_microscopy,adhesion_force;cortical_tension;membrane_tension;pressure;stiffness_modulus;strain_deformation;traction_force;viscosity_viscoelasticity
496,doi:10.1002/jemt.24368,PMC10952526,exception_candidate,rare_modality,16,affiliation_resolved_lab_group;biological_replicates;correction_retraction_check;exclusions;independent_replication_check,7,cancer_tumor;epithelial;migrating,afm;piv;traction_force_microscopy,stiffness_modulus;strain_deformation;traction_force
497,doi:10.1007/s00018-026-06247-5,PMC13198606,manual_priority,NONE,16,affiliation_resolved_lab_group;calibration;correction_retraction_check;exclusions;independent_replication_check;source_data,8,differentiating;epithelial;mitotic,western_blot,
498,doi:10.1007/s00125-026-06683-9,PMC13109171,manual_priority,NONE,16,affiliation_resolved_lab_group;calibration;cell_type_state;correction_retraction_check;independent_replication_check;source_data,6,,immunofluorescence;live_cell_imaging;pcr;western_blot,
499,doi:10.1016/j.bjorl.2026.101835,PMC13241628,manual_priority,NONE,16,affiliation_resolved_lab_group;calibration;correction_retraction_check;exclusions;independent_replication_check;source_data,4,cancer_tumor;epithelial;migrating,pcr;western_blot,
500,doi:10.1016/j.isci.2023.107129,PMC10331462,manual_priority,NONE,16,affiliation_resolved_lab_group;calibration;correction_retraction_check;exclusions;independent_replication_check;source_data,6,migrating;mitotic;neural;stem_progenitor,live_cell_imaging,
501,doi:10.1016/j.jcmgh.2019.02.003,PMC6468198,manual_priority,NONE,16,affiliation_resolved_lab_group;calibration;correction_retraction_check;exclusions;independent_replication_check;source_data,15,apoptotic;cancer_tumor;differentiating;epithelial;immune;stem_progenitor,immunofluorescence;pcr;western_blot,
502,doi:10.1016/j.stemcr.2018.11.019,PMC6335594,manual_priority,NONE,16,affiliation_resolved_lab_group;calibration;correction_retraction_check;exclusions;independent_replication_check;source_data,5,differentiating;fibroblast;neural;stem_progenitor,immunofluorescence;western_blot,
503,doi:10.1038/s41392-026-02737-x,PMC13272619,manual_priority,NONE,16,affiliation_resolved_lab_group;calibration;correction_retraction_check;exclusions;independent_replication_check;source_data,10,apoptotic;cancer_tumor;differentiating;epithelial;migrating;muscle,flow_cytometry;immunofluorescence;western_blot,
504,doi:10.1038/s41598-018-30640-1,PMC6092323,manual_priority,NONE,16,affiliation_resolved_lab_group;calibration;correction_retraction_check;exclusions;independent_replication_check;source_data,4,apoptotic;cancer_tumor;epithelial;migrating;stem_progenitor,immunofluorescence;pcr;western_blot,
505,doi:10.1038/s41598-019-43759-6,PMC6514003,manual_priority,NONE,16,affiliation_resolved_lab_group;calibration;correction_retraction_check;exclusions;independent_replication_check;source_data,5,cancer_tumor;muscle,immunofluorescence;pcr;western_blot,
506,doi:10.1038/s41598-019-46268-8,PMC6611770,manual_priority,NONE,16,affiliation_resolved_lab_group;calibration;correction_retraction_check;exclusions;independent_replication_check;source_data,5,differentiating;neural,immunofluorescence;western_blot,
507,doi:10.1038/s41598-019-55176-w,PMC6908609,manual_priority,NONE,16,affiliation_resolved_lab_group;calibration;correction_retraction_check;exclusions;independent_replication_check;source_data,7,apoptotic;differentiating;epithelial;fibroblast;muscle,immunofluorescence;pcr,
508,doi:10.1038/s41598-026-41141-x,PMC13129111,manual_priority,NONE,16,affiliation_resolved_lab_group;calibration;correction_retraction_check;exclusions;independent_replication_check;source_data,5,apoptotic;cancer_tumor;differentiating;migrating;muscle,pcr;western_blot,
509,doi:10.1039/d5na01128k,PMC13000760,exception_candidate,rare_modality,16,affiliation_resolved_lab_group;biological_replicates;correction_retraction_check;exclusions;independent_replication_check,9,cancer_tumor;differentiating;epithelial;fibroblast,afm;micropipette_aspiration,membrane_tension;stiffness_modulus;strain_deformation;viscosity_viscoelasticity
510,doi:10.1091/mbc.e25-07-0362,PMC13008262,manual_priority,NONE,16,affiliation_resolved_lab_group;calibration;correction_retraction_check;independent_replication_check;measurement_modality;source_data,6,migrating;mitotic,,
511,doi:10.1093/intbio/zyz021,PMC6686740,manual_priority,NONE,16,affiliation_resolved_lab_group;calibration;correction_retraction_check;exclusions;independent_replication_check;source_data,6,epithelial;migrating,immunofluorescence;pcr;western_blot,
512,doi:10.1093/nsr/nwag099,PMC13056720,manual_priority,NONE,16,affiliation_resolved_lab_group;calibration;correction_retraction_check;exclusions;independent_replication_check;source_data,5,apoptotic,afm;immunofluorescence;pcr;western_blot,
513,doi:10.1126/sciadv.aax7525,PMC6881163,manual_priority,NONE,16,affiliation_resolved_lab_group;calibration;correction_retraction_check;exclusions;independent_replication_check;source_data,6,differentiating;epithelial;migrating;stem_progenitor,flow_cytometry;immunofluorescence;pcr;western_blot,
514,doi:10.1126/sciadv.aed2478,PMC13232616,manual_priority,NONE,16,affiliation_resolved_lab_group;calibration;correction_retraction_check;exclusions;independent_replication_check;source_data,11,apoptotic;cancer_tumor;differentiating,immunofluorescence;pcr,
515,doi:10.1128/mbio.03917-25,PMC13170354,manual_priority,NONE,16,affiliation_resolved_lab_group;calibration;correction_retraction_check;exclusions;independent_replication_check;source_data,3,apoptotic;differentiating;immune;migrating;mitotic,flow_cytometry;live_cell_imaging;pcr;single_cell_sequencing,
516,doi:10.1161/circresaha.116.308870,PMC4959828,manual_priority,NONE,16,affiliation_resolved_lab_group;calibration;correction_retraction_check;exclusions;independent_replication_check;source_data,7,mitotic;muscle;stem_progenitor,immunofluorescence;pcr,
517,doi:10.1167/iovs.66.12.67,PMC12489861,manual_priority,NONE,16,affiliation_resolved_lab_group;calibration;correction_retraction_check;exclusions;independent_replication_check;source_data,10,apoptotic;differentiating;epithelial;migrating;muscle,immunofluorescence;pcr;western_blot,
518,doi:10.1167/iovs.66.14.13,PMC12599515,manual_priority,NONE,16,affiliation_resolved_lab_group;calibration;correction_retraction_check;exclusions;independent_replication_check;source_data,8,epithelial;migrating;stem_progenitor,flow_cytometry;immunofluorescence;pcr;western_blot,
519,doi:10.1167/iovs.67.3.13,PMC12974537,manual_priority,NONE,16,affiliation_resolved_lab_group;calibration;correction_retraction_check;exclusions;independent_replication_check;source_data,6,apoptotic;differentiating;epithelial;immune;migrating;muscle;stem_progenitor,immunofluorescence;pcr;western_blot,
520,doi:10.1177/23259671251405287,PMC12789407,manual_priority,NONE,16,affiliation_resolved_lab_group;calibration;correction_retraction_check;exclusions;independent_replication_check;source_data,11,differentiating;fibroblast;stem_progenitor,flow_cytometry;immunofluorescence;pcr;western_blot,
521,doi:10.1186/s12575-026-00339-z,PMC13227798,manual_priority,NONE,16,affiliation_resolved_lab_group;calibration;correction_retraction_check;exclusions;independent_replication_check;source_data,3,apoptotic;cancer_tumor;differentiating;epithelial;immune,single_cell_sequencing,
522,doi:10.1186/s12915-026-02629-0,PMC13170155,manual_priority,NONE,16,affiliation_resolved_lab_group;calibration;correction_retraction_check;exclusions;independent_replication_check;source_data,6,cancer_tumor;differentiating;epithelial;migrating;muscle,flow_cytometry;immunofluorescence;live_cell_imaging;western_blot,
523,doi:10.1186/s12957-026-04235-4,PMC12973647,manual_priority,NONE,16,affiliation_resolved_lab_group;calibration;correction_retraction_check;exclusions;independent_replication_check;source_data,6,apoptotic;cancer_tumor;differentiating;epithelial;fibroblast;migrating,pcr;western_blot,
524,doi:10.1186/s12967-026-08117-x,PMC13214462,manual_priority,NONE,16,affiliation_resolved_lab_group;calibration;correction_retraction_check;exclusions;independent_replication_check;source_data,3,cancer_tumor;differentiating;epithelial;migrating;stem_progenitor,immunofluorescence;pcr;western_blot,
525,doi:10.1186/s40478-017-0428-6,PMC5366134,manual_priority,NONE,16,affiliation_resolved_lab_group;calibration;correction_retraction_check;exclusions;independent_replication_check;source_data,8,apoptotic;immune;neural;stem_progenitor,immunofluorescence,
526,doi:10.1242/bio.062356,PMC13035065,manual_priority,NONE,16,affiliation_resolved_lab_group;calibration;correction_retraction_check;independent_replication_check;measurement_modality;source_data,8,epithelial;mitotic;neural,,
527,doi:10.1242/jcs.262232,PMC11795286,manual_priority,NONE,16,affiliation_resolved_lab_group;calibration;correction_retraction_check;exclusions;independent_replication_check;source_data,6,epithelial,immunofluorescence;western_blot,
528,doi:10.12659/msm.921626,PMC7027369,manual_priority,NONE,16,affiliation_resolved_lab_group;calibration;correction_retraction_check;exclusions;independent_replication_check;source_data,3,epithelial,immunofluorescence;pcr;western_blot,
529,doi:10.1371/journal.pone.0343926,PMC13038018,manual_priority,NONE,16,affiliation_resolved_lab_group;calibration;correction_retraction_check;exclusions;independent_replication_check;source_data,8,cancer_tumor;differentiating;epithelial;immune,flow_cytometry;immunofluorescence;live_cell_imaging,
530,doi:10.2147/cmar.s210029,PMC6750858,manual_priority,NONE,16,affiliation_resolved_lab_group;calibration;correction_retraction_check;exclusions;independent_replication_check;source_data,7,apoptotic;cancer_tumor;differentiating;epithelial;migrating,pcr;western_blot,
531,doi:10.2147/jir.s544852,PMC12717813,manual_priority,NONE,16,affiliation_resolved_lab_group;calibration;correction_retraction_check;exclusions;independent_replication_check;source_data,6,fibroblast;migrating;muscle,immunofluorescence;pcr;single_cell_sequencing;western_blot,
532,doi:10.3389/fphys.2018.00765,PMC6021521,manual_priority,NONE,16,affiliation_resolved_lab_group;calibration;correction_retraction_check;exclusions;independent_replication_check;source_data,2,apoptotic;differentiating;fibroblast;migrating,pcr;western_blot,
533,doi:10.3390/cells15010031,PMC12785124,manual_priority,NONE,16,affiliation_resolved_lab_group;calibration;correction_retraction_check;exclusions;independent_replication_check;source_data,7,apoptotic;differentiating;epithelial;migrating;stem_progenitor,flow_cytometry;immunofluorescence;single_cell_sequencing;western_blot,
534,doi:10.3390/cells8070653,PMC6678203,manual_priority,NONE,16,affiliation_resolved_lab_group;calibration;correction_retraction_check;exclusions;independent_replication_check;source_data,11,cancer_tumor;differentiating;epithelial;fibroblast,immunofluorescence;pcr;western_blot,
535,doi:10.3390/ijms19103207,PMC6214125,manual_priority,NONE,16,affiliation_resolved_lab_group;calibration;correction_retraction_check;exclusions;independent_replication_check;source_data,5,apoptotic;epithelial;fibroblast;migrating;muscle,western_blot,
536,doi:10.3390/ijms27114964,PMC13257296,manual_priority,NONE,16,affiliation_resolved_lab_group;calibration;correction_retraction_check;exclusions;independent_replication_check;source_data,9,apoptotic;cancer_tumor;differentiating;epithelial;migrating;mitotic;neural,immunofluorescence;pcr;western_blot,
537,doi:10.3390/pharmaceutics18050622,PMC13211287,manual_priority,NONE,16,affiliation_resolved_lab_group;calibration;correction_retraction_check;exclusions;independent_replication_check;source_data,7,apoptotic;cancer_tumor;migrating,immunofluorescence;pcr,
538,doi:10.3724/abbs.2025138,PMC13107016,manual_priority,NONE,16,affiliation_resolved_lab_group;calibration;correction_retraction_check;exclusions;independent_replication_check;source_data,7,apoptotic;cancer_tumor;differentiating;migrating,flow_cytometry;pcr;western_blot,
539,doi:10.3892/ol.2017.7552,PMC5777103,manual_priority,NONE,16,affiliation_resolved_lab_group;calibration;correction_retraction_check;exclusions;independent_replication_check;source_data,4,cancer_tumor;differentiating;epithelial;migrating;mitotic;muscle,pcr;western_blot,
540,doi:10.5607/en.2018.27.5.437,PMC6221838,manual_priority,NONE,16,affiliation_resolved_lab_group;calibration;correction_retraction_check;exclusions;independent_replication_check;source_data,10,differentiating;immune;neural,immunofluorescence;pcr;western_blot,
541,doi:10.7150/ijbs.133293,PMC13215252,manual_priority,NONE,16,affiliation_resolved_lab_group;calibration;correction_retraction_check;exclusions;independent_replication_check;source_data,15,cancer_tumor;differentiating;immune;neural,immunofluorescence;pcr;single_cell_sequencing;western_blot,
542,doi:10.1002/cpz1.70368,PMC13112130,exception_candidate,validated_method,15,affiliation_resolved_lab_group;calibration;correction_retraction_check;independent_replication_check;measurement_modality,3,apoptotic;cancer_tumor;differentiating;epithelial;mitotic,,
543,doi:10.1016/j.bpr.2025.100199,PMC11910095,exception_candidate,rare_modality,15,affiliation_resolved_lab_group;biological_replicates;correction_retraction_check;independent_replication_check;source_data,5,differentiating,afm;magnetic_tweezers;micropipette_aspiration;optical_tweezers,stiffness_modulus;strain_deformation;viscosity_viscoelasticity
544,doi:10.3389/fimmu.2022.898558,PMC9389945,exception_candidate,rare_modality,15,affiliation_resolved_lab_group;biological_replicates;correction_retraction_check;independent_replication_check;source_data,3,apoptotic;differentiating;immune,afm;magnetic_tweezers;optical_tweezers;piv;traction_force_microscopy,membrane_tension;strain_deformation;traction_force;viscosity_viscoelasticity
545,doi:10.1002/jcp.70184,PMC13159791,exception_candidate,rare_modality,14,affiliation_resolved_lab_group;biological_replicates;correction_retraction_check;exclusions;independent_replication_check;uncertainty,6,apoptotic;cancer_tumor;differentiating;epithelial;migrating;mitotic;stem_progenitor,afm;magnetic_tweezers;micropipette_aspiration;optical_tweezers,cortical_tension;membrane_tension;stiffness_modulus;strain_deformation;viscosity_viscoelasticity
546,doi:10.1002/mco2.70523,PMC12686584,exception_candidate,rare_modality,14,affiliation_resolved_lab_group;biological_replicates;correction_retraction_check;exclusions;independent_replication_check;uncertainty,3,apoptotic;cancer_tumor;differentiating;epithelial;fibroblast;immune;migrating;mitotic;muscle;stem_progenitor,afm;immunofluorescence;magnetic_tweezers;micropipette_aspiration;optical_tweezers;traction_force_microscopy,membrane_tension;pressure;stiffness_modulus;strain_deformation;traction_force;viscosity_viscoelasticity
547,doi:10.1007/s00249-021-01587-5,PMC8964576,exception_candidate,rare_modality,14,affiliation_resolved_lab_group;biological_replicates;correction_retraction_check;exclusions;independent_replication_check;uncertainty,1,cancer_tumor;differentiating;immune;migrating;stem_progenitor,afm;magnetic_tweezers;micropipette_aspiration;optical_tweezers;traction_force_microscopy,cortical_tension;membrane_tension;stiffness_modulus;strain_deformation;traction_force;viscosity_viscoelasticity
548,doi:10.1007/s12551-021-00837-2,PMC8553672,exception_candidate,rare_modality,14,affiliation_resolved_lab_group;biological_replicates;correction_retraction_check;exclusions;independent_replication_check;uncertainty,1,apoptotic;differentiating;fibroblast;muscle;stem_progenitor,afm;magnetic_tweezers;optical_tweezers;traction_force_microscopy,stiffness_modulus;strain_deformation;traction_force
549,doi:10.1063/5.0068126,PMC8604565,exception_candidate,rare_modality,14,affiliation_resolved_lab_group;biological_replicates;correction_retraction_check;exclusions;independent_replication_check;uncertainty,4,migrating,afm;flow_cytometry;magnetic_tweezers;micropipette_aspiration;optical_tweezers,stiffness_modulus;strain_deformation;viscosity_viscoelasticity
550,doi:10.3390/ijms22179587,PMC8431109,exception_candidate,rare_modality,14,affiliation_resolved_lab_group;biological_replicates;correction_retraction_check;exclusions;independent_replication_check;source_data,5,cancer_tumor;differentiating;fibroblast;immune;migrating;mitotic;neural,afm;immunofluorescence;micropipette_aspiration;western_blot,adhesion_force;stiffness_modulus;strain_deformation;traction_force;viscosity_viscoelasticity
551,doi:10.3390/ijms27073259,PMC13073268,manual_priority,NONE,14,affiliation_resolved_lab_group;calibration;cell_type_state;exclusions;independent_replication_check;measurement_modality;source_data,1,,,
552,doi:10.1007/s00249-026-01814-x,PMC12929246,exception_candidate,rare_modality,13,affiliation_resolved_lab_group;biological_replicates;cell_type_state;correction_retraction_check;exclusions;independent_replication_check;source_data,2,,afm;micropipette_aspiration,stiffness_modulus;strain_deformation;viscosity_viscoelasticity
553,doi:10.3390/cells14130943,PMC12248722,exception_candidate,rare_modality,13,affiliation_resolved_lab_group;biological_replicates;calibration;correction_retraction_check;independent_replication_check;source_data,2,apoptotic;cancer_tumor;differentiating;epithelial;fibroblast;migrating;mitotic;stem_progenitor,afm;live_cell_imaging;micropipette_aspiration,adhesion_force;cell_volume;cortical_tension;membrane_tension;migration_speed;pressure;stiffness_modulus;strain_deformation;traction_force;viscosity_viscoelasticity
554,doi:10.1002/mco2.70073,PMC11758262,exception_candidate,rare_modality,12,affiliation_resolved_lab_group;biological_replicates;calibration;correction_retraction_check;exclusions;independent_replication_check;uncertainty,1,apoptotic;cancer_tumor;differentiating;epithelial;immune;migrating;mitotic;stem_progenitor,afm;micropipette_aspiration,migration_speed;strain_deformation;traction_force;viscosity_viscoelasticity
555,doi:10.1007/s12195-024-00801-6,PMC11082129,exception_candidate,rare_modality,12,affiliation_resolved_lab_group;biological_replicates;correction_retraction_check;exclusions;independent_replication_check;sample_size;source_data,4,cancer_tumor;differentiating;epithelial;fibroblast;migrating;muscle;stem_progenitor,afm;piv;traction_force_microscopy,stiffness_modulus;strain_deformation;traction_force
556,doi:10.1007/s12551-017-0302-6,PMC5578935,exception_candidate,rare_modality,12,affiliation_resolved_lab_group;biological_replicates;correction_retraction_check;exclusions;independent_replication_check;sample_size;source_data,1,differentiating,afm;magnetic_tweezers;micropipette_aspiration,membrane_tension;pressure;stiffness_modulus;strain_deformation
557,doi:10.1007/s12551-019-00585-4,PMC6815269,exception_candidate,rare_modality,12,affiliation_resolved_lab_group;biological_replicates;correction_retraction_check;exclusions;independent_replication_check;sample_size;source_data,3,fibroblast,afm;optical_tweezers,viscosity_viscoelasticity
558,doi:10.1007/s12551-025-01349-z,PMC12686234,exception_candidate,rare_modality,12,affiliation_resolved_lab_group;biological_replicates;correction_retraction_check;exclusions;independent_replication_check;sample_size;uncertainty,4,migrating;mitotic,magnetic_tweezers;optical_tweezers,viscosity_viscoelasticity
559,doi:10.1016/j.mbm.2025.100160,PMC12552974,exception_candidate,rare_modality,12,affiliation_resolved_lab_group;biological_replicates;correction_retraction_check;exclusions;independent_replication_check;source_data;uncertainty,3,apoptotic;cancer_tumor;differentiating;epithelial;immune;stem_progenitor,afm;magnetic_tweezers;traction_force_microscopy,membrane_tension;pressure;strain_deformation;traction_force
560,doi:10.1017/qrd.2024.28,PMC11950791,exception_candidate,rare_modality,12,affiliation_resolved_lab_group;biological_replicates;correction_retraction_check;exclusions;independent_replication_check;sample_size;source_data,1,apoptotic;differentiating;stem_progenitor,afm;magnetic_tweezers;optical_tweezers;traction_force_microscopy,strain_deformation;traction_force;viscosity_viscoelasticity
561,doi:10.1021/acs.nanolett.9b04083,PMC7146861,exception_candidate,rare_modality,12,affiliation_resolved_lab_group;biological_replicates;calibration;correction_retraction_check;exclusions;independent_replication_check;source_data,11,migrating;stem_progenitor,flow_cytometry;live_cell_imaging;piv;traction_force_microscopy,strain_deformation;traction_force
562,doi:10.1063/1.5020992,PMC6481721,exception_candidate,rare_modality,12,affiliation_resolved_lab_group;biological_replicates;calibration;correction_retraction_check;exclusions;independent_replication_check;source_data,5,cancer_tumor;epithelial;fibroblast,afm;micropipette_aspiration,strain_deformation
563,doi:10.1093/bioadv/vbad156,PMC10625472,exception_candidate,rare_modality,12,affiliation_resolved_lab_group;biological_replicates;calibration;correction_retraction_check;exclusions;independent_replication_check;uncertainty,1,differentiating;migrating,piv;traction_force_microscopy,strain_deformation;traction_force
564,doi:10.3389/fnagi.2016.00088,PMC4854888,exception_candidate,validated_method,12,affiliation_resolved_lab_group;biological_replicates;calibration;correction_retraction_check;exclusions;independent_replication_check;source_data,8,apoptotic;muscle,afm,adhesion_force;stiffness_modulus;strain_deformation
565,doi:10.3389/fresc.2026.1811498,PMC13229876,exception_candidate,rare_modality,12,affiliation_resolved_lab_group;biological_replicates;calibration;cell_type_state;correction_retraction_check;independent_replication_check;sample_size,1,,piv,strain_deformation
566,doi:10.3390/bioengineering4010012,PMC5590431,exception_candidate,rare_modality,12,affiliation_resolved_lab_group;biological_replicates;correction_retraction_check;exclusions;independent_replication_check;sample_size;source_data,1,apoptotic;cancer_tumor;differentiating;epithelial;migrating;mitotic;muscle;stem_progenitor,afm;immunofluorescence;optical_tweezers;piv;traction_force_microscopy,stiffness_modulus;strain_deformation;traction_force;viscosity_viscoelasticity
567,doi:10.3390/biom16030457,PMC13024003,exception_candidate,rare_modality,12,affiliation_resolved_lab_group;biological_replicates;calibration;correction_retraction_check;exclusions;independent_replication_check;source_data,1,apoptotic;cancer_tumor;differentiating;epithelial;immune;migrating;mitotic;muscle;neural;stem_progenitor,afm;magnetic_tweezers;micropipette_aspiration,cell_volume;membrane_tension;pressure;stiffness_modulus;strain_deformation;viscosity_viscoelasticity
568,doi:10.3390/bios16020088,PMC12938097,exception_candidate,rare_modality,12,affiliation_resolved_lab_group;biological_replicates;correction_retraction_check;exclusions;independent_replication_check;sample_size;uncertainty,5,cancer_tumor;differentiating,piv,cortical_tension;membrane_tension;pressure;stiffness_modulus;strain_deformation;viscosity_viscoelasticity
569,doi:10.3390/ijms25116198,PMC11173168,exception_candidate,rare_modality,12,affiliation_resolved_lab_group;biological_replicates;correction_retraction_check;exclusions;independent_replication_check;sample_size;source_data,3,cancer_tumor;differentiating;migrating;muscle,afm;flow_cytometry;magnetic_tweezers;optical_tweezers;traction_force_microscopy,adhesion_force;strain_deformation;traction_force
570,doi:10.7150/ijbs.7.112,PMC3030147,exception_candidate,rare_modality,12,affiliation_resolved_lab_group;biological_replicates;correction_retraction_check;exclusions;independent_replication_check;sample_size;source_data,3,apoptotic;differentiating;migrating;mitotic;stem_progenitor,afm;micropipette_aspiration,pressure;stiffness_modulus;strain_deformation
571,doi:10.1080/19491034.2025.2545037,PMC12372515,exception_candidate,rare_modality,11,affiliation_resolved_lab_group;biological_replicates;calibration;correction_retraction_check;independent_replication_check;sample_size;uncertainty,1,differentiating;mitotic,afm;magnetic_tweezers;micropipette_aspiration;optical_tweezers,strain_deformation;viscosity_viscoelasticity
572,doi:10.1126/sciadv.aea6817,PMC12577691,exception_candidate,rare_modality,11,affiliation_resolved_lab_group;biological_replicates;calibration;correction_retraction_check;independent_replication_check;source_data;uncertainty,8,apoptotic;cancer_tumor;differentiating;epithelial;fibroblast;immune;migrating;mitotic;muscle;neural;stem_progenitor,afm;immunofluorescence;magnetic_tweezers;micropipette_aspiration;piv;traction_force_microscopy,membrane_tension;migration_speed;pressure;stiffness_modulus;strain_deformation;traction_force;viscosity_viscoelasticity
573,doi:10.3389/fcell.2019.00184,PMC6736998,exception_candidate,rare_modality,11,affiliation_resolved_lab_group;biological_replicates;calibration;correction_retraction_check;independent_replication_check;source_data;uncertainty,4,apoptotic;cancer_tumor;differentiating;epithelial;fibroblast;migrating,afm;magnetic_tweezers;micropipette_aspiration;optical_tweezers;traction_force_microscopy,stiffness_modulus;strain_deformation;traction_force;viscosity_viscoelasticity
574,doi:10.1016/j.ceb.2020.04.001,PMC7594640,exception_candidate,rare_modality,10,affiliation_resolved_lab_group;biological_replicates;correction_retraction_check;exclusions;independent_replication_check;sample_size;source_data;uncertainty,1,migrating;mitotic,magnetic_tweezers;micropipette_aspiration,cortical_tension;membrane_tension;migration_speed
575,doi:10.1016/j.jbc.2022.101867,PMC9092999,exception_candidate,rare_modality,10,affiliation_resolved_lab_group;biological_replicates;correction_retraction_check;exclusions;independent_replication_check;sample_size;source_data;uncertainty,5,cancer_tumor;differentiating;epithelial;migrating;muscle,piv;traction_force_microscopy,migration_speed;stiffness_modulus;strain_deformation;traction_force
576,doi:10.1021/acs.biochem.9b00453,PMC7007008,exception_candidate,rare_modality,10,affiliation_resolved_lab_group;biological_replicates;cell_type_state;correction_retraction_check;independent_replication_check;sample_size;source_data;uncertainty,2,,afm;magnetic_tweezers;optical_tweezers,strain_deformation
577,doi:10.1038/s41467-025-61888-7,PMC12328666,exception_candidate,rare_modality,10,affiliation_resolved_lab_group;biological_replicates;calibration;correction_retraction_check;exclusions;independent_replication_check;sample_size;source_data,1,differentiating;migrating;muscle;neural;stem_progenitor,afm;magnetic_tweezers;optical_tweezers;traction_force_microscopy,strain_deformation;traction_force;viscosity_viscoelasticity
578,doi:10.1063/1.5006599,PMC6324202,exception_candidate,rare_modality,10,affiliation_resolved_lab_group;biological_replicates;calibration;correction_retraction_check;exclusions;independent_replication_check;sample_size;source_data,5,apoptotic;differentiating;fibroblast;immune;migrating;mitotic;muscle,afm;live_cell_imaging;magnetic_tweezers;micropipette_aspiration;optical_tweezers;traction_force_microscopy,stiffness_modulus;traction_force;viscosity_viscoelasticity
579,doi:10.1063/5.0065302,PMC8516479,exception_candidate,rare_modality,10,affiliation_resolved_lab_group;biological_replicates;calibration;correction_retraction_check;exclusions;independent_replication_check;sample_size;uncertainty,2,cancer_tumor;differentiating;epithelial;fibroblast;migrating;mitotic;neural;stem_progenitor,afm;magnetic_tweezers;micropipette_aspiration;optical_tweezers,stiffness_modulus;strain_deformation;viscosity_viscoelasticity
580,doi:10.1080/19491034.2017.1285988,PMC5499908,exception_candidate,rare_modality,10,affiliation_resolved_lab_group;biological_replicates;calibration;correction_retraction_check;exclusions;independent_replication_check;source_data;uncertainty,1,apoptotic;cancer_tumor;differentiating;immune;migrating;mitotic;stem_progenitor,afm;magnetic_tweezers;micropipette_aspiration;optical_tweezers,membrane_tension;stiffness_modulus;strain_deformation;viscosity_viscoelasticity
581,doi:10.1186/s40824-022-00289-z,PMC9461125,exception_candidate,rare_modality,10,affiliation_resolved_lab_group;biological_replicates;calibration;correction_retraction_check;exclusions;independent_replication_check;sample_size;uncertainty,4,cancer_tumor;differentiating;fibroblast;migrating;mitotic;stem_progenitor,afm;magnetic_tweezers;micropipette_aspiration;optical_tweezers;piv;traction_force_microscopy,adhesion_force;membrane_tension;migration_speed;stiffness_modulus;strain_deformation;traction_force;viscosity_viscoelasticity
582,doi:10.2147/ijn.s5787,PMC2865008,exception_candidate,rare_modality,10,affiliation_resolved_lab_group;biological_replicates;correction_retraction_check;exclusions;independent_replication_check;sample_size;source_data;uncertainty,2,cancer_tumor;migrating,afm;magnetic_tweezers,stiffness_modulus;strain_deformation;viscosity_viscoelasticity
583,doi:10.21769/bioprotoc.5156,PMC11717713,exception_candidate,rare_modality,10,affiliation_resolved_lab_group;biological_replicates;calibration;correction_retraction_check;exclusions;independent_replication_check;source_data;uncertainty,3,apoptotic;differentiating;migrating,piv;traction_force_microscopy,strain_deformation;traction_force
584,doi:10.3389/fbioe.2019.00162,PMC6646473,exception_candidate,rare_modality,10,affiliation_resolved_lab_group;biological_replicates;correction_retraction_check;exclusions;independent_replication_check;sample_size;source_data;uncertainty,6,cancer_tumor;differentiating;epithelial;migrating;mitotic;neural;stem_progenitor,afm;magnetic_tweezers;micropipette_aspiration;optical_tweezers;traction_force_microscopy,migration_speed;stiffness_modulus;strain_deformation;traction_force;viscosity_viscoelasticity
585,doi:10.3389/fcell.2020.00054,PMC7027391,exception_candidate,rare_modality,10,affiliation_resolved_lab_group;biological_replicates;calibration;correction_retraction_check;exclusions;independent_replication_check;source_data;uncertainty,2,apoptotic;cancer_tumor;differentiating;epithelial;fibroblast;migrating;mitotic;muscle;stem_progenitor,afm;magnetic_tweezers;micropipette_aspiration;optical_tweezers;traction_force_microscopy,migration_speed;stiffness_modulus;strain_deformation;traction_force;viscosity_viscoelasticity
586,doi:10.3389/fcvm.2021.766513,PMC8655735,exception_candidate,rare_modality,10,affiliation_resolved_lab_group;biological_replicates;calibration;correction_retraction_check;exclusions;independent_replication_check;sample_size;source_data,1,epithelial,afm;optical_tweezers,viscosity_viscoelasticity
587,doi:10.3390/cancers17050858,PMC11899184,exception_candidate,validated_method,10,affiliation_resolved_lab_group;biological_replicates;calibration;correction_retraction_check;exclusions;independent_replication_check;source_data;uncertainty,11,apoptotic;cancer_tumor;differentiating;epithelial;migrating,afm;pcr,adhesion_force;cell_volume;stiffness_modulus;strain_deformation;viscosity_viscoelasticity
588,doi:10.3390/cells10020219,PMC7911798,exception_candidate,rare_modality,10,affiliation_resolved_lab_group;biological_replicates;calibration;correction_retraction_check;exclusions;independent_replication_check;sample_size;source_data,5,apoptotic;cancer_tumor;differentiating;epithelial;migrating,afm;flow_cytometry;immunofluorescence;micropipette_aspiration;optical_tweezers;pcr;western_blot,adhesion_force;stiffness_modulus;strain_deformation;viscosity_viscoelasticity
589,doi:10.3390/cells10040851,PMC8069647,exception_candidate,rare_modality,10,affiliation_resolved_lab_group;biological_replicates;calibration;correction_retraction_check;exclusions;independent_replication_check;source_data;uncertainty,1,immune,afm;magnetic_tweezers;micropipette_aspiration;optical_tweezers;traction_force_microscopy,cortical_tension;membrane_tension;stiffness_modulus;strain_deformation;traction_force;viscosity_viscoelasticity
590,doi:10.3390/cells10081905,PMC8392029,exception_candidate,rare_modality,10,affiliation_resolved_lab_group;biological_replicates;calibration;correction_retraction_check;exclusions;independent_replication_check;sample_size;uncertainty,7,apoptotic;differentiating;epithelial;fibroblast;migrating;mitotic,afm;optical_tweezers,cortical_tension;migration_speed;stiffness_modulus;strain_deformation;viscosity_viscoelasticity
591,doi:10.3390/cells15100876,PMC13204454,exception_candidate,rare_modality,10,affiliation_resolved_lab_group;biological_replicates;correction_retraction_check;exclusions;independent_replication_check;sample_size;source_data;uncertainty,1,cancer_tumor;differentiating;fibroblast;migrating;neural,afm;optical_tweezers;pcr,migration_speed;stiffness_modulus;strain_deformation;viscosity_viscoelasticity
592,doi:10.3390/ijms22063279,PMC8004672,exception_candidate,rare_modality,10,affiliation_resolved_lab_group;biological_replicates;calibration;correction_retraction_check;exclusions;independent_replication_check;sample_size;source_data,3,apoptotic;cancer_tumor;differentiating;epithelial;fibroblast;immune;migrating;mitotic;muscle,afm;micropipette_aspiration,cell_volume;stiffness_modulus;strain_deformation;traction_force;viscosity_viscoelasticity
593,doi:10.3390/nano11092385,PMC8470953,exception_candidate,rare_modality,10,affiliation_resolved_lab_group;biological_replicates;calibration;correction_retraction_check;exclusions;independent_replication_check;sample_size;uncertainty,1,apoptotic;differentiating,afm;flow_cytometry;magnetic_tweezers;micropipette_aspiration;optical_tweezers,traction_force
594,doi:10.3390/s25164981,PMC12390468,exception_candidate,rare_modality,10,affiliation_resolved_lab_group;biological_replicates;correction_retraction_check;exclusions;independent_replication_check;sample_size;source_data;uncertainty,3,differentiating,live_cell_imaging;piv,viscosity_viscoelasticity
595,doi:10.5772/59379,PMC6029242,exception_candidate,rare_modality,10,affiliation_resolved_lab_group;biological_replicates;calibration;correction_retraction_check;exclusions;independent_replication_check;source_data;uncertainty,3,apoptotic;cancer_tumor;differentiating;epithelial;fibroblast;immune;migrating;muscle;neural;stem_progenitor,afm;live_cell_imaging;micropipette_aspiration;optical_tweezers;pcr,cell_volume;pressure;stiffness_modulus;strain_deformation;traction_force;viscosity_viscoelasticity
596,doi:10.7150/ijms.41805,PMC7163363,exception_candidate,rare_modality,10,affiliation_resolved_lab_group;biological_replicates;calibration;correction_retraction_check;exclusions;independent_replication_check;sample_size;source_data,4,apoptotic;differentiating;epithelial;immune;muscle;stem_progenitor,afm;immunofluorescence;magnetic_tweezers;micropipette_aspiration;pcr,adhesion_force;cell_volume;stiffness_modulus;strain_deformation;viscosity_viscoelasticity
597,doi:10.1021/acsbiomaterials.5c01755,PMC12801189,exception_candidate,rare_modality,9,affiliation_resolved_lab_group;biological_replicates;correction_retraction_check;exclusions;independent_replication_check;sample_size;source_data;uncertainty;units,1,cancer_tumor;differentiating;migrating,afm;magnetic_tweezers;optical_tweezers;traction_force_microscopy,membrane_tension;strain_deformation;traction_force;viscosity_viscoelasticity
598,doi:10.1080/19420889.2015.1022010,PMC4594262,exception_candidate,rare_modality,9,affiliation_resolved_lab_group;biological_replicates;calibration;cell_type_state;correction_retraction_check;exclusions;independent_replication_check;source_data;uncertainty,1,,optical_tweezers,traction_force
599,doi:10.3389/fphys.2015.00335,PMC4649054,exception_candidate,rare_modality,9,affiliation_resolved_lab_group;biological_replicates;calibration;correction_retraction_check;exclusions;independent_replication_check;source_data;uncertainty;units,3,epithelial;muscle,afm;micropipette_aspiration;optical_tweezers,stiffness_modulus;strain_deformation
600,doi:10.1007/s00018-025-05828-0,PMC12370616,exception_candidate,rare_modality,8,affiliation_resolved_lab_group;biological_replicates;calibration;correction_retraction_check;exclusions;independent_replication_check;sample_size;source_data;uncertainty,1,apoptotic;cancer_tumor;epithelial;migrating;mitotic;muscle,live_cell_imaging;optical_tweezers,membrane_tension;migration_speed;pressure;stiffness_modulus;strain_deformation;traction_force;viscosity_viscoelasticity
601,doi:10.1007/s00249-011-0741-0,PMC3158336,exception_candidate,rare_modality,8,affiliation_resolved_lab_group;biological_replicates;calibration;correction_retraction_check;exclusions;independent_replication_check;sample_size;source_data;uncertainty,1,cancer_tumor;epithelial;migrating;mitotic,afm;optical_tweezers,cell_volume;membrane_tension;migration_speed;pressure;strain_deformation;viscosity_viscoelasticity
602,doi:10.1083/jcb.201609037,PMC5119943,exception_candidate,rare_modality,8,affiliation_resolved_lab_group;biological_replicates;calibration;correction_retraction_check;exclusions;independent_replication_check;sample_size;source_data;uncertainty,1,cancer_tumor;differentiating;epithelial;fibroblast;immune;migrating;stem_progenitor,afm;magnetic_tweezers;traction_force_microscopy,migration_speed;stiffness_modulus;strain_deformation;traction_force;viscosity_viscoelasticity
603,doi:10.1126/sciadv.adz7607,PMC12778047,exception_candidate,rare_modality,8,affiliation_resolved_lab_group;biological_replicates;calibration;correction_retraction_check;exclusions;independent_replication_check;sample_size;source_data;uncertainty,3,epithelial;migrating;mitotic,micropipette_aspiration,membrane_tension
604,doi:10.12703/p6-54,PMC4108948,exception_candidate,rare_modality,8,affiliation_resolved_lab_group;biological_replicates;calibration;correction_retraction_check;exclusions;independent_replication_check;sample_size;source_data;uncertainty,1,cancer_tumor;differentiating;epithelial;migrating;mitotic,afm;optical_tweezers,stiffness_modulus
605,doi:10.3389/fimmu.2018.02638,PMC6251326,exception_candidate,rare_modality,8,affiliation_resolved_lab_group;biological_replicates;calibration;correction_retraction_check;exclusions;independent_replication_check;sample_size;source_data;uncertainty,1,differentiating;epithelial;immune;migrating,afm;micropipette_aspiration;optical_tweezers;traction_force_microscopy,membrane_tension;strain_deformation;traction_force
606,doi:10.3390/cells9020364,PMC7072571,exception_candidate,rare_modality,8,affiliation_resolved_lab_group;biological_replicates;calibration;correction_retraction_check;exclusions;independent_replication_check;sample_size;source_data;uncertainty,1,apoptotic;differentiating;epithelial;immune;migrating;stem_progenitor,afm;magnetic_tweezers;micropipette_aspiration;optical_tweezers;traction_force_microscopy,cell_volume;strain_deformation;traction_force
607,doi:10.3390/cells9071623,PMC7408412,exception_candidate,rare_modality,8,affiliation_resolved_lab_group;biological_replicates;calibration;correction_retraction_check;exclusions;independent_replication_check;sample_size;source_data;uncertainty,1,migrating,afm;micropipette_aspiration,migration_speed;stiffness_modulus;strain_deformation;viscosity_viscoelasticity
608,doi:10.3389/fimmu.2012.00076,PMC3342345,exception_candidate,rare_modality,7,affiliation_resolved_lab_group;biological_replicates;calibration;correction_retraction_check;independent_replication_check;sample_size;source_data;uncertainty,1,immune,immunofluorescence;optical_tweezers,
609,doi:10.3389/fimmu.2015.00441,PMC4558533,exception_candidate,rare_modality,7,affiliation_resolved_lab_group;biological_replicates;calibration;correction_retraction_check;independent_replication_check;sample_size;source_data;uncertainty,2,apoptotic;differentiating;immune;migrating,optical_tweezers,
610,doi:10.3390/bios15090566,PMC12467927,exception_candidate,rare_modality,7,affiliation_resolved_lab_group;biological_replicates;calibration;cell_type_state;correction_retraction_check;exclusions;independent_replication_check;sample_size;source_data;uncertainty,1,,afm;flow_cytometry;micropipette_aspiration;optical_tweezers,stiffness_modulus;strain_deformation;viscosity_viscoelasticity
