Frame,Time_min,model_choice,used_thresh,review_mode,filename,Area_um2,Area_px,Perimeter_px,Solidity,Circularity,A0_um2,A_over_A0,EffectiveRadius_um,Series
0,0,saved,saved,reconstructed_from_saved_mask,MD-Experiment-0004_Position(64)_t002.png,128196.80460799999,30564.5,685.6538902521133,0.9772977985259557,0.8169909969941939,128196.80460799999,1.0,202.00571844355824,MD-Experiment-0004_Position(64)
1,60,saved,saved,reconstructed_from_saved_mask,MD-Experiment-0004_Position(64)_t005.png,186355.023872,44430.5,809.1097321510315,0.9877724791854248,0.8528569926937523,128196.80460799999,1.4536635639385562,243.5541961011428,MD-Experiment-0004_Position(64)
2,120,saved,saved,reconstructed_from_saved_mask,MD-Experiment-0004_Position(64)_t008.png,218594.541568,52117.0,876.8082181215286,0.9870550468272081,0.8518831913199911,128196.80460799999,1.7051481293657675,263.7817348621924,MD-Experiment-0004_Position(64)
3,180,saved,saved,reconstructed_from_saved_mask,MD-Experiment-0004_Position(64)_t011.png,252276.89984,60147.5,936.6488379240036,0.9891460757307898,0.8615368293051616,128196.80460799999,1.967887581998724,283.3764832777589,MD-Experiment-0004_Position(64)
4,240,saved,saved,reconstructed_from_saved_mask,MD-Experiment-0004_Position(64)_t014.png,280391.319552,66850.5,989.0752440690994,0.9861046575948667,0.8587284670895325,128196.80460799999,2.187194294033928,298.74960922739297,MD-Experiment-0004_Position(64)
5,300,saved,saved,reconstructed_from_saved_mask,MD-Experiment-0004_Position(64)_t017.png,309193.60511999996,73717.5,1055.7026591300964,0.9796150242852302,0.8311841089610605,128196.80460799999,2.4118667081090805,313.71863389748324,MD-Experiment-0004_Position(64)
6,360,saved,saved,reconstructed_from_saved_mask,MD-Experiment-0004_Position(64)_t020.png,334470.578176,79744.0,1086.2295721769333,0.9833829686218655,0.8493068680697274,128196.80460799999,2.609039899229498,326.29019548712955,MD-Experiment-0004_Position(64)
7,420,saved,saved,reconstructed_from_saved_mask,MD-Experiment-0004_Position(64)_t023.png,362129.915904,86338.5,1167.4427741765976,0.9652475767773094,0.7960551572248704,128196.80460799999,2.8247967413175417,339.51367029200446,MD-Experiment-0004_Position(64)
8,480,saved,saved,reconstructed_from_saved_mask,MD-Experiment-0004_Position(64)_t026.png,390617.62867199996,93130.5,1192.6143486499786,0.974841417715159,0.8228141246976836,128196.80460799999,3.0470153282402785,352.61516264047197,MD-Experiment-0004_Position(64)
9,540,saved,saved,reconstructed_from_saved_mask,MD-Experiment-0004_Position(64)_t029.png,421544.329216,100504.0,1240.856987953186,0.9754402651539048,0.8202566296056185,128196.80460799999,3.2882592550180765,366.3082410404758,MD-Experiment-0004_Position(64)
10,600,saved,saved,reconstructed_from_saved_mask,MD-Experiment-0004_Position(64)_t032.png,446338.957312,106415.5,1275.6681724786758,0.975336024893109,0.8217492448460046,128196.80460799999,3.481669911171457,376.92718487975174,MD-Experiment-0004_Position(64)
11,660,saved,saved,reconstructed_from_saved_mask,MD-Experiment-0004_Position(64)_t035.png,471792.091136,112484.0,1309.2245181798935,0.9775139804382492,0.8246551130393629,128196.80460799999,3.6802172454972273,387.5255950668456,MD-Experiment-0004_Position(64)
12,720,saved,saved,reconstructed_from_saved_mask,MD-Experiment-0004_Position(64)_t038.png,490381.24646399997,116916.0,1336.052945971489,0.9746939388002651,0.8230694356767391,128196.80460799999,3.8252220713572935,395.08631809849004,MD-Experiment-0004_Position(64)
13,780,saved,saved,reconstructed_from_saved_mask,MD-Experiment-0004_Position(64)_t041.png,509029.122048,121362.0,1371.0235093832016,0.9721753828037698,0.81133980843866,128196.80460799999,3.970684944952478,402.5282622417136,MD-Experiment-0004_Position(64)
14,840,saved,saved,reconstructed_from_saved_mask,MD-Experiment-0004_Position(64)_t044.png,528920.6087679999,126104.5,1413.2072732448578,0.964514623998042,0.7934667284669759,128196.80460799999,4.125848615223544,410.31775342678424,MD-Experiment-0004_Position(64)
15,900,saved,saved,reconstructed_from_saved_mask,MD-Experiment-0004_Position(64)_t047.png,544009.6174079999,129702.0,1422.6214870214462,0.9760212508983095,0.8053372903325695,128196.80460799999,4.243550524301068,416.1293541677011,MD-Experiment-0004_Position(64)
16,960,saved,saved,reconstructed_from_saved_mask,MD-Experiment-0004_Position(64)_t050.png,558626.766848,133187.0,1433.7930606603622,0.974447521391284,0.8141393618180859,128196.80460799999,4.35757169264997,421.68284595725004,MD-Experiment-0004_Position(64)
17,1020,saved,saved,reconstructed_from_saved_mask,MD-Experiment-0004_Position(64)_t053.png,571538.9317119999,136265.5,1453.491544008255,0.9725053169471446,0.8105331077259083,128196.80460799999,4.458293117832779,426.5284191034075,MD-Experiment-0004_Position(64)
18,1080,saved,saved,reconstructed_from_saved_mask,MD-Experiment-0004_Position(64)_t056.png,586036.5434879999,139722.0,1485.793061375618,0.966874035527199,0.7953494880109437,128196.80460799999,4.571381831863763,431.904185505544,MD-Experiment-0004_Position(64)
19,1140,saved,saved,reconstructed_from_saved_mask,MD-Experiment-0004_Position(64)_t059.png,597373.7472,142425.0,1495.5920493602753,0.9688940288100137,0.8001470283049507,128196.80460799999,4.6598177624368144,436.06188721374923,MD-Experiment-0004_Position(64)
20,1200,saved,saved,reconstructed_from_saved_mask,MD-Experiment-0004_Position(64)_t062.png,610759.8684159999,145616.5,1514.7219915390015,0.9694097988502878,0.7975438871958666,128196.80460799999,4.76423628719593,440.92051914276334,MD-Experiment-0004_Position(64)
21,1260,saved,saved,reconstructed_from_saved_mask,MD-Experiment-0004_Position(64)_t065.png,618976.509952,147575.5,1536.1189614534378,0.9659726131409795,0.7859129180601068,128196.80460799999,4.82833025241702,443.8764945717008,MD-Experiment-0004_Position(64)
22,1320,saved,saved,reconstructed_from_saved_mask,MD-Experiment-0004_Position(64)_t068.png,630867.361792,150410.5,1548.4621094465256,0.9691335751702631,0.7882915178943353,128196.80460799999,4.921084918778321,448.11975869077656,MD-Experiment-0004_Position(64)
23,1380,saved,saved,reconstructed_from_saved_mask,MD-Experiment-0004_Position(64)_t071.png,641374.0933119999,152915.5,1558.1189593076706,0.9714317477963949,0.7915168212257624,128196.80460799999,5.003042745668995,451.8359377510543,MD-Experiment-0004_Position(64)
24,1440,saved,saved,reconstructed_from_saved_mask,MD-Experiment-0004_Position(64)_t074.png,648529.575936,154621.5,1566.3199714422226,0.9733131479721265,0.7919883170836013,128196.80460799999,5.058859133962604,454.34939804407156,MD-Experiment-0004_Position(64)
25,1500,saved,saved,reconstructed_from_saved_mask,MD-Experiment-0004_Position(64)_t077.png,661441.7407999999,157700.0,1572.0184544324875,0.9748619151678499,0.8019111964684621,128196.80460799999,5.159580559145414,458.8501337378647,MD-Experiment-0004_Position(64)
26,1560,saved,saved,reconstructed_from_saved_mask,MD-Experiment-0004_Position(64)_t080.png,674500.706304,160813.5,1588.545365691185,0.9758337581009248,0.8008167057644613,128196.80460799999,5.261447103666018,463.3575758035177,MD-Experiment-0004_Position(64)
27,1620,saved,saved,reconstructed_from_saved_mask,MD-Experiment-0004_Position(64)_t083.png,687274.459136,163859.0,1614.8468815088272,0.9748492591612057,0.7896187744138641,128196.80460799999,5.361088844901766,467.72455020514633,MD-Experiment-0004_Position(64)
28,1680,saved,saved,reconstructed_from_saved_mask,MD-Experiment-0004_Position(64)_t086.png,700933.210112,167115.5,1613.7169382572174,0.9765526389603104,0.8064396668966458,128196.80460799999,5.467634019859641,472.3494155105834,MD-Experiment-0004_Position(64)
29,1740,saved,saved,reconstructed_from_saved_mask,MD-Experiment-0004_Position(64)_t089.png,712966.6682879999,169984.5,1640.2022199630737,0.9721677313827202,0.7940071174197604,128196.80460799999,5.561501087863371,476.38675363153175,MD-Experiment-0004_Position(64)
30,1800,saved,saved,reconstructed_from_saved_mask,MD-Experiment-0004_Position(64)_t092.png,729936.822272,174030.5,1666.9717736244202,0.9704618644658516,0.7870072619885073,128196.80460799999,5.69387688331234,482.02293183909643,MD-Experiment-0004_Position(64)
31,1860,saved,saved,reconstructed_from_saved_mask,MD-Experiment-0004_Position(64)_t095.png,745430.5812479999,177724.5,1671.2560466527939,0.9752570191539974,0.7995970477865886,128196.80460799999,5.814736049992638,487.11181824604483,MD-Experiment-0004_Position(64)
32,1920,saved,saved,reconstructed_from_saved_mask,MD-Experiment-0004_Position(64)_t098.png,759691.214848,181124.5,1686.4864913225174,0.975712831231516,0.8002419791620575,128196.80460799999,5.92597621423547,491.7491475672251,MD-Experiment-0004_Position(64)
33,1980,saved,saved,reconstructed_from_saved_mask,MD-Experiment-0004_Position(64)_t101.png,774872.498176,184744.0,1736.8712655305862,0.974727489526945,0.7695643589495894,128196.80460799999,6.044397912611036,496.63827550980415,MD-Experiment-0004_Position(64)
34,2040,saved,saved,reconstructed_from_saved_mask,MD-Experiment-0004_Position(64)_t104.png,791970.578432,188820.5,1724.6286288499832,0.9739491723878249,0.7977518593751631,128196.80460799999,6.177771597768654,502.0877061645712,MD-Experiment-0004_Position(64)
35,2100,saved,saved,reconstructed_from_saved_mask,MD-Experiment-0004_Position(64)_t107.png,807732.7728639999,192578.5,1728.8296389579773,0.9738679922729158,0.8096797257592102,128196.80460799999,6.300724696952346,507.05949058986903,MD-Experiment-0004_Position(64)
36,2160,saved,saved,reconstructed_from_saved_mask,MD-Experiment-0004_Position(64)_t110.png,823058.75968,196232.5,1747.5159291028976,0.9755482199939349,0.8074925320184915,128196.80460799999,6.420275155818024,511.8473797103124,MD-Experiment-0004_Position(64)
37,2220,saved,saved,reconstructed_from_saved_mask,MD-Experiment-0004_Position(64)_t113.png,836254.040064,199378.5,1770.8296365737915,0.9729031408055863,0.7989776390596135,128196.80460799999,6.523205025438008,515.9340348470015,MD-Experiment-0004_Position(64)
38,2280,saved,saved,reconstructed_from_saved_mask,MD-Experiment-0004_Position(64)_t116.png,849065.541632,202433.0,1781.072278380394,0.97358428860337,0.8019145383584042,128196.80460799999,6.623141225932046,519.8710954837368,MD-Experiment-0004_Position(64)
39,2340,saved,saved,reconstructed_from_saved_mask,MD-Experiment-0004_Position(64)_t119.png,863884.0176639999,205966.0,1803.4154232740402,0.973431795356531,0.795818149893265,128196.80460799999,6.738732843658493,524.3880465253033,MD-Experiment-0004_Position(64)
40,2400,saved,saved,reconstructed_from_saved_mask,MD-Experiment-0004_Position(64)_t122.png,878444.544,209437.5,1829.7413240671158,0.9692725278488686,0.7861128873351549,128196.80460799999,6.85231232311996,528.7887884774145,MD-Experiment-0004_Position(64)
41,2460,saved,saved,reconstructed_from_saved_mask,MD-Experiment-0004_Position(64)_t125.png,893191.716864,212953.5,1850.5108745098114,0.9679330571318835,0.7814682955171555,128196.80460799999,6.967347740025192,533.2089212825348,MD-Experiment-0004_Position(64)
42,2520,saved,saved,reconstructed_from_saved_mask,MD-Experiment-0004_Position(64)_t128.png,906877.7308159999,216216.5,1887.4814417362213,0.9642793431627019,0.7626641223040551,128196.80460799999,7.074105580002945,537.2784634420547,MD-Experiment-0004_Position(64)
43,2580,saved,saved,reconstructed_from_saved_mask,MD-Experiment-0004_Position(64)_t131.png,924265.218048,220362.0,1918.008349776268,0.9634069566129794,0.7527410186707382,128196.80460799999,7.209736786140785,542.4046057699873,MD-Experiment-0004_Position(64)
44,2640,saved,saved,reconstructed_from_saved_mask,MD-Experiment-0004_Position(64)_t134.png,937601.0076159999,223541.5,1933.4814385175705,0.9622013317665492,0.7514291013935812,128196.80460799999,7.3137626985555135,546.3036426933802,MD-Experiment-0004_Position(64)
45,2700,saved,saved,reconstructed_from_saved_mask,MD-Experiment-0004_Position(64)_t137.png,952861.98272,227180.0,1937.8073383569717,0.9671411269122621,0.7602540927305796,128196.80460799999,7.4328060331430255,550.7316853681693,MD-Experiment-0004_Position(64)
46,2760,saved,saved,reconstructed_from_saved_mask,MD-Experiment-0004_Position(64)_t140.png,965105.156096,230099.0,1955.4641914367676,0.967949419059558,0.7561794316026015,128196.80460799999,7.528308985915032,554.2585248711176,MD-Experiment-0004_Position(64)
47,2820,saved,saved,reconstructed_from_saved_mask,MD-Experiment-0004_Position(64)_t143.png,978283.6592639999,233241.0,1954.292622089386,0.9717362774710968,0.7674243478971173,128196.80460799999,7.6311079847535535,558.0298918837467,MD-Experiment-0004_Position(64)
48,2880,saved,saved,reconstructed_from_saved_mask,MD-Experiment-0004_Position(64)_t146.png,996067.508224,237481.0,1995.2043085098267,0.9677696727658014,0.749659389833743,128196.80460799999,7.769831013103437,563.0791553362221,MD-Experiment-0004_Position(64)
49,2940,saved,saved,reconstructed_from_saved_mask,MD-Experiment-0004_Position(64)_t149.png,1013736.0138239999,241693.5,2040.216499209404,0.9673427975649682,0.7296629994026129,128196.80460799999,7.907654304830768,568.0512258421128,MD-Experiment-0004_Position(64)
50,3000,saved,saved,reconstructed_from_saved_mask,MD-Experiment-0004_Position(64)_t152.png,1030538.395648,245699.5,2022.6185215711594,0.9681498921320422,0.7547205527966462,128196.80460799999,8.038721392465115,572.7395214464784,MD-Experiment-0004_Position(64)
51,3060,saved,saved,reconstructed_from_saved_mask,MD-Experiment-0004_Position(64)_t155.png,1046157.983744,249423.5,2019.7900953292847,0.9718278304643606,0.768306941179698,128196.80460799999,8.16056209000638,577.0636262456824,MD-Experiment-0004_Position(64)
52,3120,saved,saved,reconstructed_from_saved_mask,MD-Experiment-0004_Position(64)_t158.png,1063690.174464,253603.5,2066.902795791626,0.9695249928318838,0.7459762512638866,128196.80460799999,8.29732205663433,581.8789378972676,MD-Experiment-0004_Position(64)
53,3180,saved,saved,reconstructed_from_saved_mask,MD-Experiment-0004_Position(64)_t161.png,1077556.543488,256909.5,2110.358635663986,0.968990800773957,0.7248989926480508,128196.80460799999,8.405486757512802,585.659372600033,MD-Experiment-0004_Position(64)
54,3240,saved,saved,reconstructed_from_saved_mask,MD-Experiment-0004_Position(64)_t164.png,1096409.939968,261404.5,2103.2459374666214,0.9658806858595507,0.7425792442275228,128196.80460799999,8.552552798180896,590.7606310528748,MD-Experiment-0004_Position(64)
55,3300,saved,saved,reconstructed_from_saved_mask,MD-Experiment-0004_Position(64)_t167.png,1114713.8826239998,265768.5,2118.2165001630783,0.9674687391929524,0.7443422584510802,128196.80460799999,8.695332820756105,595.6714271354106,MD-Experiment-0004_Position(64)
56,3360,saved,saved,reconstructed_from_saved_mask,MD-Experiment-0004_Position(64)_t170.png,1137658.822656,271239.0,2132.518015384674,0.9653561018318486,0.7495085321650324,128196.80460799999,8.874314973253284,601.7707622970865,MD-Experiment-0004_Position(64)
57,3420,saved,saved,reconstructed_from_saved_mask,MD-Experiment-0004_Position(64)_t173.png,1155516.071936,275496.5,2198.2164994478226,0.9657750223918923,0.7164485750650073,128196.80460799999,9.013610561272063,606.4752174174052,MD-Experiment-0004_Position(64)
58,3480,saved,saved,reconstructed_from_saved_mask,MD-Experiment-0004_Position(64)_t176.png,1171754.319872,279368.0,2211.7728531360626,0.9647551230428146,0.7176380808038654,128196.80460799999,9.140277118879746,610.7216912750205,MD-Experiment-0004_Position(64)
59,3540,saved,saved,reconstructed_from_saved_mask,MD-Experiment-0004_Position(64)_t179.png,1187013.197824,283006.0,2205.68958735466,0.9653027080771612,0.730998896176105,128196.80460799999,9.259304094619575,614.6853145293247,MD-Experiment-0004_Position(64)
60,3600,saved,saved,reconstructed_from_saved_mask,MD-Experiment-0004_Position(64)_t182.png,1201888.29696,286552.5,2236.358636021614,0.9653384045020659,0.7199977910257247,128196.80460799999,9.375337401233457,618.524799026658,MD-Experiment-0004_Position(64)
61,3660,saved,saved,reconstructed_from_saved_mask,MD-Experiment-0004_Position(64)_t185.png,1216574.652416,290054.0,2310.7434101104736,0.9634361028625333,0.6826298523905292,128196.80460799999,9.48989841155589,622.2923261174137,MD-Experiment-0004_Position(64)
62,3720,saved,saved,reconstructed_from_saved_mask,MD-Experiment-0004_Position(64)_t188.png,1235270.762496,294511.5,2265.6723433732986,0.9622106129810049,0.7209711971974494,128196.80460799999,9.635737538647778,627.0557358132259,MD-Experiment-0004_Position(64)
63,3780,saved,saved,reconstructed_from_saved_mask,MD-Experiment-0004_Position(64)_t191.png,1252175.904768,298542.0,2382.4002693891525,0.9597739302919585,0.6609762318756552,128196.80460799999,9.767606209818581,631.3319014027306,MD-Experiment-0004_Position(64)
64,3840,saved,saved,reconstructed_from_saved_mask,MD-Experiment-0004_Position(64)_t194.png,1272302.272512,303340.5,2226.760656952858,0.9676797289710086,0.7687642576725835,128196.80460799999,9.924602071030117,636.3854111736637,MD-Experiment-0004_Position(64)
65,3900,saved,saved,reconstructed_from_saved_mask,MD-Experiment-0004_Position(64)_t197.png,1286986.530816,306841.5,2310.500769853592,0.9618584428652484,0.7222902060258083,128196.80460799999,10.039146722504867,640.0472921152879,MD-Experiment-0004_Position(64)
66,3960,saved,saved,reconstructed_from_saved_mask,MD-Experiment-0004_Position(64)_t200.png,1303866.507264,310866.0,2325.228692293167,0.96100086094568,0.7225231096671719,128196.80460799999,10.170819087503476,644.2310140982507,MD-Experiment-0004_Position(64)
67,4020,saved,saved,reconstructed_from_saved_mask,MD-Experiment-0004_Position(64)_t203.png,1320517.894144,314836.0,2375.512966156006,0.9632474984587661,0.7010991483421468,128196.80460799999,10.300708338104664,648.3316285579747,MD-Experiment-0004_Position(64)
68,4080,saved,saved,reconstructed_from_saved_mask,MD-Experiment-0004_Position(64)_t206.png,1346285.600768,320979.5,2337.9566119909286,0.9649571904424055,0.7379284693237391,128196.80460799999,10.50170949958285,654.626623619402,MD-Experiment-0004_Position(64)
69,4140,saved,saved,reconstructed_from_saved_mask,MD-Experiment-0004_Position(64)_t209.png,1364241.416192,325260.5,2364.240886092186,0.9634236646534897,0.7312362995077342,128196.80460799999,10.641773953442721,658.9776399205734,MD-Experiment-0004_Position(64)
70,4200,saved,saved,reconstructed_from_saved_mask,MD-Experiment-0004_Position(64)_t212.png,1376002.244608,328064.5,2362.5840294361115,0.9644828463113579,0.7385749503678282,128196.80460799999,10.73351437124769,661.8119958642432,MD-Experiment-0004_Position(64)
71,4260,saved,saved,reconstructed_from_saved_mask,MD-Experiment-0004_Position(64)_t215.png,1397248.49152,333130.0,2414.7677953243256,0.9620471767858793,0.7179147204180194,128196.80460799999,10.899245857121825,666.9017980978941,MD-Experiment-0004_Position(64)
72,4320,saved,saved,reconstructed_from_saved_mask,MD-Experiment-0004_Position(64)_t218.png,1416525.5127039999,337726.0,2404.081507205963,0.9619397958064705,0.7343041535797732,128196.80460799999,11.049616385021839,671.4864665242673,MD-Experiment-0004_Position(64)
73,4380,saved,saved,reconstructed_from_saved_mask,MD-Experiment-0004_Position(64)_t221.png,1437037.756416,342616.5,2424.7261683940887,0.9607030796537598,0.7323062474435863,128196.80460799999,11.209622274207005,676.3307805257623,MD-Experiment-0004_Position(64)
74,4440,saved,saved,reconstructed_from_saved_mask,MD-Experiment-0004_Position(64)_t224.png,1464170.708992,349085.5,2483.353584289551,0.9599346084412308,0.711319238240965,128196.80460799999,11.421273045526673,682.6858807188586,MD-Experiment-0004_Position(64)
75,4500,saved,saved,reconstructed_from_saved_mask,MD-Experiment-0004_Position(64)_t227.png,1482378.182656,353426.5,2457.838869333267,0.9661807420772421,0.7351943448610214,128196.80460799999,11.563300561108475,686.9174845660618,MD-Experiment-0004_Position(64)
76,4560,saved,saved,reconstructed_from_saved_mask,MD-Experiment-0004_Position(64)_t230.png,1500919.1034879999,357847.0,2507.1109416484833,0.9660809209229747,0.715418456839486,128196.80460799999,11.707929133471838,691.1999631093323,MD-Experiment-0004_Position(64)
77,4620,saved,saved,reconstructed_from_saved_mask,MD-Experiment-0004_Position(64)_t233.png,1524514.16064,363472.5,2508.1820098161697,0.9667413166230913,0.7260446425441671,128196.80460799999,11.891982528750674,696.6117490818652,MD-Experiment-0004_Position(64)
78,4680,saved,saved,reconstructed_from_saved_mask,MD-Experiment-0004_Position(64)_t236.png,1543338.1969919999,367960.5,2541.9221262931824,0.9667651927169544,0.7156267752657596,128196.80460799999,12.038819545551211,700.8992836546633,MD-Experiment-0004_Position(64)
79,4740,saved,saved,reconstructed_from_saved_mask,MD-Experiment-0004_Position(64)_t239.png,1555751.2396799999,370920.0,2550.1647667884827,0.9643591153541664,0.7167267813446261,128196.80460799999,12.135647564985522,703.7122991911056,MD-Experiment-0004_Position(64)
80,4800,saved,saved,reconstructed_from_saved_mask,MD-Experiment-0004_Position(64)_t242.png,1574426.37824,375372.5,2548.1231343746185,0.9620224454177569,0.726493102179458,128196.80460799999,12.281323103600583,707.9233583251313,MD-Experiment-0004_Position(64)
81,4860,saved,saved,reconstructed_from_saved_mask,MD-Experiment-0004_Position(64)_t245.png,1593634.1934079998,379952.0,2564.5079112052917,0.9645777535192496,0.7259897893379308,128196.80460799999,12.431153789527064,712.2285579238574,MD-Experiment-0004_Position(64)
82,4920,saved,saved,reconstructed_from_saved_mask,MD-Experiment-0004_Position(64)_t248.png,1609411.067904,383713.5,2559.578977704048,0.9675441582510685,0.7360034903764882,128196.80460799999,12.55422140064454,715.7453833923453,MD-Experiment-0004_Position(64)
0,0,saved,saved,reconstructed_from_saved_mask,MD-Experiment-0004_Position(65)_t002.png,209578.88512,49967.5,859.536139011383,0.9877732969596331,0.8499026878416767,209578.88512,1.0,258.2847867549944,MD-Experiment-0004_Position(65)
1,60,saved,saved,reconstructed_from_saved_mask,MD-Experiment-0004_Position(65)_t005.png,284229.10771199997,67765.5,1017.2173781394958,0.9784148251889605,0.8229831984240191,209578.88512,1.356191524490919,300.78719209089854,MD-Experiment-0004_Position(65)
2,120,saved,saved,reconstructed_from_saved_mask,MD-Experiment-0004_Position(65)_t008.png,332677.513216,79316.5,1100.3300768136978,0.977785585285724,0.8232418449932445,209578.88512,1.5873617851603543,325.4144148123919,MD-Experiment-0004_Position(65)
3,180,saved,saved,reconstructed_from_saved_mask,MD-Experiment-0004_Position(65)_t011.png,370860.35968,88420.0,1163.5432794094086,0.9779891604910961,0.8207205172573262,209578.88512,1.7695502076349627,343.58189544826206,MD-Experiment-0004_Position(65)
4,240,saved,saved,reconstructed_from_saved_mask,MD-Experiment-0004_Position(65)_t014.png,406811.836416,96991.5,1221.0407514572144,0.9806134932109313,0.8174914570868625,209578.88512,1.9410917096112472,359.850287408244,MD-Experiment-0004_Position(65)
5,300,saved,saved,reconstructed_from_saved_mask,MD-Experiment-0004_Position(65)_t017.png,438912.94208,104645.0,1272.3960911035538,0.9771504874313675,0.812238729473642,209578.88512,2.0942612698253864,373.77844860034065,MD-Experiment-0004_Position(65)
6,360,saved,saved,reconstructed_from_saved_mask,MD-Experiment-0004_Position(65)_t020.png,471381.049344,112386.0,1314.0529445409775,0.9794242986744751,0.817892735420332,209578.88512,2.2491819682793817,387.35674534708244,MD-Experiment-0004_Position(65)
7,420,saved,saved,reconstructed_from_saved_mask,MD-Experiment-0004_Position(65)_t023.png,502987.227136,119921.5,1360.1534492969513,0.9786714000081609,0.8145750461807747,209578.88512,2.3999899934957725,400.13223691869746,MD-Experiment-0004_Position(65)
8,480,saved,saved,reconstructed_from_saved_mask,MD-Experiment-0004_Position(65)_t026.png,530065.65376,126377.5,1387.9524393081665,0.9788737849037605,0.8243857097704654,209578.88512,2.5291939760844553,410.76165585200647,MD-Experiment-0004_Position(65)
9,540,saved,saved,reconstructed_from_saved_mask,MD-Experiment-0004_Position(65)_t029.png,555304.8780799999,132395.0,1416.1950792074203,0.981736344896113,0.8295360911768145,209578.88512,2.6496222544654024,420.42720242504356,MD-Experiment-0004_Position(65)
10,600,saved,saved,reconstructed_from_saved_mask,MD-Experiment-0004_Position(65)_t032.png,580581.851136,138421.5,1461.8346897363663,0.9770596062016708,0.8139859111400735,209578.88512,2.77023064992245,429.88945434317725,MD-Experiment-0004_Position(65)
11,660,saved,saved,reconstructed_from_saved_mask,MD-Experiment-0004_Position(65)_t035.png,617057.615872,147118.0,1486.4204769134521,0.9850585371896123,0.8367434419242283,209578.88512,2.9442737779556714,443.1879279459872,MD-Experiment-0004_Position(65)
12,720,saved,saved,reconstructed_from_saved_mask,MD-Experiment-0004_Position(65)_t038.png,634419.93728,151257.5,1509.8346900939941,0.9827850585093596,0.8338116964877585,209578.88512,3.0271176264571973,449.3797258759282,MD-Experiment-0004_Position(65)
13,780,saved,saved,reconstructed_from_saved_mask,MD-Experiment-0004_Position(65)_t041.png,653072.007168,155704.5,1522.8052538633347,0.9843376616808487,0.843766532288457,209578.88512,3.116115475058788,455.9377986869106,MD-Experiment-0004_Position(65)
14,840,saved,saved,reconstructed_from_saved_mask,MD-Experiment-0004_Position(65)_t044.png,670501.43744,159860.0,1544.704746246338,0.9836781786016461,0.8418965129882544,209578.88512,3.1992795316956024,461.9818570437528,MD-Experiment-0004_Position(65)
15,900,saved,saved,reconstructed_from_saved_mask,MD-Experiment-0004_Position(65)_t047.png,684254.560256,163139.0,1561.876320362091,0.9827591400051807,0.8403774273224629,209578.88512,3.264902186421174,466.695822989479,MD-Experiment-0004_Position(65)
16,960,saved,saved,reconstructed_from_saved_mask,MD-Experiment-0004_Position(65)_t050.png,697867.173888,166384.5,1585.089523434639,0.9804799142000153,0.8321759086892933,209578.88512,3.3298544053634864,471.3152031196245,MD-Experiment-0004_Position(65)
17,1020,saved,saved,reconstructed_from_saved_mask,MD-Experiment-0004_Position(65)_t053.png,713813.917696,170186.5,1606.3443576097488,0.9794709171326045,0.8288151224742585,209578.88512,3.405943863511282,476.66972517480013,MD-Experiment-0004_Position(65)
18,1080,saved,saved,reconstructed_from_saved_mask,MD-Experiment-0004_Position(65)_t056.png,725815.9185919999,173048.0,1630.3027294874191,0.9770402762055055,0.8181631914524798,209578.88512,3.463211087206684,480.6603607927358,MD-Experiment-0004_Position(65)
19,1140,saved,saved,reconstructed_from_saved_mask,MD-Experiment-0004_Position(65)_t059.png,741347.426304,176751.0,1648.1017155647278,0.9768540778936547,0.8177183067793489,209578.88512,3.537319257517386,485.7758895720046,MD-Experiment-0004_Position(65)
20,1200,saved,saved,reconstructed_from_saved_mask,MD-Experiment-0004_Position(65)_t062.png,754131.664896,179799.0,1681.356547832489,0.9723858197452746,0.7992405259427139,209578.88512,3.5983189072897384,489.94649138516985,MD-Experiment-0004_Position(65)
21,1260,saved,saved,reconstructed_from_saved_mask,MD-Experiment-0004_Position(65)_t065.png,769199.7020159999,183391.5,1705.0550310611725,0.9715102280823967,0.7927062196261753,209578.88512,3.670215640166108,494.81700617634255,MD-Experiment-0004_Position(65)
22,1320,saved,saved,reconstructed_from_saved_mask,MD-Experiment-0004_Position(65)_t068.png,782843.772928,186644.5,1717.942337155342,0.9700050931315483,0.7947085684303685,209578.88512,3.7353179566718366,499.18625007145477,MD-Experiment-0004_Position(65)
23,1380,saved,saved,reconstructed_from_saved_mask,MD-Experiment-0004_Position(65)_t071.png,797601.431552,190163.0,1724.327111005783,0.9717389693576945,0.803704816793553,209578.88512,3.8057337269224996,503.86944826745116,MD-Experiment-0004_Position(65)
24,1440,saved,saved,reconstructed_from_saved_mask,MD-Experiment-0004_Position(65)_t074.png,810297.58976,193190.0,1741.1555378437042,0.9700289718265306,0.8007913430291417,209578.88512,3.866313103517286,507.86389276213123,MD-Experiment-0004_Position(65)
25,1500,saved,saved,reconstructed_from_saved_mask,MD-Experiment-0004_Position(65)_t077.png,824142.987264,196491.0,1758.5281239748,0.9732022793292769,0.798461334465228,209578.88512,3.932376044428879,512.1844008510735,MD-Experiment-0004_Position(65)
26,1560,saved,saved,reconstructed_from_saved_mask,MD-Experiment-0004_Position(65)_t080.png,835775.8894079999,199264.5,1771.0550343990326,0.9719057966243059,0.7983175635551175,209578.88512,3.987882123380197,515.786514201968,MD-Experiment-0004_Position(65)
27,1620,saved,saved,reconstructed_from_saved_mask,MD-Experiment-0004_Position(65)_t083.png,851047.350272,202905.5,1789.7413251399994,0.9703545356508348,0.7960184816698076,209578.88512,4.0607494871666585,520.4774588799182,MD-Experiment-0004_Position(65)
28,1680,saved,saved,reconstructed_from_saved_mask,MD-Experiment-0004_Position(65)_t086.png,864800.473088,206184.5,1785.481440782547,0.9757741826330373,0.8127466674279847,209578.88512,4.12637214189223,524.66612255827,MD-Experiment-0004_Position(65)
29,1740,saved,saved,reconstructed_from_saved_mask,MD-Experiment-0004_Position(65)_t089.png,874090.856448,208399.5,1805.6824473142624,0.9755937138657291,0.8032001555884242,209578.88512,4.170700955621154,527.4767871956594,MD-Experiment-0004_Position(65)
30,1800,saved,saved,reconstructed_from_saved_mask,MD-Experiment-0004_Position(65)_t092.png,891453.1778559999,212539.0,1832.8956506252289,0.9736610036717464,0.795010776425451,209578.88512,4.253544804122679,532.6897404507823,MD-Experiment-0004_Position(65)
31,1860,saved,saved,reconstructed_from_saved_mask,MD-Experiment-0004_Position(65)_t095.png,905984.344064,216003.5,1843.9667201042175,0.9734491538790869,0.7982969959729731,209578.88512,4.322879871916745,537.0137553576334,MD-Experiment-0004_Position(65)
32,1920,saved,saved,reconstructed_from_saved_mask,MD-Experiment-0004_Position(65)_t098.png,924359.5898879999,220384.5,1866.3098665475845,0.9738642238807949,0.7951030264942524,209578.88512,4.410556861960274,542.4322960979966,MD-Experiment-0004_Position(65)
33,1980,saved,saved,reconstructed_from_saved_mask,MD-Experiment-0004_Position(65)_t101.png,941700.939776,224519.0,1894.2093609571457,0.9725605199834527,0.7863339128152679,209578.88512,4.493300645419523,547.4967752957704,MD-Experiment-0004_Position(65)
34,2040,saved,saved,reconstructed_from_saved_mask,MD-Experiment-0004_Position(65)_t104.png,955863.007232,227895.5,1903.907844543457,0.9726280253852818,0.7900485261477695,209578.88512,4.560874568469505,551.5982641735866,MD-Experiment-0004_Position(65)
35,2100,saved,saved,reconstructed_from_saved_mask,MD-Experiment-0004_Position(65)_t107.png,968676.605952,230950.5,1923.0794192552567,0.9688211827185663,0.7847554322585397,209578.88512,4.622014309301046,555.283117147894,MD-Experiment-0004_Position(65)
36,2160,saved,saved,reconstructed_from_saved_mask,MD-Experiment-0004_Position(65)_t110.png,981976.7439359999,234121.5,1956.8784070014954,0.9692645899012815,0.7682869914012876,209578.88512,4.685475559113423,559.0821993208132,MD-Experiment-0004_Position(65)
37,2220,saved,saved,reconstructed_from_saved_mask,MD-Experiment-0004_Position(65)_t113.png,996407.246848,237562.0,1955.3220604658127,0.969714039631564,0.780818755468072,209578.88512,4.754330314704558,563.1751746454127,MD-Experiment-0004_Position(65)
38,2280,saved,saved,reconstructed_from_saved_mask,MD-Experiment-0004_Position(65)_t116.png,1009495.57248,240682.5,1981.9322286844254,0.9675581149938192,0.7699752724679034,209578.88512,4.8167809075899335,566.8619062691984,MD-Experiment-0004_Position(65)
39,2340,saved,saved,reconstructed_from_saved_mask,MD-Experiment-0004_Position(65)_t119.png,1025926.7583999999,244600.0,1979.6063281297684,0.9705078303238068,0.7843477406025178,209578.88512,4.8951818682143395,571.456586014379,MD-Experiment-0004_Position(65)
40,2400,saved,saved,reconstructed_from_saved_mask,MD-Experiment-0004_Position(65)_t122.png,1035806.441472,246955.5,1991.848971605301,0.9705386477606779,0.7821962966512853,209578.88512,4.942322509631261,574.2015591178672,MD-Experiment-0004_Position(65)
41,2460,saved,saved,reconstructed_from_saved_mask,MD-Experiment-0004_Position(65)_t125.png,1051186.9542399999,250622.5,2021.8489710092545,0.9713523297185424,0.7704287823460428,209578.88512,5.015710211637564,578.448960377681,MD-Experiment-0004_Position(65)
42,2520,saved,saved,reconstructed_from_saved_mask,MD-Experiment-0004_Position(65)_t128.png,1068180.176896,254674.0,2023.6895917654037,0.970691426208295,0.7814598641128809,209578.88512,5.096792915395008,583.1057455826921,MD-Experiment-0004_Position(65)
43,2580,saved,saved,reconstructed_from_saved_mask,MD-Experiment-0004_Position(65)_t131.png,1084164.6694399999,258485.0,2039.4641951322556,0.9695611402850712,0.7809316768051104,209578.88512,5.173062490618902,587.452408739579,MD-Experiment-0004_Position(65)
44,2640,saved,saved,reconstructed_from_saved_mask,MD-Experiment-0004_Position(65)_t134.png,1100591.661056,262401.5,2062.476386666298,0.9725670211228192,0.7751722323415122,209578.88512,5.251443438234853,591.8861430761532,MD-Experiment-0004_Position(65)
45,2700,saved,saved,reconstructed_from_saved_mask,MD-Experiment-0004_Position(65)_t137.png,1118614.585344,266698.5,2077.1038007736206,0.9727947854696397,0.7768086201806393,209578.88512,5.33743933556812,596.7127293299321,MD-Experiment-0004_Position(65)
46,2760,saved,saved,reconstructed_from_saved_mask,MD-Experiment-0004_Position(65)_t140.png,1136899.6536319999,271058.0,2093.4053170681,0.9733586615770782,0.7772584421004334,209578.88512,5.424686045929854,601.5699455175541,MD-Experiment-0004_Position(65)
47,2820,saved,saved,reconstructed_from_saved_mask,MD-Experiment-0004_Position(65)_t143.png,1154129.8544639999,275166.0,2094.660152554512,0.9729850144622109,0.7880930409472068,209578.88512,5.506899484665031,606.11132856576,MD-Experiment-0004_Position(65)
48,2880,saved,saved,reconstructed_from_saved_mask,MD-Experiment-0004_Position(65)_t146.png,1168178.6757119999,278515.5,2119.731218099594,0.9729221321353841,0.7789285851392249,209578.88512,5.573933056486716,609.7891613567906,MD-Experiment-0004_Position(65)
49,2940,saved,saved,reconstructed_from_saved_mask,MD-Experiment-0004_Position(65)_t149.png,1185568.260096,282661.5,2132.90279006958,0.972809589691701,0.7807902807992352,209578.88512,5.656906989543203,614.3110758681407,MD-Experiment-0004_Position(65)
50,3000,saved,saved,reconstructed_from_saved_mask,MD-Experiment-0004_Position(65)_t152.png,1205499.592704,287413.5,2167.04492688179,0.9699626072342178,0.7690971412920548,209578.88512,5.752008805723721,619.4533381524521,MD-Experiment-0004_Position(65)
51,3060,saved,saved,reconstructed_from_saved_mask,MD-Experiment-0004_Position(65)_t155.png,1227389.6652799998,292632.5,2148.157626271248,0.9750987569371438,0.7968932172915647,209578.88512,5.856456696852954,625.0522095460808,MD-Experiment-0004_Position(65)
52,3120,saved,saved,reconstructed_from_saved_mask,MD-Experiment-0004_Position(65)_t158.png,1246396.153856,297164.0,2164.6012774705887,0.9746517215084005,0.7969851672085034,209578.88512,5.9471456446690345,629.8731760234101,MD-Experiment-0004_Position(65)
53,3180,saved,saved,reconstructed_from_saved_mask,MD-Experiment-0004_Position(65)_t161.png,1260063.29344,300422.5,2198.701782107353,0.9734145531425424,0.780925605528353,209578.88512,6.012358032721269,633.3171429222951,MD-Experiment-0004_Position(65)
54,3240,saved,saved,reconstructed_from_saved_mask,MD-Experiment-0004_Position(65)_t164.png,1280068.0263679998,305192.0,2193.7728536129,0.9746043759350715,0.796892414946144,209578.88512,6.1078100765497565,638.3246100384252,MD-Experiment-0004_Position(65)
55,3300,saved,saved,reconstructed_from_saved_mask,MD-Experiment-0004_Position(65)_t167.png,1296430.006272,309093.0,2215.973863840103,0.975533778345879,0.7909877654219687,209578.88512,6.1858808225346475,642.3912263890995,MD-Experiment-0004_Position(65)
56,3360,saved,saved,reconstructed_from_saved_mask,MD-Experiment-0004_Position(65)_t170.png,1308796.9116159999,312041.5,2253.814480662346,0.9728738362920977,0.7719441692037168,209578.88512,6.244889177965677,645.4479033773258,MD-Experiment-0004_Position(65)
57,3420,saved,saved,reconstructed_from_saved_mask,MD-Experiment-0004_Position(65)_t173.png,1327027.453952,316388.0,2264.944423556328,0.9722062605820553,0.7750233146521591,209578.88512,6.331875719217492,649.9276558434997,MD-Experiment-0004_Position(65)
58,3480,saved,saved,reconstructed_from_saved_mask,MD-Experiment-0004_Position(65)_t176.png,1345767.604224,320856.0,2277.0865576267242,0.972834812190452,0.7776084118692006,209578.88512,6.421293840996648,654.5006745071956,MD-Experiment-0004_Position(65)
59,3540,saved,saved,reconstructed_from_saved_mask,MD-Experiment-0004_Position(65)_t179.png,1362974.736384,324958.5,2291.069315314293,0.9737576262450707,0.7779672372923407,209578.88512,6.50339720818532,658.6716429373388,MD-Experiment-0004_Position(65)
60,3600,saved,saved,reconstructed_from_saved_mask,MD-Experiment-0004_Position(65)_t182.png,1385284.23936,330277.5,2288.6429055929184,0.9746709929307192,0.7923786798318367,209578.88512,6.609846400160104,664.0404118447015,MD-Experiment-0004_Position(65)
61,3660,saved,saved,reconstructed_from_saved_mask,MD-Experiment-0004_Position(65)_t185.png,1404869.541888,334947.0,2351.8561111688614,0.9731640244230185,0.7609646124807189,209578.88512,6.703297143143043,668.7180751119589,MD-Experiment-0004_Position(65)
62,3720,saved,saved,reconstructed_from_saved_mask,MD-Experiment-0004_Position(65)_t188.png,1425568.4321279998,339882.0,2329.2286924123764,0.9745552764683618,0.7872519890579853,209578.88512,6.8020613398709155,673.6263989615227,MD-Experiment-0004_Position(65)
63,3780,saved,saved,reconstructed_from_saved_mask,MD-Experiment-0004_Position(65)_t191.png,1443698.3111679999,344204.5,2335.672344326973,0.9732170879078934,0.7928710684300992,209578.88512,6.888567568919798,677.8963380278852,MD-Experiment-0004_Position(65)
64,3840,saved,saved,reconstructed_from_saved_mask,MD-Experiment-0004_Position(65)_t194.png,1463006.789632,348808.0,2371.2286945581436,0.9721258773806156,0.7795597676223421,209578.88512,6.980697453344675,682.4144815974196,MD-Experiment-0004_Position(65)
65,3900,saved,saved,reconstructed_from_saved_mask,MD-Experiment-0004_Position(65)_t197.png,1482168.467456,353376.5,2389.613468647003,0.9745534723189379,0.7776643926750243,209578.88512,7.072126882473608,686.8688930073357,MD-Experiment-0004_Position(65)
66,3960,saved,saved,reconstructed_from_saved_mask,MD-Experiment-0004_Position(65)_t200.png,1504563.953664,358716.0,2377.998243689537,0.9752209237678768,0.7971454162213903,209578.88512,7.178986341121729,692.0387134019469,MD-Experiment-0004_Position(65)
67,4020,saved,saved,reconstructed_from_saved_mask,MD-Experiment-0004_Position(65)_t203.png,1524379.942912,363440.5,2403.294706940651,0.9754199555017593,0.790731655598439,209578.88512,7.273537799569721,696.5810836716513,MD-Experiment-0004_Position(65)
68,4080,saved,saved,reconstructed_from_saved_mask,MD-Experiment-0004_Position(65)_t206.png,1553763.139584,370446.0,2422.081505537033,0.976787049158931,0.7935188844731558,209578.88512,7.4137389303046985,703.2625172135597,MD-Experiment-0004_Position(65)
69,4140,saved,saved,reconstructed_from_saved_mask,MD-Experiment-0004_Position(65)_t209.png,1574113.9025919999,375298.0,2451.7383588552475,0.9778440157216686,0.7845811509056391,209578.88512,7.510842047330764,707.8531042344747,MD-Experiment-0004_Position(65)
70,4200,saved,saved,reconstructed_from_saved_mask,MD-Experiment-0004_Position(65)_t212.png,1595355.9552,380362.5,2462.809425354004,0.9763900297771845,0.7880357919375903,209578.88512,7.612197928653625,712.6131997951937,MD-Experiment-0004_Position(65)
71,4260,saved,saved,reconstructed_from_saved_mask,MD-Experiment-0004_Position(65)_t215.png,1616723.836928,385457.0,2471.596220970154,0.9759306872660385,0.7929225262744674,209578.88512,7.7141542002301495,717.3696261504059,MD-Experiment-0004_Position(65)
72,4320,saved,saved,reconstructed_from_saved_mask,MD-Experiment-0004_Position(65)_t218.png,1636325.916672,390130.5,2468.9515615701675,0.9768917189796649,0.804256591927224,209578.88512,7.807684995246911,721.7054221047887,MD-Experiment-0004_Position(65)
73,4380,saved,saved,reconstructed_from_saved_mask,MD-Experiment-0004_Position(65)_t221.png,1658610.253824,395443.5,2486.8094279766083,0.9760434111358893,0.8035433197998957,209578.88512,7.914014109170962,726.6030836144213,MD-Experiment-0004_Position(65)
74,4440,saved,saved,reconstructed_from_saved_mask,MD-Experiment-0004_Position(65)_t224.png,1676987.5968,399825.0,2521.0520681142807,0.972432839323912,0.7905260380785698,209578.88512,8.001701105718718,730.6173629671257,MD-Experiment-0004_Position(65)
75,4500,saved,saved,reconstructed_from_saved_mask,MD-Experiment-0004_Position(65)_t227.png,1694647.713792,404035.5,2549.0936982631683,0.9729500311244412,0.7813719034201718,209578.88512,8.085965877820584,734.4543014366194,MD-Experiment-0004_Position(65)
76,4560,saved,saved,reconstructed_from_saved_mask,MD-Experiment-0004_Position(65)_t230.png,1715709.411328,409057.0,2542.6500470638275,0.9729271393387158,0.7950977253629548,209578.88512,8.186461199779858,739.0042404778704,MD-Experiment-0004_Position(65)
77,4620,saved,saved,reconstructed_from_saved_mask,MD-Experiment-0004_Position(65)_t233.png,1742175.469568,415367.0,2576.3069030046463,0.9718767438840488,0.7864057123509735,209578.88512,8.312743283134036,744.6822647481154,MD-Experiment-0004_Position(65)
78,4680,saved,saved,reconstructed_from_saved_mask,MD-Experiment-0004_Position(65)_t236.png,1761592.999936,419996.5,2601.4368448257446,0.9712013282445043,0.7798821159493393,209578.88512,8.405393505778756,748.8207177367561,MD-Experiment-0004_Position(65)
79,4740,saved,saved,reconstructed_from_saved_mask,MD-Experiment-0004_Position(65)_t239.png,1784070.275072,425355.5,2612.265269756317,0.9711423646388657,0.7832986243288983,209578.88512,8.51264321809176,753.5829126261107,MD-Experiment-0004_Position(65)
80,4800,saved,saved,reconstructed_from_saved_mask,MD-Experiment-0004_Position(65)_t242.png,1803917.7215999998,430087.5,2623.377969622612,0.9708729645443864,0.7853169120153443,209578.88512,8.607344774103167,757.7630531026298,MD-Experiment-0004_Position(65)
81,4860,saved,saved,reconstructed_from_saved_mask,MD-Experiment-0004_Position(65)_t245.png,1823003.9019519999,434638.0,2639.62060880661,0.9722433796036878,0.7838889395676799,209578.88512,8.698413969079901,761.7612254131523,MD-Experiment-0004_Position(65)
82,4920,saved,saved,reconstructed_from_saved_mask,MD-Experiment-0004_Position(65)_t248.png,1849134.415872,440868.0,2662.105892896652,0.9713733625199814,0.7817498157268201,209578.88512,8.823095011757642,767.2012548573853,MD-Experiment-0004_Position(65)
0,0,saved,saved,reconstructed_from_saved_mask,MD-Experiment-0004_Position(66)_t002.png,100227.088384,23896.0,604.3574258089066,0.9751280324825039,0.8221429712199073,100227.088384,1.0,178.61487366970246,MD-Experiment-0004_Position(66)
1,60,saved,saved,reconstructed_from_saved_mask,MD-Experiment-0004_Position(66)_t005.png,141895.401472,33830.5,724.1391706466675,0.9713592511772138,0.8107261846372551,100227.088384,1.4157390358218949,212.52460820468676,MD-Experiment-0004_Position(66)
2,120,saved,saved,reconstructed_from_saved_mask,MD-Experiment-0004_Position(66)_t008.png,170626.383872,40680.5,792.4234414100647,0.976546840304867,0.8141070535057569,100227.088384,1.7023978908603952,233.0494900879384,MD-Experiment-0004_Position(66)
3,180,saved,saved,reconstructed_from_saved_mask,MD-Experiment-0004_Position(66)_t011.png,195794.305024,46681.0,838.322935461998,0.9778890366910017,0.8346940521107168,100227.088384,1.9535068630733177,249.64627565342096,MD-Experiment-0004_Position(66)
4,240,saved,saved,reconstructed_from_saved_mask,MD-Experiment-0004_Position(66)_t014.png,215033.577472,51268.0,900.4650707244873,0.9725874072809364,0.7945523152654328,100227.088384,2.145463675929026,261.62437495540365,MD-Experiment-0004_Position(66)
5,300,saved,saved,reconstructed_from_saved_mask,MD-Experiment-0004_Position(66)_t017.png,232848.88371199998,55515.5,929.6782743930817,0.9697792839611847,0.8071583716455472,100227.088384,2.323213090056913,272.2463988235463,MD-Experiment-0004_Position(66)
6,360,saved,saved,reconstructed_from_saved_mask,MD-Experiment-0004_Position(66)_t020.png,250364.29721599998,59691.5,956.1046805381775,0.9736728352268557,0.8205621265505889,100227.088384,2.497970371610311,282.3002496479762,MD-Experiment-0004_Position(66)
7,420,saved,saved,reconstructed_from_saved_mask,MD-Experiment-0004_Position(66)_t023.png,264360.689664,63028.5,988.5899621248245,0.9715450600775343,0.8104280100637169,100227.088384,2.6376171744224974,290.0838172639354,MD-Experiment-0004_Position(66)
8,480,saved,saved,reconstructed_from_saved_mask,MD-Experiment-0004_Position(66)_t026.png,277623.078912,66190.5,1009.9036694765091,0.9755560140901118,0.8155406731997145,100227.088384,2.7699405758285907,297.2712072341892,MD-Experiment-0004_Position(66)
9,540,saved,saved,reconstructed_from_saved_mask,MD-Experiment-0004_Position(66)_t029.png,290684.14156799996,69304.5,1027.5605241060257,0.978621405423724,0.8248148577785906,100227.088384,2.900255272849012,304.18355645554374,MD-Experiment-0004_Position(66)
10,600,saved,saved,reconstructed_from_saved_mask,MD-Experiment-0004_Position(66)_t032.png,302772.125696,72186.5,1049.702660560608,0.9764036736957433,0.8232528700384917,100227.088384,3.0208612320053563,310.44381274220643,MD-Experiment-0004_Position(66)
11,660,saved,saved,reconstructed_from_saved_mask,MD-Experiment-0004_Position(66)_t035.png,317204.72576,75627.5,1071.9036705493927,0.9776678947708616,0.8271382259959354,100227.088384,3.1648602276531634,317.75682550281454,MD-Experiment-0004_Position(66)
12,720,saved,saved,reconstructed_from_saved_mask,MD-Experiment-0004_Position(66)_t038.png,330691.510272,78843.0,1100.6315915584564,0.9772976591116151,0.8178789983907768,100227.088384,3.299422497489119,324.44163881448105,MD-Experiment-0004_Position(66)
13,780,saved,saved,reconstructed_from_saved_mask,MD-Experiment-0004_Position(66)_t041.png,342559.29344,81672.5,1115.8447947502136,0.9752580766498098,0.824286391398247,100227.088384,3.4178314362236355,330.2120677777936,MD-Experiment-0004_Position(66)
14,840,saved,saved,reconstructed_from_saved_mask,MD-Experiment-0004_Position(66)_t044.png,352321.53599999996,84000.0,1134.7148520946503,0.974636251827443,0.8198146436220921,100227.088384,3.515232674924673,334.88420091765795,MD-Experiment-0004_Position(66)
15,900,saved,saved,reconstructed_from_saved_mask,MD-Experiment-0004_Position(66)_t047.png,366557.003776,87394.0,1155.4011451005936,0.9739392082021564,0.8226704428228876,100227.088384,3.657264814194844,341.5826666442691,MD-Experiment-0004_Position(66)
16,960,saved,saved,reconstructed_from_saved_mask,MD-Experiment-0004_Position(66)_t050.png,380073.148416,90616.5,1173.928055047989,0.9741300538576481,0.8262932108834299,100227.088384,3.7921200200870437,347.8232893493648,MD-Experiment-0004_Position(66)
17,1020,saved,saved,reconstructed_from_saved_mask,MD-Experiment-0004_Position(66)_t053.png,388019.257344,92511.0,1184.0285596847534,0.974107612930399,0.8292374041668014,100227.088384,3.8714010713090055,351.44041549356217,MD-Experiment-0004_Position(66)
18,1080,saved,saved,reconstructed_from_saved_mask,MD-Experiment-0004_Position(66)_t056.png,398528.08601599996,95016.5,1206.7564817667007,0.9750982625740177,0.8199164739988319,100227.088384,3.9762512554402405,356.16769884535694,MD-Experiment-0004_Position(66)
19,1140,saved,saved,reconstructed_from_saved_mask,MD-Experiment-0004_Position(66)_t059.png,410980.97459199996,97985.5,1215.383897304535,0.9783678808211519,0.8335750765815263,100227.088384,4.100497991295613,361.68951774427035,MD-Experiment-0004_Position(66)
20,1200,saved,saved,reconstructed_from_saved_mask,MD-Experiment-0004_Position(66)_t062.png,420613.193728,100282.0,1238.9402482509613,0.9763653800281377,0.8209791496303238,100227.088384,4.196601941747573,365.9034542375357,MD-Experiment-0004_Position(66)
21,1260,saved,saved,reconstructed_from_saved_mask,MD-Experiment-0004_Position(66)_t065.png,430408.99072,102617.5,1257.8691802024841,0.9736144252527313,0.8150051280621913,100227.088384,4.294337964512889,370.1397531319264,MD-Experiment-0004_Position(66)
22,1320,saved,saved,reconstructed_from_saved_mask,MD-Experiment-0004_Position(66)_t068.png,437774.188544,104373.5,1266.839741230011,0.9753621156901224,0.8172534325296458,100227.088384,4.367823066622028,373.29325218873424,MD-Experiment-0004_Position(66)
23,1380,saved,saved,reconstructed_from_saved_mask,MD-Experiment-0004_Position(66)_t071.png,450063.499264,107303.5,1291.1828879117966,0.9726259591111595,0.8088131965004252,100227.088384,4.490437730164044,378.4965802041049,MD-Experiment-0004_Position(66)
24,1440,saved,saved,reconstructed_from_saved_mask,MD-Experiment-0004_Position(66)_t074.png,457762.144256,109139.0,1305.9108102321625,0.9733776889871928,0.8041976511532406,100227.088384,4.5672497489119515,381.72007549692137,MD-Experiment-0004_Position(66)
25,1500,saved,saved,reconstructed_from_saved_mask,MD-Experiment-0004_Position(66)_t077.png,469260.828672,111880.5,1324.9230031967163,0.9687294358050774,0.8009086458646186,100227.088384,4.681976062939404,386.48461931245805,MD-Experiment-0004_Position(66)
26,1560,saved,saved,reconstructed_from_saved_mask,MD-Experiment-0004_Position(66)_t080.png,481107.64032,114705.0,1332.7392358779907,0.9739292127819453,0.8115248931871202,100227.088384,4.800175761633747,391.33274617952856,MD-Experiment-0004_Position(66)
27,1620,saved,saved,reconstructed_from_saved_mask,MD-Experiment-0004_Position(66)_t083.png,490079.25657599996,116844.0,1348.680361032486,0.9714696675549052,0.8072317087755652,100227.088384,4.88968865082022,394.96464700241626,MD-Experiment-0004_Position(66)
28,1680,saved,saved,reconstructed_from_saved_mask,MD-Experiment-0004_Position(66)_t086.png,499789.070336,119159.0,1357.5087889432907,0.9716636495588499,0.8125524682055278,100227.088384,4.986566789420824,398.8581227636648,MD-Experiment-0004_Position(66)
29,1740,saved,saved,reconstructed_from_saved_mask,MD-Experiment-0004_Position(66)_t089.png,514865.49606399995,122753.5,1377.4082839488983,0.9718200026917261,0.8130520827099348,100227.088384,5.1369894543019745,404.82931891365376,MD-Experiment-0004_Position(66)
30,1800,saved,saved,reconstructed_from_saved_mask,MD-Experiment-0004_Position(66)_t092.png,525158.31808,125207.5,1395.065137386322,0.9711842385929531,0.8084464092840875,100227.088384,5.239684466019417,408.8558235570526,MD-Experiment-0004_Position(66)
31,1860,saved,saved,reconstructed_from_saved_mask,MD-Experiment-0004_Position(66)_t095.png,535969.1366399999,127785.0,1419.106768131256,0.9677712520022266,0.7973694616528487,100227.088384,5.347547706729159,413.0427034604327,MD-Experiment-0004_Position(66)
32,1920,saved,saved,reconstructed_from_saved_mask,MD-Experiment-0004_Position(66)_t098.png,548803.70688,130845.0,1420.3372150659561,0.9727493392709119,0.8150496453167752,100227.088384,5.475602611315701,417.9589040494474,MD-Experiment-0004_Position(66)
33,1980,saved,saved,reconstructed_from_saved_mask,MD-Experiment-0004_Position(66)_t101.png,557408.321536,132896.5,1450.2367104291916,0.9696404793608522,0.794045920048892,100227.088384,5.561453799799129,421.22271945613517,MD-Experiment-0004_Position(66)
34,2040,saved,saved,reconstructed_from_saved_mask,MD-Experiment-0004_Position(66)_t104.png,567680.172032,135345.5,1444.72199177742,0.9725052453079642,0.814863973555648,100227.088384,5.663939571476398,425.08612180157166,MD-Experiment-0004_Position(66)
35,2100,saved,saved,reconstructed_from_saved_mask,MD-Experiment-0004_Position(66)_t107.png,578033.811456,137814.0,1464.1362071037292,0.9715063162643808,0.8078676933052049,100227.088384,5.767241379310344,428.9450742635263,MD-Experiment-0004_Position(66)
36,2160,saved,saved,reconstructed_from_saved_mask,MD-Experiment-0004_Position(66)_t110.png,591096.9712639999,140928.5,1481.2072727680206,0.9722458891422303,0.8071923213863478,100227.088384,5.897577000334783,433.7649244079415,MD-Experiment-0004_Position(66)
37,2220,saved,saved,reconstructed_from_saved_mask,MD-Experiment-0004_Position(66)_t113.png,602144.7679999999,143562.5,1504.5209810733795,0.9748019840636639,0.7969927661067309,100227.088384,6.007804653498493,437.79976309752044,MD-Experiment-0004_Position(66)
38,2280,saved,saved,reconstructed_from_saved_mask,MD-Experiment-0004_Position(66)_t116.png,618032.791552,147350.5,1518.8641276359558,0.9715556376080098,0.8026452273763954,100227.088384,6.166324907934382,443.5379888315854,MD-Experiment-0004_Position(66)
39,2340,saved,saved,reconstructed_from_saved_mask,MD-Experiment-0004_Position(66)_t119.png,632605.9008,150825.0,1537.9351947307587,0.973925340462215,0.8013221115794733,100227.088384,6.311725811851355,448.7367962211728,MD-Experiment-0004_Position(66)
40,2400,saved,saved,reconstructed_from_saved_mask,MD-Experiment-0004_Position(66)_t122.png,644251.385856,153601.5,1554.3199701309204,0.970674662858154,0.7989589516481114,100227.088384,6.4279168061600265,452.84830275222714,MD-Experiment-0004_Position(66)
41,2460,saved,saved,reconstructed_from_saved_mask,MD-Experiment-0004_Position(66)_t125.png,657094.3447039999,156663.5,1570.319969177246,0.9684245988941191,0.7983648023534196,100227.088384,6.5560554067626375,457.33972719931376,MD-Experiment-0004_Position(66)
42,2520,saved,saved,reconstructed_from_saved_mask,MD-Experiment-0004_Position(66)_t128.png,668051.963904,159276.0,1591.0478941202164,0.9682255034862586,0.7906671551691195,100227.088384,6.665383327753599,461.1372296780429,MD-Experiment-0004_Position(66)
43,2580,saved,saved,reconstructed_from_saved_mask,MD-Experiment-0004_Position(66)_t131.png,679227.686912,161940.5,1611.2905317544937,0.9682251651669607,0.783822326207464,100227.088384,6.776887345162369,464.97837338293283,MD-Experiment-0004_Position(66)
44,2640,saved,saved,reconstructed_from_saved_mask,MD-Experiment-0004_Position(66)_t134.png,694299.918336,165534.0,1636.9890183210373,0.9667658541855868,0.7762570216842615,100227.088384,6.927268162035486,470.10905966908075,MD-Experiment-0004_Position(66)
45,2700,saved,saved,reconstructed_from_saved_mask,MD-Experiment-0004_Position(66)_t137.png,708847.86176,169002.5,1638.3199708461761,0.9678384592697795,0.7912350959354291,100227.088384,7.0724179779042515,475.0087180236264,MD-Experiment-0004_Position(66)
46,2760,saved,saved,reconstructed_from_saved_mask,MD-Experiment-0004_Position(66)_t140.png,721298.6531839999,171971.0,1659.190027832985,0.9676241384160923,0.7850057231699069,100227.088384,7.196643789755607,479.1622816953777,MD-Experiment-0004_Position(66)
47,2820,saved,saved,reconstructed_from_saved_mask,MD-Experiment-0004_Position(66)_t143.png,736385.564672,175568.0,1670.2194652557373,0.9701336663480188,0.7908755405794546,100227.088384,7.347171074656846,484.1475036371981,MD-Experiment-0004_Position(66)
48,2880,saved,saved,reconstructed_from_saved_mask,MD-Experiment-0004_Position(66)_t146.png,748389.66272,178430.0,1666.5037356615067,0.9711744663248533,0.807356147441892,100227.088384,7.466940073652494,488.0776868097216,MD-Experiment-0004_Position(66)
49,2940,saved,saved,reconstructed_from_saved_mask,MD-Experiment-0004_Position(66)_t149.png,764036.513792,182160.5,1685.2316589355469,0.973058802162347,0.8060182127830136,100227.088384,7.623054067626381,493.1535011995674,MD-Experiment-0004_Position(66)
50,3000,saved,saved,reconstructed_from_saved_mask,MD-Experiment-0004_Position(66)_t152.png,780035.6864,185975.0,1704.5037353038788,0.9724920320756345,0.8043934337803323,100227.088384,7.782683294275192,498.2901469598602,MD-Experiment-0004_Position(66)
51,3060,saved,saved,reconstructed_from_saved_mask,MD-Experiment-0004_Position(66)_t155.png,795854.5039359999,189746.5,1728.1433463096619,0.9734982966672139,0.7984065858624311,100227.088384,7.940513056578506,503.31735174413103,MD-Experiment-0004_Position(66)
52,3120,saved,saved,reconstructed_from_saved_mask,MD-Experiment-0004_Position(66)_t158.png,811700.584448,193524.5,1730.3443566560745,0.9763461528759466,0.8122331981959794,100227.088384,8.098614830934046,508.3033746208648,MD-Experiment-0004_Position(66)
53,3180,saved,saved,reconstructed_from_saved_mask,MD-Experiment-0004_Position(66)_t161.png,825992.675328,196932.0,1754.0428388118744,0.9738887899827904,0.804351292047027,100227.088384,8.241211918312688,512.7588463130602,MD-Experiment-0004_Position(66)
54,3240,saved,saved,reconstructed_from_saved_mask,MD-Experiment-0004_Position(66)_t164.png,844095.2913919999,201248.0,1758.5281225442886,0.972938739300589,0.8177918932668135,100227.088384,8.42182792099096,518.3472543876943,MD-Experiment-0004_Position(66)
55,3300,saved,saved,reconstructed_from_saved_mask,MD-Experiment-0004_Position(66)_t167.png,859811.3484799999,204995.0,1794.6702563762665,0.9715978434741395,0.7998044240177034,100227.088384,8.578632407097421,523.1505065219762,MD-Experiment-0004_Position(66)
56,3360,saved,saved,reconstructed_from_saved_mask,MD-Experiment-0004_Position(66)_t170.png,869653.2828159999,207341.5,1820.7707613706589,0.9703750851189794,0.7859330619861538,100227.088384,8.676828757951121,526.1361396753894,MD-Experiment-0004_Position(66)
57,3420,saved,saved,reconstructed_from_saved_mask,MD-Experiment-0004_Position(66)_t173.png,885216.247808,211052.0,1820.1849763393402,0.9711018830593675,0.8005128085768325,100227.088384,8.832105791764311,530.823024263084,MD-Experiment-0004_Position(66)
58,3480,saved,saved,reconstructed_from_saved_mask,MD-Experiment-0004_Position(66)_t176.png,899099.394048,214362.0,1856.5281215906143,0.9683272839793381,0.7815461000694222,100227.088384,8.970622698359557,534.969369017829,MD-Experiment-0004_Position(66)
59,3540,saved,saved,reconstructed_from_saved_mask,MD-Experiment-0004_Position(66)_t179.png,915304.087552,218225.5,1862.9128972291946,0.9712076370190703,0.790187694978893,100227.088384,9.132302477402074,539.7687837697133,MD-Experiment-0004_Position(66)
60,3600,saved,saved,reconstructed_from_saved_mask,MD-Experiment-0004_Position(66)_t182.png,931785.60512,222155.0,1881.9250913858414,0.9732818992917962,0.7882451204118802,100227.088384,9.29674422497489,544.6068030363206,MD-Experiment-0004_Position(66)
61,3660,saved,saved,reconstructed_from_saved_mask,MD-Experiment-0004_Position(66)_t185.png,943710.011392,224998.0,1907.7829533815384,0.9702601829711356,0.7768382368517447,100227.088384,9.415718111817878,548.0804925525915,MD-Experiment-0004_Position(66)
62,3720,saved,saved,reconstructed_from_saved_mask,MD-Experiment-0004_Position(66)_t188.png,962087.354368,229379.5,1915.6824499368668,0.9705816393886566,0.7854479754460358,100227.088384,9.59907515902243,553.391286765289,MD-Experiment-0004_Position(66)
63,3780,saved,saved,reconstructed_from_saved_mask,MD-Experiment-0004_Position(66)_t191.png,978097.012736,233196.5,1922.167729973793,0.9713991148138506,0.7931390415250167,100227.088384,9.75880900569133,557.9766561431596,MD-Experiment-0004_Position(66)
64,3840,saved,saved,reconstructed_from_saved_mask,MD-Experiment-0004_Position(66)_t194.png,993467.039744,236861.0,1937.4398087263107,0.9723677296462938,0.7929521565212074,100227.088384,9.912161031134918,562.3436496914143,MD-Experiment-0004_Position(66)
65,3900,saved,saved,reconstructed_from_saved_mask,MD-Experiment-0004_Position(66)_t197.png,1007121.5964159999,240116.5,1940.7118859291077,0.9735840717832069,0.8011424365370268,100227.088384,10.048397221292266,566.194984725593,MD-Experiment-0004_Position(66)
66,3960,saved,saved,reconstructed_from_saved_mask,MD-Experiment-0004_Position(66)_t200.png,1019446.55872,243055.0,1965.013403058052,0.9734718848439092,0.7910125785780556,100227.088384,10.171367592902577,569.6489428381486,MD-Experiment-0004_Position(66)
67,4020,saved,saved,reconstructed_from_saved_mask,MD-Experiment-0004_Position(66)_t203.png,1038098.628608,247502.0,1970.1261003017426,0.975431156792887,0.8013099353449453,100227.088384,10.35746568463341,574.8365474809005,MD-Experiment-0004_Position(66)
68,4080,saved,saved,reconstructed_from_saved_mask,MD-Experiment-0004_Position(66)_t206.png,1056268.353536,251834.0,1988.410370707512,0.9765587736884352,0.8004094150775628,100227.088384,10.538751255440241,579.8453754179507,MD-Experiment-0004_Position(66)
69,4140,saved,saved,reconstructed_from_saved_mask,MD-Experiment-0004_Position(66)_t209.png,1072213.000192,255635.5,2002.6530100107193,0.9780355158172215,0.8009762015056485,100227.088384,10.6978364579846,584.2054416520753,MD-Experiment-0004_Position(66)
70,4200,saved,saved,reconstructed_from_saved_mask,MD-Experiment-0004_Position(66)_t212.png,1089550.1557759999,259769.0,2007.86621260643,0.9781785181726439,0.809706532681812,100227.088384,10.870815199196517,588.9096586715062,MD-Experiment-0004_Position(66)
71,4260,saved,saved,reconstructed_from_saved_mask,MD-Experiment-0004_Position(66)_t215.png,1107325.616128,264007.0,2029.3809356689453,0.9777693007097898,0.8055604830822468,100227.088384,11.048167057248074,593.6941054432826,MD-Experiment-0004_Position(66)
72,4320,saved,saved,reconstructed_from_saved_mask,MD-Experiment-0004_Position(66)_t218.png,1120625.7541119999,267178.0,2030.4103729724884,0.9789375527843577,0.8144096511227701,100227.088384,11.18086709072648,597.2489064418749,MD-Experiment-0004_Position(66)
73,4380,saved,saved,reconstructed_from_saved_mask,MD-Experiment-0004_Position(66)_t221.png,1134236.2705919999,270423.0,2045.2387988567352,0.9792470867704252,0.8123916384299203,100227.088384,11.316663876799463,600.8648917998677,MD-Experiment-0004_Position(66)
74,4440,saved,saved,reconstructed_from_saved_mask,MD-Experiment-0004_Position(66)_t224.png,1145774.800896,273174.0,2075.581944465637,0.9750590284532314,0.7968369376664758,100227.088384,11.431787746903247,603.9134428587106,MD-Experiment-0004_Position(66)
75,4500,saved,saved,reconstructed_from_saved_mask,MD-Experiment-0004_Position(66)_t227.png,1162075.963392,277060.5,2080.937282204628,0.9764126257473477,0.8040193399383341,100227.088384,11.594430030130566,608.1942680132939,MD-Experiment-0004_Position(66)
76,4560,saved,saved,reconstructed_from_saved_mask,MD-Experiment-0004_Position(66)_t230.png,1174965.059584,280133.5,2104.535262942314,0.9730743178699828,0.7948084896454883,100227.088384,11.723028958821558,611.5578422243589,MD-Experiment-0004_Position(66)
77,4620,saved,saved,reconstructed_from_saved_mask,MD-Experiment-0004_Position(66)_t233.png,1191811.4816,284150.0,2121.8905996084213,0.9722623791087623,0.7930700456069579,100227.088384,11.891111483093406,615.9264380270025,MD-Experiment-0004_Position(66)
78,4680,saved,saved,reconstructed_from_saved_mask,MD-Experiment-0004_Position(66)_t236.png,1209377.226752,288338.0,2125.8317279815674,0.9739947607811874,0.801777706630505,100227.088384,12.06637094074322,620.44881126544,MD-Experiment-0004_Position(66)
79,4740,saved,saved,reconstructed_from_saved_mask,MD-Experiment-0004_Position(66)_t239.png,1225024.077824,292068.5,2159.7900941371918,0.9704497577767293,0.7868129410659785,100227.088384,12.222484934717107,624.4495774556666,MD-Experiment-0004_Position(66)
80,4800,saved,saved,reconstructed_from_saved_mask,MD-Experiment-0004_Position(66)_t242.png,1237458.092032,295033.0,2166.0327330827713,0.9708194444901465,0.7902243876076369,100227.088384,12.346543354536323,627.6106630960924,MD-Experiment-0004_Position(66)
81,4860,saved,saved,reconstructed_from_saved_mask,MD-Experiment-0004_Position(66)_t245.png,1253211.8978559999,298789.0,2178.5180159807205,0.9708080780184128,0.7911378397835739,100227.088384,12.503724472715097,631.593014979358,MD-Experiment-0004_Position(66)
82,4920,saved,saved,reconstructed_from_saved_mask,MD-Experiment-0004_Position(66)_t248.png,1270670.688256,302951.5,2186.4763848781586,0.9702862322205816,0.796330571829804,100227.088384,12.677916806160026,635.9772339917887,MD-Experiment-0004_Position(66)
0,0,saved,saved,reconstructed_from_saved_mask,MD-Experiment-0004_Position(67)_t002.png,388302.372864,92578.5,1307.0407518148422,0.9151735625423217,0.6809915872893967,388302.372864,1.0,351.5686051274142,MD-Experiment-0004_Position(67)
1,60,saved,saved,reconstructed_from_saved_mask,MD-Experiment-0004_Position(67)_t005.png,478842.71615999995,114165.0,1424.195083141327,0.9338650306748466,0.7073003627923511,388302.372864,1.2331696884265786,390.41051533075637,MD-Experiment-0004_Position(67)
2,120,saved,saved,reconstructed_from_saved_mask,MD-Experiment-0004_Position(67)_t008.png,536403.247104,127888.5,1508.3788471221924,0.9394413530934935,0.7063508803431047,388302.372864,1.38140605000081,413.2099424436566,MD-Experiment-0004_Position(67)
3,180,saved,saved,reconstructed_from_saved_mask,MD-Experiment-0004_Position(67)_t011.png,586592.288768,139854.5,1575.148396730423,0.9462223364884339,0.7083425946900842,388302.372864,1.510658522227083,432.10892686223383,MD-Experiment-0004_Position(67)
4,240,saved,saved,reconstructed_from_saved_mask,MD-Experiment-0004_Position(67)_t014.png,631286.792192,150510.5,1613.6336798667908,0.9488178428350338,0.7263848249348829,388302.372864,1.6257608407999697,448.2686995229154,MD-Experiment-0004_Position(67)
5,300,saved,saved,reconstructed_from_saved_mask,MD-Experiment-0004_Position(67)_t017.png,667315.863552,159100.5,1656.8052529096603,0.9498168727780713,0.7283472467488168,388302.372864,1.7185469628477457,460.8831051100432,MD-Experiment-0004_Position(67)
6,360,saved,saved,reconstructed_from_saved_mask,MD-Experiment-0004_Position(67)_t020.png,697470.81216,166290.0,1680.1605882644653,0.9551544393227933,0.7402431733632876,388302.372864,1.7962053824592104,471.1813396508457,MD-Experiment-0004_Position(67)
7,420,saved,saved,reconstructed_from_saved_mask,MD-Experiment-0004_Position(67)_t023.png,725572.64896,172990.0,1722.9057556390762,0.9530578120824966,0.7323316754584019,388302.372864,1.8685763973276734,480.5798032673961,MD-Experiment-0004_Position(67)
8,480,saved,saved,reconstructed_from_saved_mask,MD-Experiment-0004_Position(67)_t026.png,756170.09664,180285.0,1709.876318693161,0.9568632654415179,0.7748900123580919,388302.372864,1.9473743903822163,490.608211709776,MD-Experiment-0004_Position(67)
9,540,saved,saved,reconstructed_from_saved_mask,MD-Experiment-0004_Position(67)_t029.png,783711.993856,186851.5,1740.0600876808167,0.9600023633799416,0.7754931419128439,388302.372864,2.018303385775315,499.46298718240877,MD-Experiment-0004_Position(67)
10,600,saved,saved,reconstructed_from_saved_mask,MD-Experiment-0004_Position(67)_t032.png,808517.1077119999,192765.5,1777.7169399261475,0.9643554846278337,0.7665031632448887,388302.372864,2.082184308451746,507.30561650099474,MD-Experiment-0004_Position(67)
11,660,saved,saved,reconstructed_from_saved_mask,MD-Experiment-0004_Position(67)_t035.png,838363.774976,199881.5,1807.3149200677872,0.9623706649590509,0.7689795601525842,388302.372864,2.1590488072284604,516.5844343311397,MD-Experiment-0004_Position(67)
12,720,saved,saved,reconstructed_from_saved_mask,MD-Experiment-0004_Position(67)_t038.png,864429.277184,206096.0,1823.557560801506,0.9674483231274394,0.7788260585919563,388302.372864,2.2261756239299624,524.5535099819422,MD-Experiment-0004_Position(67)
13,780,saved,saved,reconstructed_from_saved_mask,MD-Experiment-0004_Position(67)_t041.png,887344.8570879999,211559.5,1852.2854833602905,0.9656679492972918,0.7748659012329285,388302.372864,2.2851904059797903,531.4608550640896,MD-Experiment-0004_Position(67)
14,840,saved,saved,reconstructed_from_saved_mask,MD-Experiment-0004_Position(67)_t044.png,909773.897728,216907.0,1864.0428408384323,0.9686223811979896,0.7844615341479533,388302.372864,2.3429521973244327,538.1356946335964,MD-Experiment-0004_Position(67)
15,900,saved,saved,reconstructed_from_saved_mask,MD-Experiment-0004_Position(67)_t047.png,932848.8611839999,222408.5,1881.883459329605,0.9708769862056923,0.7891794992837363,388302.372864,2.402377441846649,544.9174385447375,MD-Experiment-0004_Position(67)
16,960,saved,saved,reconstructed_from_saved_mask,MD-Experiment-0004_Position(67)_t050.png,950437.675008,226602.0,1908.954527258873,0.9693518960158962,0.7814162458555289,388302.372864,2.4476741360034997,550.0306429250857,MD-Experiment-0004_Position(67)
17,1020,saved,saved,reconstructed_from_saved_mask,MD-Experiment-0004_Position(67)_t053.png,971419.680768,231604.5,1924.8540207147598,0.9705732598852181,0.7855272588129525,388302.372864,2.501709360164617,556.0687799381982,MD-Experiment-0004_Position(67)
18,1080,saved,saved,reconstructed_from_saved_mask,MD-Experiment-0004_Position(67)_t056.png,993911.6359679999,236967.0,1946.2682371139526,0.9726790984430862,0.7861263332872287,388302.372864,2.559633176169413,562.4694655905503,MD-Experiment-0004_Position(67)
19,1140,saved,saved,reconstructed_from_saved_mask,MD-Experiment-0004_Position(67)_t059.png,1015485.0385919999,242110.5,1979.6824494600296,0.9704002677403,0.776305070421358,388302.372864,2.615191432135971,568.5410513371588,MD-Experiment-0004_Position(67)
20,1200,saved,saved,reconstructed_from_saved_mask,MD-Experiment-0004_Position(67)_t062.png,1033279.373312,246353.0,2004.0672240257263,0.9680376600769391,0.7708025605823422,388302.372864,2.6610174068493224,573.5006885043829,MD-Experiment-0004_Position(67)
21,1260,saved,saved,reconstructed_from_saved_mask,MD-Experiment-0004_Position(67)_t065.png,1056339.656704,251851.0,2021.925088763237,0.9697729311785477,0.7741469752954012,388302.372864,2.720404845617503,579.8649462563458,MD-Experiment-0004_Position(67)
22,1320,saved,saved,reconstructed_from_saved_mask,MD-Experiment-0004_Position(67)_t068.png,1070902.2801919999,255323.0,2040.6946430206299,0.9663382749785214,0.7704487481439741,388302.372864,2.757908153620981,583.8482533346121,MD-Experiment-0004_Position(67)
23,1380,saved,saved,reconstructed_from_saved_mask,MD-Experiment-0004_Position(67)_t071.png,1092094.001152,260375.5,2038.4520035982132,0.9723467541512545,0.7874246399165832,388302.372864,2.812483459982609,589.5967411788278,MD-Experiment-0004_Position(67)
24,1440,saved,saved,reconstructed_from_saved_mask,MD-Experiment-0004_Position(67)_t074.png,1106931.351552,263913.0,2086.836777329445,0.9690410491124293,0.7615416905308207,388302.372864,2.850694275668757,593.5884032945612,MD-Experiment-0004_Position(67)
25,1500,saved,saved,reconstructed_from_saved_mask,MD-Experiment-0004_Position(67)_t077.png,1123110.8792319999,267770.5,2087.991103410721,0.9715575841906756,0.771818716250579,388302.372864,2.892361617438174,597.9107760695696,MD-Experiment-0004_Position(67)
26,1560,saved,saved,reconstructed_from_saved_mask,MD-Experiment-0004_Position(67)_t080.png,1142517.92384,272397.5,2095.3048124313354,0.9713253149526279,0.7796838894107443,388302.372864,2.9423408242734546,603.0545168560229,MD-Experiment-0004_Position(67)
27,1620,saved,saved,reconstructed_from_saved_mask,MD-Experiment-0004_Position(67)_t083.png,1156860.346368,275817.0,2107.6895908117294,0.9700628497269009,0.7802209240146918,388302.372864,2.979277045966396,606.8278876114205,MD-Experiment-0004_Position(67)
28,1680,saved,saved,reconstructed_from_saved_mask,MD-Experiment-0004_Position(67)_t086.png,1172003.88096,279427.5,2150.6773945093155,0.9657092892851034,0.7591515246460925,388302.372864,3.0182763816652898,610.7867237877216,MD-Experiment-0004_Position(67)
29,1740,saved,saved,reconstructed_from_saved_mask,MD-Experiment-0004_Position(67)_t089.png,1189466.865664,283591.0,2162.5768929719925,0.9656791636871318,0.7620074046401959,388302.372864,3.0632490265018335,615.3202927166453,MD-Experiment-0004_Position(67)
30,1800,saved,saved,reconstructed_from_saved_mask,MD-Experiment-0004_Position(67)_t092.png,1208005.6893439998,288011.0,2173.8906004428864,0.9684492625944033,0.7658497406915526,388302.372864,3.1109922930269986,620.096890400573,MD-Experiment-0004_Position(67)
31,1860,saved,saved,reconstructed_from_saved_mask,MD-Experiment-0004_Position(67)_t095.png,1225793.732608,292252.0,2190.37588262558,0.9680103342055579,0.7654733194606338,388302.372864,3.156802065274335,624.6457103921041,MD-Experiment-0004_Position(67)
32,1920,saved,saved,reconstructed_from_saved_mask,MD-Experiment-0004_Position(67)_t098.png,1243074.2650879999,296372.0,2207.630718231201,0.9673062675226591,0.7641773796177145,388302.372864,3.2013048385964344,629.0332485951442,MD-Experiment-0004_Position(67)
33,1980,saved,saved,reconstructed_from_saved_mask,MD-Experiment-0004_Position(67)_t101.png,1262468.726784,300996.0,2249.914987206459,0.9648018924471996,0.7472025939849561,388302.372864,3.2512516404996843,633.9213490120128,MD-Experiment-0004_Position(67)
34,2040,saved,saved,reconstructed_from_saved_mask,MD-Experiment-0004_Position(67)_t104.png,1283580.755968,306029.5,2260.7017810344696,0.9675185383658417,0.7524655193989279,388302.372864,3.3056217156251186,639.199846949198,MD-Experiment-0004_Position(67)
35,2100,saved,saved,reconstructed_from_saved_mask,MD-Experiment-0004_Position(67)_t107.png,1303052.812288,310672.0,2263.973860859871,0.9676476909228522,0.7616740519182956,388302.372864,3.3557683479425573,644.0299623238516,MD-Experiment-0004_Position(67)
36,2160,saved,saved,reconstructed_from_saved_mask,MD-Experiment-0004_Position(67)_t110.png,1323692.982272,315593.0,2284.5424008369446,0.9683559063042718,0.759869092375556,388302.372864,3.408923238116842,649.1105934502092,MD-Experiment-0004_Position(67)
37,2220,saved,saved,reconstructed_from_saved_mask,MD-Experiment-0004_Position(67)_t113.png,1346113.6343039998,320938.5,2286.50077021122,0.9707597121040031,0.77141659704208,388302.372864,3.4666634261734632,654.5848132410001,MD-Experiment-0004_Position(67)
38,2280,saved,saved,reconstructed_from_saved_mask,MD-Experiment-0004_Position(67)_t116.png,1368517.5091199998,326280.0,2341.5718393325806,0.9662387967324142,0.7477998001224858,388302.372864,3.524360407654045,660.0095852095725,MD-Experiment-0004_Position(67)
39,2340,saved,saved,reconstructed_from_saved_mask,MD-Experiment-0004_Position(67)_t119.png,1392290.8241919999,331948.0,2359.5129638910294,0.9668777916780142,0.7492645490035107,388302.372864,3.5855841259039622,665.7176081367321,MD-Experiment-0004_Position(67)
40,2400,saved,saved,reconstructed_from_saved_mask,MD-Experiment-0004_Position(67)_t122.png,1413480.4479999999,337000.0,2343.914985179901,0.9695930442488315,0.7708254652707145,388302.372864,3.6401540314435854,670.7643405294391,MD-Experiment-0004_Position(67)
41,2460,saved,saved,reconstructed_from_saved_mask,MD-Experiment-0004_Position(67)_t125.png,1435957.7231359999,342359.0,2353.3119530677795,0.9710989709202719,0.7768418463372593,388302.372864,3.698040041694346,676.0765780709721,MD-Experiment-0004_Position(67)
42,2520,saved,saved,reconstructed_from_saved_mask,MD-Experiment-0004_Position(67)_t128.png,1455438.1680639999,347003.5,2389.8977386951447,0.9690994447981948,0.7634578810958887,388302.372864,3.748208277299805,680.6470139683246,MD-Experiment-0004_Position(67)
43,2580,saved,saved,reconstructed_from_saved_mask,MD-Experiment-0004_Position(67)_t131.png,1469629.595648,350387.0,2399.7972334623337,0.9679693575500405,0.7645550337967406,388302.372864,3.7847556398083793,683.9573300455556,MD-Experiment-0004_Position(67)
44,2640,saved,saved,reconstructed_from_saved_mask,MD-Experiment-0004_Position(67)_t134.png,1492985.577472,355955.5,2405.41246175766,0.9682873452688762,0.7730835968746038,388302.372864,3.8449045944792797,689.3707777670543,MD-Experiment-0004_Position(67)
45,2700,saved,saved,reconstructed_from_saved_mask,MD-Experiment-0004_Position(67)_t137.png,1513938.2231039999,360951.0,2415.454086661339,0.9701588615615765,0.7774286473556445,388302.372864,3.8988642071323256,694.19125857758,MD-Experiment-0004_Position(67)
46,2760,saved,saved,reconstructed_from_saved_mask,MD-Experiment-0004_Position(67)_t140.png,1529966.75584,364772.5,2485.6134700775146,0.9688435417513274,0.7419331330329253,388302.372864,3.940142689717375,697.8563920438172,MD-Experiment-0004_Position(67)
47,2820,saved,saved,reconstructed_from_saved_mask,MD-Experiment-0004_Position(67)_t143.png,1551707.930624,369956.0,2462.826674580574,0.9684876836909528,0.7664648478267359,388302.372864,3.9961330114443423,702.7972501279518,MD-Experiment-0004_Position(67)
48,2880,saved,saved,reconstructed_from_saved_mask,MD-Experiment-0004_Position(67)_t146.png,1578176.086016,376266.5,2491.353585124016,0.967346886307982,0.7617889687052655,388302.372864,4.064296785970825,708.7658642441334,MD-Experiment-0004_Position(67)
49,2940,saved,saved,reconstructed_from_saved_mask,MD-Experiment-0004_Position(67)_t149.png,1595685.208064,380441.0,2499.797236919403,0.9693060679562178,0.7650461099159048,388302.372864,4.109388248891482,712.6867312950411,MD-Experiment-0004_Position(67)
50,3000,saved,saved,reconstructed_from_saved_mask,MD-Experiment-0004_Position(67)_t152.png,1619550.797824,386131.0,2526.708924770355,0.9710274310200879,0.7600358975001787,388302.372864,4.170849603309624,717.9965390753808,MD-Experiment-0004_Position(67)
51,3060,saved,saved,reconstructed_from_saved_mask,MD-Experiment-0004_Position(67)_t155.png,1641038.217216,391254.0,2505.6550995111465,0.973584708468794,0.7831159569372962,388302.372864,4.226186425573973,722.743860676295,MD-Experiment-0004_Position(67)
52,3120,saved,saved,reconstructed_from_saved_mask,MD-Experiment-0004_Position(67)_t158.png,1666097.086464,397228.5,2555.2947088479996,0.9738260134099852,0.7644837756456576,388302.372864,4.290720847713022,728.2411509682086,MD-Experiment-0004_Position(67)
53,3180,saved,saved,reconstructed_from_saved_mask,MD-Experiment-0004_Position(67)_t161.png,1684585.578496,401636.5,2540.8094296455383,0.9762628766996757,0.7818057365604038,388302.372864,4.338334494510065,732.270608284886,MD-Experiment-0004_Position(67)
54,3240,saved,saved,reconstructed_from_saved_mask,MD-Experiment-0004_Position(67)_t164.png,1703210.3854079999,406077.0,2558.9099336862564,0.9742029124583164,0.7793064227049892,388302.372864,4.386299194737439,736.30747920028,MD-Experiment-0004_Position(67)
55,3300,saved,saved,reconstructed_from_saved_mask,MD-Experiment-0004_Position(67)_t167.png,1729456.242688,412334.5,2559.838866829872,0.9759049974557117,0.7907410410099006,388302.372864,4.4538904821313805,741.9589070628263,MD-Experiment-0004_Position(67)
56,3360,saved,saved,reconstructed_from_saved_mask,MD-Experiment-0004_Position(67)_t170.png,1757126.0661759998,418931.5,2555.35358440876,0.9779436481628461,0.8062150049669512,388302.372864,4.525148927666791,747.870709504694,MD-Experiment-0004_Position(67)
57,3420,saved,saved,reconstructed_from_saved_mask,MD-Experiment-0004_Position(67)_t173.png,1780568.0312319999,424520.5,2563.49571955204,0.9781961505404589,0.8117893284006107,388302.372864,4.5855193160399015,752.8428835845857,MD-Experiment-0004_Position(67)
58,3480,saved,saved,reconstructed_from_saved_mask,MD-Experiment-0004_Position(67)_t176.png,1805782.0897279999,430532.0,2593.3952136039734,0.9767214996608385,0.8044107961655143,388302.372864,4.650453399007329,758.1545300623399,MD-Experiment-0004_Position(67)
59,3540,saved,saved,reconstructed_from_saved_mask,MD-Experiment-0004_Position(67)_t179.png,1826013.315072,435355.5,2614.2652720212936,0.9763107201083605,0.8004875688185831,388302.372864,4.7025551288906176,762.3897234949161,MD-Experiment-0004_Position(67)
60,3600,saved,saved,reconstructed_from_saved_mask,MD-Experiment-0004_Position(67)_t182.png,1849151.193088,440872.0,2606.5079115629196,0.9776505403586425,0.8154630486627131,388302.372864,4.762142398072987,767.2047352620173,MD-Experiment-0004_Position(67)
61,3660,saved,saved,reconstructed_from_saved_mask,MD-Experiment-0004_Position(67)_t185.png,1868182.8474879998,445409.5,2663.7211154699326,0.9746026675185688,0.7888452829893008,388302.372864,4.811154857769353,771.1427037548985,MD-Experiment-0004_Position(67)
62,3720,saved,saved,reconstructed_from_saved_mask,MD-Experiment-0004_Position(67)_t188.png,1894269.321216,451629.0,2668.993194460869,0.9746543555037135,0.7967035499206776,388302.372864,4.8783356826909055,776.5079858170883,MD-Experiment-0004_Position(67)
63,3780,saved,saved,reconstructed_from_saved_mask,MD-Experiment-0004_Position(67)_t191.png,1916184.559616,456854.0,2709.1353307962418,0.9715130249867092,0.7822145599739014,388302.372864,4.9347742726442965,780.9868686978713,MD-Experiment-0004_Position(67)
64,3840,saved,saved,reconstructed_from_saved_mask,MD-Experiment-0004_Position(67)_t194.png,1942359.1137279999,463094.5,2710.3485329151154,0.9710424204426672,0.7921897217512892,388302.372864,5.002181932090064,786.3028096215911,MD-Experiment-0004_Position(67)
65,3900,saved,saved,reconstructed_from_saved_mask,MD-Experiment-0004_Position(67)_t197.png,1962504.3558399999,467897.5,2738.975948214531,0.970657121163716,0.7837619066877652,388302.372864,5.0540622282711425,790.3698742630718,MD-Experiment-0004_Position(67)
66,3960,saved,saved,reconstructed_from_saved_mask,MD-Experiment-0004_Position(67)_t200.png,1980141.40416,472102.5,2780.147524356842,0.9696137277353036,0.7675567244249126,388302.372864,5.099483141334111,793.9134618999611,MD-Experiment-0004_Position(67)
67,4020,saved,saved,reconstructed_from_saved_mask,MD-Experiment-0004_Position(67)_t203.png,2006473.244672,478380.5,2756.4906675815582,0.9706470770847748,0.7911708533000384,388302.372864,5.167295862430262,799.1747431834701,MD-Experiment-0004_Position(67)
68,4080,saved,saved,reconstructed_from_saved_mask,MD-Experiment-0004_Position(67)_t206.png,2030710.0303359998,484159.0,2777.4196009635925,0.9719706657619334,0.7887055213928893,388302.372864,5.229713162343309,803.9869890915737,MD-Experiment-0004_Position(67)
69,4140,saved,saved,reconstructed_from_saved_mask,MD-Experiment-0004_Position(67)_t209.png,2052285.530112,489303.0,2793.846006512642,0.9704176161548851,0.7877398449777169,388302.372864,5.285276819131872,808.2467281137556,MD-Experiment-0004_Position(67)
70,4200,saved,saved,reconstructed_from_saved_mask,MD-Experiment-0004_Position(67)_t212.png,2068523.7780479998,493174.5,2792.289655447006,0.9718317769164225,0.7948579863270461,388302.372864,5.327095383917432,811.4379633458885,MD-Experiment-0004_Position(67)
71,4260,saved,saved,reconstructed_from_saved_mask,MD-Experiment-0004_Position(67)_t215.png,2089140.87936,498090.0,2826.1302740573883,0.9713806519555742,0.7836701990523871,388302.372864,5.380190865049661,815.471762558941,MD-Experiment-0004_Position(67)
72,4320,saved,saved,reconstructed_from_saved_mask,MD-Experiment-0004_Position(67)_t218.png,2112874.3485439997,503748.5,2824.28965651989,0.9727728986111754,0.7936063953839092,388302.372864,5.4413119676814805,820.0907226677372,MD-Experiment-0004_Position(67)
73,4380,saved,saved,reconstructed_from_saved_mask,MD-Experiment-0004_Position(67)_t221.png,2139441.07008,510082.5,2825.8043735027313,0.9741240031166927,0.8027237306256376,388302.372864,5.509729580842205,825.2304184372339,MD-Experiment-0004_Position(67)
74,4440,2,0.5,auto,MD-Experiment-0004_Position(67)_t224.png,2201418.203136,524859.0,2836.4734218120575,0.9758019761115279,0.8197757659537626,388302.372864,5.669340073559196,837.0980693342598,MD-Experiment-0004_Position(67)
75,4500,2,0.5,auto,MD-Experiment-0004_Position(67)_t227.png,2229257.8959359997,531496.5,2856.573925614357,0.9751102166171617,0.8185012322617239,388302.372864,5.741035985677019,842.3745171416956,MD-Experiment-0004_Position(67)
76,4560,2,0.5,auto,MD-Experiment-0004_Position(67)_t230.png,2252108.4641279997,536944.5,2887.8876374959946,0.9746112042865545,0.8090561788653717,388302.372864,5.799883342244689,846.6808069692705,MD-Experiment-0004_Position(67)
77,4620,2,0.5,auto,MD-Experiment-0004_Position(67)_t233.png,2278622.756864,543266.0,2902.9587018489838,0.9747487841791225,0.8101038102117252,388302.372864,5.868165934855286,851.6502512141795,MD-Experiment-0004_Position(67)
78,4680,2,0.5,auto,MD-Experiment-0004_Position(67)_t236.png,2302721.130496,549011.5,2914.0297706127167,0.97417254736349,0.8124625226563151,388302.372864,5.930226780515995,856.1418696461419,MD-Experiment-0004_Position(67)
79,4740,2,0.5,auto,MD-Experiment-0004_Position(67)_t239.png,2325416.5094399997,554422.5,2929.0003324747086,0.9742683399362639,0.8121044100680939,388302.372864,5.9886744762552855,860.3505474222435,MD-Experiment-0004_Position(67)
80,4800,2,0.5,auto,MD-Experiment-0004_Position(67)_t242.png,2354254.446592,561298.0,2961.1840963363647,0.9736685299946659,0.8044008897271734,388302.372864,6.0629411796475425,865.6687963317048,MD-Experiment-0004_Position(67)
81,4860,2,0.4,auto,MD-Experiment-0004_Position(67)_t245.png,2387500.597248,569224.5,2990.3384231328964,0.9731256555109075,0.799931439317264,388302.372864,6.148560410894539,871.7597394774223,MD-Experiment-0004_Position(67)
82,4920,2,0.4,auto,MD-Experiment-0004_Position(67)_t248.png,2412114.870272,575093.0,3019.811511993408,0.9717995577759697,0.7924799307334757,388302.372864,6.211949858768505,876.2419813148132,MD-Experiment-0004_Position(67)
0,0,saved,saved,reconstructed_from_saved_mask,MD-Experiment-0004_Position(68)_t002.png,67018.686464,15978.5,501.68837916851044,0.9756075222859935,0.7977701607914355,67018.686464,1.0,146.0572163932443,MD-Experiment-0004_Position(68)
1,60,2,0.9400000000000002,auto,MD-Experiment-0004_Position(68)_t005.png,106094.91967999999,25295.0,613.528999209404,0.9816248520480432,0.844450812188911,67018.686464,1.5830647432487404,183.7690447491612,MD-Experiment-0004_Position(68)
2,120,saved,saved,reconstructed_from_saved_mask,MD-Experiment-0004_Position(68)_t008.png,149271.08505599998,35589.0,837.4356340169907,0.904720746371101,0.63770933681141,67018.686464,2.227305441687267,217.97812297271093,MD-Experiment-0004_Position(68)
3,180,saved,saved,reconstructed_from_saved_mask,MD-Experiment-0004_Position(68)_t011.png,174868.922368,41692.0,816.8082163333893,0.9624747503895654,0.7852761323329684,67018.686464,2.6092561880026284,235.92902910841687,MD-Experiment-0004_Position(68)
4,240,saved,saved,reconstructed_from_saved_mask,MD-Experiment-0004_Position(68)_t014.png,203394.38387199998,48493.0,899.7199039459229,0.9548403611195889,0.7527907257087619,67018.686464,3.0348906342898267,254.4453638420605,MD-Experiment-0004_Position(68)
5,300,saved,saved,reconstructed_from_saved_mask,MD-Experiment-0004_Position(68)_t017.png,233207.496704,55601.0,959.9209153652191,0.9615723846912129,0.7582659557117577,67018.686464,3.4797383984729477,272.45596292439075,MD-Experiment-0004_Position(68)
6,360,saved,saved,reconstructed_from_saved_mask,MD-Experiment-0004_Position(68)_t020.png,263330.98803199996,62783.0,1006.8326016664505,0.970176007911857,0.778282720951728,67018.686464,3.929217385862252,289.51831864172436,MD-Experiment-0004_Position(68)
7,420,saved,saved,reconstructed_from_saved_mask,MD-Experiment-0004_Position(68)_t023.png,281836.25727999996,67195.0,1024.9158613681793,0.9729099701734573,0.8038414445552703,67018.686464,4.2053384235065865,299.51839171787486,MD-Experiment-0004_Position(68)
8,480,saved,saved,reconstructed_from_saved_mask,MD-Experiment-0004_Position(68)_t026.png,306739.93728,73132.5,1097.1585029363632,0.9692842942345924,0.7634516488645182,67018.686464,4.576931501705417,312.4713659259355,MD-Experiment-0004_Position(68)
9,540,saved,saved,reconstructed_from_saved_mask,MD-Experiment-0004_Position(68)_t029.png,326696.435712,77890.5,1095.5016491413116,0.9752098709786466,0.8155832246095819,67018.686464,4.874706637043527,322.4758987399474,MD-Experiment-0004_Position(68)
10,600,saved,saved,reconstructed_from_saved_mask,MD-Experiment-0004_Position(68)_t032.png,333629.620224,79543.5,1120.9574908018112,0.9736463618392465,0.7954928372269536,67018.686464,4.978158150014082,325.8797422992763,MD-Experiment-0004_Position(68)
11,660,saved,saved,reconstructed_from_saved_mask,MD-Experiment-0004_Position(68)_t035.png,357545.541632,85245.5,1191.300637602806,0.9574649706567826,0.7548116211740521,67018.686464,5.33501267327972,337.35779324391444,MD-Experiment-0004_Position(68)
12,720,saved,saved,reconstructed_from_saved_mask,MD-Experiment-0004_Position(68)_t038.png,372477.263872,88805.5,1209.099628686905,0.9606878012105214,0.7633532382023371,67018.686464,5.557812059955565,344.3300676228349,MD-Experiment-0004_Position(68)
13,780,saved,saved,reconstructed_from_saved_mask,MD-Experiment-0004_Position(68)_t041.png,404521.74643199996,96445.5,1242.0701894760132,0.9687465472041142,0.7855965288602809,67018.686464,6.035954563945301,358.835994662796,MD-Experiment-0004_Position(68)
14,840,saved,saved,reconstructed_from_saved_mask,MD-Experiment-0004_Position(68)_t044.png,420556.570624,100268.5,1253.4427741765976,0.9695365455090458,0.8019833646322507,67018.686464,6.275213568232312,365.8788243792892,MD-Experiment-0004_Position(68)
15,900,saved,saved,reconstructed_from_saved_mask,MD-Experiment-0004_Position(68)_t047.png,432074.129408,103014.5,1268.0113141536713,0.972197186687492,0.8051225037170989,67018.686464,6.447069499640142,370.8550484418689,MD-Experiment-0004_Position(68)
16,960,saved,saved,reconstructed_from_saved_mask,MD-Experiment-0004_Position(68)_t050.png,446596.90700799995,106477.0,1298.3960927724838,0.9682676087717623,0.7936906616637852,67018.686464,6.663766936821353,377.036086654513,MD-Experiment-0004_Position(68)
17,1020,saved,saved,reconstructed_from_saved_mask,MD-Experiment-0004_Position(68)_t053.png,454643.67923199997,108395.5,1309.0407528877258,0.9697738293341922,0.7949041836113702,67018.686464,6.783834527646524,380.4176360140494,MD-Experiment-0004_Position(68)
18,1080,saved,saved,reconstructed_from_saved_mask,MD-Experiment-0004_Position(68)_t056.png,465460.78924799996,110974.5,1312.8397427797318,0.9713091617251264,0.809113840654271,67018.686464,6.945238914791751,384.91657647930447,MD-Experiment-0004_Position(68)
19,1140,saved,saved,reconstructed_from_saved_mask,MD-Experiment-0004_Position(68)_t059.png,477949.329408,113952.0,1331.2833933830261,0.9717063187515989,0.8079617233277724,67018.686464,7.131583064743249,390.0461468153218,MD-Experiment-0004_Position(68)
20,1200,saved,saved,reconstructed_from_saved_mask,MD-Experiment-0004_Position(68)_t062.png,480226.83648,114495.0,1352.2539571523666,0.9680364910738065,0.7868281035417173,67018.686464,7.165566229621054,390.9743593413137,MD-Experiment-0004_Position(68)
21,1260,saved,saved,reconstructed_from_saved_mask,MD-Experiment-0004_Position(68)_t065.png,500225.277952,119263.0,1367.0823822021484,0.9714264769367359,0.8019110918641392,67018.686464,7.463967205932972,399.0321431804162,MD-Experiment-0004_Position(68)
22,1320,saved,saved,reconstructed_from_saved_mask,MD-Experiment-0004_Position(68)_t068.png,504706.891776,120331.5,1364.354460120201,0.9720890404042444,0.8123342500799741,67018.686464,7.530838313984416,400.8156599702578,MD-Experiment-0004_Position(68)
23,1380,saved,saved,reconstructed_from_saved_mask,MD-Experiment-0004_Position(68)_t071.png,511078.039552,121850.5,1375.9524393081665,0.9727689673203658,0.8087798723053391,67018.686464,7.625903557905937,403.3375665628383,MD-Experiment-0004_Position(68)
24,1440,saved,saved,reconstructed_from_saved_mask,MD-Experiment-0004_Position(68)_t074.png,532378.812416,126929.0,1405.508787870407,0.9744430284512275,0.8074276021655603,67018.686464,7.9437368964546105,411.6569435668474,MD-Experiment-0004_Position(68)
25,1500,saved,saved,reconstructed_from_saved_mask,MD-Experiment-0004_Position(68)_t077.png,542271.0784,129287.5,1414.2955873012543,0.9781465621595449,0.8122430968482637,67018.686464,8.091341490127359,415.463891627498,MD-Experiment-0004_Position(68)
26,1560,saved,saved,reconstructed_from_saved_mask,MD-Experiment-0004_Position(68)_t080.png,555007.082496,132324.0,1429.5087895393372,0.9771450091936877,0.8137196892938053,67018.686464,8.281378101824327,420.31445521240346,MD-Experiment-0004_Position(68)
27,1620,saved,saved,reconstructed_from_saved_mask,MD-Experiment-0004_Position(68)_t083.png,563185.975296,134274.0,1444.0529454946518,0.9749959155517636,0.8091621454816121,67018.686464,8.403417091716996,423.4001224572059,MD-Experiment-0004_Position(68)
28,1680,saved,saved,reconstructed_from_saved_mask,MD-Experiment-0004_Position(68)_t086.png,577549.369344,137698.5,1462.4377210140228,0.9762389223679546,0.8090666738527862,67018.686464,8.617736333197735,428.765290131336,MD-Experiment-0004_Position(68)
29,1740,saved,saved,reconstructed_from_saved_mask,MD-Experiment-0004_Position(68)_t089.png,578866.3807999999,138012.5,1485.9524393081665,0.9741657696447793,0.7854498632689969,67018.686464,8.637387739775322,429.2538780116853,MD-Experiment-0004_Position(68)
30,1800,saved,saved,reconstructed_from_saved_mask,MD-Experiment-0004_Position(68)_t092.png,598682.370048,142737.0,1499.3077775239944,0.974044718013109,0.7979300868699118,67018.686464,8.933066307851176,436.53925032031304,MD-Experiment-0004_Position(68)
31,1860,saved,saved,reconstructed_from_saved_mask,MD-Experiment-0004_Position(68)_t095.png,602539.032576,143656.5,1515.0651358366013,0.9724523780512571,0.7864525705755405,67018.686464,8.990612385392872,437.9430680814093,MD-Experiment-0004_Position(68)
32,1920,saved,saved,reconstructed_from_saved_mask,MD-Experiment-0004_Position(68)_t098.png,602113.31072,143555.0,1507.8519337177277,0.9736172810200414,0.7934339747250222,67018.686464,8.984260099508715,437.78832716854,MD-Experiment-0004_Position(68)
33,1980,saved,saved,reconstructed_from_saved_mask,MD-Experiment-0004_Position(68)_t101.png,625035.1820799999,149020.0,1532.9646301269531,0.9724710174009795,0.796874911666037,67018.686464,9.326282191695089,446.0435827010065,MD-Experiment-0004_Position(68)
34,2040,saved,saved,reconstructed_from_saved_mask,MD-Experiment-0004_Position(68)_t104.png,622510.211072,148418.0,1623.533174753189,0.9678193449101093,0.7075776465388816,67018.686464,9.288606565071815,445.14172398751367,MD-Experiment-0004_Position(68)
35,2100,saved,saved,reconstructed_from_saved_mask,MD-Experiment-0004_Position(68)_t107.png,640363.266048,152674.5,1570.805253982544,0.9728828139935003,0.7775560054153963,67018.686464,9.554995775573426,451.47974299188587,MD-Experiment-0004_Position(68)
36,2160,saved,saved,reconstructed_from_saved_mask,MD-Experiment-0004_Position(68)_t110.png,657304.059904,156713.5,1565.207271695137,0.9773885330456096,0.8038454546379327,67018.686464,9.807772944894703,457.41270259600986,MD-Experiment-0004_Position(68)
37,2220,saved,saved,reconstructed_from_saved_mask,MD-Experiment-0004_Position(68)_t113.png,658256.1669119999,156940.5,1560.1778341531754,0.9789386028930183,0.8102083019942856,67018.686464,9.821979535000155,457.7438645897256,MD-Experiment-0004_Position(68)
38,2280,saved,saved,reconstructed_from_saved_mask,MD-Experiment-0004_Position(68)_t116.png,680083.324928,162144.5,1592.520979642868,0.9793877637309205,0.8034183765363393,67018.686464,10.14766717777013,465.2711529348511,MD-Experiment-0004_Position(68)
39,2340,saved,saved,reconstructed_from_saved_mask,MD-Experiment-0004_Position(68)_t119.png,682750.902272,162780.5,1601.089522600174,0.9773319484137467,0.797959796804868,67018.686464,10.187470663704353,466.1827560024938,MD-Experiment-0004_Position(68)
40,2400,saved,saved,reconstructed_from_saved_mask,MD-Experiment-0004_Position(68)_t122.png,696342.544384,166021.0,1609.1067667007446,0.9758192023980956,0.8057552931212313,67018.686464,10.390274431267015,470.800080764439,MD-Experiment-0004_Position(68)
41,2460,saved,saved,reconstructed_from_saved_mask,MD-Experiment-0004_Position(68)_t125.png,705593.081856,168226.5,1618.1778358221054,0.9768768672858773,0.8073312748077963,67018.686464,10.528303658040493,473.9169268739548,MD-Experiment-0004_Position(68)
42,2520,2,0.87,auto,MD-Experiment-0004_Position(68)_t128.png,734917.5582719999,175218.0,1647.5331771373749,0.9778908859551455,0.8111856232005914,67018.686464,10.965860374878742,483.6646817042047,MD-Experiment-0004_Position(68)
43,2580,2,0.87,auto,MD-Experiment-0004_Position(68)_t131.png,746292.51072,177930.0,1659.8763192892075,0.9785029614109184,0.8115356160984966,67018.686464,11.135588446975625,487.3933566915932,MD-Experiment-0004_Position(68)
44,2640,2,0.87,auto,MD-Experiment-0004_Position(68)_t134.png,759106.1094399999,180985.0,1678.90575838089,0.9788369803891875,0.806863015136013,67018.686464,11.326782864474136,491.5597413308646,MD-Experiment-0004_Position(68)
45,2700,2,0.87,auto,MD-Experiment-0004_Position(68)_t137.png,772272.0296959999,184124.0,1701.1311564445496,0.9763060567095723,0.7995482324921418,67018.686464,11.523234346152641,495.8042172828492,MD-Experiment-0004_Position(68)
46,2760,2,0.87,auto,MD-Experiment-0004_Position(68)_t140.png,780205.555712,186015.5,1722.0012090206146,0.9724597260087775,0.7883010297271813,67018.686464,11.641612166348532,498.3444006293719,MD-Experiment-0004_Position(68)
47,2820,2,0.86,auto,MD-Experiment-0004_Position(68)_t143.png,801957.216256,191201.5,1741.7758135795593,0.97197214243957,0.7919844376089968,67018.686464,11.966173295365648,505.2434168108645,MD-Experiment-0004_Position(68)
48,2880,2,0.87,auto,MD-Experiment-0004_Position(68)_t146.png,813539.786752,193963.0,1738.3616007566452,0.9760765309460188,0.8065819823756212,67018.686464,12.13899928028288,508.87892167687045,MD-Experiment-0004_Position(68)
49,2940,2,0.87,auto,MD-Experiment-0004_Position(68)_t149.png,827018.182656,197176.5,1755.7758139371872,0.9764644998984792,0.8037609320421207,67018.686464,12.34011327721626,513.0770542454192,MD-Experiment-0004_Position(68)
50,3000,2,0.83,auto,MD-Experiment-0004_Position(68)_t152.png,846041.448448,201712.0,1767.2732875347137,0.9789991215255365,0.8115853020550269,67018.686464,12.62396345088713,518.9444644297232,MD-Experiment-0004_Position(68)
51,3060,2,0.83,auto,MD-Experiment-0004_Position(68)_t155.png,852941.0785279999,203357.0,1797.8418296575546,0.9734867433716858,0.7906167824260862,67018.686464,12.726914291078636,521.0562135007386,MD-Experiment-0004_Position(68)
52,3120,2,0.83,auto,MD-Experiment-0004_Position(68)_t158.png,863108.071424,205781.0,1821.758568763733,0.9687504413447008,0.7791722834471666,67018.686464,12.878618143129831,524.1524892426673,MD-Experiment-0004_Position(68)
53,3180,2,0.85,auto,MD-Experiment-0004_Position(68)_t161.png,887384.7029759999,211569.0,1830.042839884758,0.9733844327686632,0.7938517100793393,67018.686464,13.240854898770221,531.4727874553197,MD-Experiment-0004_Position(68)
54,3240,2,0.85,auto,MD-Experiment-0004_Position(68)_t164.png,882571.7391359999,210421.5,1893.113906621933,0.9650414595219313,0.7378133084410997,67018.686464,13.16903964702569,530.0295367556513,MD-Experiment-0004_Position(68)
55,3300,2,0.85,auto,MD-Experiment-0004_Position(68)_t167.png,897526.5300479999,213987.0,1871.1555374860764,0.9668604270258425,0.7680287470225682,67018.686464,13.39218324623713,534.5012325771677,MD-Experiment-0004_Position(68)
56,3360,2,0.7599999999999999,auto,MD-Experiment-0004_Position(68)_t170.png,936426.602496,223261.5,1901.800199508667,0.9707992538384274,0.7757002386082646,67018.686464,13.972619457395876,545.9613953934614,MD-Experiment-0004_Position(68)
57,3420,2,0.7699999999999999,auto,MD-Experiment-0004_Position(68)_t173.png,954562.772992,227585.5,1928.0844696760178,0.9680864187027837,0.7693117041149936,67018.686464,14.243233094470694,551.2229745088345,MD-Experiment-0004_Position(68)
58,3480,2,0.82,auto,MD-Experiment-0004_Position(68)_t176.png,960657.0967039999,229038.5,1922.3687413930893,0.9691059490564441,0.7788341082522127,67018.686464,14.334167787965077,552.9797926809813,MD-Experiment-0004_Position(68)
59,3540,2,0.82,auto,MD-Experiment-0004_Position(68)_t179.png,973149.831168,232017.0,1939.9250890016556,0.9704230860120834,0.774746729259713,67018.686464,14.520574522013957,556.5637537594963,MD-Experiment-0004_Position(68)
60,3600,2,0.86,auto,MD-Experiment-0004_Position(68)_t182.png,981741.8629119999,234065.5,1921.540314078331,0.9732089027853428,0.796614613192045,67018.686464,14.648778045498638,559.015331315145,MD-Experiment-0004_Position(68)
61,3660,2,0.86,auto,MD-Experiment-0004_Position(68)_t185.png,990560.387072,236168.0,1953.2387982606888,0.9709258345666831,0.7778936586038009,67018.686464,14.780361110241888,561.5204039632575,MD-Experiment-0004_Position(68)
62,3720,2,0.7999999999999999,auto,MD-Experiment-0004_Position(68)_t188.png,1006628.765696,239999.0,1981.4986847639084,0.9691936477168327,0.7681246801028745,67018.686464,15.020120787307945,566.0564352059107,MD-Experiment-0004_Position(68)
63,3780,2,0.7699999999999999,auto,MD-Experiment-0004_Position(68)_t191.png,1033327.607808,246364.5,2014.1677302122116,0.9684615006633581,0.7631268336305745,67018.686464,15.418499859185781,573.5140741358779,MD-Experiment-0004_Position(68)
64,3840,2,0.7699999999999999,auto,MD-Experiment-0004_Position(68)_t194.png,1042718.6544639999,248603.5,2012.9128955602646,0.9694506458688764,0.7710226536230157,67018.686464,15.558625653221515,576.1142735813366,MD-Experiment-0004_Position(68)
65,3900,2,0.7699999999999999,auto,MD-Experiment-0004_Position(68)_t197.png,1058046.738432,252258.0,2032.8123922348022,0.9714897500972421,0.7671145374589649,67018.686464,15.787339237099852,580.3332981032718,MD-Experiment-0004_Position(68)
66,3960,2,0.7699999999999999,auto,MD-Experiment-0004_Position(68)_t200.png,1069593.657344,255011.0,2034.1261011362076,0.97363472709814,0.7744850398521866,67018.686464,15.959633257189347,583.4914183876855,MD-Experiment-0004_Position(68)
67,4020,2,0.7699999999999999,auto,MD-Experiment-0004_Position(68)_t203.png,1077755.772928,256957.0,2051.6408175230026,0.9717557497291297,0.7671276837101477,67018.686464,16.081421910692494,585.7135113813194,MD-Experiment-0004_Position(68)
68,4080,2,0.7099999999999999,auto,MD-Experiment-0004_Position(68)_t206.png,1103718.5146879999,263147.0,2042.954526424408,0.9755398617212553,0.792302246717845,67018.686464,16.468817473479987,592.7263405563142,MD-Experiment-0004_Position(68)
69,4140,2,0.7299999999999999,auto,MD-Experiment-0004_Position(68)_t209.png,1114541.91616,265727.5,2050.9961569309235,0.9772573061455657,0.7938101952747921,67018.686464,16.630315736771287,595.6254783670302,MD-Experiment-0004_Position(68)
70,4200,2,0.7299999999999999,auto,MD-Experiment-0004_Position(68)_t212.png,1127586.2016,268837.5,2066.9961556196213,0.977189373093965,0.7907157225235553,67018.686464,16.824952279625748,599.1008558612722,MD-Experiment-0004_Position(68)
71,4260,2,0.6999999999999998,auto,MD-Experiment-0004_Position(68)_t215.png,1151357.41952,274505.0,2145.807338833809,0.9666945459347626,0.7491670550331785,67018.686464,17.179647651531745,605.3828946743326,MD-Experiment-0004_Position(68)
72,4320,2,0.6999999999999998,auto,MD-Experiment-0004_Position(68)_t218.png,1194026.074112,284678.0,2159.322057366371,0.9667322637443989,0.767235921277785,67018.686464,17.816315674187187,616.4984215316931,MD-Experiment-0004_Position(68)
73,4380,2,0.7399999999999999,auto,MD-Experiment-0004_Position(68)_t221.png,1208997.64224,288247.5,2184.5941364765167,0.9683490722917065,0.7589862112684082,67018.686464,18.03970960978815,620.3514341870144,MD-Experiment-0004_Position(68)
74,4440,2,0.7499999999999999,auto,MD-Experiment-0004_Position(68)_t224.png,1227121.229824,292568.5,2216.9372802972794,0.9664704998207906,0.7480499804209199,67018.686464,18.31013549457083,624.9838549906635,MD-Experiment-0004_Position(68)
75,4500,2,0.7499999999999999,auto,MD-Experiment-0004_Position(68)_t227.png,1250649.178112,298178.0,2222.0083515644073,0.9681638272242299,0.7589166615279108,67018.686464,18.66120098882874,630.9469054846708,MD-Experiment-0004_Position(68)
76,4560,2,0.7499999999999999,auto,MD-Experiment-0004_Position(68)_t230.png,1266803.539968,302029.5,2225.422565102577,0.9682993099136791,0.7663625132758961,67018.686464,18.902243639891104,635.0087327150999,MD-Experiment-0004_Position(68)
77,4620,2,0.7899999999999999,auto,MD-Experiment-0004_Position(68)_t233.png,1275320.07424,304060.0,2244.836777448654,0.9660442100413824,0.7582276497705607,67018.686464,19.02932064962293,637.1396924374104,MD-Experiment-0004_Position(68)
78,4680,2,0.7899999999999999,auto,MD-Experiment-0004_Position(68)_t236.png,1282964.19328,305882.5,2244.108855366707,0.9694444312388776,0.763267298971456,67018.686464,19.14338016709954,639.0463100126905,MD-Experiment-0004_Position(68)
79,4740,2,0.7899999999999999,auto,MD-Experiment-0004_Position(68)_t239.png,1307899.33056,311827.5,2283.2215539216995,0.9673344035736721,0.7516716413303333,67018.686464,19.515442626028726,645.2265393258476,MD-Experiment-0004_Position(68)
80,4800,2,0.7899999999999999,auto,MD-Experiment-0004_Position(68)_t242.png,1322017.3578239998,315193.5,2293.2215522527695,0.966153284973585,0.7531735973772268,67018.686464,19.726100697812683,648.699618237866,MD-Experiment-0004_Position(68)
81,4860,2,0.7899999999999999,auto,MD-Experiment-0004_Position(68)_t245.png,1321778.282496,315136.5,2298.393126010895,0.9705242410477122,0.7496524127610542,67018.686464,19.722533404261977,648.6409597469991,MD-Experiment-0004_Position(68)
82,4920,2,0.7899999999999999,auto,MD-Experiment-0004_Position(68)_t248.png,1345010.532352,320675.5,2301.9078447818756,0.9714363178932732,0.7605009810602311,67018.686464,20.069186719654535,654.3165514251988,MD-Experiment-0004_Position(68)
0,0,saved,saved,reconstructed_from_saved_mask,MD-Experiment-0004_Position(69)_t002.png,135941.58694399998,32411.0,701.2691130638123,0.9721064155244293,0.8281955118565171,135941.58694399998,1.0,208.0181508133089,MD-Experiment-0004_Position(69)
1,60,saved,saved,reconstructed_from_saved_mask,MD-Experiment-0004_Position(69)_t005.png,176479.53510399998,42076.0,801.2102388143539,0.9775113837003996,0.8236663605693237,135941.58694399998,1.2982012279781556,237.01303916182022,MD-Experiment-0004_Position(69)
2,120,saved,saved,reconstructed_from_saved_mask,MD-Experiment-0004_Position(69)_t008.png,209230.757888,49884.5,864.4234403371811,0.978415220162793,0.8389236110741163,135941.58694399998,1.5391225201320542,258.07018179068564,MD-Experiment-0004_Position(69)
3,180,saved,saved,reconstructed_from_saved_mask,MD-Experiment-0004_Position(69)_t011.png,237829.61971199999,56703.0,926.1219247579575,0.9754096245645724,0.8307676359447973,135941.58694399998,1.7494986270093489,275.14272511127916,MD-Experiment-0004_Position(69)
4,240,saved,saved,reconstructed_from_saved_mask,MD-Experiment-0004_Position(69)_t014.png,262739.591168,62642.0,969.5188944339752,0.9771323391776378,0.8374577862184555,135941.58694399998,1.932738884946469,289.1930313141411,MD-Experiment-0004_Position(69)
5,300,saved,saved,reconstructed_from_saved_mask,MD-Experiment-0004_Position(69)_t017.png,284013.101056,67714.0,1018.2884465456009,0.9756217041754315,0.8206286981738902,135941.58694399998,2.0892289654746845,300.672875184711,MD-Experiment-0004_Position(69)
6,360,saved,saved,reconstructed_from_saved_mask,MD-Experiment-0004_Position(69)_t020.png,304007.34822399996,72481.0,1045.6021554470062,0.9800424571034521,0.8331076087335025,135941.58694399998,2.236308660639906,311.0764285705644,MD-Experiment-0004_Position(69)
7,420,saved,saved,reconstructed_from_saved_mask,MD-Experiment-0004_Position(69)_t023.png,324288.905216,77316.5,1075.359513759613,0.9787208455963796,0.8401845412821958,135941.58694399998,2.385501835796489,321.28548754957956,MD-Experiment-0004_Position(69)
8,480,saved,saved,reconstructed_from_saved_mask,MD-Experiment-0004_Position(69)_t026.png,339547.783168,80954.5,1112.6732214689255,0.9731160822685146,0.821704351096755,135941.58694399998,2.497747678257382,328.75738199189465,MD-Experiment-0004_Position(69)
9,540,saved,saved,reconstructed_from_saved_mask,MD-Experiment-0004_Position(69)_t029.png,355018.473472,84643.0,1134.371705532074,0.9766237062848308,0.8265899883661543,135941.58694399998,2.6115516337046065,336.16348683938804,MD-Experiment-0004_Position(69)
10,600,saved,saved,reconstructed_from_saved_mask,MD-Experiment-0004_Position(69)_t032.png,369767.743488,88159.5,1153.0996277332306,0.9786148791155118,0.8331924358738118,135941.58694399998,2.720048748881553,343.07539746257294,MD-Experiment-0004_Position(69)
11,660,saved,saved,reconstructed_from_saved_mask,MD-Experiment-0004_Position(69)_t035.png,391599.09580799995,93364.5,1172.7564803361893,0.9813638155301537,0.8530528866705656,135941.58694399998,2.8806423745024836,353.05787573189724,MD-Experiment-0004_Position(69)
12,720,saved,saved,reconstructed_from_saved_mask,MD-Experiment-0004_Position(69)_t038.png,405855.535104,96763.5,1208.0701892375946,0.9806134185951062,0.8331766637659604,135941.58694399998,2.98551417728549,359.42708465837086,MD-Experiment-0004_Position(69)
13,780,saved,saved,reconstructed_from_saved_mask,MD-Experiment-0004_Position(69)_t041.png,417622.65497599996,99569.0,1221.6265411376953,0.9785506847564901,0.8384112364124364,135941.58694399998,3.072074295763784,364.6003562439058,MD-Experiment-0004_Position(69)
14,840,saved,saved,reconstructed_from_saved_mask,MD-Experiment-0004_Position(69)_t044.png,428548.816896,102174.0,1245.1412588357925,0.9757387945317983,0.8281576381108277,135941.58694399998,3.152448242880504,369.3390381889842,MD-Experiment-0004_Position(69)
15,900,saved,saved,reconstructed_from_saved_mask,MD-Experiment-0004_Position(69)_t047.png,441744.09728,105320.0,1256.9402495622635,0.9754516279909791,0.8377056560009334,135941.58694399998,3.2495140538706,374.9820173389094,MD-Experiment-0004_Position(69)
16,960,saved,saved,reconstructed_from_saved_mask,MD-Experiment-0004_Position(69)_t050.png,452953.37471999996,107992.5,1276.4965966939926,0.9748991180161231,0.8328449114426919,135941.58694399998,3.3319706272561787,379.70980650186937,MD-Experiment-0004_Position(69)
17,1020,saved,saved,reconstructed_from_saved_mask,MD-Experiment-0004_Position(69)_t053.png,464535.94521599996,110754.0,1298.7392379045486,0.9741325476054356,0.8251356679668845,135941.58694399998,3.417173181944402,384.53398269851857,MD-Experiment-0004_Position(69)
18,1080,saved,saved,reconstructed_from_saved_mask,MD-Experiment-0004_Position(69)_t056.png,476634.41510399996,113638.5,1319.9524401426315,0.9743003875304366,0.819631781767892,135941.58694399998,3.506170744500324,389.50923791744896,MD-Experiment-0004_Position(69)
19,1140,saved,saved,reconstructed_from_saved_mask,MD-Experiment-0004_Position(69)_t059.png,486780.43648,116057.5,1330.0945754051208,0.9742292921449707,0.8243621261497156,135941.58694399998,3.5808058992317426,393.63311005610893,MD-Experiment-0004_Position(69)
20,1200,saved,saved,reconstructed_from_saved_mask,MD-Experiment-0004_Position(69)_t062.png,497673.043968,118654.5,1354.3788496255875,0.9693915899379907,0.8128562539225105,135941.58694399998,3.6609330165684493,398.0128766537519,MD-Experiment-0004_Position(69)
21,1260,saved,saved,reconstructed_from_saved_mask,MD-Experiment-0004_Position(69)_t065.png,507244.44569599995,120936.5,1359.266148686409,0.9742376212898106,0.8225423299556164,135941.58694399998,3.7313412113171456,401.822002604205,MD-Experiment-0004_Position(69)
22,1320,saved,saved,reconstructed_from_saved_mask,MD-Experiment-0004_Position(69)_t068.png,515175.87455999997,122827.5,1368.7219920158386,0.9779454208881546,0.8239009160285747,135941.58694399998,3.789685600567709,404.95132299552796,MD-Experiment-0004_Position(69)
23,1380,saved,saved,reconstructed_from_saved_mask,MD-Experiment-0004_Position(69)_t071.png,524539.65824,125060.0,1385.8519370555878,0.9743783526881888,0.8182662184052217,135941.58694399998,3.8585665360525754,408.6149274234348,MD-Experiment-0004_Position(69)
24,1440,saved,saved,reconstructed_from_saved_mask,MD-Experiment-0004_Position(69)_t074.png,533599.35488,127220.0,1399.9940716028214,0.9743246089337342,0.8156669434711248,135941.58694399998,3.9252105766560743,412.12855994167273,MD-Experiment-0004_Position(69)
25,1500,saved,saved,reconstructed_from_saved_mask,MD-Experiment-0004_Position(69)_t077.png,545372.766208,130027.0,1419.3910394906998,0.9720046048500434,0.8110344241486022,135941.58694399998,4.011816975718121,416.6503847825027,MD-Experiment-0004_Position(69)
26,1560,saved,saved,reconstructed_from_saved_mask,MD-Experiment-0004_Position(69)_t080.png,553509.715968,131967.0,1447.5331760644913,0.9694367412903344,0.7914402910591056,135941.58694399998,4.071673197371264,419.74708419641985,MD-Experiment-0004_Position(69)
27,1620,saved,saved,reconstructed_from_saved_mask,MD-Experiment-0004_Position(69)_t083.png,563005.620224,134231.0,1432.0773317813873,0.9751474733385639,0.822488338068195,135941.58694399998,4.14152602511493,423.3323220524697,MD-Experiment-0004_Position(69)
28,1680,saved,saved,reconstructed_from_saved_mask,MD-Experiment-0004_Position(69)_t086.png,571817.8529279999,136332.0,1445.9351954460144,0.9762196300831346,0.8194265134453891,135941.58694399998,4.206349696090833,426.6324831554334,MD-Experiment-0004_Position(69)
29,1740,saved,saved,reconstructed_from_saved_mask,MD-Experiment-0004_Position(69)_t089.png,579990.454272,138280.5,1451.349407196045,0.9797122088080259,0.8249485157413313,135941.58694399998,4.26646817438524,429.67044986478345,MD-Experiment-0004_Position(69)
30,1800,saved,saved,reconstructed_from_saved_mask,MD-Experiment-0004_Position(69)_t092.png,594255.282176,141681.5,1468.319971203804,0.9811976052051123,0.8258127778846565,135941.58694399998,4.371401684613248,434.9222128536998,MD-Experiment-0004_Position(69)
31,1860,saved,saved,reconstructed_from_saved_mask,MD-Experiment-0004_Position(69)_t095.png,604652.961792,144160.5,1469.9768240451813,0.981672023533898,0.8383689179052688,135941.58694399998,4.447888062694765,438.7106283744485,MD-Experiment-0004_Position(69)
32,1920,saved,saved,reconstructed_from_saved_mask,MD-Experiment-0004_Position(69)_t098.png,616363.4585599999,146952.5,1485.2905349731445,0.9823356395601457,0.8370743143848134,135941.58694399998,4.534031655919287,442.93857626321187,MD-Experiment-0004_Position(69)
33,1980,saved,saved,reconstructed_from_saved_mask,MD-Experiment-0004_Position(69)_t101.png,628820.54144,149922.5,1509.5748059749603,0.9818943328508648,0.8267370511828076,135941.58694399998,4.625667211749097,447.39221604292135,MD-Experiment-0004_Position(69)
34,2040,saved,saved,reconstructed_from_saved_mask,MD-Experiment-0004_Position(69)_t104.png,642936.4715519999,153288.0,1528.361601114273,0.9812787068896535,0.8246426380693072,135941.58694399998,4.729505414828299,452.38593599174266,MD-Experiment-0004_Position(69)
35,2100,saved,saved,reconstructed_from_saved_mask,MD-Experiment-0004_Position(69)_t107.png,656863.6579839999,156608.5,1534.4032329320908,0.9837340921368359,0.8358843308152328,135941.58694399998,4.831955200394928,457.2594408114013,MD-Experiment-0004_Position(69)
36,2160,saved,saved,reconstructed_from_saved_mask,MD-Experiment-0004_Position(69)_t110.png,669907.9434239999,159718.5,1553.9179491996765,0.9818921211823145,0.8312064802955228,135941.58694399998,4.9279102773749655,461.7773502727377,MD-Experiment-0004_Position(69)
37,2220,saved,saved,reconstructed_from_saved_mask,MD-Experiment-0004_Position(69)_t113.png,680565.669888,162259.5,1566.5453646183014,0.981959628541429,0.8308718507186218,135941.58694399998,5.006309586251582,465.436119056788,MD-Experiment-0004_Position(69)
38,2280,saved,saved,reconstructed_from_saved_mask,MD-Experiment-0004_Position(69)_t116.png,694583.0338559999,165601.5,1587.0306469202042,0.9807145649006858,0.8262348388739754,135941.58694399998,5.109422726851995,470.20489837080106,MD-Experiment-0004_Position(69)
39,2340,saved,saved,reconstructed_from_saved_mask,MD-Experiment-0004_Position(69)_t119.png,706465.497088,168434.5,1601.432668209076,0.9804931149602265,0.8253222405635547,135941.58694399998,5.196831322699084,474.2098185095458,MD-Experiment-0004_Position(69)
40,2400,saved,saved,reconstructed_from_saved_mask,MD-Experiment-0004_Position(69)_t122.png,719348.301824,171506.0,1621.4742991924286,0.9793012088094055,0.8197266287870312,135941.58694399998,5.291598531362809,478.5140291361378,MD-Experiment-0004_Position(69)
41,2460,saved,saved,reconstructed_from_saved_mask,MD-Experiment-0004_Position(69)_t125.png,728510.758912,173690.5,1644.6875022649765,0.9766232962979623,0.8068989397198257,135941.58694399998,5.3589984881675985,481.5518422277561,MD-Experiment-0004_Position(69)
42,2520,saved,saved,reconstructed_from_saved_mask,MD-Experiment-0004_Position(69)_t128.png,742163.218432,176945.5,1649.658063173294,0.9790057541219431,0.8170742389932987,135941.58694399998,5.459427354910371,486.04309437423933,MD-Experiment-0004_Position(69)
43,2580,saved,saved,reconstructed_from_saved_mask,MD-Experiment-0004_Position(69)_t131.png,752774.8075519999,179475.5,1653.5159281492233,0.978884301352081,0.8248942386691197,135941.58694399998,5.537487272839468,489.5055294007434,MD-Experiment-0004_Position(69)
44,2640,saved,saved,reconstructed_from_saved_mask,MD-Experiment-0004_Position(69)_t134.png,764774.7112959999,182336.5,1678.7707612514496,0.9761106858173759,0.8130189811267103,135941.58694399998,5.625759772916603,493.39168143460944,MD-Experiment-0004_Position(69)
45,2700,saved,saved,reconstructed_from_saved_mask,MD-Experiment-0004_Position(69)_t137.png,775174.4880639999,184816.0,1688.243851184845,0.9756324169094979,0.8148526406140651,135941.58694399998,5.702261577859369,496.73504312483334,MD-Experiment-0004_Position(69)
46,2760,saved,saved,reconstructed_from_saved_mask,MD-Experiment-0004_Position(69)_t140.png,788657.078272,188030.5,1698.4864920377731,0.9749736851656927,0.819056705764779,135941.58694399998,5.801440868840826,501.0362709652877,MD-Experiment-0004_Position(69)
47,2820,saved,saved,reconstructed_from_saved_mask,MD-Experiment-0004_Position(69)_t143.png,803905.470464,191666.0,1728.871265411377,0.9743111384483999,0.8058043935611112,135941.58694399998,5.913609576995466,505.85675720101096,MD-Experiment-0004_Position(69)
48,2880,saved,saved,reconstructed_from_saved_mask,MD-Experiment-0004_Position(69)_t146.png,815852.9454079999,194514.5,1739.2560441493988,0.9763534286524567,0.8080436145376353,135941.58694399998,6.001496405541329,509.60186243334203,MD-Experiment-0004_Position(69)
49,2940,saved,saved,reconstructed_from_saved_mask,MD-Experiment-0004_Position(69)_t149.png,830832.9021439999,198086.0,1750.8712674379349,0.9770155761396032,0.8119984769658936,135941.58694399998,6.111690475455864,514.2590072319639,MD-Experiment-0004_Position(69)
50,3000,saved,saved,reconstructed_from_saved_mask,MD-Experiment-0004_Position(69)_t152.png,844948.8322559999,201451.5,1769.055031657219,0.977426444901603,0.8089053042731877,135941.58694399998,6.215528678535065,518.6092619945523,MD-Experiment-0004_Position(69)
51,3060,saved,saved,reconstructed_from_saved_mask,MD-Experiment-0004_Position(69)_t155.png,859131.871232,204833.0,1788.6702591180801,0.9780476100663466,0.804542921190383,135941.58694399998,6.319860541174293,522.9437523756499,MD-Experiment-0004_Position(69)
52,3120,saved,saved,reconstructed_from_saved_mask,MD-Experiment-0004_Position(69)_t158.png,873482.6823679999,208254.5,1798.7118872404099,0.9779249655444447,0.808874322161391,135941.58694399998,6.425426552713585,527.2932516238666,MD-Experiment-0004_Position(69)
53,3180,saved,saved,reconstructed_from_saved_mask,MD-Experiment-0004_Position(69)_t161.png,892025.700352,212675.5,1804.5697519779205,0.9789999424592899,0.8206915834078212,135941.58694399998,6.561830859893247,532.8607690120011,MD-Experiment-0004_Position(69)
54,3240,saved,saved,reconstructed_from_saved_mask,MD-Experiment-0004_Position(69)_t164.png,907378.950144,216336.0,1814.9545282125473,0.9810689286904706,0.8252911007010373,135941.58694399998,6.674770911110427,537.4269162834181,MD-Experiment-0004_Position(69)
55,3300,saved,saved,reconstructed_from_saved_mask,MD-Experiment-0004_Position(69)_t167.png,922713.325568,219992.0,1829.2976726293564,0.9807804621427266,0.8261292295665138,135941.58694399998,6.787572120576348,541.9490507804373,MD-Experiment-0004_Position(69)
56,3360,saved,saved,reconstructed_from_saved_mask,MD-Experiment-0004_Position(69)_t170.png,940316.819456,224189.0,1848.6113818883896,0.9797870759656315,0.8243903861744579,135941.58694399998,6.917065193915647,547.0942695530117,MD-Experiment-0004_Position(69)
57,3420,saved,saved,reconstructed_from_saved_mask,MD-Experiment-0004_Position(69)_t173.png,957968.54784,228397.5,1870.8540204763412,0.9795867162469923,0.820014263707641,135941.58694399998,7.046913085063714,552.2054503811074,MD-Experiment-0004_Position(69)
58,3480,saved,saved,reconstructed_from_saved_mask,MD-Experiment-0004_Position(69)_t176.png,969880.3711999999,231237.5,1891.3393017053604,0.9763550957935293,0.8123239072161071,135941.58694399998,7.134537656968313,555.6280325618611,MD-Experiment-0004_Position(69)
59,3540,saved,saved,reconstructed_from_saved_mask,MD-Experiment-0004_Position(69)_t179.png,983681.728512,234528.0,1914.4103709459305,0.9748157631127201,0.8041452248963462,135941.58694399998,7.236061830859894,559.5673498728542,MD-Experiment-0004_Position(69)
60,3600,saved,saved,reconstructed_from_saved_mask,MD-Experiment-0004_Position(69)_t182.png,1001524.297728,238782.0,1918.552505850792,0.9749905066004647,0.8151998123701085,135941.58694399998,7.367313566381785,564.6194162620523,MD-Experiment-0004_Position(69)
61,3660,saved,saved,reconstructed_from_saved_mask,MD-Experiment-0004_Position(69)_t185.png,1013176.07424,241560.0,1953.665206193924,0.9714606294225167,0.7953066263904909,135941.58694399998,7.453025207491285,567.8943219257209,MD-Experiment-0004_Position(69)
62,3720,saved,saved,reconstructed_from_saved_mask,MD-Experiment-0004_Position(69)_t188.png,1026553.8068479999,244749.5,1954.309866309166,0.9743658646793145,0.8052761341340675,135941.58694399998,7.5514331554102005,571.6311970312012,MD-Experiment-0004_Position(69)
63,3780,saved,saved,reconstructed_from_saved_mask,MD-Experiment-0004_Position(69)_t191.png,1040246.1122559999,248014.0,1967.037786602974,0.9734647698258656,0.8054909313696429,135941.58694399998,7.6521551325167385,575.4308139084472,MD-Experiment-0004_Position(69)
64,3840,saved,saved,reconstructed_from_saved_mask,MD-Experiment-0004_Position(69)_t194.png,1057713.2912639999,252178.5,1984.5941359996796,0.9724419165140268,0.8045897833063054,135941.58694399998,7.7806454598747345,580.2418438524805,MD-Experiment-0004_Position(69)
65,3900,saved,saved,reconstructed_from_saved_mask,MD-Experiment-0004_Position(69)_t197.png,1075264.356352,256363.0,1993.380933046341,0.9741271867827884,0.8107456168663277,135941.58694399998,7.9097528616827635,585.0361312670287,MD-Experiment-0004_Position(69)
66,3960,saved,saved,reconstructed_from_saved_mask,MD-Experiment-0004_Position(69)_t200.png,1089434.812416,259741.5,2012.4520020484924,0.974586748563399,0.8059352404283723,135941.58694399998,8.013992163154485,588.8784858905922,MD-Experiment-0004_Position(69)
67,4020,saved,saved,reconstructed_from_saved_mask,MD-Experiment-0004_Position(69)_t203.png,1105226.366976,263506.5,2015.079417347908,0.9762953192703345,0.81548666270554,135941.58694399998,8.130156428373084,593.1310808577266,MD-Experiment-0004_Position(69)
68,4080,saved,saved,reconstructed_from_saved_mask,MD-Experiment-0004_Position(69)_t206.png,1123614.195712,267890.5,2040.736273407936,0.9766902188972014,0.8083387694245866,135941.58694399998,8.265419147820184,598.044736413237,MD-Experiment-0004_Position(69)
69,4140,saved,saved,reconstructed_from_saved_mask,MD-Experiment-0004_Position(69)_t209.png,1138659.16416,271477.5,2049.907847046852,0.9752380370764862,0.8118485687000854,135941.58694399998,8.376091450433496,602.0352721775525,MD-Experiment-0004_Position(69)
70,4200,saved,saved,reconstructed_from_saved_mask,MD-Experiment-0004_Position(69)_t212.png,1155706.912768,275542.0,2065.121048092842,0.9765625276886818,0.8119076699848975,135941.58694399998,8.50149640554133,606.5252969703755,MD-Experiment-0004_Position(69)
71,4260,saved,saved,reconstructed_from_saved_mask,MD-Experiment-0004_Position(69)_t215.png,1173251.6864,279725.0,2074.978912949562,0.9764752289991063,0.8164202562237401,135941.58694399998,8.630557526765605,611.111782543034,MD-Experiment-0004_Position(69)
72,4320,saved,saved,reconstructed_from_saved_mask,MD-Experiment-0004_Position(69)_t218.png,1191192.82176,284002.5,2096.5941364765167,0.9768179746683061,0.8119014056756805,135941.58694399998,8.762534324766284,615.7665560237695,MD-Experiment-0004_Position(69)
73,4380,saved,saved,reconstructed_from_saved_mask,MD-Experiment-0004_Position(69)_t221.png,1206573.3345279999,287669.5,2106.3931263685226,0.9768081100307471,0.8147508546874392,135941.58694399998,8.875674925179723,619.7291511507301,MD-Experiment-0004_Position(69)
74,4440,saved,saved,reconstructed_from_saved_mask,MD-Experiment-0004_Position(69)_t224.png,1221819.6295679999,291304.5,2127.1626802682877,0.9755921531853613,0.8090132744154558,135941.58694399998,8.987828206473111,623.6323173352318,MD-Experiment-0004_Position(69)
75,4500,saved,saved,reconstructed_from_saved_mask,MD-Experiment-0004_Position(69)_t227.png,1241620.938752,296025.5,2143.9911061525345,0.9745005703300014,0.8092692308608288,135941.58694399998,9.13348863040326,628.665427471211,MD-Experiment-0004_Position(69)
76,4560,saved,saved,reconstructed_from_saved_mask,MD-Experiment-0004_Position(69)_t230.png,1259935.367168,300392.0,2153.062174797058,0.9749077885977538,0.8143012169823938,135941.58694399998,9.268211409706582,633.2849937604543,MD-Experiment-0004_Position(69)
77,4620,saved,saved,reconstructed_from_saved_mask,MD-Experiment-0004_Position(69)_t233.png,1275062.124544,303998.5,2177.9322308301926,0.9730380703023475,0.8053646826350976,135941.58694399998,9.379485359908674,637.0752543780546,MD-Experiment-0004_Position(69)
78,4680,saved,saved,reconstructed_from_saved_mask,MD-Experiment-0004_Position(69)_t236.png,1288530.0346879999,307209.5,2194.476387500763,0.9726451996916253,0.8016460944830366,135941.58694399998,9.478556662861374,640.4309866690813,MD-Experiment-0004_Position(69)
79,4740,saved,saved,reconstructed_from_saved_mask,MD-Experiment-0004_Position(69)_t239.png,1305361.77664,311222.5,2222.4175099134445,0.9702190472776132,0.7918256223688086,135941.58694399998,9.602372651260376,644.6003091458684,MD-Experiment-0004_Position(69)
80,4800,saved,saved,reconstructed_from_saved_mask,MD-Experiment-0004_Position(69)_t242.png,1322319.347712,315265.5,2225.1038043498993,0.9720845833885773,0.8001764385933631,135941.58694399998,9.727114251334424,648.7737055929679,MD-Experiment-0004_Position(69)
81,4860,saved,saved,reconstructed_from_saved_mask,MD-Experiment-0004_Position(69)_t245.png,1337574.03136,318902.5,2234.6185225248337,0.970916868368574,0.8025294886223596,135941.58694399998,9.839329240072816,652.5052012701475,MD-Experiment-0004_Position(69)
82,4920,saved,saved,reconstructed_from_saved_mask,MD-Experiment-0004_Position(69)_t248.png,1356045.746176,323306.5,2263.388073682785,0.9695510705931746,0.7930603800230968,135941.58694399998,9.97520903396995,656.9952565470287,MD-Experiment-0004_Position(69)
0,0,saved,saved,reconstructed_from_saved_mask,MD-Experiment-0004_Position(71)_t002.png,71819.067392,17123.0,580.5584362745285,0.9252424823710588,0.6384072936517903,71819.067392,1.0,151.19761627543443,MD-Experiment-0004_Position(71)
1,60,2,0.8,auto,MD-Experiment-0004_Position(71)_t005.png,112652.713984,26858.5,637.0853472948074,0.9732398449106787,0.8315653510927888,71819.067392,1.5685627518542313,189.3633347999083,MD-Experiment-0004_Position(71)
2,120,saved,saved,reconstructed_from_saved_mask,MD-Experiment-0004_Position(71)_t008.png,148891.50054399998,35498.5,743.4528774023056,0.9665899715456563,0.8070732868239942,71819.067392,2.0731472288734447,217.70079602953786,MD-Experiment-0004_Position(71)
3,180,saved,saved,reconstructed_from_saved_mask,MD-Experiment-0004_Position(71)_t011.png,174642.429952,41638.0,797.4945093393326,0.9733166586799752,0.8227053500549021,71819.067392,2.4317000525608834,235.77619048767787,MD-Experiment-0004_Position(71)
4,240,saved,saved,reconstructed_from_saved_mask,MD-Experiment-0004_Position(71)_t014.png,200858.927104,47888.5,849.3940031528473,0.9787845032855406,0.8341088267082658,71819.067392,2.796735385154471,252.85446847044756,MD-Experiment-0004_Position(71)
5,300,saved,saved,reconstructed_from_saved_mask,MD-Experiment-0004_Position(71)_t017.png,220863.66003199999,52658.0,895.9209142923355,0.974300146169075,0.8243940991406388,71819.067392,3.0752788646849267,265.1472920603214,MD-Experiment-0004_Position(71)
6,360,saved,saved,reconstructed_from_saved_mask,MD-Experiment-0004_Position(71)_t020.png,244653.75232,58330.0,949.3767589330673,0.9715756248282295,0.8132510801546711,71819.067392,3.406529229691059,279.062193884117,MD-Experiment-0004_Position(71)
7,420,saved,saved,reconstructed_from_saved_mask,MD-Experiment-0004_Position(71)_t023.png,265598.00934399996,63323.5,984.8742308616638,0.970780091829617,0.8203765285150256,71819.067392,3.6981545289960867,290.7618821732484,MD-Experiment-0004_Position(71)
8,480,saved,saved,reconstructed_from_saved_mask,MD-Experiment-0004_Position(71)_t026.png,286565.33504,68322.5,1023.8447940349579,0.9717461491416461,0.8190404684646548,71819.067392,3.990101033697366,302.02082574021654,MD-Experiment-0004_Position(71)
9,540,saved,saved,reconstructed_from_saved_mask,MD-Experiment-0004_Position(71)_t029.png,311005.544448,74149.5,1062.8153587579727,0.9757925489215544,0.8249021724056481,71819.067392,4.3304035507796526,314.6365195837424,MD-Experiment-0004_Position(71)
10,600,saved,saved,reconstructed_from_saved_mask,MD-Experiment-0004_Position(71)_t032.png,327954.726912,78190.5,1089.7859208583832,0.9808387064402017,0.8273351357057209,71819.067392,4.566401915552182,323.096319689338,MD-Experiment-0004_Position(71)
11,660,saved,saved,reconstructed_from_saved_mask,MD-Experiment-0004_Position(71)_t035.png,349389.717504,83301.0,1128.9991238117218,0.9772066069166159,0.8212452473480062,71819.067392,4.864860129650178,333.4879326339786,MD-Experiment-0004_Position(71)
12,720,saved,saved,reconstructed_from_saved_mask,MD-Experiment-0004_Position(71)_t038.png,366976.434176,87494.0,1215.2833927869797,0.9559991695894932,0.74444567213543,71819.067392,5.1097354435554525,341.7780376131502,MD-Experiment-0004_Position(71)
13,780,saved,saved,reconstructed_from_saved_mask,MD-Experiment-0004_Position(71)_t041.png,383770.427392,91498.0,1233.0823839902878,0.9584706036401729,0.7562010541092606,71819.067392,5.34357297202593,349.5109741679826,MD-Experiment-0004_Position(71)
14,840,saved,saved,reconstructed_from_saved_mask,MD-Experiment-0004_Position(71)_t044.png,393341.82912,93780.0,1257.082382440567,0.9558658648455814,0.7457488846914199,71819.067392,5.476844010979385,353.8426102923604,MD-Experiment-0004_Position(71)
15,900,saved,saved,reconstructed_from_saved_mask,MD-Experiment-0004_Position(71)_t047.png,401516.527616,95729.0,1264.396091580391,0.9598576191311758,0.7524663735931031,71819.067392,5.59066752321439,357.5006016867102,MD-Experiment-0004_Position(71)
16,960,saved,saved,reconstructed_from_saved_mask,MD-Experiment-0004_Position(71)_t050.png,415424.83968,99045.0,1299.3077783584595,0.9584242535670568,0.7372560474350593,71819.067392,5.784325176662968,363.63970277798364,MD-Experiment-0004_Position(71)
17,1020,saved,saved,reconstructed_from_saved_mask,MD-Experiment-0004_Position(71)_t053.png,421389.139968,100467.0,1288.5382249355316,0.9617978603738363,0.7603940064946756,71819.067392,5.867371371839047,366.2408076420479,MD-Experiment-0004_Position(71)
18,1080,saved,saved,reconstructed_from_saved_mask,MD-Experiment-0004_Position(71)_t056.png,430048.280576,102531.5,1307.5504199266434,0.9617437388612701,0.7536163047260255,71819.067392,5.987940197395316,369.98462027992656,MD-Experiment-0004_Position(71)
19,1140,saved,saved,reconstructed_from_saved_mask,MD-Experiment-0004_Position(71)_t059.png,441477.75897599995,105256.5,1304.9230008125305,0.9697127432193396,0.7767638693222303,71819.067392,6.147082870992232,374.8689573868788,MD-Experiment-0004_Position(71)
20,1200,saved,saved,reconstructed_from_saved_mask,MD-Experiment-0004_Position(71)_t062.png,454375.243776,108331.5,1329.1240129470825,0.9669476812946012,0.7706081749598714,71819.067392,6.326665887986918,380.305314360805,MD-Experiment-0004_Position(71)
21,1260,saved,saved,reconstructed_from_saved_mask,MD-Experiment-0004_Position(71)_t065.png,461618.80678399996,110058.5,1315.8103057146072,0.9735813171745765,0.7988162415245798,71819.067392,6.427524382409624,383.3247055013703,MD-Experiment-0004_Position(71)
22,1320,saved,saved,reconstructed_from_saved_mask,MD-Experiment-0004_Position(71)_t068.png,470477.17683199997,112170.5,1346.6387317180634,0.9752090904348734,0.7772957926947973,71819.067392,6.5508672545698765,386.98518913450044,MD-Experiment-0004_Position(71)
23,1380,saved,saved,reconstructed_from_saved_mask,MD-Experiment-0004_Position(71)_t071.png,480679.821312,114603.0,1374.680361866951,0.9639374045865734,0.7620832097883459,71819.067392,6.692927641184372,391.15871358397163,MD-Experiment-0004_Position(71)
24,1440,saved,saved,reconstructed_from_saved_mask,MD-Experiment-0004_Position(71)_t074.png,489317.99039999995,116662.5,1375.8935651779175,0.9664051756987359,0.7744109118655785,71819.067392,6.8132044618349585,394.6577679862708,MD-Experiment-0004_Position(71)
25,1500,saved,saved,reconstructed_from_saved_mask,MD-Experiment-0004_Position(71)_t077.png,496022.58534399996,118261.0,1377.6509248018265,0.9670497708325667,0.7830203243008709,71819.067392,6.906558430181627,397.35235331559096,MD-Experiment-0004_Position(71)
26,1560,saved,saved,reconstructed_from_saved_mask,MD-Experiment-0004_Position(71)_t080.png,504599.937024,120306.0,1398.9646328687668,0.9701079725512648,0.772473662143631,71819.067392,7.0259884366057355,400.77318837773737,MD-Experiment-0004_Position(71)
27,1620,saved,saved,reconstructed_from_saved_mask,MD-Experiment-0004_Position(71)_t083.png,517512.101888,123384.5,1392.0945748090744,0.9717113009100109,0.8000792139605548,71819.067392,7.205775857034398,405.8684740783688,MD-Experiment-0004_Position(71)
28,1680,saved,saved,reconstructed_from_saved_mask,MD-Experiment-0004_Position(71)_t086.png,528884.9571839999,126096.0,1416.9646331071854,0.9676283145774262,0.7892110422666129,71819.067392,7.3641301173859715,410.30392457976563,MD-Experiment-0004_Position(71)
29,1740,saved,saved,reconstructed_from_saved_mask,MD-Experiment-0004_Position(71)_t089.png,534970.892288,127547.0,1429.449913740158,0.9694747003336804,0.7844083834392223,71819.067392,7.448869941015009,412.65787746732065,MD-Experiment-0004_Position(71)
30,1800,saved,saved,reconstructed_from_saved_mask,MD-Experiment-0004_Position(71)_t092.png,547906.125824,130631.0,1435.4499136209488,0.9701342344182247,0.7966728710794139,71819.067392,7.6289785668399235,417.61697349418057,MD-Experiment-0004_Position(71)
31,1860,saved,saved,reconstructed_from_saved_mask,MD-Experiment-0004_Position(71)_t095.png,557005.668352,132800.5,1455.491544008255,0.970490761006588,0.7877532450778245,71819.067392,7.755679495415523,421.07055334807177,MD-Experiment-0004_Position(71)
32,1920,saved,saved,reconstructed_from_saved_mask,MD-Experiment-0004_Position(71)_t098.png,568013.6192,135425.0,1453.508787870407,0.9757195864404338,0.8055145409256171,71819.067392,7.908952870408222,425.2109482108792,MD-Experiment-0004_Position(71)
33,1980,saved,saved,reconstructed_from_saved_mask,MD-Experiment-0004_Position(71)_t101.png,575984.893952,137325.5,1473.4082827568054,0.9747450908019747,0.7949042869516335,71819.067392,8.019943935058109,428.1841730347396,MD-Experiment-0004_Position(71)
34,2040,saved,saved,reconstructed_from_saved_mask,MD-Experiment-0004_Position(71)_t104.png,606276.15744,144547.5,1506.721992135048,0.9769924603670798,0.8001182828790998,71819.067392,8.44171582082579,439.2990947756123,MD-Experiment-0004_Position(71)
35,2100,saved,saved,reconstructed_from_saved_mask,MD-Experiment-0004_Position(71)_t107.png,620220.121088,147872.0,1539.5920495986938,0.9726693284745472,0.7839430086878658,71819.067392,8.635869882614028,444.3221760754443,MD-Experiment-0004_Position(71)
36,2160,saved,saved,reconstructed_from_saved_mask,MD-Experiment-0004_Position(71)_t110.png,625660.133376,149169.0,1536.7636210918427,0.9765436786425055,0.7937327499939053,71819.067392,8.711615955148046,446.26651884793,MD-Experiment-0004_Position(71)
37,2220,saved,saved,reconstructed_from_saved_mask,MD-Experiment-0004_Position(71)_t113.png,637014.1143039999,151876.0,1551.3910380601883,0.9777068218541384,0.7929694534447307,71819.067392,8.869707411084505,450.29755742350466,MD-Experiment-0004_Position(71)
38,2280,saved,saved,reconstructed_from_saved_mask,MD-Experiment-0004_Position(71)_t116.png,647598.440448,154399.5,1564.805253148079,0.9786831471357261,0.7923830243244325,71819.067392,9.017082286982422,454.023111605349,MD-Experiment-0004_Position(71)
39,2340,saved,saved,reconstructed_from_saved_mask,MD-Experiment-0004_Position(71)_t119.png,662274.310144,157898.5,1600.1778364181519,0.9731592846995596,0.774910180758301,71819.067392,9.221427319978975,459.13882463192454,MD-Experiment-0004_Position(71)
40,2400,saved,saved,reconstructed_from_saved_mask,MD-Experiment-0004_Position(71)_t122.png,674983.051264,160928.5,1635.5748045444489,0.9650768806371138,0.7559655482001094,71819.067392,9.39838229282252,463.52322296065336,MD-Experiment-0004_Position(71)
41,2460,saved,saved,reconstructed_from_saved_mask,MD-Experiment-0004_Position(71)_t125.png,687343.6651519999,163875.5,1620.0600848197937,0.9696832525636246,0.7846241115021105,71819.067392,9.570489984231735,467.7480986852674,MD-Experiment-0004_Position(71)
42,2520,saved,saved,reconstructed_from_saved_mask,MD-Experiment-0004_Position(71)_t128.png,700618.6373119999,167040.5,1651.314917087555,0.9692356789532471,0.769789241449588,71819.067392,9.755329089528704,472.24341043684797,MD-Experiment-0004_Position(71)
43,2580,saved,saved,reconstructed_from_saved_mask,MD-Experiment-0004_Position(71)_t131.png,711999.881216,169754.0,1649.758570432663,0.9713772345441645,0.7837708266576651,71819.067392,9.913800151842551,476.06365241712945,MD-Experiment-0004_Position(71)
44,2640,saved,saved,reconstructed_from_saved_mask,MD-Experiment-0004_Position(71)_t134.png,721311.236096,171974.0,1653.758569598198,0.976650547603295,0.7901843817594691,71819.067392,10.043450329965543,479.1664611226532,MD-Experiment-0004_Position(71)
45,2700,saved,saved,reconstructed_from_saved_mask,MD-Experiment-0004_Position(71)_t137.png,734969.9870719999,175230.5,1663.0306485891342,0.9739762384492462,0.7961942889037171,71819.067392,10.2336331250365,483.68193364378453,MD-Experiment-0004_Position(71)
46,2760,saved,saved,reconstructed_from_saved_mask,MD-Experiment-0004_Position(71)_t140.png,750472.134656,178926.5,1684.5453655719757,0.9719855391710827,0.792353732934505,71819.067392,10.449483151316942,488.75627849313383,MD-Experiment-0004_Position(71)
47,2820,saved,saved,reconstructed_from_saved_mask,MD-Experiment-0004_Position(71)_t143.png,758980.28032,180955.0,1697.9839631319046,0.9736694135276852,0.7887026197288969,71819.067392,10.567949541552299,491.5189992710361,MD-Experiment-0004_Position(71)
48,2880,saved,saved,reconstructed_from_saved_mask,MD-Experiment-0004_Position(71)_t146.png,771026.321408,183827.0,1719.3565484285355,0.9695900418001767,0.7814249427805559,71819.067392,10.735677159376277,495.40417904180754,MD-Experiment-0004_Position(71)
49,2940,saved,saved,reconstructed_from_saved_mask,MD-Experiment-0004_Position(71)_t149.png,787000.3281919999,187635.5,1736.226604104042,0.9702164734960224,0.7821896403396624,71819.067392,10.958097296034573,500.5097250737506,MD-Experiment-0004_Position(71)
50,3000,saved,saved,reconstructed_from_saved_mask,MD-Experiment-0004_Position(71)_t152.png,799771.983872,190680.5,1733.599189043045,0.9754176769691947,0.7972944771890834,71819.067392,11.135928283595165,504.55458491552804,MD-Experiment-0004_Position(71)
51,3060,saved,saved,reconstructed_from_saved_mask,MD-Experiment-0004_Position(71)_t155.png,812195.51232,193642.5,1740.770761847496,0.9780121820642841,0.803021878126905,71819.067392,11.308911989721427,508.45831794313756,MD-Experiment-0004_Position(71)
52,3120,saved,saved,reconstructed_from_saved_mask,MD-Experiment-0004_Position(71)_t158.png,825908.789248,196912.0,1749.9007040262222,0.9777718191455818,0.8080816325979955,71819.067392,11.49985399754716,512.7328082966052,MD-Experiment-0004_Position(71)
53,3180,saved,saved,reconstructed_from_saved_mask,MD-Experiment-0004_Position(71)_t161.png,838642.696192,199948.0,1760.930142402649,0.977346547236445,0.8102940940243545,71819.067392,11.67715937627752,516.6703602624625,MD-Experiment-0004_Position(71)
54,3240,saved,saved,reconstructed_from_saved_mask,MD-Experiment-0004_Position(71)_t164.png,848985.8498559999,202414.0,1760.0428409576416,0.9813488735146246,0.8211149004908784,71819.067392,11.821176195760088,519.8466978247646,MD-Experiment-0004_Position(71)
55,3300,saved,saved,reconstructed_from_saved_mask,MD-Experiment-0004_Position(71)_t167.png,864156.647424,206031.0,1778.67025744915,0.9802387902057478,0.8183734824189793,71819.067392,12.032412544530748,524.4707847788088,MD-Experiment-0004_Position(71)
56,3360,saved,saved,reconstructed_from_saved_mask,MD-Experiment-0004_Position(71)_t170.png,875581.93152,208755.0,1800.8123923540115,0.9781714839970292,0.8089278898535955,71819.067392,12.191496817146529,527.9264957990978,MD-Experiment-0004_Position(71)
57,3420,saved,saved,reconstructed_from_saved_mask,MD-Experiment-0004_Position(71)_t173.png,884429.8158079999,210864.5,1796.9961562156677,0.9808814533816802,0.8205764298013757,71819.067392,12.31469368685394,530.5871785177205,MD-Experiment-0004_Position(71)
58,3480,saved,saved,reconstructed_from_saved_mask,MD-Experiment-0004_Position(71)_t176.png,898570.9117439999,214236.0,1813.7829555273056,0.9790915447578047,0.8183360475590502,71819.067392,12.51159259475559,534.8121208847997,MD-Experiment-0004_Position(71)
59,3540,saved,saved,reconstructed_from_saved_mask,MD-Experiment-0004_Position(71)_t179.png,909320.912896,216799.0,1835.4398082494736,0.9802657310089594,0.8086988866303304,71819.067392,12.661274309408398,538.0017065850874,MD-Experiment-0004_Position(71)
60,3600,2,0.5,auto,MD-Experiment-0004_Position(71)_t182.png,947914.801152,226000.5,1855.0794183015823,0.9811327717156545,0.82526656409581,71819.067392,13.198650937335747,549.3001478851282,MD-Experiment-0004_Position(71)
61,3660,2,0.5,auto,MD-Experiment-0004_Position(71)_t185.png,962464.841728,229469.5,1876.9372812509537,0.9798328298301611,0.8185313392022028,71819.067392,13.401243940898206,553.499841216183,MD-Experiment-0004_Position(71)
62,3720,2,0.5,auto,MD-Experiment-0004_Position(71)_t188.png,978086.5269759999,233194.0,1907.322059392929,0.9775989100246293,0.8055252764252147,71819.067392,13.618758395141038,557.9736652205278,MD-Experiment-0004_Position(71)
63,3780,2,0.5,auto,MD-Experiment-0004_Position(71)_t191.png,1005076.8732159999,239629.0,1927.0377897024155,0.9792306450657202,0.8109027564446409,71819.067392,13.994568708754306,565.6199299170294,MD-Experiment-0004_Position(71)
64,3840,2,0.5,auto,MD-Experiment-0004_Position(71)_t194.png,1018477.6744959999,242824.0,1947.3220590353012,0.977688124960995,0.8046850001785945,71819.067392,14.18115984348537,569.3781806932485,MD-Experiment-0004_Position(71)
65,3900,2,0.5,auto,MD-Experiment-0004_Position(71)_t197.png,1032371.3064959999,246136.5,1941.907845377922,0.9790145676925371,0.8202167843681026,71819.067392,14.37461309349997,573.2486311105793,MD-Experiment-0004_Position(71)
66,3960,2,0.6,auto,MD-Experiment-0004_Position(71)_t200.png,1035871.453184,246971.0,1950.6357678174973,0.9776944682518789,0.8156492805831249,71819.067392,14.423348712258367,574.2195785272711,MD-Experiment-0004_Position(71)
67,4020,2,0.6,auto,MD-Experiment-0004_Position(71)_t203.png,1044360.72448,248995.0,1964.6946390867233,0.9757258821385676,0.8106070377714716,71819.067392,14.541552298078608,576.5677265890365,MD-Experiment-0004_Position(71)
68,4080,2,0.6,auto,MD-Experiment-0004_Position(71)_t206.png,1062656.278528,253357.0,1970.2093597650528,0.9759213891713661,0.8201966971609024,71819.067392,14.796297377795948,581.5960789678162,MD-Experiment-0004_Position(71)
0,0,saved,saved,reconstructed_from_saved_mask,MD-Experiment-0004_Position(72)_t002.png,33629.929471999996,8018.0,343.56348848342896,0.9850727931691136,0.8536147448875239,33629.929471999996,1.0,103.4637087224367,MD-Experiment-0004_Position(72)
1,60,saved,saved,reconstructed_from_saved_mask,MD-Experiment-0004_Position(72)_t005.png,47504.687104,11326.0,404.1320308446884,0.9882209231306168,0.8714447839281482,33629.929471999996,1.4125717136443003,122.96833553915751,MD-Experiment-0004_Position(72)
2,120,saved,saved,reconstructed_from_saved_mask,MD-Experiment-0004_Position(72)_t008.png,63084.429312,15040.5,467.4873700141907,0.9815956926089084,0.8648332405722492,33629.929471999996,1.8758418558243952,141.7053192871464,MD-Experiment-0004_Position(72)
3,180,saved,saved,reconstructed_from_saved_mask,MD-Experiment-0004_Position(72)_t011.png,77456.211968,18467.0,525.1858537197113,0.9774778351197565,0.8413567322679287,33629.929471999996,2.3031928161636324,157.01935554498257,MD-Experiment-0004_Position(72)
4,240,saved,saved,reconstructed_from_saved_mask,MD-Experiment-0004_Position(72)_t014.png,89714.065408,21389.5,561.4284929037094,0.9784095327402054,0.8527497434614661,33629.929471999996,2.667685208281367,168.98779230792275,MD-Experiment-0004_Position(72)
5,300,saved,saved,reconstructed_from_saved_mask,MD-Experiment-0004_Position(72)_t017.png,103337.1648,24637.5,603.0264714956284,0.9779696338195891,0.8514001985200707,33629.929471999996,3.0727737590421556,181.3649391862816,MD-Experiment-0004_Position(72)
6,360,saved,saved,reconstructed_from_saved_mask,MD-Experiment-0004_Position(72)_t020.png,115100.09036799999,27442.0,645.8965295553207,0.9733276583670284,0.8266082241993984,33629.929471999996,3.42254926415565,191.40923871324,MD-Experiment-0004_Position(72)
7,420,saved,saved,reconstructed_from_saved_mask,MD-Experiment-0004_Position(72)_t023.png,128175.833088,30559.5,677.9381592273712,0.9757028144505995,0.8355567435752821,33629.929471999996,3.8113619356447996,201.98919486386848,MD-Experiment-0004_Position(72)
8,480,saved,saved,reconstructed_from_saved_mask,MD-Experiment-0004_Position(72)_t026.png,139802.443776,33331.5,707.0508581399918,0.9787549552194978,0.8378444844573102,33629.929471999996,4.157084060863059,210.95141612834544,MD-Experiment-0004_Position(72)
9,540,saved,saved,reconstructed_from_saved_mask,MD-Experiment-0004_Position(72)_t029.png,153054.34726399998,36491.0,749.0924896001816,0.9716164762893735,0.817193198324979,33629.929471999996,4.551134946370666,220.7231565956282,MD-Experiment-0004_Position(72)
10,600,saved,saved,reconstructed_from_saved_mask,MD-Experiment-0004_Position(72)_t032.png,162516.697088,38747.0,769.0924881696701,0.9730781787588839,0.8231724133099559,33629.929471999996,4.832501870790721,227.44377624601395,MD-Experiment-0004_Position(72)
11,660,saved,saved,reconstructed_from_saved_mask,MD-Experiment-0004_Position(72)_t035.png,175217.0496,41775.0,796.2640615701675,0.9689877528298385,0.8279652181755933,33629.929471999996,5.2101521576452985,236.1637548728331,MD-Experiment-0004_Position(72)
12,720,saved,saved,reconstructed_from_saved_mask,MD-Experiment-0004_Position(72)_t038.png,186059.32544,44360.0,820.1219254732132,0.9702537182852143,0.8287901027759488,33629.929471999996,5.532551758543278,243.36088984107383,MD-Experiment-0004_Position(72)
13,780,saved,saved,reconstructed_from_saved_mask,MD-Experiment-0004_Position(72)_t041.png,196473.78227199998,46843.0,851.0924868583679,0.9671511747945658,0.8126453444470361,33629.929471999996,5.842229982539287,250.07908203826082,MD-Experiment-0004_Position(72)
14,840,saved,saved,reconstructed_from_saved_mask,MD-Experiment-0004_Position(72)_t044.png,204512.165888,48759.5,861.4772654771805,0.9721084163202648,0.8256223973023182,33629.929471999996,6.081254676976802,255.1435757510069,MD-Experiment-0004_Position(72)
15,900,saved,saved,reconstructed_from_saved_mask,MD-Experiment-0004_Position(72)_t047.png,212376.485888,50634.5,866.4478267431259,0.9809845784252945,0.8475621546389396,33629.929471999996,6.3151035170865555,260.0029520046315,MD-Experiment-0004_Position(72)
16,960,saved,saved,reconstructed_from_saved_mask,MD-Experiment-0004_Position(72)_t050.png,219821.375488,52409.5,881.9036695957184,0.9837171762674325,0.8467936274171216,33629.929471999996,6.5364804190571215,264.52091980096696,MD-Experiment-0004_Position(72)
17,1020,saved,saved,reconstructed_from_saved_mask,MD-Experiment-0004_Position(72)_t053.png,226815.377408,54077.0,891.5188943147659,0.9846145442627726,0.854990621529452,33629.929471999996,6.744449987528062,268.6960680164003,MD-Experiment-0004_Position(72)
18,1080,saved,saved,reconstructed_from_saved_mask,MD-Experiment-0004_Position(72)_t056.png,235359.174656,56114.0,917.8620389699936,0.9792250172325035,0.8370015737673158,33629.929471999996,6.998503367423298,273.7099780736213,MD-Experiment-0004_Position(72)
19,1140,saved,saved,reconstructed_from_saved_mask,MD-Experiment-0004_Position(72)_t059.png,241642.242048,57612.0,927.5188943147659,0.9807967313585291,0.841544886498772,33629.929471999996,7.185333000748317,277.33934910772194,MD-Experiment-0004_Position(72)
20,1200,saved,saved,reconstructed_from_saved_mask,MD-Experiment-0004_Position(72)_t062.png,247654.776832,59045.5,932.3889516592026,0.9801221718705908,0.8534978494950144,33629.929471999996,7.36411823397356,280.7685235674861,MD-Experiment-0004_Position(72)
21,1260,saved,saved,reconstructed_from_saved_mask,MD-Experiment-0004_Position(72)_t065.png,254101.42208,60582.5,949.7026580572128,0.9815381873562101,0.8440763809513429,33629.929471999996,7.555811923172862,284.39935784284773,MD-Experiment-0004_Position(72)
22,1320,saved,saved,reconstructed_from_saved_mask,MD-Experiment-0004_Position(72)_t068.png,259948.281856,61976.5,963.3595132827759,0.9801445470647774,0.8391896710332172,33629.929471999996,7.729670740833126,287.6527559597775,MD-Experiment-0004_Position(72)
23,1380,saved,saved,reconstructed_from_saved_mask,MD-Experiment-0004_Position(72)_t071.png,266629.808128,63569.5,972.6732236146927,0.9818744883616761,0.8443543372076889,33629.929471999996,7.9283487153903724,291.3261125927946,MD-Experiment-0004_Position(72)
24,1440,saved,saved,reconstructed_from_saved_mask,MD-Experiment-0004_Position(72)_t074.png,274133.417984,65358.5,982.3300771713257,0.9831376589775795,0.8511322711225177,33629.929471999996,8.151471688700425,295.3969821742608,MD-Experiment-0004_Position(72)
25,1500,saved,saved,reconstructed_from_saved_mask,MD-Experiment-0004_Position(72)_t077.png,280248.713216,66816.5,987.8447946310043,0.9851235892105477,0.8604312104255412,33629.929471999996,8.333312546769768,298.67362790668136,MD-Experiment-0004_Position(72)
26,1560,saved,saved,reconstructed_from_saved_mask,MD-Experiment-0004_Position(72)_t080.png,286521.294848,68312.0,1008.0874350070953,0.9833380116453984,0.8447154960871369,33629.929471999996,8.519830381641308,301.99761713016744,MD-Experiment-0004_Position(72)
27,1620,saved,saved,reconstructed_from_saved_mask,MD-Experiment-0004_Position(72)_t083.png,292756.127744,69798.5,1010.8153569698334,0.984325200958962,0.8584446350526573,33629.929471999996,8.70522574208032,305.2657362066695,MD-Experiment-0004_Position(72)
28,1680,saved,saved,reconstructed_from_saved_mask,MD-Experiment-0004_Position(72)_t086.png,302291.877888,72072.0,1035.057996749878,0.9808850448782944,0.8453704595996644,33629.929471999996,8.988775255674733,310.1975068320402,MD-Experiment-0004_Position(72)
29,1740,saved,saved,reconstructed_from_saved_mask,MD-Experiment-0004_Position(72)_t089.png,309634.00704,73822.5,1039.4427765607834,0.980756200927316,0.8586129639051941,33629.929471999996,9.207096532801199,313.9419779824505,MD-Experiment-0004_Position(72)
30,1800,saved,saved,reconstructed_from_saved_mask,MD-Experiment-0004_Position(72)_t092.png,316332.310528,75419.5,1054.129066824913,0.9816285093256628,0.8529153592301896,33629.929471999996,9.406273384884011,317.3195577969048,MD-Experiment-0004_Position(72)
31,1860,saved,saved,reconstructed_from_saved_mask,MD-Experiment-0004_Position(72)_t095.png,326260.228096,77786.5,1082.6143472194672,0.9786435005787328,0.8340009367369445,33629.929471999996,9.701484160638564,322.26054066785053,MD-Experiment-0004_Position(72)
32,1920,saved,saved,reconstructed_from_saved_mask,MD-Experiment-0004_Position(72)_t098.png,336523.689984,80233.5,1099.5849112272263,0.9755366555009088,0.8338886414855206,33629.929471999996,10.006672486904465,327.29011206719383,MD-Experiment-0004_Position(72)
33,1980,saved,saved,reconstructed_from_saved_mask,MD-Experiment-0004_Position(72)_t101.png,346875.232256,82701.5,1120.070191025734,0.9754778516286174,0.8283860410447053,33629.929471999996,10.314479920179597,332.2857440507843,MD-Experiment-0004_Position(72)
34,2040,saved,saved,reconstructed_from_saved_mask,MD-Experiment-0004_Position(72)_t104.png,357421.809664,85216.0,1130.170695900917,0.9777017995743436,0.8383838892617466,33629.929471999996,10.62808680468945,337.29941528818625,MD-Experiment-0004_Position(72)
35,2100,saved,saved,reconstructed_from_saved_mask,MD-Experiment-0004_Position(72)_t107.png,363868.454912,86753.0,1144.5971021652222,0.9731891455302155,0.8321259810091576,33629.929471999996,10.819780493888752,340.327675143986,MD-Experiment-0004_Position(72)
36,2160,saved,saved,reconstructed_from_saved_mask,MD-Experiment-0004_Position(72)_t110.png,373175.615488,88972.0,1160.7981148958206,0.974715162138475,0.8297549060170116,33629.929471999996,11.096532801197307,344.6527059121273,MD-Experiment-0004_Position(72)
37,2220,saved,saved,reconstructed_from_saved_mask,MD-Experiment-0004_Position(72)_t113.png,382663.131136,91234.0,1168.9402488470078,0.9781813893147777,0.8390386274870187,33629.929471999996,11.378648041905713,349.0063863579478,MD-Experiment-0004_Position(72)
38,2280,saved,saved,reconstructed_from_saved_mask,MD-Experiment-0004_Position(72)_t116.png,391250.96857599996,93281.5,1174.6976064443588,0.9805120065590658,0.8494801155055505,33629.929471999996,11.634010975305562,352.9009085801911,MD-Experiment-0004_Position(72)
39,2340,saved,saved,reconstructed_from_saved_mask,MD-Experiment-0004_Position(72)_t119.png,401308.909568,95679.5,1201.1828882694244,0.9805086005031691,0.8333174720059737,33629.929471999996,11.933088051883264,357.40816069184996,MD-Experiment-0004_Position(72)
40,2400,saved,saved,reconstructed_from_saved_mask,MD-Experiment-0004_Position(72)_t122.png,407814.275072,97230.5,1199.0407524108887,0.984268787107289,0.8498543373326195,33629.929471999996,12.12652781242205,360.293374185945,MD-Experiment-0004_Position(72)
41,2460,saved,saved,reconstructed_from_saved_mask,MD-Experiment-0004_Position(72)_t125.png,415772.966912,99128.0,1221.6265382766724,0.981737511389296,0.8346978420228766,33629.929471999996,12.36318283861312,363.7920364384791,MD-Experiment-0004_Position(72)
42,2520,saved,saved,reconstructed_from_saved_mask,MD-Experiment-0004_Position(72)_t128.png,423052.181504,100863.5,1231.1828863620758,0.9795188035640584,0.8361780405889854,33629.929471999996,12.579633325018708,366.96279340601086,MD-Experiment-0004_Position(72)
43,2580,saved,saved,reconstructed_from_saved_mask,MD-Experiment-0004_Position(72)_t131.png,430536.91699199995,102648.0,1237.9108101129532,0.9794189208530127,0.8417471315242018,33629.929471999996,12.802195061112497,370.19475556204685,MD-Experiment-0004_Position(72)
44,2640,saved,saved,reconstructed_from_saved_mask,MD-Experiment-0004_Position(72)_t134.png,439508.53324799996,104787.0,1263.9108073711395,0.9751120168618529,0.8242983226737546,33629.929471999996,13.068969817909704,374.03196547217146,MD-Experiment-0004_Position(72)
45,2700,saved,saved,reconstructed_from_saved_mask,MD-Experiment-0004_Position(72)_t137.png,448893.288448,107024.5,1272.4965963363647,0.9756152033509724,0.8305768321304597,33629.929471999996,13.348029433774009,378.0041951546972,MD-Experiment-0004_Position(72)
46,2760,saved,saved,reconstructed_from_saved_mask,MD-Experiment-0004_Position(72)_t140.png,458156.408832,109233.0,1273.082383275032,0.9795890914634693,0.846936224248328,33629.929471999996,13.623472187577951,381.88442538245545,MD-Experiment-0004_Position(72)
47,2820,saved,saved,reconstructed_from_saved_mask,MD-Experiment-0004_Position(72)_t143.png,467471.958016,111454.0,1286.0529489517212,0.9790063595797759,0.846813600358996,33629.929471999996,13.900473933649291,385.74725630934404,MD-Experiment-0004_Position(72)
48,2880,saved,saved,reconstructed_from_saved_mask,MD-Experiment-0004_Position(72)_t146.png,475648.75366399996,113403.5,1299.810304403305,0.9785569750234061,0.843483072590296,33629.929471999996,14.143614367672736,389.10628450623835,MD-Experiment-0004_Position(72)
49,2940,saved,saved,reconstructed_from_saved_mask,MD-Experiment-0004_Position(72)_t149.png,484960.10854399996,115623.5,1304.780869603157,0.9814404549698668,0.8534553683964883,33629.929471999996,14.420491394362685,392.8964201342631,MD-Experiment-0004_Position(72)
50,3000,saved,saved,reconstructed_from_saved_mask,MD-Experiment-0004_Position(72)_t152.png,491715.03513599996,117234.0,1320.6803611516953,0.9817811815642808,0.844632926591779,33629.929471999996,14.621351958094289,395.6232511733844,MD-Experiment-0004_Position(72)
51,3060,saved,saved,reconstructed_from_saved_mask,MD-Experiment-0004_Position(72)_t155.png,502523.756544,119811.0,1329.7097996473312,0.9846157639111461,0.8515160106401932,33629.929471999996,14.942753803941134,399.94784628770236,MD-Experiment-0004_Position(72)
52,3120,saved,saved,reconstructed_from_saved_mask,MD-Experiment-0004_Position(72)_t158.png,513766.58841599996,122491.5,1343.1240117549896,0.9853276542345886,0.8532643293761772,33629.929471999996,15.277064105762037,404.39706265467777,MD-Experiment-0004_Position(72)
53,3180,saved,saved,reconstructed_from_saved_mask,MD-Experiment-0004_Position(72)_t161.png,523623.202816,124841.5,1359.1240112781525,0.983588668854319,0.8492795602797533,33629.929471999996,15.570154652032928,408.25781326455086,MD-Experiment-0004_Position(72)
54,3240,saved,saved,reconstructed_from_saved_mask,MD-Experiment-0004_Position(72)_t164.png,535386.1283839999,127646.0,1373.8519339561462,0.9841027538779412,0.8498400914094596,33629.929471999996,15.91993015714642,412.81799572001626,MD-Experiment-0004_Position(72)
55,3300,saved,saved,reconstructed_from_saved_mask,MD-Experiment-0004_Position(72)_t167.png,548101.16096,130677.5,1389.2661489248276,0.9845585299147875,0.8508240821193679,33629.929471999996,16.29801696183587,417.69129529160784,MD-Experiment-0004_Position(72)
56,3360,saved,saved,reconstructed_from_saved_mask,MD-Experiment-0004_Position(72)_t170.png,557162.9547519999,132838.0,1406.6803607940674,0.9805677250766772,0.8436092712702851,33629.929471999996,16.567473185333,421.1299997778995,MD-Experiment-0004_Position(72)
57,3420,saved,saved,reconstructed_from_saved_mask,MD-Experiment-0004_Position(72)_t173.png,566549.807104,135076.0,1413.8519356250763,0.982403060463797,0.8491417489390586,33629.929471999996,16.846595160888004,424.66269510839163,MD-Experiment-0004_Position(72)
58,3480,saved,saved,reconstructed_from_saved_mask,MD-Experiment-0004_Position(72)_t176.png,574651.10528,137007.5,1434.0945765972137,0.9798813478710203,0.8371410123417278,33629.929471999996,17.087490646046398,427.68811991574694,MD-Experiment-0004_Position(72)
59,3540,saved,saved,reconstructed_from_saved_mask,MD-Experiment-0004_Position(72)_t179.png,585440.9523199999,139580.0,1446.9646344184875,0.9802930063348925,0.8377553787790619,33629.929471999996,17.408331254676977,431.6846567812078,MD-Experiment-0004_Position(72)
60,3600,saved,saved,reconstructed_from_saved_mask,MD-Experiment-0004_Position(72)_t182.png,598439.100416,142679.0,1476.479352235794,0.9775848661018633,0.8224607186858262,33629.929471999996,17.79483661761038,436.45054925082525,MD-Experiment-0004_Position(72)
61,3660,saved,saved,reconstructed_from_saved_mask,MD-Experiment-0004_Position(72)_t185.png,609795.178496,145386.5,1479.893564939499,0.9795019841136167,0.8342053718151886,33629.929471999996,18.13251434272886,440.57216646366356,MD-Experiment-0004_Position(72)
62,3720,saved,saved,reconstructed_from_saved_mask,MD-Experiment-0004_Position(72)_t188.png,624104.0465919999,148798.0,1490.4793535470963,0.9812064781599493,0.8416955458894557,33629.929471999996,18.557994512347218,445.71121596561005,MD-Experiment-0004_Position(72)
63,3780,saved,saved,reconstructed_from_saved_mask,MD-Experiment-0004_Position(72)_t191.png,638178.033664,152153.5,1518.7219908237457,0.9795373780032447,0.8289631933546153,33629.929471999996,18.976490396607634,450.7087499268049,MD-Experiment-0004_Position(72)
64,3840,saved,saved,reconstructed_from_saved_mask,MD-Experiment-0004_Position(72)_t194.png,651954.225152,155438.0,1530.621488571167,0.9787855699056087,0.8337415615008192,33629.929471999996,19.386131204789226,455.54744561370836,MD-Experiment-0004_Position(72)
65,3900,saved,saved,reconstructed_from_saved_mask,MD-Experiment-0004_Position(72)_t197.png,661578.05568,157732.5,1542.1778391599655,0.9777949285402118,0.8334165772021227,33629.929471999996,19.67229982539287,458.89741294236376,MD-Experiment-0004_Position(72)
66,3960,saved,saved,reconstructed_from_saved_mask,MD-Experiment-0004_Position(72)_t200.png,672103.661568,160242.0,1561.2489057779312,0.9751024593281346,0.8261176991916056,33629.929471999996,19.985283112995763,462.5335015081816,MD-Experiment-0004_Position(72)
67,4020,saved,saved,reconstructed_from_saved_mask,MD-Experiment-0004_Position(72)_t203.png,685143.752704,163351.0,1582.3616020679474,0.9732339947629786,0.8198231734721466,33629.929471999996,20.37303566974308,466.9989613936475,MD-Experiment-0004_Position(72)
68,4080,saved,saved,reconstructed_from_saved_mask,MD-Experiment-0004_Position(72)_t206.png,696317.37856,166015.0,1599.876320719719,0.9728220423901133,0.8150502267643652,33629.929471999996,20.705288101771018,470.7915733286112,MD-Experiment-0004_Position(72)
69,4140,saved,saved,reconstructed_from_saved_mask,MD-Experiment-0004_Position(72)_t209.png,710825.4760959999,169474.0,1621.8763182163239,0.9726552971932151,0.8096130110814608,33629.929471999996,21.13669244200549,475.6708698172052,MD-Experiment-0004_Position(72)
70,4200,saved,saved,reconstructed_from_saved_mask,MD-Experiment-0004_Position(72)_t212.png,721994.9076479999,172137.0,1621.7341847419739,0.9744854056746903,0.8224788731563129,33629.929471999996,21.468820154652033,479.3934885651987,MD-Experiment-0004_Position(72)
71,4260,saved,saved,reconstructed_from_saved_mask,MD-Experiment-0004_Position(72)_t215.png,735538.315264,175366.0,1642.2194682359695,0.9741392000399952,0.8171332212581119,33629.929471999996,21.87153903716638,483.8689051959229,MD-Experiment-0004_Position(72)
72,4320,saved,saved,reconstructed_from_saved_mask,MD-Experiment-0004_Position(72)_t218.png,748498.714624,178456.0,1646.2194657325745,0.9766744382053218,0.827495332654289,33629.929471999996,22.256921925667253,488.1132457336915,MD-Experiment-0004_Position(72)
73,4380,saved,saved,reconstructed_from_saved_mask,MD-Experiment-0004_Position(72)_t221.png,760064.507904,181213.5,1660.7463773488998,0.9772846776737827,0.825645817063201,33629.929471999996,22.600835619855328,491.8699492785274,MD-Experiment-0004_Position(72)
74,4440,saved,saved,reconstructed_from_saved_mask,MD-Experiment-0004_Position(72)_t224.png,772236.378112,184115.5,1678.0600851774216,0.9738907123191299,0.8216468624310396,33629.929471999996,22.962771264654528,495.7927728636365,MD-Experiment-0004_Position(72)
75,4500,saved,saved,reconstructed_from_saved_mask,MD-Experiment-0004_Position(72)_t227.png,786289.393664,187466.0,1715.6164311170578,0.9700899371785185,0.800372176749419,33629.929471999996,23.380643552007985,500.28360697179517,MD-Experiment-0004_Position(72)
76,4560,saved,saved,reconstructed_from_saved_mask,MD-Experiment-0004_Position(72)_t230.png,802663.9564799999,191370.0,1733.4154241085052,0.9692687559354226,0.800347158904781,33629.929471999996,23.867548016961837,505.46599552391245,MD-Experiment-0004_Position(72)
77,4620,saved,saved,reconstructed_from_saved_mask,MD-Experiment-0004_Position(72)_t233.png,809989.308416,193116.5,1730.7463767528534,0.9720025770212252,0.8101443052836484,33629.929471999996,24.085370416562736,507.76727402618644,MD-Experiment-0004_Position(72)
78,4680,saved,saved,reconstructed_from_saved_mask,MD-Experiment-0004_Position(72)_t236.png,822953.9020799999,196207.5,1742.143346786499,0.9726652835716569,0.8123771415155635,33629.929471999996,24.470878024445,511.8147740204372,MD-Experiment-0004_Position(72)
79,4740,saved,saved,reconstructed_from_saved_mask,MD-Experiment-0004_Position(72)_t239.png,837554.274304,199688.5,1752.9717725515366,0.9733780160857909,0.8166069522206045,33629.929471999996,24.905026191070093,516.3349743397725,MD-Experiment-0004_Position(72)
80,4800,saved,saved,reconstructed_from_saved_mask,MD-Experiment-0004_Position(72)_t242.png,851422.7404799999,202995.0,1761.0134032964706,0.9731537189290251,0.8225643476678532,33629.929471999996,25.317410825642305,520.5922354554282,MD-Experiment-0004_Position(72)
81,4860,saved,saved,reconstructed_from_saved_mask,MD-Experiment-0004_Position(72)_t245.png,867686.15424,206872.5,1781.3981776237488,0.9741663272249521,0.8192012747782161,33629.929471999996,25.801010226989277,525.5407510359073,MD-Experiment-0004_Position(72)
82,4920,saved,saved,reconstructed_from_saved_mask,MD-Experiment-0004_Position(72)_t248.png,884526.2847999999,210887.5,1800.0255945920944,0.9753737072872921,0.8179059012701793,33629.929471999996,26.301758543277625,530.6161145699018,MD-Experiment-0004_Position(72)
0,0,saved,saved,reconstructed_from_saved_mask,MD-Experiment-0004_Position(73)_t002.png,76749.471744,18298.5,527.688379406929,0.9766752955619012,0.8257912819434035,76749.471744,1.0,156.30136152797485,MD-Experiment-0004_Position(73)
1,60,saved,saved,reconstructed_from_saved_mask,MD-Experiment-0004_Position(73)_t005.png,114542.247936,27309.0,647.4701228141785,0.9733226410050788,0.8186083978903482,76749.471744,1.4924174112632185,190.94483471344202,MD-Experiment-0004_Position(73)
2,120,saved,saved,reconstructed_from_saved_mask,MD-Experiment-0004_Position(73)_t008.png,144107.896832,34358.0,715.2691122293472,0.9833147305457771,0.8439151766079989,76749.471744,1.8776402437358255,214.17508781083615,MD-Experiment-0004_Position(73)
3,180,saved,saved,reconstructed_from_saved_mask,MD-Experiment-0004_Position(73)_t011.png,167338.049536,39896.5,769.452879190445,0.9811740691554769,0.8467995214352305,76749.471744,2.180315326392874,230.79288442675542,MD-Experiment-0004_Position(73)
4,240,saved,saved,reconstructed_from_saved_mask,MD-Experiment-0004_Position(73)_t014.png,188584.29644799998,44962.0,817.4945085048676,0.9810176296037703,0.8454458512887272,76749.471744,2.457141295734623,245.00662427455532,MD-Experiment-0004_Position(73)
5,300,saved,saved,reconstructed_from_saved_mask,MD-Experiment-0004_Position(73)_t017.png,206024.21248,49120.0,856.8082176446915,0.9787005120643966,0.8408160164319075,76749.471744,2.6843730360412055,256.0850320218148,MD-Experiment-0004_Position(73)
6,360,saved,saved,reconstructed_from_saved_mask,MD-Experiment-0004_Position(73)_t020.png,222455.39839999998,53037.5,897.6782763004303,0.9724424968601315,0.8270875393341618,76749.471744,2.8984616225373663,266.1010194374945,MD-Experiment-0004_Position(73)
7,420,saved,saved,reconstructed_from_saved_mask,MD-Experiment-0004_Position(73)_t023.png,236216.909824,56318.5,922.163556098938,0.9760318189301838,0.8322331931622641,76749.471744,3.0777659370986696,274.20827427480043,MD-Experiment-0004_Position(73)
8,480,saved,saved,reconstructed_from_saved_mask,MD-Experiment-0004_Position(73)_t026.png,247002.56256,58890.0,947.0336127281189,0.9744756546560212,0.8251266823973996,76749.471744,3.2182965816870235,280.398569139677,MD-Experiment-0004_Position(73)
9,540,saved,saved,reconstructed_from_saved_mask,MD-Experiment-0004_Position(73)_t029.png,264195.014656,62989.0,981.5188940763474,0.9763314526629053,0.8216318185701803,76749.471744,3.4423040139902183,289.99290516403374,MD-Experiment-0004_Position(73)
10,600,saved,saved,reconstructed_from_saved_mask,MD-Experiment-0004_Position(73)_t032.png,279904.780288,66734.5,1006.9331119060516,0.9753725180686793,0.8271019222260824,76749.471744,3.6469929229171796,298.4902992657755,MD-Experiment-0004_Position(73)
11,660,saved,saved,reconstructed_from_saved_mask,MD-Experiment-0004_Position(73)_t035.png,296331.77190399996,70651.0,1030.4894559383392,0.9782882620916933,0.8360669818133593,76749.471744,3.8610268601251465,307.12429501327836,MD-Experiment-0004_Position(73)
12,720,2,0.5,auto,MD-Experiment-0004_Position(73)_t038.png,442692.009984,105546.0,1474.479351401329,0.9131975237609071,0.6100623914837047,76749.471744,5.768013771620625,375.3841276778769,MD-Experiment-0004_Position(73)
13,780,saved,saved,reconstructed_from_saved_mask,MD-Experiment-0004_Position(73)_t041.png,319847.13727999997,76257.5,1079.1585023403168,0.97559025401232,0.8228524260731854,76749.471744,4.167418094379321,319.0775859627374,MD-Experiment-0004_Position(73)
14,840,saved,saved,reconstructed_from_saved_mask,MD-Experiment-0004_Position(73)_t044.png,328107.81900799996,78227.0,1089.1168736219406,0.9768789375425364,0.8287385978483406,76749.471744,4.2750498674754756,323.1717229654356,MD-Experiment-0004_Position(73)
15,900,saved,saved,reconstructed_from_saved_mask,MD-Experiment-0004_Position(73)_t047.png,335829.532672,80068.0,1117.543280005455,0.9704447528376552,0.8056383692727586,76749.471744,4.3756592070388285,326.9523823463899,MD-Experiment-0004_Position(73)
16,960,saved,saved,reconstructed_from_saved_mask,MD-Experiment-0004_Position(73)_t050.png,344876.64639999997,82225.0,1134.0285600423813,0.9692686721991701,0.8034627774751726,76749.471744,4.493537721671175,331.3270982926561,MD-Experiment-0004_Position(73)
17,1020,saved,saved,reconstructed_from_saved_mask,MD-Experiment-0004_Position(73)_t053.png,352665.46892799996,84082.0,1135.8864257335663,0.9761256580971343,0.8189230179165659,76749.471744,4.595021449845616,335.04761643000063,MD-Experiment-0004_Position(73)
18,1080,saved,saved,reconstructed_from_saved_mask,MD-Experiment-0004_Position(73)_t056.png,360238.28479999996,85887.5,1159.7270435094833,0.971451677666367,0.8024689856618294,76749.471744,4.693690739678115,338.625763098043,MD-Experiment-0004_Position(73)
19,1140,saved,saved,reconstructed_from_saved_mask,MD-Experiment-0004_Position(73)_t059.png,370753.404928,88394.5,1182.6976072788239,0.9679219044281897,0.7941228110384622,76749.471744,4.830696505178021,343.5323480036262,MD-Experiment-0004_Position(73)
20,1200,saved,saved,reconstructed_from_saved_mask,MD-Experiment-0004_Position(73)_t062.png,375568.46592,89542.5,1182.2123272418976,0.9708608912501355,0.8050968223673352,76749.471744,4.893433888023608,345.75591917018005,MD-Experiment-0004_Position(73)
21,1260,saved,saved,reconstructed_from_saved_mask,MD-Experiment-0004_Position(73)_t065.png,383145.476096,91349.0,1198.798110961914,0.967895400459848,0.7987696620836879,76749.471744,4.992157827144302,349.2262774877516,MD-Experiment-0004_Position(73)
22,1320,saved,saved,reconstructed_from_saved_mask,MD-Experiment-0004_Position(73)_t068.png,387467.70636799996,92379.5,1208.3544589281082,0.9663683580122288,0.7950542680773153,76749.471744,5.048473918627209,351.19054872517927,MD-Experiment-0004_Position(73)
23,1380,saved,saved,reconstructed_from_saved_mask,MD-Experiment-0004_Position(73)_t071.png,395921.32607999997,94395.0,1216.5971034765244,0.9689289893453225,0.8014294522158596,76749.471744,5.158619558980244,355.00094681882223,MD-Experiment-0004_Position(73)
24,1440,saved,saved,reconstructed_from_saved_mask,MD-Experiment-0004_Position(73)_t074.png,401491.361792,95723.0,1216.7392383813858,0.9657332815439948,0.8125145328808739,76749.471744,5.231193813700577,357.4893979907469,MD-Experiment-0004_Position(73)
25,1500,saved,saved,reconstructed_from_saved_mask,MD-Experiment-0004_Position(73)_t077.png,409651.38022399996,97668.5,1231.5260347127914,0.9685972132692021,0.8092397125985961,76749.471744,5.3375140038800994,361.10397978163326,MD-Experiment-0004_Position(73)
26,1560,saved,saved,reconstructed_from_saved_mask,MD-Experiment-0004_Position(73)_t080.png,418744.631296,99836.5,1233.5260348320007,0.9724113413006847,0.824522613389618,76749.471744,5.455993660682569,365.0897915964005,MD-Experiment-0004_Position(73)
27,1620,saved,saved,reconstructed_from_saved_mask,MD-Experiment-0004_Position(73)_t083.png,425765.89619199996,101510.5,1252.0113143920898,0.9688520052684826,0.813774962547309,76749.471744,5.547476569117687,368.1378735715943,MD-Experiment-0004_Position(73)
28,1680,saved,saved,reconstructed_from_saved_mask,MD-Experiment-0004_Position(73)_t086.png,433697.325056,103401.5,1265.8691796064377,0.9691725130166229,0.8108845965175433,76749.471744,5.650818373090691,371.5510007748463,MD-Experiment-0004_Position(73)
29,1740,saved,saved,reconstructed_from_saved_mask,MD-Experiment-0004_Position(73)_t089.png,443096.76032,105642.5,1278.8397424221039,0.9675417748531183,0.811738763157815,76749.471744,5.773287427931251,375.55569406662653,MD-Experiment-0004_Position(73)
30,1800,saved,saved,reconstructed_from_saved_mask,MD-Experiment-0004_Position(73)_t092.png,455404.94540799997,108577.0,1304.5382248163223,0.9669811950892598,0.8017409821394427,76749.471744,5.933655764133672,380.73599296672216,MD-Experiment-0004_Position(73)
31,1860,saved,saved,reconstructed_from_saved_mask,MD-Experiment-0004_Position(73)_t095.png,466746.34342399996,111281.0,1314.0529477596283,0.9680438782300823,0.8098510583563776,76749.471744,6.0814274394076016,385.4477596925346,MD-Experiment-0004_Position(73)
32,1920,saved,saved,reconstructed_from_saved_mask,MD-Experiment-0004_Position(73)_t098.png,477225.81196799997,113779.5,1329.9524402618408,0.9677966750449749,0.8083541339155205,76749.471744,6.217968685957866,389.75080999466974,MD-Experiment-0004_Position(73)
33,1980,saved,saved,reconstructed_from_saved_mask,MD-Experiment-0004_Position(73)_t101.png,490628.7104,116975.0,1339.6509232521057,0.9729592600602199,0.8190673654294583,76749.471744,6.392600486378665,395.1859928766757,MD-Experiment-0004_Position(73)
34,2040,saved,saved,reconstructed_from_saved_mask,MD-Experiment-0004_Position(73)_t104.png,500407.730176,119306.5,1360.3788464069366,0.9691560353686126,0.8101290938573108,76749.471744,6.5200153018006946,399.10490806028884,MD-Experiment-0004_Position(73)
35,2100,saved,saved,reconstructed_from_saved_mask,MD-Experiment-0004_Position(73)_t107.png,510176.264192,121635.5,1369.20727288723,0.9720380870183682,0.8153269804671956,76749.471744,6.64729349400224,402.9815735100391,MD-Experiment-0004_Position(73)
36,2160,saved,saved,reconstructed_from_saved_mask,MD-Experiment-0004_Position(73)_t110.png,521867.88659199997,124423.0,1382.763625383377,0.9709661434251444,0.817738865492023,76749.471744,6.799628384840288,407.57294756162963,MD-Experiment-0004_Position(73)
37,2220,saved,saved,reconstructed_from_saved_mask,MD-Experiment-0004_Position(73)_t113.png,533515.4688,127200.0,1395.4499171972275,0.9752507130370779,0.8208588159837937,76749.471744,6.951389458152309,412.0961637179115,MD-Experiment-0004_Position(73)
38,2280,saved,saved,reconstructed_from_saved_mask,MD-Experiment-0004_Position(73)_t116.png,543967.674368,129692.0,1400.90575838089,0.9774980686250495,0.8304341698190204,76749.471744,7.087575484329317,416.1133121107031,MD-Experiment-0004_Position(73)
39,2340,saved,saved,reconstructed_from_saved_mask,MD-Experiment-0004_Position(73)_t119.png,553149.005824,131881.0,1414.42047560215,0.9770084713430061,0.8283903406002445,76749.471744,7.20720277618384,419.610291921581,MD-Experiment-0004_Position(73)
40,2400,saved,saved,reconstructed_from_saved_mask,MD-Experiment-0004_Position(73)_t122.png,561462.1163519999,133863.0,1416.0773305892944,0.9812168546202873,0.8388735033057704,76749.471744,7.315517665382408,422.75163199272845,MD-Experiment-0004_Position(73)
41,2460,saved,saved,reconstructed_from_saved_mask,MD-Experiment-0004_Position(73)_t125.png,572715.433984,136546.0,1434.5626138448715,0.9797373896821411,0.8337768437284637,76749.471744,7.462141705604285,426.9671938300966,MD-Experiment-0004_Position(73)
42,2520,saved,saved,reconstructed_from_saved_mask,MD-Experiment-0004_Position(73)_t128.png,579420.028928,138144.5,1448.9473898410797,0.9801375014190032,0.8268718920603281,76749.471744,7.54949859278083,429.4591056907286,MD-Experiment-0004_Position(73)
43,2580,saved,saved,reconstructed_from_saved_mask,MD-Experiment-0004_Position(73)_t131.png,589377.306624,140518.5,1477.0062628984451,0.979052429890263,0.8094288795704877,76749.471744,7.679236002951061,433.1334937300445,MD-Experiment-0004_Position(73)
44,2640,2,0.5,auto,MD-Experiment-0004_Position(73)_t134.png,598925.63968,142795.0,1483.1067690849304,0.9763894207100268,0.8157893486339279,76749.471744,7.803645107522476,436.6279333701577,MD-Experiment-0004_Position(73)
45,2700,2,0.5,auto,MD-Experiment-0004_Position(73)_t137.png,609423.9825919999,145298.0,1488.2194656133652,0.9792455055517177,0.8243953603524363,76749.471744,7.940432275869607,440.43805300692617,MD-Experiment-0004_Position(73)
46,2760,2,0.5,auto,MD-Experiment-0004_Position(73)_t140.png,619509.18656,147702.5,1508.1778355836868,0.9757068304927996,0.8160045909298225,76749.471744,8.071836489329726,444.0674483270828,MD-Experiment-0004_Position(73)
47,2820,2,0.5,auto,MD-Experiment-0004_Position(73)_t143.png,630332.588032,150283.0,1504.2783421278,0.9804123677712504,0.8345710477582601,76749.471744,8.212858977511818,447.92978730421595,MD-Experiment-0004_Position(73)
48,2880,2,0.5,auto,MD-Experiment-0004_Position(73)_t146.png,644702.2735359999,153709.0,1524.0184556245804,0.975719527213173,0.8316272445616477,76749.471744,8.400087438861108,453.0067409119595,MD-Experiment-0004_Position(73)
49,2940,2,0.5,auto_rest,MD-Experiment-0004_Position(73)_t149.png,656869.94944,156610.0,1547.19002699852,0.9731651012716828,0.8221329204817244,76749.471744,8.558625023909064,457.26163062714846,MD-Experiment-0004_Position(73)
50,3000,2,0.5,auto_rest,MD-Experiment-0004_Position(73)_t152.png,672256.753664,160278.5,1557.4326688051224,0.9765903710992837,0.8303602918631071,76749.471744,8.759105937645161,462.5861765607274,MD-Experiment-0004_Position(73)
51,3060,2,0.5,auto_rest,MD-Experiment-0004_Position(73)_t155.png,685005.340672,163318.0,1578.8468815088272,0.976858248548033,0.8233109463607009,76749.471744,8.92521244910785,466.9517876875439,MD-Experiment-0004_Position(73)
52,3120,2,0.5,auto_rest,MD-Experiment-0004_Position(73)_t158.png,701197.4512639999,167178.5,1598.0600851774216,0.9762020157193408,0.8226291216181186,76749.471744,9.13618602617701,472.4384413912652,MD-Experiment-0004_Position(73)
53,3180,2,0.5,auto_rest,MD-Experiment-0004_Position(73)_t161.png,717385.367552,171038.0,1623.7585694789886,0.9741203540226219,0.8151913474723923,76749.471744,9.347104953957976,477.8607063730957,MD-Experiment-0004_Position(73)
54,3240,2,0.5,auto_rest,MD-Experiment-0004_Position(73)_t164.png,730899.41504,174260.0,1655.9007054567337,0.9714464104536688,0.7986178103829791,76749.471744,9.52318496051589,482.3406572259709,MD-Experiment-0004_Position(73)
55,3300,2,0.5,auto_rest,MD-Experiment-0004_Position(73)_t167.png,744247.78752,177442.5,1668.7707631587982,0.971241923080081,0.8007079620405526,76749.471744,9.69710632019018,486.72520844726057,MD-Experiment-0004_Position(73)
56,3360,2,0.5,auto_rest,MD-Experiment-0004_Position(73)_t170.png,759066.2635519999,180975.5,1680.4864931106567,0.9719362409439262,0.8053035189273137,76749.471744,9.890182255376123,491.5468400439498,MD-Experiment-0004_Position(73)
57,3420,2,0.5,auto_rest,MD-Experiment-0004_Position(73)_t173.png,770453.7989119999,183690.5,1698.9717736244202,0.9713703269885169,0.7996947281593729,76749.471744,10.038555072820175,495.2202146939762,MD-Experiment-0004_Position(73)
58,3480,2,0.5,auto_rest,MD-Experiment-0004_Position(73)_t176.png,784592.797696,187061.5,1739.0550342798233,0.9678014331168999,0.7772623380948931,76749.471744,10.222777823318852,499.7435783831901,MD-Experiment-0004_Position(73)
59,3540,2,0.5,auto_rest,MD-Experiment-0004_Position(73)_t179.png,796156.493824,189818.5,1731.4570534229279,0.971619498062581,0.7956552878012285,76749.471744,10.373445910867012,503.4128354875383,MD-Experiment-0004_Position(73)
60,3600,2,0.5,auto_rest,MD-Experiment-0004_Position(73)_t182.png,807212.679168,192454.5,1734.1433470249176,0.9726457671061874,0.8042071798926689,76749.471744,10.517501434543815,506.8962182065268,MD-Experiment-0004_Position(73)
61,3660,2,0.5,auto_rest,MD-Experiment-0004_Position(73)_t185.png,819757.842432,195445.5,1753.2560458183289,0.9724043743034548,0.7989964491154976,76749.471744,10.680957455529143,510.81995411573314,MD-Experiment-0004_Position(73)
62,3720,2,0.5,auto_rest,MD-Experiment-0004_Position(73)_t188.png,831447.3676799999,198232.5,1764.0844728946686,0.9714255611611091,0.8004716721148984,76749.471744,10.833265021723092,514.4491393461876,MD-Experiment-0004_Position(73)
63,3780,2,0.5,auto_rest,MD-Experiment-0004_Position(73)_t191.png,845162.74176,201502.5,1771.4570529460907,0.9725563918846847,0.8069173380204324,76749.471744,11.011968194114273,518.6749040935044,MD-Experiment-0004_Position(73)
64,3840,2,0.5,auto_rest,MD-Experiment-0004_Position(73)_t194.png,857389.13792,204417.5,1789.0550380945206,0.9725668285093739,0.8025655874016278,76749.471744,11.17127086919693,522.413092204372,MD-Experiment-0004_Position(73)
65,3900,2,0.5,auto_rest,MD-Experiment-0004_Position(73)_t197.png,818516.328448,195149.5,2218.1921154260635,0.9247739593600728,0.4984011002726056,76749.471744,10.664781266224008,510.432992025258,MD-Experiment-0004_Position(73)
66,3960,2,0.5,auto_rest,MD-Experiment-0004_Position(73)_t200.png,827779.4488319999,197358.0,2203.8906013965607,0.9197666073242797,0.510604377509166,76749.471744,10.785474219198294,513.3131423828878,MD-Experiment-0004_Position(73)
67,4020,2,0.5,auto_rest,MD-Experiment-0004_Position(73)_t203.png,824228.9704959999,196511.5,2385.87335395813,0.9028681039730764,0.43381349808501307,76749.471744,10.739213596742902,512.2111183759727,MD-Experiment-0004_Position(73)
68,4080,2,0.5,auto_rest,MD-Experiment-0004_Position(73)_t206.png,826632.306688,197084.5,2218.133238554001,0.9023808978732172,0.5033697052083239,76749.471744,10.770527638877503,512.9573427271528,MD-Experiment-0004_Position(73)
69,4140,2,0.5,auto_rest,MD-Experiment-0004_Position(73)_t209.png,842419.6669439999,200848.5,2385.873353600502,0.8937324789747697,0.44338774268299047,76749.471744,10.976227559636035,517.8325098947839,MD-Experiment-0004_Position(73)
70,4200,2,0.5,auto_rest,MD-Experiment-0004_Position(73)_t212.png,848314.761216,202254.0,2363.4297038316727,0.8901064805951823,0.4550106946512523,76749.471744,11.053037134191328,519.6411984154976,MD-Experiment-0004_Position(73)
71,4260,2,0.5,auto_rest,MD-Experiment-0004_Position(73)_t215.png,855732.38784,204022.5,2351.3291989564896,0.8841558542863829,0.46372558200834874,76749.471744,11.149684400360686,521.9081135383257,MD-Experiment-0004_Position(73)
72,4320,2,0.5,auto_rest,MD-Experiment-0004_Position(73)_t218.png,865863.7291519999,206438.0,2406.400265812874,0.8817351266620254,0.4479853099958661,76749.471744,11.281689755990929,524.9885570915291,MD-Experiment-0004_Position(73)
73,4380,2,0.5,auto_rest,MD-Experiment-0004_Position(73)_t221.png,869479.2191999999,207300.0,2474.4835299253464,0.8708510647236004,0.4254416762290336,76749.471744,11.328797442413313,526.0834832065374,MD-Experiment-0004_Position(73)
74,4440,2,0.5,auto_rest,MD-Experiment-0004_Position(73)_t224.png,880852.074496,210011.5,2755.980999469757,0.8633140400062485,0.347456549688804,76749.471744,11.47697898734869,529.512911624993,MD-Experiment-0004_Position(73)
75,4500,2,0.5,auto_rest,MD-Experiment-0004_Position(73)_t227.png,882588.516352,210425.5,2569.211448907852,0.8700769494763219,0.4005977765810487,76749.471744,11.4996037926606,530.0345745204984,MD-Experiment-0004_Position(73)
76,4560,2,0.5,auto_rest,MD-Experiment-0004_Position(73)_t230.png,887183.376384,211521.0,2820.3069014549255,0.8595881295146756,0.33417242846176465,76749.471744,11.559472087876056,531.4124947354383,MD-Experiment-0004_Position(73)
77,4620,2,0.5,auto_rest,MD-Experiment-0004_Position(73)_t233.png,907875.975168,216454.5,2708.9515603780746,0.8671273623170989,0.37065853456203657,76749.471744,11.829084351176327,537.5740863590097,MD-Experiment-0004_Position(73)
78,4680,2,0.5,auto_rest,MD-Experiment-0004_Position(73)_t236.png,906363.9285759999,216094.0,2604.6256613731384,0.8595162948688118,0.40027820406342873,76749.471744,11.809383282782742,537.126241163211,MD-Experiment-0004_Position(73)
79,4740,2,0.5,auto_rest,MD-Experiment-0004_Position(73)_t239.png,928818.13504,221447.5,2475.897740006447,0.8607423962685842,0.45395754528010057,76749.471744,12.101948247124081,543.7389031971348,MD-Experiment-0004_Position(73)
80,4800,2,0.5,auto_rest,MD-Experiment-0004_Position(73)_t242.png,921994.002432,219820.5,2326.0154908895493,0.8660044202290482,0.510567127850162,76749.471744,12.013033855234037,541.737764952996,MD-Experiment-0004_Position(73)
81,4860,2,0.5,auto_rest,MD-Experiment-0004_Position(73)_t245.png,925896.802304,220751.0,2390.601277589798,0.8585440791840465,0.48539829789655314,76749.471744,12.063885017897643,542.883141900098,MD-Experiment-0004_Position(73)
82,4920,2,0.5,auto_rest,MD-Experiment-0004_Position(73)_t248.png,990063.362048,236049.5,2263.873355150223,0.9028976554446508,0.5787735729020085,76749.471744,12.899937153318579,561.3795116391763,MD-Experiment-0004_Position(73)
0,0,saved,saved,reconstructed_from_saved_mask,MD-Experiment-0004_Position(74)_t002.png,66509.078528,15857.0,504.0731545686722,0.9659184357201596,0.7842305430662551,66509.078528,1.0,145.5008495385387,MD-Experiment-0004_Position(74)
1,60,2,0.5,auto,MD-Experiment-0004_Position(74)_t005.png,108324.192256,25826.5,624.0559103488922,0.9786843002766304,0.8333518758476232,66509.078528,1.6287128712871286,185.68969090382595,MD-Experiment-0004_Position(74)
2,120,2,0.5,auto,MD-Experiment-0004_Position(74)_t008.png,132175.101952,31513.0,692.7249567508698,0.9733895504177671,0.8252355814409484,66509.078528,1.987324210128019,205.11616625383786,MD-Experiment-0004_Position(74)
3,180,saved,saved,reconstructed_from_saved_mask,MD-Experiment-0004_Position(74)_t011.png,154436.370432,36820.5,751.4528795480728,0.9738039194943271,0.8194001510862972,66509.078528,2.322034432742637,221.7174406645712,MD-Experiment-0004_Position(74)
4,240,saved,saved,reconstructed_from_saved_mask,MD-Experiment-0004_Position(74)_t014.png,173153.452032,41283.0,791.2934989929199,0.977517314864145,0.8285255737559559,66509.078528,2.603455886989973,234.76894089431076,MD-Experiment-0004_Position(74)
5,300,saved,saved,reconstructed_from_saved_mask,MD-Experiment-0004_Position(74)_t017.png,193942.51980799998,46239.5,827.3351274728775,0.98359940864275,0.8489069024304428,66509.078528,2.916030775052027,248.46291756775707,MD-Experiment-0004_Position(74)
6,360,saved,saved,reconstructed_from_saved_mask,MD-Experiment-0004_Position(74)_t020.png,210709.250048,50237.0,861.3767577409744,0.9886351336724754,0.8508387531325903,66509.078528,3.1681276407895567,258.98038033922717,MD-Experiment-0004_Position(74)
7,420,saved,saved,reconstructed_from_saved_mask,MD-Experiment-0004_Position(74)_t023.png,226498.707456,54001.5,891.7615349292755,0.9873657265621429,0.8533323617736632,66509.078528,3.405530680456581,268.5084315083887,MD-Experiment-0004_Position(74)
8,480,saved,saved,reconstructed_from_saved_mask,MD-Experiment-0004_Position(74)_t026.png,240763.53535999998,57402.5,922.246817111969,0.9862718314820065,0.8480985899917789,66509.078528,3.6200100901809926,276.8346321139186,MD-Experiment-0004_Position(74)
9,540,saved,saved,reconstructed_from_saved_mask,MD-Experiment-0004_Position(74)_t029.png,254053.187584,60571.0,946.3473204374313,0.9840862381296659,0.8499110862435751,66509.078528,3.8198272056505016,284.37236367919485,MD-Experiment-0004_Position(74)
10,600,saved,saved,reconstructed_from_saved_mask,MD-Experiment-0004_Position(74)_t032.png,268070.551552,63913.0,966.0041753053665,0.9860454352605392,0.8606787099179755,66509.078528,4.030585861133884,292.11214756278645,MD-Experiment-0004_Position(74)
11,660,saved,saved,reconstructed_from_saved_mask,MD-Experiment-0004_Position(74)_t035.png,283421.704192,67573.0,989.1757491827011,0.9881043773259343,0.8678329657683569,66509.078528,4.261398751340102,300.35966840335186,MD-Experiment-0004_Position(74)
12,720,saved,saved,reconstructed_from_saved_mask,MD-Experiment-0004_Position(74)_t038.png,293412.53632,69955.0,1015.3178856372833,0.9861636816025601,0.8527555439968655,66509.078528,4.411616320867756,305.60777320106985,MD-Experiment-0004_Position(74)
13,780,2,0.8000000000000002,auto,MD-Experiment-0004_Position(74)_t041.png,291166.486528,69419.5,1018.9331098794937,0.9792289680076737,0.8402335059494436,66509.078528,4.3778457463580756,304.4358244150348,MD-Experiment-0004_Position(74)
14,840,saved,saved,reconstructed_from_saved_mask,MD-Experiment-0004_Position(74)_t044.png,307794.80473599996,73384.0,1038.9747377634048,0.9849342003717796,0.8542820251686133,66509.078528,4.627861512265876,313.0081936043819,MD-Experiment-0004_Position(74)
15,900,saved,saved,reconstructed_from_saved_mask,MD-Experiment-0004_Position(74)_t047.png,316099.526656,75364.0,1058.5727171897888,0.9816919479741304,0.8451473063831156,66509.078528,4.752727502049568,317.2027811237182,MD-Experiment-0004_Position(74)
16,960,saved,saved,reconstructed_from_saved_mask,MD-Experiment-0004_Position(74)_t050.png,326509.789184,77846.0,1063.2590082883835,0.986360036744908,0.8653026308685376,66509.078528,4.90925143469761,322.3837679428859,MD-Experiment-0004_Position(74)
17,1020,saved,saved,reconstructed_from_saved_mask,MD-Experiment-0004_Position(74)_t053.png,334812.413952,79825.5,1078.3300746679306,0.9862488185474156,0.8626767147489403,66509.078528,5.0340858926657,326.45689053530685,MD-Experiment-0004_Position(74)
18,1080,saved,saved,reconstructed_from_saved_mask,MD-Experiment-0004_Position(74)_t056.png,342357.966848,81624.5,1090.3300762176514,0.9869295270568463,0.8628084979510009,66509.078528,5.147537365201488,330.1150185336936,MD-Experiment-0004_Position(74)
19,1140,saved,saved,reconstructed_from_saved_mask,MD-Experiment-0004_Position(74)_t059.png,351621.08723199996,83833.0,1105.8864248991013,0.9862705882352941,0.8613979182957914,66509.078528,5.286813394715267,334.5511444557299,MD-Experiment-0004_Position(74)
20,1200,saved,saved,reconstructed_from_saved_mask,MD-Experiment-0004_Position(74)_t062.png,359953.07212799997,85819.5,1120.4722113609314,0.9849818657607199,0.8590009886303519,66509.078528,5.412089298101784,338.49168589578306,MD-Experiment-0004_Position(74)
21,1260,saved,saved,reconstructed_from_saved_mask,MD-Experiment-0004_Position(74)_t065.png,368121.479168,87767.0,1189.484404683113,0.9639958262397715,0.779513450023546,66509.078528,5.53490571987135,342.31083262989904,MD-Experiment-0004_Position(74)
22,1320,2,0.8000000000000002,auto,MD-Experiment-0004_Position(74)_t068.png,362601.775104,86451.0,1131.7442879676819,0.9828891718586567,0.8481706942530471,66509.078528,5.451913981207038,339.73479327763107,MD-Experiment-0004_Position(74)
23,1380,saved,saved,reconstructed_from_saved_mask,MD-Experiment-0004_Position(74)_t071.png,381266.427904,90901.0,1155.2001324892044,0.9869654674462414,0.8559808817607422,66509.078528,5.732547140064325,348.3688752914397,MD-Experiment-0004_Position(74)
24,1440,saved,saved,reconstructed_from_saved_mask,MD-Experiment-0004_Position(74)_t074.png,394866.45862399996,94143.5,1210.6976073980331,0.9649409618301833,0.8071027663877498,66509.078528,5.937030964242921,354.52771048593917,MD-Experiment-0004_Position(74)
25,1500,saved,saved,reconstructed_from_saved_mask,MD-Experiment-0004_Position(74)_t077.png,397412.401152,94750.5,1195.4427738189697,0.9792726032494109,0.8331703227887175,66509.078528,5.975310588383679,355.66880124452877,MD-Experiment-0004_Position(74)
26,1560,saved,saved,reconstructed_from_saved_mask,MD-Experiment-0004_Position(74)_t080.png,416479.707136,99296.5,1261.6681708097458,0.9645774846274152,0.7838870882241071,66509.078528,6.261997855836539,364.10109609326724,MD-Experiment-0004_Position(74)
27,1620,saved,saved,reconstructed_from_saved_mask,MD-Experiment-0004_Position(74)_t083.png,415567.446016,99079.0,1205.3422677516937,0.9850275886066511,0.8569800386538623,66509.078528,6.248281516049694,363.7021122334067,MD-Experiment-0004_Position(74)
30,1800,saved,saved,reconstructed_from_saved_mask,MD-Experiment-0004_Position(74)_t092.png,446273.9456,106400.0,1260.9402488470078,0.9829235509037076,0.8409350941844643,66509.078528,6.709970360093334,376.8997331263677,MD-Experiment-0004_Position(74)
31,1860,saved,saved,reconstructed_from_saved_mask,MD-Experiment-0004_Position(74)_t095.png,452986.929152,108000.5,1276.8397439718246,0.9809710660290384,0.8324589852380043,66509.078528,6.8109037018351515,379.7238705442653,MD-Experiment-0004_Position(74)
32,1920,saved,saved,reconstructed_from_saved_mask,MD-Experiment-0004_Position(74)_t098.png,461476.200448,110024.5,1274.354461312294,0.9834196613320582,0.8513708577212163,66509.078528,6.938544491391815,383.2654913257011,MD-Experiment-0004_Position(74)
34,2040,saved,saved,reconstructed_from_saved_mask,MD-Experiment-0004_Position(74)_t104.png,480243.61369599996,114499.0,1300.3960922956467,0.9832840255741957,0.8508641902551146,66509.078528,7.220722709213596,390.98118882635015,MD-Experiment-0004_Position(74)
36,2160,saved,saved,reconstructed_from_saved_mask,MD-Experiment-0004_Position(74)_t110.png,498922.94655999995,118952.5,1334.4377211332321,0.983200396743398,0.8394345075331643,66509.078528,7.501576590780097,398.51236660108185,MD-Experiment-0004_Position(74)
37,2220,saved,saved,reconstructed_from_saved_mask,MD-Experiment-0004_Position(74)_t113.png,507535.94982399995,121006.0,1339.6509255170822,0.982235408236569,0.8472927145630711,66509.078528,7.631077757457274,401.9374459075187,MD-Experiment-0004_Position(74)
38,2280,saved,saved,reconstructed_from_saved_mask,MD-Experiment-0004_Position(74)_t116.png,518642.466816,123654.0,1351.1656423807144,0.984655322063051,0.8511396978466725,66509.078528,7.798070252885162,406.31148714044673,MD-Experiment-0004_Position(74)
39,2340,saved,saved,reconstructed_from_saved_mask,MD-Experiment-0004_Position(74)_t119.png,529631.543296,126274.0,1375.8519368171692,0.9812185778337258,0.8382632037096192,66509.078528,7.963296966639339,410.59341965732375,MD-Experiment-0004_Position(74)
40,2400,saved,saved,reconstructed_from_saved_mask,MD-Experiment-0004_Position(74)_t122.png,538185.826304,128313.5,1383.609295129776,0.9826089620131027,0.8422776436343213,66509.078528,8.091915242479661,413.8959641220914,MD-Experiment-0004_Position(74)
41,2460,saved,saved,reconstructed_from_saved_mask,MD-Experiment-0004_Position(74)_t125.png,546419.245056,130276.5,1389.467158794403,0.9831483780408197,0.8479678246970873,66509.078528,8.215709150532888,417.0499343033256,MD-Experiment-0004_Position(74)
42,2520,saved,saved,reconstructed_from_saved_mask,MD-Experiment-0004_Position(74)_t128.png,553616.6707199999,131992.5,1394.5798561573029,0.9854157645618383,0.8528493898853556,66509.078528,8.323926341678753,419.7876361284743,MD-Experiment-0004_Position(74)
43,2580,saved,saved,reconstructed_from_saved_mask,MD-Experiment-0004_Position(74)_t131.png,564163.248128,134507.0,1409.2245182991028,0.9861614654549854,0.851127002975073,66509.078528,8.482499842340921,423.76731740508416,MD-Experiment-0004_Position(74)
44,2640,saved,saved,reconstructed_from_saved_mask,MD-Experiment-0004_Position(74)_t134.png,585562.5871359999,139609.0,1475.592050075531,0.9724784062412929,0.8057321013985881,66509.078528,8.804250488743142,431.729499182933,MD-Experiment-0004_Position(74)
45,2700,2,0.7,auto,MD-Experiment-0004_Position(74)_t137.png,574521.081856,136976.5,1448.0945748090744,0.9790994313815891,0.8208467368372361,66509.078528,8.638235479598915,427.63973175533124,MD-Experiment-0004_Position(74)
46,2760,saved,saved,reconstructed_from_saved_mask,MD-Experiment-0004_Position(74)_t140.png,591895.986176,141119.0,1445.165645122528,0.9847423860214716,0.8491024551209828,66509.078528,8.899476571861008,434.0579961161009,MD-Experiment-0004_Position(74)
47,2820,saved,saved,reconstructed_from_saved_mask,MD-Experiment-0004_Position(74)_t143.png,603952.513024,143993.5,1473.8935664892197,0.9818653556354114,0.8329530173624102,66509.078528,9.080752979756575,438.4564467322653,MD-Experiment-0004_Position(74)
48,2880,saved,saved,reconstructed_from_saved_mask,MD-Experiment-0004_Position(74)_t146.png,614446.661632,146495.5,1467.6925556659698,0.9862924699474522,0.8546021194058329,66509.078528,9.238538185028695,442.24930404704094,MD-Experiment-0004_Position(74)
49,2940,saved,saved,reconstructed_from_saved_mask,MD-Experiment-0004_Position(74)_t149.png,627671.302144,149648.5,1490.5209803581238,0.9840149395546408,0.8464592302195755,66509.078528,9.437377814214543,446.983199624201,MD-Experiment-0004_Position(74)
50,3000,saved,saved,reconstructed_from_saved_mask,MD-Experiment-0004_Position(74)_t152.png,641179.058176,152869.0,1499.2489033937454,0.9855966680206056,0.8546372323024375,66509.078528,9.640474238506654,451.7672332423332,MD-Experiment-0004_Position(74)
51,3060,saved,saved,reconstructed_from_saved_mask,MD-Experiment-0004_Position(74)_t155.png,651851.4647039999,155413.5,1521.3494086265564,0.9860418047946401,0.843802222834325,66509.078528,9.800939648104936,455.51154270629354,MD-Experiment-0004_Position(74)
52,3120,saved,saved,reconstructed_from_saved_mask,MD-Experiment-0004_Position(74)_t158.png,663121.559552,158100.5,1523.8346911668777,0.9865896617462145,0.8555933387439631,66509.078528,9.970391625149777,459.4324195646351,MD-Experiment-0004_Position(74)
53,3180,saved,saved,reconstructed_from_saved_mask,MD-Experiment-0004_Position(74)_t161.png,674729.2958719999,160868.0,1539.734186053276,0.9862274659824847,0.852683819327323,66509.078528,10.144920224506526,463.43608553271457,MD-Experiment-0004_Position(74)
54,3240,saved,saved,reconstructed_from_saved_mask,MD-Experiment-0004_Position(74)_t164.png,688765.5342079999,164214.5,1550.805252790451,0.9857493164294054,0.8580386277103721,66509.078528,10.355962666330326,468.2316507895064,MD-Experiment-0004_Position(74)
56,3360,saved,saved,reconstructed_from_saved_mask,MD-Experiment-0004_Position(74)_t170.png,712295.579648,169824.5,1580.947388291359,0.9858958282536254,0.8538377927054037,66509.078528,10.709749637384121,476.16249840466446,MD-Experiment-0004_Position(74)
57,3420,saved,saved,reconstructed_from_saved_mask,MD-Experiment-0004_Position(74)_t173.png,725320.99072,172930.0,1591.4742995500565,0.9866435405743106,0.8579874713531729,66509.078528,10.905593744087785,480.496453683893,MD-Experiment-0004_Position(74)
59,3540,saved,saved,reconstructed_from_saved_mask,MD-Experiment-0004_Position(74)_t179.png,747219.451904,178151.0,1618.8468832969666,0.9876044282570252,0.8542531355619991,66509.078528,11.234848962603268,487.69594901934204,MD-Experiment-0004_Position(74)
60,3600,saved,saved,reconstructed_from_saved_mask,MD-Experiment-0004_Position(74)_t182.png,760865.619968,181404.5,1660.344356894493,0.9816632664657211,0.8269163505679556,66509.078528,11.440026486725106,492.1290977915992,MD-Experiment-0004_Position(74)
61,3660,saved,saved,reconstructed_from_saved_mask,MD-Experiment-0004_Position(74)_t185.png,771305.242624,183893.5,1641.2316586971283,0.9882629549515659,0.8578996116647328,66509.078528,11.596991864791574,495.4937779554921,MD-Experiment-0004_Position(74)
62,3720,saved,saved,reconstructed_from_saved_mask,MD-Experiment-0004_Position(74)_t188.png,782944.436224,186668.5,1691.8590750694275,0.9872122018229752,0.8195067426511015,66509.078528,11.771993441382355,499.21834339564646,MD-Experiment-0004_Position(74)
63,3780,saved,saved,reconstructed_from_saved_mask,MD-Experiment-0004_Position(74)_t191.png,797525.9340799999,190145.0,1674.4448622465134,0.9872046809736799,0.8522226477407626,66509.078528,11.99123415526266,503.84560066118087,MD-Experiment-0004_Position(74)
64,3840,saved,saved,reconstructed_from_saved_mask,MD-Experiment-0004_Position(74)_t194.png,815599.190016,194454.0,1696.1017144918442,0.9868156628707143,0.8494209318892846,66509.078528,12.2629753421202,509.52260533325193,MD-Experiment-0004_Position(74)
65,3900,saved,saved,reconstructed_from_saved_mask,MD-Experiment-0004_Position(74)_t197.png,830157.6192,197925.0,1710.670257806778,0.9862692189824124,0.8499197245627771,66509.078528,12.481869206028883,514.0499754714114,MD-Experiment-0004_Position(74)
66,3960,saved,saved,reconstructed_from_saved_mask,MD-Experiment-0004_Position(74)_t200.png,840471.4127359999,200384.0,1717.8418312072754,0.9873418968923839,0.8533094544373397,66509.078528,12.636942675159235,517.2333706642737,MD-Experiment-0004_Position(74)
67,4020,saved,saved,reconstructed_from_saved_mask,MD-Experiment-0004_Position(74)_t203.png,854799.1551999999,203800.0,1737.6408208608627,0.985819771055693,0.84819170839126,66509.078528,12.852368039351704,521.6234482859378,MD-Experiment-0004_Position(74)
68,4080,saved,saved,reconstructed_from_saved_mask,MD-Experiment-0004_Position(74)_t206.png,867818.2748159999,206904.0,1749.2976766824722,0.9854941307314378,0.8496720104862272,66509.078528,13.048117550608563,525.5807609539133,MD-Experiment-0004_Position(74)
69,4140,saved,saved,reconstructed_from_saved_mask,MD-Experiment-0004_Position(74)_t209.png,883301.548032,210595.5,1768.912898182869,0.9849287711979346,0.8457578816623554,66509.078528,13.280916945197704,530.2486352835168,MD-Experiment-0004_Position(74)
70,4200,saved,saved,reconstructed_from_saved_mask,MD-Experiment-0004_Position(74)_t212.png,897044.1850879999,213872.0,1783.983965396881,0.9849475339699412,0.8444654806939528,66509.078528,13.487544932837231,534.3575885651785,MD-Experiment-0004_Position(74)
71,4260,saved,saved,reconstructed_from_saved_mask,MD-Experiment-0004_Position(74)_t215.png,910424.0148479999,217062.0,1783.2976746559143,0.9857045547431996,0.857720870625862,66509.078528,13.688717916377623,538.3279340190853,MD-Experiment-0004_Position(74)
72,4320,saved,saved,reconstructed_from_saved_mask,MD-Experiment-0004_Position(74)_t218.png,924447.6702719999,220405.5,1806.6530104875565,0.9853894180580176,0.848560464501123,66509.078528,13.899571167307812,542.4581391288647,MD-Experiment-0004_Position(74)
73,4380,saved,saved,reconstructed_from_saved_mask,MD-Experiment-0004_Position(74)_t221.png,937873.6373759999,223606.5,1818.9961597919464,0.9858932303378217,0.8492405511406022,66509.078528,14.101437850791449,546.3830622996401,MD-Experiment-0004_Position(74)
74,4440,saved,saved,reconstructed_from_saved_mask,MD-Experiment-0004_Position(74)_t224.png,952012.63616,226977.5,1828.025595664978,0.9856694640162412,0.853548350849878,66509.078528,14.314025351579744,550.4861795373432,MD-Experiment-0004_Position(74)
75,4500,saved,saved,reconstructed_from_saved_mask,MD-Experiment-0004_Position(74)_t227.png,967290.38848,230620.0,1848.0672273635864,0.9863248046018797,0.8485380090993949,66509.078528,14.543734628239894,554.8856580086959,MD-Experiment-0004_Position(74)
77,4620,2,0.7,auto,MD-Experiment-0004_Position(74)_t233.png,997283.8563839999,237771.0,1937.4398097991943,0.9771946408022357,0.7959986109971238,66509.078528,14.994702654978873,563.4228525881098,MD-Experiment-0004_Position(74)
78,4680,saved,saved,reconstructed_from_saved_mask,MD-Experiment-0004_Position(74)_t236.png,1007165.6366079999,240127.0,1896.694643497467,0.98466780937072,0.838795368340688,66509.078528,15.143280570095225,566.2073640963331,MD-Experiment-0004_Position(74)
79,4740,saved,saved,reconstructed_from_saved_mask,MD-Experiment-0004_Position(74)_t239.png,1021432.5616639999,243528.5,1917.907844543457,0.9830340509785797,0.8319633343146776,66509.078528,15.35779151163524,570.203544751947,MD-Experiment-0004_Position(74)
80,4800,saved,saved,reconstructed_from_saved_mask,MD-Experiment-0004_Position(74)_t242.png,1038765.522944,247661.0,1930.4936300516129,0.9835193855709242,0.8350851104854359,66509.078528,15.618401967585294,575.0211608105831,MD-Experiment-0004_Position(74)
81,4860,saved,saved,reconstructed_from_saved_mask,MD-Experiment-0004_Position(74)_t245.png,1053955.1948799998,251282.5,1939.7657107114792,0.9837607490100047,0.839215607514087,66509.078528,15.846786907990161,579.2101156964264,MD-Experiment-0004_Position(74)
82,4920,saved,saved,reconstructed_from_saved_mask,MD-Experiment-0004_Position(74)_t248.png,1070797.4225919999,255298.0,1958.8367767333984,0.9843345761313381,0.8361049183732733,66509.078528,16.10001891908936,583.8196688286168,MD-Experiment-0004_Position(74)
0,0,saved,saved,reconstructed_from_saved_mask,MD-Experiment-0004_Position(75)_t002.png,147039.715328,35057.0,775.8965290784836,0.9607289668402302,0.7317740329981521,147039.715328,1.0,216.34277212459088,MD-Experiment-0004_Position(75)
1,60,2,0.5,auto,MD-Experiment-0004_Position(75)_t005.png,248684.47846399999,59291.0,960.8326035737991,0.9778345839861466,0.8070550816919468,147039.715328,1.6912742105713552,281.3516092641931,MD-Experiment-0004_Position(75)
2,120,saved,saved,reconstructed_from_saved_mask,MD-Experiment-0004_Position(75)_t008.png,277973.303296,66274.0,1057.5188937187195,0.9622988071815944,0.7446921518784669,147039.715328,1.8904641013207064,297.45865348697134,MD-Experiment-0004_Position(75)
3,180,saved,saved,reconstructed_from_saved_mask,MD-Experiment-0004_Position(75)_t011.png,325920.489472,77705.5,1133.0163663625717,0.9707848183499076,0.7606576839751585,147039.715328,2.216547337193713,322.092710114336,MD-Experiment-0004_Position(75)
4,240,saved,saved,reconstructed_from_saved_mask,MD-Experiment-0004_Position(75)_t014.png,369901.96121599997,88191.5,1210.6143463850021,0.9685413371990863,0.7561796070039818,147039.715328,2.515660210514305,343.1376563040348,MD-Experiment-0004_Position(75)
5,300,saved,saved,reconstructed_from_saved_mask,MD-Experiment-0004_Position(75)_t017.png,402646.892544,95998.5,1286.4133349657059,0.9676000120951891,0.7289760238073039,147039.715328,2.7383546795219216,358.0034728015046,MD-Experiment-0004_Position(75)
6,360,saved,saved,reconstructed_from_saved_mask,MD-Experiment-0004_Position(75)_t020.png,441546.96499199996,105273.0,1297.4255285263062,0.977696669127788,0.7858904030666033,147039.715328,3.002909547308669,374.8983384484409,MD-Experiment-0004_Position(75)
7,420,saved,saved,reconstructed_from_saved_mask,MD-Experiment-0004_Position(75)_t023.png,469692.841984,111983.5,1402.57985663414,0.9735198362159272,0.7153337341488357,147039.715328,3.194326382748096,386.6624821123304,MD-Experiment-0004_Position(75)
8,480,saved,saved,reconstructed_from_saved_mask,MD-Experiment-0004_Position(75)_t026.png,497255.71072,118555.0,1404.3372157812119,0.9714955319645835,0.7554173039346114,147039.715328,3.381778246855122,397.8459609993837,MD-Experiment-0004_Position(75)
9,540,saved,saved,reconstructed_from_saved_mask,MD-Experiment-0004_Position(75)_t029.png,516763.418624,123206.0,1441.533175945282,0.9747078787687001,0.7450620419999686,147039.715328,3.5144478991356936,405.57478344462197,MD-Experiment-0004_Position(75)
10,600,saved,saved,reconstructed_from_saved_mask,MD-Experiment-0004_Position(75)_t032.png,544301.1215359999,129771.5,1445.006261587143,0.9746483210286375,0.7809976562672276,147039.715328,3.7017286134010323,416.24082938346373,MD-Experiment-0004_Position(75)
11,660,saved,saved,reconstructed_from_saved_mask,MD-Experiment-0004_Position(75)_t035.png,579006.889984,138046.0,1623.9595774412155,0.967189569043432,0.6577839332855683,147039.715328,3.9377585075733808,429.3059715988559,MD-Experiment-0004_Position(75)
12,720,saved,saved,reconstructed_from_saved_mask,MD-Experiment-0004_Position(75)_t038.png,593508.696064,141503.5,1783.1139073371887,0.9566767965979657,0.5592665843847675,147039.715328,4.036383603845167,434.6489221121132,MD-Experiment-0004_Position(75)
13,780,saved,saved,reconstructed_from_saved_mask,MD-Experiment-0004_Position(75)_t041.png,618236.215296,147399.0,1611.8174448013306,0.9680997793190416,0.7129723660583744,147039.715328,4.204552585788859,443.61097746287487,MD-Experiment-0004_Position(75)
14,840,saved,saved,reconstructed_from_saved_mask,MD-Experiment-0004_Position(75)_t044.png,643655.794688,153459.5,1592.261095046997,0.9761278524290371,0.7606328458803432,147039.715328,4.377428188378926,452.6389319851692,MD-Experiment-0004_Position(75)
15,900,saved,saved,reconstructed_from_saved_mask,MD-Experiment-0004_Position(75)_t047.png,657264.2140159999,156704.0,1642.3027251958847,0.9659789302380057,0.730101968317129,147039.715328,4.469977465270844,457.3988381665519,MD-Experiment-0004_Position(75)
16,960,saved,saved,reconstructed_from_saved_mask,MD-Experiment-0004_Position(75)_t050.png,674630.729728,160844.5,1703.373791694641,0.9597041730808243,0.6966203503056637,147039.715328,4.588085118521266,463.4022343448587,MD-Experiment-0004_Position(75)
17,1020,saved,saved,reconstructed_from_saved_mask,MD-Experiment-0004_Position(75)_t053.png,688989.929472,164268.0,1722.3859841823578,0.9627936418624279,0.6958279476023438,147039.715328,4.685740365690162,468.30791796852026,MD-Experiment-0004_Position(75)
18,1080,2,0.5,auto,MD-Experiment-0004_Position(75)_t056.png,737511.7352959999,175836.5,1674.711884021759,0.9736833361943419,0.787841203447779,147039.715328,5.015731522948341,484.51757091077684,MD-Experiment-0004_Position(75)
19,1140,2,0.5,auto,MD-Experiment-0004_Position(75)_t059.png,748976.8652799999,178570.0,1687.5819433927536,0.9741155933775195,0.7879317897750111,147039.715328,5.093704538323302,488.2691273688816,MD-Experiment-0004_Position(75)
23,1380,2,0.5,auto,MD-Experiment-0004_Position(75)_t071.png,810146.594816,193154.0,1806.1504836082458,0.9653910839995302,0.7440561434402789,147039.715328,5.5097127535157036,507.81657159654264,MD-Experiment-0004_Position(75)
24,1440,2,0.5,auto,MD-Experiment-0004_Position(75)_t074.png,820716.240896,195674.0,1797.7240816354752,0.9721168583089278,0.7608462681910338,147039.715328,5.58159568702399,511.11847279157723,MD-Experiment-0004_Position(75)
25,1500,2,0.5,auto,MD-Experiment-0004_Position(75)_t077.png,836218.38848,199370.0,1796.5525070428848,0.9700877054265452,0.7762289634961373,147039.715328,5.687023989502809,515.9230369559608,MD-Experiment-0004_Position(75)
26,1560,2,0.5,auto,MD-Experiment-0004_Position(75)_t080.png,856007.114752,204088.0,1824.3514971733093,0.9685223589485623,0.7705668097519291,147039.715328,5.821604815015546,521.9918842944056,MD-Experiment-0004_Position(75)
0,0,saved,saved,reconstructed_from_saved_mask,MD-Experiment-0004_Position(76)_t002.png,38101.057536,9084.0,368.4751760959625,0.9732161988429398,0.8407570533348476,38101.057536,1.0,110.12694169805235,MD-Experiment-0004_Position(76)
1,60,saved,saved,reconstructed_from_saved_mask,MD-Experiment-0004_Position(76)_t005.png,47984.934912,11440.5,418.0315262079239,0.97233554309026,0.822691098094751,38101.057536,1.2594121532364597,123.58834560902304,MD-Experiment-0004_Position(76)
2,120,saved,saved,reconstructed_from_saved_mask,MD-Experiment-0004_Position(76)_t008.png,54211.379199999996,12925.0,452.960458278656,0.9592904590492448,0.7916256050244227,38101.057536,1.4228313518273887,131.36216328539325,MD-Experiment-0004_Position(76)
3,180,saved,saved,reconstructed_from_saved_mask,MD-Experiment-0004_Position(76)_t011.png,61077.454847999994,14562.0,479.9310200214386,0.9638283085680246,0.7944622179398839,38101.057536,1.6030383091149272,139.43298641663847,MD-Experiment-0004_Position(76)
4,240,saved,saved,reconstructed_from_saved_mask,MD-Experiment-0004_Position(76)_t014.png,69250.056192,16510.5,505.345232963562,0.9684713749413421,0.8124445749307113,38101.057536,1.8175363276089829,148.46877619451382,MD-Experiment-0004_Position(76)
5,300,saved,saved,reconstructed_from_saved_mask,MD-Experiment-0004_Position(76)_t017.png,74597.793792,17785.5,521.1442224979401,0.9683135973866884,0.8229246814333113,38101.057536,1.957892998678996,154.0948255182289,MD-Experiment-0004_Position(76)
6,360,saved,saved,reconstructed_from_saved_mask,MD-Experiment-0004_Position(76)_t020.png,79618.37568,18982.5,536.1147859096527,0.9756881087610187,0.829941922224627,38101.057536,2.0896631439894318,159.19584197094812,MD-Experiment-0004_Position(76)
7,420,saved,saved,reconstructed_from_saved_mask,MD-Experiment-0004_Position(76)_t023.png,83789.61100799999,19977.0,553.8721441030502,0.9709591970643272,0.8183160818873194,38101.057536,2.199141347424042,163.31277213782323,MD-Experiment-0004_Position(76)
8,480,saved,saved,reconstructed_from_saved_mask,MD-Experiment-0004_Position(76)_t026.png,87681.92512,20905.0,570.8427060842514,0.9640971245417023,0.8061709108590566,38101.057536,2.301298987230295,167.06293306811915,MD-Experiment-0004_Position(76)
9,540,saved,saved,reconstructed_from_saved_mask,MD-Experiment-0004_Position(76)_t029.png,93071.60575999999,22190.0,583.5289993286133,0.965391224902656,0.818921510122818,38101.057536,2.4427564949361513,172.12092329640876,MD-Experiment-0004_Position(76)
10,600,saved,saved,reconstructed_from_saved_mask,MD-Experiment-0004_Position(76)_t032.png,97911.832576,23344.0,596.9848432540894,0.9701201014004904,0.8231112328918703,38101.057536,2.5697930427124613,176.5398093442749,MD-Experiment-0004_Position(76)
11,660,saved,saved,reconstructed_from_saved_mask,MD-Experiment-0004_Position(76)_t035.png,106526.932992,25398.0,621.3279881477356,0.9754392702832453,0.8267373312204017,38101.057536,2.7959048877146633,184.14281391407002,MD-Experiment-0004_Position(76)
12,720,saved,saved,reconstructed_from_saved_mask,MD-Experiment-0004_Position(76)_t038.png,112384.278528,26794.5,638.2569210529327,0.9801192479332796,0.8265411033045631,38101.057536,2.9496367239101717,189.13758724033443,MD-Experiment-0004_Position(76)
13,780,saved,saved,reconstructed_from_saved_mask,MD-Experiment-0004_Position(76)_t041.png,117406.957568,27992.0,646.8427062034607,0.9790664731291863,0.8407104054058699,38101.057536,3.0814619110523997,193.31786079060367,MD-Experiment-0004_Position(76)
14,840,saved,saved,reconstructed_from_saved_mask,MD-Experiment-0004_Position(76)_t044.png,118600.237056,28276.5,650.3990571498871,0.9770057356091494,0.8399930842388627,38101.057536,3.11278071334214,194.2977816617214,MD-Experiment-0004_Position(76)
15,900,saved,saved,reconstructed_from_saved_mask,MD-Experiment-0004_Position(76)_t047.png,124770.05824,29747.5,665.2274831533432,0.9837298897137849,0.8447339921450447,38101.057536,3.274713782474681,199.2875887693946,MD-Experiment-0004_Position(76)
16,960,saved,saved,reconstructed_from_saved_mask,MD-Experiment-0004_Position(76)_t050.png,129759.182848,30937.0,680.4995617866516,0.9813014448162657,0.8395225414915377,38101.057536,3.405658300308234,203.23294694426042,MD-Experiment-0004_Position(76)
17,1020,saved,saved,reconstructed_from_saved_mask,MD-Experiment-0004_Position(76)_t053.png,132158.32473599998,31509.0,692.4995614290237,0.9753447555369829,0.8256680487755771,38101.057536,3.468626155878467,205.10314796452198,MD-Experiment-0004_Position(76)
18,1080,2,0.8400000000000001,auto,MD-Experiment-0004_Position(76)_t056.png,134165.29919999998,31987.5,697.2274849414825,0.9776429597481585,0.8268774823099377,38101.057536,3.5213011889035664,206.65464214037442,MD-Experiment-0004_Position(76)
19,1140,saved,saved,reconstructed_from_saved_mask,MD-Experiment-0004_Position(76)_t059.png,138854.53107199998,33105.5,709.168607711792,0.9765778256316465,0.8272009224870744,38101.057536,3.6443747247908407,210.23503509556141,MD-Experiment-0004_Position(76)
20,1200,saved,saved,reconstructed_from_saved_mask,MD-Experiment-0004_Position(76)_t062.png,139854.872576,33344.0,709.9554053544998,0.9800429121476648,0.8313146252906393,38101.057536,3.670629678555702,210.99096798658258,MD-Experiment-0004_Position(76)
21,1260,saved,saved,reconstructed_from_saved_mask,MD-Experiment-0004_Position(76)_t065.png,143415.836672,34193.0,713.8965302705765,0.98055690975309,0.8430950276298077,38101.057536,3.7640907089387934,213.66019434610985,MD-Experiment-0004_Position(76)
22,1320,saved,saved,reconstructed_from_saved_mask,MD-Experiment-0004_Position(76)_t068.png,147641.59795199998,35200.5,726.4823173284531,0.9790698968097238,0.8381246241733148,38101.057536,3.8749999999999996,216.78510151782595,MD-Experiment-0004_Position(76)
23,1380,saved,saved,reconstructed_from_saved_mask,MD-Experiment-0004_Position(76)_t071.png,151636.672512,36153.0,757.7543951272964,0.9636945221911235,0.7912200374161057,38101.057536,3.9798546895640685,219.69854794373006,MD-Experiment-0004_Position(76)
24,1440,saved,saved,reconstructed_from_saved_mask,MD-Experiment-0004_Position(76)_t074.png,154144.866304,36751.0,745.4112488031387,0.9781616384759725,0.8311647957140473,38101.057536,4.045684720387494,221.5080920622131,MD-Experiment-0004_Position(76)
25,1500,saved,saved,reconstructed_from_saved_mask,MD-Experiment-0004_Position(76)_t077.png,155820.49075199998,37150.5,757.9970343112946,0.9724370803722172,0.8125302048587582,38101.057536,4.089663143989432,222.70878446161822,MD-Experiment-0004_Position(76)
26,1560,saved,saved,reconstructed_from_saved_mask,MD-Experiment-0004_Position(76)_t080.png,160348.24192,38230.0,775.5533829927444,0.9678235994025468,0.7987130288868378,38101.057536,4.20849845882871,225.9212930100351,MD-Experiment-0004_Position(76)
27,1620,saved,saved,reconstructed_from_saved_mask,MD-Experiment-0004_Position(76)_t083.png,165802.93427199998,39530.5,776.4823154211044,0.9760014813900376,0.8239085951886596,38101.057536,4.351662263320123,229.7318287418155,MD-Experiment-0004_Position(76)
28,1680,saved,saved,reconstructed_from_saved_mask,MD-Experiment-0004_Position(76)_t086.png,169338.732544,40373.5,784.4234409332275,0.9754527114364754,0.824527486424808,38101.057536,4.444462791721708,232.1684575531052,MD-Experiment-0004_Position(76)
29,1740,saved,saved,reconstructed_from_saved_mask,MD-Experiment-0004_Position(76)_t089.png,173770.01472,41430.0,797.4945092201233,0.9745254392773975,0.8185955776685848,38101.057536,4.560766182298547,235.18655065219787,MD-Experiment-0004_Position(76)
30,1800,saved,saved,reconstructed_from_saved_mask,MD-Experiment-0004_Position(76)_t092.png,178291.474432,42508.0,808.1808005571365,0.9778473004991833,0.817830829516609,38101.057536,4.679436371642448,238.22665454140548,MD-Experiment-0004_Position(76)
31,1860,saved,saved,reconstructed_from_saved_mask,MD-Experiment-0004_Position(76)_t095.png,185224.658944,44161.0,869.2934974431992,0.945449485109936,0.734371647270378,38101.057536,4.861404667547336,242.81441494873422,MD-Experiment-0004_Position(76)
32,1920,saved,saved,reconstructed_from_saved_mask,MD-Experiment-0004_Position(76)_t098.png,188403.941376,44919.0,835.6366436481476,0.9721254355400697,0.8083603276047061,38101.057536,4.944848084544254,244.88943859622069,MD-Experiment-0004_Position(76)
33,1980,saved,saved,reconstructed_from_saved_mask,MD-Experiment-0004_Position(76)_t101.png,194055.76601599998,46266.5,845.0508559942245,0.9739188094010167,0.8141619823461415,38101.057536,5.09318582122413,248.53544776120222,MD-Experiment-0004_Position(76)
34,2040,saved,saved,reconstructed_from_saved_mask,MD-Experiment-0004_Position(76)_t104.png,200397.55366399998,47778.5,863.536138176918,0.9712360372813481,0.8051584234734376,38101.057536,5.259632320563628,252.56389785220279,MD-Experiment-0004_Position(76)
35,2100,saved,saved,reconstructed_from_saved_mask,MD-Experiment-0004_Position(76)_t107.png,204526.845952,48763.0,860.7493407726288,0.9756502601040417,0.8270787885575264,38101.057536,5.368009687362395,255.15273280235667,MD-Experiment-0004_Position(76)
36,2160,saved,saved,reconstructed_from_saved_mask,MD-Experiment-0004_Position(76)_t110.png,207192.326144,49398.5,866.5067003965378,0.976612002411949,0.8267606062394646,38101.057536,5.437967855570233,256.80997985485584,MD-Experiment-0004_Position(76)
37,2220,saved,saved,reconstructed_from_saved_mask,MD-Experiment-0004_Position(76)_t113.png,210728.12441599998,50241.5,874.1635549068451,0.9772709589574012,0.826203572955282,38101.057536,5.530768383971818,258.99197921669435,MD-Experiment-0004_Position(76)
38,2280,saved,saved,reconstructed_from_saved_mask,MD-Experiment-0004_Position(76)_t116.png,216174.42815999998,51540.0,890.406195640564,0.9734630276702239,0.8169169961101438,38101.057536,5.673712021136063,262.3174748724447,MD-Experiment-0004_Position(76)
39,2340,saved,saved,reconstructed_from_saved_mask,MD-Experiment-0004_Position(76)_t119.png,220848.979968,52654.5,896.5067000389099,0.9756976614905681,0.8232623945770526,38101.057536,5.796400264200792,265.1384801899195,MD-Experiment-0004_Position(76)
40,2400,saved,saved,reconstructed_from_saved_mask,MD-Experiment-0004_Position(76)_t122.png,226049.916928,53894.5,901.3351287841797,0.9803991122753402,0.8336460867269667,38101.057536,5.932904007045354,268.2422847524361,MD-Experiment-0004_Position(76)
41,2460,saved,saved,reconstructed_from_saved_mask,MD-Experiment-0004_Position(76)_t125.png,228943.98668799998,54584.5,906.7077124118805,0.9791907721838029,0.8343429119980725,38101.057536,6.008861734918537,269.9539485636774,MD-Experiment-0004_Position(76)
42,2520,saved,saved,reconstructed_from_saved_mask,MD-Experiment-0004_Position(76)_t128.png,231968.079872,55305.5,920.2224303483963,0.9727806799992964,0.8207153517537173,38101.057536,6.088232056362836,271.7309940038655,MD-Experiment-0004_Position(76)
43,2580,saved,saved,reconstructed_from_saved_mask,MD-Experiment-0004_Position(76)_t131.png,238295.18745599999,56814.0,922.9503523111343,0.9778489182630248,0.8381245289505849,38101.057536,6.254293262879788,275.41189879390544,MD-Experiment-0004_Position(76)
44,2640,saved,saved,reconstructed_from_saved_mask,MD-Experiment-0004_Position(76)_t134.png,245266.120704,58476.0,1007.7199029922485,0.9500568643379367,0.723615480182855,38101.057536,6.437252311756935,279.4112219758364,MD-Experiment-0004_Position(76)
45,2700,saved,saved,reconstructed_from_saved_mask,MD-Experiment-0004_Position(76)_t137.png,245735.88275199998,58588.0,948.0630496740341,0.9739749141778948,0.8191135231177911,38101.057536,6.449581682078379,279.6786743211975,MD-Experiment-0004_Position(76)
46,2760,saved,saved,reconstructed_from_saved_mask,MD-Experiment-0004_Position(76)_t140.png,249758.22028799998,59547.0,951.234622001648,0.9738972572493989,0.8269789454343566,38101.057536,6.555151915455746,281.958349181824,MD-Experiment-0004_Position(76)
47,2820,saved,saved,reconstructed_from_saved_mask,MD-Experiment-0004_Position(76)_t143.png,258232.81152,61567.5,972.3056906461716,0.9756822287724636,0.8183813579375607,38101.057536,6.777575957727873,286.7020349489195,MD-Experiment-0004_Position(76)
48,2880,saved,saved,reconstructed_from_saved_mask,MD-Experiment-0004_Position(76)_t146.png,263339.37664,62785.0,982.3473219871521,0.9731468206300616,0.8175901140707804,38101.057536,6.911602818141787,289.5229300176219,MD-Experiment-0004_Position(76)
49,2940,saved,saved,reconstructed_from_saved_mask,MD-Experiment-0004_Position(76)_t149.png,268370.444288,63984.5,987.2762537002563,0.977041595406792,0.8249113172537752,38101.057536,7.043648172611184,292.2754960245669,MD-Experiment-0004_Position(76)
50,3000,saved,saved,reconstructed_from_saved_mask,MD-Experiment-0004_Position(76)_t152.png,273346.98598399997,65171.0,1001.6610304117203,0.9749424049307364,0.8162490582407174,38101.057536,7.174262439453984,294.97296146807975,MD-Experiment-0004_Position(76)
51,3060,saved,saved,reconstructed_from_saved_mask,MD-Experiment-0004_Position(76)_t155.png,278755.54099199997,66460.5,1002.0458046197891,0.9788501616430891,0.831760553867093,38101.057536,7.31621532364597,297.8768949184621,MD-Experiment-0004_Position(76)
52,3120,saved,saved,reconstructed_from_saved_mask,MD-Experiment-0004_Position(76)_t158.png,286055.727104,68201.0,1015.1168727874756,0.9784303739356857,0.8317034704054925,38101.057536,7.507815940114487,301.75215978795535,MD-Experiment-0004_Position(76)
53,3180,saved,saved,reconstructed_from_saved_mask,MD-Experiment-0004_Position(76)_t161.png,292519.149568,69742.0,1053.25900888443,0.9734928323166901,0.7900123792233569,38101.057536,7.67745486569793,305.1421590104673,MD-Experiment-0004_Position(76)
54,3240,saved,saved,reconstructed_from_saved_mask,MD-Experiment-0004_Position(76)_t164.png,300444.286976,71631.5,1058.187940120697,0.9786325662096713,0.8038745773360337,38101.057536,7.885457948040511,309.2480990918145,MD-Experiment-0004_Position(76)
55,3300,saved,saved,reconstructed_from_saved_mask,MD-Experiment-0004_Position(76)_t167.png,306754.61734399997,73136.0,1060.2295702695847,0.9779239707435784,0.8176006772245049,38101.057536,8.051078819903125,312.4788430168047,MD-Experiment-0004_Position(76)
56,3360,saved,saved,reconstructed_from_saved_mask,MD-Experiment-0004_Position(76)_t170.png,312492.425216,74504.0,1070.087435722351,0.9785968069246783,0.8176189041214138,38101.057536,8.201673271686483,315.3877427925849,MD-Experiment-0004_Position(76)
57,3420,saved,saved,reconstructed_from_saved_mask,MD-Experiment-0004_Position(76)_t173.png,317315.874816,75654.0,1082.572715997696,0.9806346243583761,0.8111993693011855,38101.057536,8.328269484808454,317.81249188317145,MD-Experiment-0004_Position(76)
58,3480,saved,saved,reconstructed_from_saved_mask,MD-Experiment-0004_Position(76)_t176.png,325033.394176,77494.0,1083.945298910141,0.9830833148330215,0.8288257019035258,38101.057536,8.530823425803609,321.65407304446455,MD-Experiment-0004_Position(76)
59,3540,saved,saved,reconstructed_from_saved_mask,MD-Experiment-0004_Position(76)_t179.png,331513.593856,79039.0,1083.7442897558212,0.9837695878919134,0.8456636369144465,38101.057536,8.700902686041392,324.8446618442156,MD-Experiment-0004_Position(76)
60,3600,saved,saved,reconstructed_from_saved_mask,MD-Experiment-0004_Position(76)_t182.png,338597.773312,80728.0,1101.25900888443,0.9821462245500058,0.8364791279437311,38101.057536,8.886833993835314,328.2971499800564,MD-Experiment-0004_Position(76)
61,3660,saved,saved,reconstructed_from_saved_mask,MD-Experiment-0004_Position(76)_t185.png,348007.69433599996,82971.5,1119.7859181165695,0.9834125469651894,0.8315125380146139,38101.057536,9.133806693086745,332.8277175584623,MD-Experiment-0004_Position(76)
62,3720,saved,saved,reconstructed_from_saved_mask,MD-Experiment-0004_Position(76)_t188.png,353258.96294399997,84223.5,1131.4427734613419,0.9815343557710237,0.8267571570524055,38101.057536,9.27163143989432,335.32942055254944,MD-Experiment-0004_Position(76)
63,3780,saved,saved,reconstructed_from_saved_mask,MD-Experiment-0004_Position(76)_t191.png,359082.754048,85612.0,1141.685416340828,0.9795983751930889,0.8253755502990835,38101.057536,9.424482606781153,338.0822245720425,MD-Experiment-0004_Position(76)
64,3840,saved,saved,reconstructed_from_saved_mask,MD-Experiment-0004_Position(76)_t194.png,364365.47993599996,86871.5,1144.8153562545776,0.9825092175801308,0.8329449354617473,38101.057536,9.563132981065609,340.5600306080125,MD-Experiment-0004_Position(76)
65,3900,saved,saved,reconstructed_from_saved_mask,MD-Experiment-0004_Position(76)_t197.png,371497.893888,88572.0,1153.5432789325714,0.9832756984186015,0.836447195039897,38101.057536,9.750330250990753,343.8770889736727,MD-Experiment-0004_Position(76)
66,3960,saved,saved,reconstructed_from_saved_mask,MD-Experiment-0004_Position(76)_t200.png,379276.23065599997,90426.5,1169.6437845230103,0.9822561373017598,0.8306122865298453,38101.057536,9.954480405107882,347.4584490443836,MD-Experiment-0004_Position(76)
67,4020,saved,saved,reconstructed_from_saved_mask,MD-Experiment-0004_Position(76)_t203.png,388763.746304,92688.5,1176.2712018489838,0.9845657866084564,0.8418230033423284,38101.057536,10.203489652135623,351.7774066628076,MD-Experiment-0004_Position(76)
68,4080,saved,saved,reconstructed_from_saved_mask,MD-Experiment-0004_Position(76)_t206.png,395348.803584,94258.5,1185.928055882454,0.9841557383895757,0.8421970219840721,38101.057536,10.376321003963012,354.7441791935716,MD-Experiment-0004_Position(76)
69,4140,saved,saved,reconstructed_from_saved_mask,MD-Experiment-0004_Position(76)_t209.png,405324.955648,96637.0,1193.9696863889694,0.9836477731351183,0.8518570106757117,38101.057536,10.638154997798326,359.1920663096067,MD-Experiment-0004_Position(76)
70,4200,saved,saved,reconstructed_from_saved_mask,MD-Experiment-0004_Position(76)_t212.png,410490.241024,97868.5,1210.5554723739624,0.9830448037044291,0.8392346479771534,38101.057536,10.773723029502422,361.47351479728945,MD-Experiment-0004_Position(76)
71,4260,saved,saved,reconstructed_from_saved_mask,MD-Experiment-0004_Position(76)_t215.png,418851.58604799997,99862.0,1220.3128309249878,0.983600421562737,0.8426898605001255,38101.057536,10.99317481285777,365.13641380015645,MD-Experiment-0004_Position(76)
72,4320,saved,saved,reconstructed_from_saved_mask,MD-Experiment-0004_Position(76)_t218.png,428733.36627199996,102218.0,1241.9108126163483,0.9815582133408873,0.832830126488684,38101.057536,11.252531924262438,369.41855532882175,MD-Experiment-0004_Position(76)
73,4380,saved,saved,reconstructed_from_saved_mask,MD-Experiment-0004_Position(76)_t221.png,437801.45152,104380.0,1256.5971006155014,0.9814255022072201,0.8306824782473735,38101.057536,11.490532804931748,373.3048756772801,MD-Experiment-0004_Position(76)
74,4440,saved,saved,reconstructed_from_saved_mask,MD-Experiment-0004_Position(76)_t224.png,444654.944256,106014.0,1271.2833936214447,0.9796608603243543,0.8243057649851981,38101.057536,11.670409511228533,376.215449838503,MD-Experiment-0004_Position(76)
75,4500,saved,saved,reconstructed_from_saved_mask,MD-Experiment-0004_Position(76)_t227.png,453758.68108799995,108184.5,1284.555471420288,0.9792978279465745,0.8238899013917756,38101.057536,11.909346103038308,380.04719987394753,MD-Experiment-0004_Position(76)
76,4560,saved,saved,reconstructed_from_saved_mask,MD-Experiment-0004_Position(76)_t230.png,466232.541184,111158.5,1291.467159986496,0.9827772939663061,0.8375019121360907,38101.057536,12.236734918538088,385.2355475802545,MD-Experiment-0004_Position(76)
77,4620,saved,saved,reconstructed_from_saved_mask,MD-Experiment-0004_Position(76)_t233.png,476223.37331199995,113540.5,1318.638732790947,0.9812971837741834,0.820557482156806,38101.057536,12.498954205195947,389.341248465923,MD-Experiment-0004_Position(76)
78,4680,saved,saved,reconstructed_from_saved_mask,MD-Experiment-0004_Position(76)_t236.png,483582.27968,115295.0,1319.7098001241684,0.9821618720663776,0.8318853077817371,38101.057536,12.692095992954645,392.33789060634814,MD-Experiment-0004_Position(76)
79,4740,saved,saved,reconstructed_from_saved_mask,MD-Experiment-0004_Position(76)_t239.png,493701.03807999997,117707.5,1339.4671578407288,0.982062031996329,0.8244225464578314,38101.057536,12.957672831351827,396.4213935196537,MD-Experiment-0004_Position(76)
80,4800,saved,saved,reconstructed_from_saved_mask,MD-Experiment-0004_Position(76)_t242.png,502530.04799999995,119812.5,1339.81030523777,0.9829761050148703,0.8387361591593812,38101.057536,13.189398943196828,399.9503498971027,MD-Experiment-0004_Position(76)
81,4860,saved,saved,reconstructed_from_saved_mask,MD-Experiment-0004_Position(76)_t245.png,509867.98284799996,121562.0,1362.88137280941,0.9800541778193428,0.8224160722269316,38101.057536,13.381990312637603,402.85980140627805,MD-Experiment-0004_Position(76)
82,4920,saved,saved,reconstructed_from_saved_mask,MD-Experiment-0004_Position(76)_t248.png,521895.149568,124429.5,1368.9818770885468,0.9835702089986404,0.834329927887676,38101.057536,13.697655217965654,407.58359346134444,MD-Experiment-0004_Position(76)
0,0,saved,saved,reconstructed_from_saved_mask,MD-Experiment-0004_Position(77)_t002.png,53118.763007999994,12664.5,440.7178170681,0.9711667497411909,0.8193636551059518,53118.763007999994,1.0,130.03164002388124,MD-Experiment-0004_Position(77)
1,60,2,0.5,auto,MD-Experiment-0004_Position(77)_t005.png,94195.679232,22458.0,588.8427069187164,0.9705901419711735,0.8139211624241476,53118.763007999994,1.7733033282008765,173.15720006786543,MD-Experiment-0004_Position(77)
2,120,saved,saved,reconstructed_from_saved_mask,MD-Experiment-0004_Position(77)_t008.png,100136.910848,23874.5,602.3990566730499,0.977581688641389,0.8267526255451088,53118.763007999994,1.885151407477595,178.53450281338695,MD-Experiment-0004_Position(77)
3,180,saved,saved,reconstructed_from_saved_mask,MD-Experiment-0004_Position(77)_t011.png,118535.22534399999,28261.0,662.4406856298447,0.9763521099998272,0.8092885446916526,53118.763007999994,2.2315132851671997,194.24452138482212,MD-Experiment-0004_Position(77)
4,240,saved,saved,reconstructed_from_saved_mask,MD-Experiment-0004_Position(77)_t014.png,139741.626368,33317.0,716.0386657714844,0.9776258454496105,0.8165876427514462,53118.763007999994,2.6307394685933123,210.90552668039754,MD-Experiment-0004_Position(77)
5,300,saved,saved,reconstructed_from_saved_mask,MD-Experiment-0004_Position(77)_t017.png,161468.12108799999,38497.0,770.5239473581314,0.9740157878757211,0.8148252328238221,53118.763007999994,3.0397568005053497,226.7088424517928,MD-Experiment-0004_Position(77)
6,360,saved,saved,reconstructed_from_saved_mask,MD-Experiment-0004_Position(77)_t020.png,175177.203712,41765.5,797.9381600618362,0.9766851797719965,0.824307173021329,53118.763007999994,3.2978404200718545,236.13690049537246,MD-Experiment-0004_Position(77)
7,420,saved,saved,reconstructed_from_saved_mask,MD-Experiment-0004_Position(77)_t023.png,191184.764928,45582.0,833.979789853096,0.980479463104572,0.8235542033307581,53118.763007999994,3.599194599076158,246.69009052717632,MD-Experiment-0004_Position(77)
8,480,saved,saved,reconstructed_from_saved_mask,MD-Experiment-0004_Position(77)_t026.png,209148.96896,49865.0,867.0336154699326,0.9787526375190146,0.833554146087075,53118.763007999994,3.937384026215011,258.019736658099,MD-Experiment-0004_Position(77)
9,540,saved,saved,reconstructed_from_saved_mask,MD-Experiment-0004_Position(77)_t029.png,225926.18495999998,53865.0,918.0041750669479,0.9723187450923761,0.8032065020231164,53118.763007999994,4.253227525760986,268.16886139251073,MD-Experiment-0004_Position(77)
10,600,saved,saved,reconstructed_from_saved_mask,MD-Experiment-0004_Position(77)_t032.png,237821.23110399998,56701.0,941.6610299348831,0.9728148510349915,0.8035471901767102,53118.763007999994,4.477160566939082,275.1378727198479,MD-Experiment-0004_Position(77)
11,660,saved,saved,reconstructed_from_saved_mask,MD-Experiment-0004_Position(77)_t035.png,262752.17407999997,62645.0,980.2884460687637,0.9753913943838507,0.8191972951575375,53118.763007999994,4.946504007264401,289.19995613061275,MD-Experiment-0004_Position(77)
12,720,saved,saved,reconstructed_from_saved_mask,MD-Experiment-0004_Position(77)_t038.png,277298.02035199996,66113.0,1044.087433218956,0.9694201485369913,0.7621193553234876,53118.763007999994,5.22034032137076,297.09712435033026,MD-Experiment-0004_Position(77)
13,780,saved,saved,reconstructed_from_saved_mask,MD-Experiment-0004_Position(77)_t041.png,288956.08832,68892.5,1034.1879403591156,0.9731884928062381,0.809436661039273,53118.763007999994,5.43981207311777,303.2780565508368,MD-Experiment-0004_Position(77)
14,840,saved,saved,reconstructed_from_saved_mask,MD-Experiment-0004_Position(77)_t044.png,300018.56512,71530.0,1035.4600182771683,0.9819884132780539,0.8383616821131115,53118.763007999994,5.648071380630897,309.02892310651345,MD-Experiment-0004_Position(77)
15,900,saved,saved,reconstructed_from_saved_mask,MD-Experiment-0004_Position(77)_t047.png,311515.15238399996,74271.0,1054.4305832386017,0.9833636754824402,0.8394467413267757,53118.763007999994,5.864503138694777,314.8941928646466,MD-Experiment-0004_Position(77)
16,960,saved,saved,reconstructed_from_saved_mask,MD-Experiment-0004_Position(77)_t050.png,318221.84447999997,75870.0,1075.2590075731277,0.9800426273977911,0.8246198206322198,53118.763007999994,5.99076157763828,318.26586228752956,MD-Experiment-0004_Position(77)
17,1020,saved,saved,reconstructed_from_saved_mask,MD-Experiment-0004_Position(77)_t053.png,328013.447168,78204.5,1087.9869307279587,0.9829872545815631,0.8302220252299571,53118.763007999994,6.1750957400608,323.1252435740651,MD-Experiment-0004_Position(77)
18,1080,saved,saved,reconstructed_from_saved_mask,MD-Experiment-0004_Position(77)_t056.png,338356.60083199997,80670.5,1099.3006399869919,0.9838765740768973,0.8388641818982129,53118.763007999994,6.369813257530893,328.18021131745314,MD-Experiment-0004_Position(77)
19,1140,saved,saved,reconstructed_from_saved_mask,MD-Experiment-0004_Position(77)_t059.png,346252.378112,82553.0,1115.8864251375198,0.9843910233478811,0.8331107444974649,53118.763007999994,6.518457104504718,331.9872814848448,MD-Experiment-0004_Position(77)
20,1200,saved,saved,reconstructed_from_saved_mask,MD-Experiment-0004_Position(77)_t062.png,351790.95654399996,83873.5,1126.7564833164215,0.9817631669817339,0.8301842675170472,53118.763007999994,6.622724939792333,334.631946081075,MD-Experiment-0004_Position(77)
21,1260,saved,saved,reconstructed_from_saved_mask,MD-Experiment-0004_Position(77)_t065.png,361154.740224,86106.0,1136.8569849729538,0.9829508159293147,0.8372046076860538,53118.763007999994,6.799005092976431,339.05622580250304,MD-Experiment-0004_Position(77)
22,1320,saved,saved,reconstructed_from_saved_mask,MD-Experiment-0004_Position(77)_t068.png,366099.82464,87285.0,1161.342267036438,0.977041730097609,0.8132592569157541,53118.763007999994,6.892099964467607,341.36958492675376,MD-Experiment-0004_Position(77)
23,1380,saved,saved,reconstructed_from_saved_mask,MD-Experiment-0004_Position(77)_t071.png,387599.826944,92411.0,1174.7981110811234,0.9816754482875839,0.8414088095380305,53118.763007999994,7.296853409135774,351.2504189312827,MD-Experiment-0004_Position(77)
24,1440,saved,saved,reconstructed_from_saved_mask,MD-Experiment-0004_Position(77)_t074.png,398144.3072,94925.0,1271.5676637887955,0.9639845031303473,0.7377539092698213,53118.763007999994,7.495361048600419,355.9961644590517,MD-Experiment-0004_Position(77)
25,1500,saved,saved,reconstructed_from_saved_mask,MD-Experiment-0004_Position(77)_t077.png,401793.35167999996,95795.0,1208.1118196249008,0.9815413462572941,0.8247806038418475,53118.763007999994,7.564057009751668,357.6238191768895,MD-Experiment-0004_Position(77)
26,1560,saved,saved,reconstructed_from_saved_mask,MD-Experiment-0004_Position(77)_t080.png,409129.18937599997,97544.0,1213.1412584781647,0.9822716996712133,0.8328900588078284,53118.763007999994,7.7021595799281455,360.8737531391568,MD-Experiment-0004_Position(77)
27,1620,saved,saved,reconstructed_from_saved_mask,MD-Experiment-0004_Position(77)_t083.png,416639.09068799997,99334.5,1224.2123264074326,0.9812704669047372,0.8329069348345377,53118.763007999994,7.8435390264124125,364.17075876107253,MD-Experiment-0004_Position(77)
28,1680,saved,saved,reconstructed_from_saved_mask,MD-Experiment-0004_Position(77)_t086.png,421680.644096,100536.5,1234.8986179828644,0.9805186572258958,0.8284589933548789,53118.763007999994,7.938449998025979,366.36746284039106,MD-Experiment-0004_Position(77)
29,1740,saved,saved,reconstructed_from_saved_mask,MD-Experiment-0004_Position(77)_t089.png,430400.602112,102615.5,1262.3544598817825,0.9760123647604327,0.8092080456611703,53118.763007999994,8.102609656915,370.1361461296447,MD-Experiment-0004_Position(77)
30,1800,saved,saved,reconstructed_from_saved_mask,MD-Experiment-0004_Position(77)_t092.png,439642.750976,104819.0,1262.1118203401566,0.9783139277130923,0.8269023150771776,53118.763007999994,8.276599944727389,374.0890723139333,MD-Experiment-0004_Position(77)
31,1860,saved,saved,reconstructed_from_saved_mask,MD-Experiment-0004_Position(77)_t095.png,447291.06432,106642.5,1280.4965952634811,0.9758915416784868,0.8173034375051781,53118.763007999994,8.42058510008291,377.32899143151695,MD-Experiment-0004_Position(77)
32,1920,saved,saved,reconstructed_from_saved_mask,MD-Experiment-0004_Position(77)_t098.png,454853.394432,108445.5,1309.8103053569794,0.9712247612138798,0.7943366360679034,53118.763007999994,8.562951557503258,380.5053642354609,MD-Experiment-0004_Position(77)
33,1980,saved,saved,reconstructed_from_saved_mask,MD-Experiment-0004_Position(77)_t101.png,470774.972416,112241.5,1326.3544619083405,0.9719688080465195,0.8017595111306193,53118.763007999994,8.862687038572387,387.10764379938837,MD-Experiment-0004_Position(77)
34,2040,saved,saved,reconstructed_from_saved_mask,MD-Experiment-0004_Position(77)_t104.png,479132.12313599995,114234.0,1349.0823812484741,0.9692593566780081,0.788729904349182,53118.763007999994,9.020016581783727,390.52847730020676,MD-Experiment-0004_Position(77)
35,2100,saved,saved,reconstructed_from_saved_mask,MD-Experiment-0004_Position(77)_t107.png,487636.07449599996,116261.5,1352.4965959787369,0.9664739451928392,0.7986811313779013,53118.763007999994,9.180109755616092,393.978912344217,MD-Experiment-0004_Position(77)
36,2160,saved,saved,reconstructed_from_saved_mask,MD-Experiment-0004_Position(77)_t110.png,498641.92819199996,118885.5,1374.295585155487,0.9689317223252307,0.7910035816229231,53118.763007999994,9.387303091318252,398.40011974052095,MD-Experiment-0004_Position(77)
37,2220,saved,saved,reconstructed_from_saved_mask,MD-Experiment-0004_Position(77)_t113.png,514209.087488,122597.0,1394.5382249355316,0.9667427620658521,0.7921890972796264,53118.763007999994,9.680366378459475,404.57117558345175,MD-Experiment-0004_Position(77)
38,2280,saved,saved,reconstructed_from_saved_mask,MD-Experiment-0004_Position(77)_t116.png,524984.254464,125166.0,1400.3372153043747,0.9697603607372801,0.8021045427087791,53118.763007999994,9.883216866042877,408.7880603524497,MD-Experiment-0004_Position(77)
39,2340,saved,saved,reconstructed_from_saved_mask,MD-Experiment-0004_Position(77)_t119.png,532571.7504,126975.0,1406.822498679161,0.9705342811281816,0.8062124029844766,53118.763007999994,10.026057088712545,411.73153055665557,MD-Experiment-0004_Position(77)
40,2400,saved,saved,reconstructed_from_saved_mask,MD-Experiment-0004_Position(77)_t122.png,540891.152384,128958.5,1435.4082840681076,0.9661802993125925,0.7865184964414357,53118.763007999994,10.182675984049904,414.9349360480152,MD-Experiment-0004_Position(77)
41,2460,saved,saved,reconstructed_from_saved_mask,MD-Experiment-0004_Position(77)_t125.png,548726.1122559999,130826.5,1438.035700559616,0.9676015295066084,0.7949983934269936,53118.763007999994,10.330174898337873,417.9293556790206,MD-Experiment-0004_Position(77)
42,2520,saved,saved,reconstructed_from_saved_mask,MD-Experiment-0004_Position(77)_t128.png,555376.181248,132412.0,1450.9646331071854,0.9654961208656595,0.7903574582317999,53118.763007999994,10.45536736547041,420.454193750329,MD-Experiment-0004_Position(77)
43,2580,saved,saved,reconstructed_from_saved_mask,MD-Experiment-0004_Position(77)_t131.png,564765.130752,134650.5,1461.8935641050339,0.9643137212774872,0.7917468171054874,53118.763007999994,10.632121283903826,423.99330712906635,MD-Experiment-0004_Position(77)
44,2640,saved,saved,reconstructed_from_saved_mask,MD-Experiment-0004_Position(77)_t134.png,573046.784,136625.0,1473.7930599451065,0.965858279517442,0.7904365696970268,53118.763007999994,10.788029531367208,427.09068895613643,MD-Experiment-0004_Position(77)
45,2700,saved,saved,reconstructed_from_saved_mask,MD-Experiment-0004_Position(77)_t137.png,593366.089728,141469.5,1528.6631170511246,0.9587447562636812,0.7607625196715841,53118.763007999994,11.170555489754827,434.59670096152433,MD-Experiment-0004_Position(77)
46,2760,saved,saved,reconstructed_from_saved_mask,MD-Experiment-0004_Position(77)_t140.png,602901.8398719999,143743.0,1522.0773311853409,0.9637059062126022,0.7796920980486518,53118.763007999994,11.35007303880927,438.07489773970644,MD-Experiment-0004_Position(77)
47,2820,saved,saved,reconstructed_from_saved_mask,MD-Experiment-0004_Position(77)_t143.png,611357.556736,145759.0,1537.7341842651367,0.9645504116043304,0.7746092988546305,53118.763007999994,11.509258162580442,441.13620833279657,MD-Experiment-0004_Position(77)
48,2880,saved,saved,reconstructed_from_saved_mask,MD-Experiment-0004_Position(77)_t146.png,625473.486848,149124.5,1527.4915443658829,0.9702972551800871,0.8031584536770956,53118.763007999994,11.775000987010937,446.19994891255374,MD-Experiment-0004_Position(77)
49,2940,saved,saved,reconstructed_from_saved_mask,MD-Experiment-0004_Position(77)_t149.png,636756.164608,151814.5,1538.8052513599396,0.970721289567661,0.8056674132851983,53118.763007999994,11.987405740455605,450.20637743505984,MD-Experiment-0004_Position(77)
50,3000,saved,saved,reconstructed_from_saved_mask,MD-Experiment-0004_Position(77)_t152.png,647894.13888,154470.0,1565.8763184547424,0.9702767553171443,0.7916607224965698,53118.763007999994,12.19708634371669,454.12675499912785,MD-Experiment-0004_Position(77)
51,3060,saved,saved,reconstructed_from_saved_mask,MD-Experiment-0004_Position(77)_t155.png,665057.2308479999,158562.0,1584.9890162944794,0.9739770329579204,0.7931520757504336,53118.763007999994,12.52019424375222,460.1024792988339,MD-Experiment-0004_Position(77)
52,3120,saved,saved,reconstructed_from_saved_mask,MD-Experiment-0004_Position(77)_t158.png,676560.109568,161304.5,1575.3737922906876,0.9756340234556925,0.8167499464537453,53118.763007999994,12.73674444312843,464.06440444520524,MD-Experiment-0004_Position(77)
53,3180,saved,saved,reconstructed_from_saved_mask,MD-Experiment-0004_Position(77)_t161.png,688224.468992,164085.5,1588.4032304286957,0.9765511782437785,0.8172568050485275,53118.763007999994,12.95633463618777,468.0477031176879,MD-Experiment-0004_Position(77)
54,3240,saved,saved,reconstructed_from_saved_mask,MD-Experiment-0004_Position(77)_t164.png,697349.177344,166261.0,1603.1311547756195,0.9781526052437277,0.8129468339533891,53118.763007999994,13.128114019503338,471.14025222934276,MD-Experiment-0004_Position(77)
55,3300,saved,saved,reconstructed_from_saved_mask,MD-Experiment-0004_Position(77)_t167.png,710202.621952,169325.5,1612.2022216320038,0.9782342440191111,0.8186404506045354,53118.763007999994,13.370089620592998,475.462423079859,MD-Experiment-0004_Position(77)
56,3360,saved,saved,reconstructed_from_saved_mask,MD-Experiment-0004_Position(77)_t170.png,720088.59648,171682.5,1631.8590745925903,0.9757958633860214,0.8101596158025384,53118.763007999994,13.556200402700462,478.7601896438282,MD-Experiment-0004_Position(77)
57,3420,saved,saved,reconstructed_from_saved_mask,MD-Experiment-0004_Position(77)_t173.png,730695.991296,174211.5,1640.6042441129684,0.9764890194275977,0.813352906144403,53118.763007999994,13.755892455288405,482.2735300888717,MD-Experiment-0004_Position(77)
58,3480,saved,saved,reconstructed_from_saved_mask,MD-Experiment-0004_Position(77)_t176.png,741456.478208,176777.0,1653.2732899188995,0.9765120505554359,0.8127300629771752,53118.763007999994,13.958466579809706,485.8116169757808,MD-Experiment-0004_Position(77)
59,3540,saved,saved,reconstructed_from_saved_mask,MD-Experiment-0004_Position(77)_t179.png,753498.324992,179648.0,1656.302727818489,0.9780407934386425,0.8229109029028893,53118.763007999994,14.185163251608829,489.7407131001878,MD-Experiment-0004_Position(77)
60,3600,saved,saved,reconstructed_from_saved_mask,MD-Experiment-0004_Position(77)_t182.png,765703.749632,182558.0,1669.9595799446106,0.9776471092260566,0.8226191478047525,53118.763007999994,14.414939397528526,493.6912733640971,MD-Experiment-0004_Position(77)
61,3660,saved,saved,reconstructed_from_saved_mask,MD-Experiment-0004_Position(77)_t185.png,776548.122624,185143.5,1689.4326689243317,0.9776554455445544,0.8151481693613367,53118.763007999994,14.619092739547554,497.1749636985774,MD-Experiment-0004_Position(77)
62,3720,saved,saved,reconstructed_from_saved_mask,MD-Experiment-0004_Position(77)_t188.png,793621.037056,189214.0,1699.959581375122,0.9768455180460405,0.8227841930174473,53118.763007999994,14.940502980773028,502.610606710958,MD-Experiment-0004_Position(77)
63,3780,saved,saved,reconstructed_from_saved_mask,MD-Experiment-0004_Position(77)_t191.png,803209.216,191500.0,1722.0428417921066,0.9763857411991445,0.8115041379011809,53118.763007999994,15.121007540763554,505.637651017734,MD-Experiment-0004_Position(77)
64,3840,saved,saved,reconstructed_from_saved_mask,MD-Experiment-0004_Position(77)_t194.png,815007.7931519999,194313.0,1733.4154220819473,0.9788747471745257,0.8126553684062314,53118.763007999994,15.34312448181926,509.33784257319377,MD-Experiment-0004_Position(77)
65,3900,saved,saved,reconstructed_from_saved_mask,MD-Experiment-0004_Position(77)_t197.png,827750.088704,197351.0,1741.9007054567337,0.9783412651199682,0.8173393447024897,53118.763007999994,15.583007619724428,513.3040390684579,MD-Experiment-0004_Position(77)
66,3960,saved,saved,reconstructed_from_saved_mask,MD-Experiment-0004_Position(77)_t200.png,839519.305728,200157.0,1771.013402581215,0.9774006885269917,0.8019309063031106,53118.763007999994,15.80457183465593,516.9403202066701,MD-Experiment-0004_Position(77)
67,4020,saved,saved,reconstructed_from_saved_mask,MD-Experiment-0004_Position(77)_t203.png,856353.1448319999,204170.5,1777.398178577423,0.97750737904471,0.8121446632021089,53118.763007999994,16.12148130601287,522.0973779522409,MD-Experiment-0004_Position(77)
68,4080,saved,saved,reconstructed_from_saved_mask,MD-Experiment-0004_Position(77)_t206.png,867684.057088,206872.0,1813.9839634895325,0.9740171994510112,0.7900320142480338,53118.763007999994,16.334794109518736,525.5401159332854,MD-Experiment-0004_Position(77)
69,4140,saved,saved,reconstructed_from_saved_mask,MD-Experiment-0004_Position(77)_t209.png,878354.366464,209416.0,1874.4103691577911,0.9752231222917389,0.7490147459993444,53118.763007999994,16.535670575229975,528.7616461300795,MD-Experiment-0004_Position(77)
70,4200,saved,saved,reconstructed_from_saved_mask,MD-Experiment-0004_Position(77)_t212.png,893571.3013759999,213044.0,1859.238797545433,0.9759744558233714,0.7744775348701299,53118.763007999994,16.822140629318174,533.3222095863778,MD-Experiment-0004_Position(77)
71,4260,2,0.7,auto,MD-Experiment-0004_Position(77)_t215.png,926314.1355519999,220850.5,1843.1971707344055,0.9788539656016825,0.8168920332662409,53118.763007999994,17.438548699119586,543.0054760847202,MD-Experiment-0004_Position(77)
73,4380,saved,saved,reconstructed_from_saved_mask,MD-Experiment-0004_Position(77)_t221.png,928662.9457919999,221410.5,1886.5108777284622,0.9759334069436087,0.7817888088037097,53118.763007999994,17.482766789056022,543.6934766742703,MD-Experiment-0004_Position(77)
74,4440,saved,saved,reconstructed_from_saved_mask,MD-Experiment-0004_Position(77)_t224.png,943114.420224,224856.0,1980.4103699922562,0.9743980863566241,0.7204501915680627,53118.763007999994,17.754826483477437,547.9075138741877,MD-Experiment-0004_Position(77)
75,4500,saved,saved,reconstructed_from_saved_mask,MD-Experiment-0004_Position(77)_t227.png,955827.3556479999,227887.0,1946.954526424408,0.9772253621386118,0.7554710018316753,53118.763007999994,17.9941568952584,551.587977377742,MD-Experiment-0004_Position(77)
76,4560,saved,saved,reconstructed_from_saved_mask,MD-Experiment-0004_Position(77)_t230.png,971694.40768,231670.0,1914.2682349681854,0.9783609381994476,0.7944637339117908,53118.763007999994,18.292865884954008,556.1474052030151,MD-Experiment-0004_Position(77)
77,4620,saved,saved,reconstructed_from_saved_mask,MD-Experiment-0004_Position(77)_t233.png,983969.0383359999,234596.5,1948.8540227413177,0.9766267989392658,0.7761984528603315,53118.763007999994,18.52394488530933,559.6490620032398,MD-Experiment-0004_Position(77)
78,4680,saved,saved,reconstructed_from_saved_mask,MD-Experiment-0004_Position(77)_t236.png,1003443.191808,239239.5,1928.996156334877,0.979714815740009,0.807941703258977,53118.763007999994,18.89056022740732,565.1600553615799,MD-Experiment-0004_Position(77)
79,4740,saved,saved,reconstructed_from_saved_mask,MD-Experiment-0004_Position(77)_t239.png,1015967.3835519999,242225.5,1949.6824507713318,0.981208314682751,0.8007592421756015,53118.763007999994,19.12633739981839,568.6760608860556,MD-Experiment-0004_Position(77)
80,4800,2,0.7,auto,MD-Experiment-0004_Position(77)_t242.png,1048525.668352,249988.0,2003.5230695009232,0.975570541038369,0.7826008785846813,53118.763007999994,19.7392711911248,577.7162678633069,MD-Experiment-0004_Position(77)
81,4860,2,0.7,auto_rest,MD-Experiment-0004_Position(77)_t245.png,1060559.126528,252857.0,1992.20936191082,0.9781626447764428,0.8005987206025689,53118.763007999994,19.96580994117415,581.0219056595957,MD-Experiment-0004_Position(77)
82,4920,2,0.7,auto_rest,MD-Experiment-0004_Position(77)_t248.png,1076866.58048,256745.0,2023.4641947746277,0.9774692286313641,0.7879901899174968,53118.763007999994,20.27280982273284,585.4718427624993,MD-Experiment-0004_Position(77)
0,0,saved,saved,reconstructed_from_saved_mask,MD-Experiment-0004_Position(78)_t002.png,151567.46649599998,36136.5,796.2813055515289,0.964591730507434,0.7161811910785014,151567.46649599998,1.0,219.64840770992916,MD-Experiment-0004_Position(78)
1,60,saved,saved,reconstructed_from_saved_mask,MD-Experiment-0004_Position(78)_t005.png,211470.516224,50418.5,913.6782751083374,0.9694001153624303,0.7589500389337835,151567.46649599998,1.395223665822645,259.4477904135799,MD-Experiment-0004_Position(78)
2,120,saved,saved,reconstructed_from_saved_mask,MD-Experiment-0004_Position(78)_t008.png,261105.90975999998,62252.5,1005.1341183185577,0.9661511480829071,0.7743167091225779,151567.46649599998,1.7227041910533671,288.29254658700546,MD-Experiment-0004_Position(78)
3,180,saved,saved,reconstructed_from_saved_mask,MD-Experiment-0004_Position(78)_t011.png,297975.939072,71043.0,1079.1757485866547,0.9692616240995415,0.7665611447468311,151567.46649599998,1.9659623925947451,307.9751406388452,MD-Experiment-0004_Position(78)
4,240,saved,saved,reconstructed_from_saved_mask,MD-Experiment-0004_Position(78)_t014.png,338100.748288,80609.5,1141.016367673874,0.9711227433996132,0.7780586632233563,151567.46649599998,2.230694726938138,328.0561090822845,MD-Experiment-0004_Position(78)
5,300,saved,saved,reconstructed_from_saved_mask,MD-Experiment-0004_Position(78)_t017.png,369451.073536,88084.0,1197.4011422395706,0.9692128254219757,0.772018230767372,151567.46649599998,2.437535455841047,342.9284607140729,MD-Experiment-0004_Position(78)
6,360,saved,saved,reconstructed_from_saved_mask,MD-Experiment-0004_Position(78)_t020.png,397041.205248,94662.0,1237.1412576436996,0.9740091369304853,0.7772253532436253,151567.46649599998,2.6195674733302896,355.5026594172904,MD-Experiment-0004_Position(78)
7,420,saved,saved,reconstructed_from_saved_mask,MD-Experiment-0004_Position(78)_t023.png,428217.46687999996,102095.0,1349.4255275726318,0.9714959963079441,0.7045575843079529,151567.46649599998,2.8252597788939164,369.19622579934907,MD-Experiment-0004_Position(78)
8,480,saved,saved,reconstructed_from_saved_mask,MD-Experiment-0004_Position(78)_t026.png,464290.57843199995,110695.5,1343.1828879117966,0.977206417867626,0.7710268991720469,151567.46649599998,3.0632601386409863,384.4324143160879,MD-Experiment-0004_Position(78)
9,540,saved,saved,reconstructed_from_saved_mask,MD-Experiment-0004_Position(78)_t029.png,489915.67871999997,116805.0,1380.8224959373474,0.976234553713586,0.7698313449462021,151567.46649599998,3.2323274251795278,394.898726172949,MD-Experiment-0004_Position(78)
10,600,saved,saved,reconstructed_from_saved_mask,MD-Experiment-0004_Position(78)_t032.png,517023.46547199995,123268.0,1408.195079088211,0.9758121014696395,0.7811502372670353,151567.46649599998,3.4111770647406363,405.6768177364111,MD-Experiment-0004_Position(78)
11,660,saved,saved,reconstructed_from_saved_mask,MD-Experiment-0004_Position(78)_t035.png,578436.46464,137910.0,1460.7636234760284,0.979599664729866,0.8121677341046712,151567.46649599998,3.816362957120917,429.0944479064168,MD-Experiment-0004_Position(78)
12,720,saved,saved,reconstructed_from_saved_mask,MD-Experiment-0004_Position(78)_t038.png,602402.717696,143624.0,1489.592048883438,0.9792890431367469,0.813396297019117,151567.46649599998,3.974485630871834,437.89352644977515,MD-Experiment-0004_Position(78)
13,780,saved,saved,reconstructed_from_saved_mask,MD-Experiment-0004_Position(78)_t041.png,624454.270976,148881.5,1515.6336812973022,0.9791711197413983,0.8144456424518022,151567.46649599998,4.119975647890637,445.8362568492524,MD-Experiment-0004_Position(78)
14,840,saved,saved,reconstructed_from_saved_mask,MD-Experiment-0004_Position(78)_t044.png,642384.920576,153156.5,1540.1189604997635,0.9767914257743366,0.8114032858403752,151567.46649599998,4.238277088262561,452.1918519331479,MD-Experiment-0004_Position(78)
15,900,saved,saved,reconstructed_from_saved_mask,MD-Experiment-0004_Position(78)_t047.png,663119.4624,158100.0,1579.4742980003357,0.9760102724926846,0.7963731468124635,151567.46649599998,4.375077829894982,459.43169307613124,MD-Experiment-0004_Position(78)
16,960,saved,saved,reconstructed_from_saved_mask,MD-Experiment-0004_Position(78)_t050.png,674150.4819199999,160730.0,1588.2194656133652,0.9764765920219681,0.80072940934263,151567.46649599998,4.44785742946882,463.2372644452331,MD-Experiment-0004_Position(78)
17,1020,saved,saved,reconstructed_from_saved_mask,MD-Experiment-0004_Position(78)_t053.png,695266.7054079999,165764.5,1623.2905333042145,0.9748071873612528,0.7905127521249082,151567.46649599998,4.587176400592199,470.43625058641004,MD-Experiment-0004_Position(78)
18,1080,saved,saved,reconstructed_from_saved_mask,MD-Experiment-0004_Position(78)_t056.png,710586.4007679999,169417.0,1652.7880061864853,0.9708877516518909,0.7793500109277244,151567.46649599998,4.688251490874878,475.5908707620569,MD-Experiment-0004_Position(78)
19,1140,saved,saved,reconstructed_from_saved_mask,MD-Experiment-0004_Position(78)_t059.png,722437.40672,172242.5,1648.6875027418137,0.9751958261499744,0.7962940901309541,151567.46649599998,4.766441132926543,479.54037234413966,MD-Experiment-0004_Position(78)
20,1200,saved,saved,reconstructed_from_saved_mask,MD-Experiment-0004_Position(78)_t062.png,735414.5832959999,175336.5,1682.0012103319168,0.9727271466415167,0.778806538797369,151567.46649599998,4.852060935619111,483.8282053651374,MD-Experiment-0004_Position(78)
21,1260,saved,saved,reconstructed_from_saved_mask,MD-Experiment-0004_Position(78)_t065.png,750268.7109119999,178878.0,1683.7585715055466,0.9720283330299333,0.7928794379985288,151567.46649599998,4.950064339379852,488.69003261541775,MD-Experiment-0004_Position(78)
22,1320,saved,saved,reconstructed_from_saved_mask,MD-Experiment-0004_Position(78)_t068.png,758638.444544,180873.5,1691.0306502580643,0.975167066980448,0.7948439040888908,151567.46649599998,5.005285514645857,491.4082996220644,MD-Experiment-0004_Position(78)
23,1380,saved,saved,reconstructed_from_saved_mask,MD-Experiment-0004_Position(78)_t071.png,777105.9650559999,185276.5,1716.4864889383316,0.9750291414392582,0.7902225586923469,151567.46649599998,5.127129080016051,497.3535073664608,MD-Experiment-0004_Position(78)
24,1440,saved,saved,reconstructed_from_saved_mask,MD-Experiment-0004_Position(78)_t074.png,798620.647424,190406.0,1730.9301398992538,0.9754630613922964,0.7986038752254734,151567.46649599998,5.269076972036584,504.19128055288564,MD-Experiment-0004_Position(78)
25,1500,saved,saved,reconstructed_from_saved_mask,MD-Experiment-0004_Position(78)_t077.png,810815.586304,193313.5,1749.7169406414032,0.9730798368078365,0.7934808587178509,151567.46649599998,5.349535787915267,508.026197151751,MD-Experiment-0004_Position(78)
26,1560,saved,saved,reconstructed_from_saved_mask,MD-Experiment-0004_Position(78)_t080.png,823018.9137919999,196223.0,1762.871265888214,0.9760493041116605,0.7934481963892269,151567.46649599998,5.430049949497046,511.83498979284184,MD-Experiment-0004_Position(78)
27,1620,saved,saved,reconstructed_from_saved_mask,MD-Experiment-0004_Position(78)_t083.png,837409.570816,199654.0,1799.9839631319046,0.9699970120901037,0.7743737238103293,151567.46649599998,5.524995503161624,516.2903690518136,MD-Experiment-0004_Position(78)
28,1680,saved,saved,reconstructed_from_saved_mask,MD-Experiment-0004_Position(78)_t086.png,850751.65184,202835.0,1789.3565477132797,0.9769083872956396,0.7960841674595948,151567.46649599998,5.613022843938954,520.3870304570073,MD-Experiment-0004_Position(78)
29,1740,saved,saved,reconstructed_from_saved_mask,MD-Experiment-0004_Position(78)_t089.png,862657.1837439999,205673.5,1810.9717717170715,0.9756876827871166,0.7880700829273102,151567.46649599998,5.691572233060756,524.0155627204043,MD-Experiment-0004_Position(78)
30,1800,saved,saved,reconstructed_from_saved_mask,MD-Experiment-0004_Position(78)_t092.png,875399.479296,208711.5,1813.4570521116257,0.9759691934318601,0.797520203813402,151567.46649599998,5.775642356066582,527.8714887357144,MD-Experiment-0004_Position(78)
31,1860,saved,saved,reconstructed_from_saved_mask,MD-Experiment-0004_Position(78)_t095.png,888317.935616,211791.5,1815.9423369169235,0.9769228462899198,0.8070757204153887,151567.46649599998,5.860874738837464,531.752180043438,MD-Experiment-0004_Position(78)
32,1920,saved,saved,reconstructed_from_saved_mask,MD-Experiment-0004_Position(78)_t098.png,907687.2314879999,216409.5,1844.7707606554031,0.9788940882187307,0.7991004452355372,151567.46649599998,5.98866796729069,537.5182037339994,MD-Experiment-0004_Position(78)
33,1980,saved,saved,reconstructed_from_saved_mask,MD-Experiment-0004_Position(78)_t101.png,920769.265664,219528.5,1862.7118866443634,0.977611375336219,0.7950773875272322,151567.46649599998,6.074979591271983,541.3778349314279,MD-Experiment-0004_Position(78)
34,2040,saved,saved,reconstructed_from_saved_mask,MD-Experiment-0004_Position(78)_t104.png,934671.2862719999,222843.0,1885.09665954113,0.9759732666459363,0.7880279343343536,151567.46649599998,6.166701257731104,545.4494575599994,MD-Experiment-0004_Position(78)
35,2100,saved,saved,reconstructed_from_saved_mask,MD-Experiment-0004_Position(78)_t107.png,945706.5000959999,225474.0,1968.8956513404846,0.9725770656705409,0.7309050019066066,151567.46649599998,6.23950853015649,548.65993876793,MD-Experiment-0004_Position(78)
36,2160,saved,saved,reconstructed_from_saved_mask,MD-Experiment-0004_Position(78)_t110.png,959759.515648,228824.5,1914.2509899139404,0.9741358024691358,0.7847198262834844,151567.46649599998,6.332226419271374,552.7213965369216,MD-Experiment-0004_Position(78)
37,2220,saved,saved,reconstructed_from_saved_mask,MD-Experiment-0004_Position(78)_t113.png,983916.609536,234584.0,1998.2926197052002,0.9577437187160622,0.7382272677293749,151567.46649599998,6.49160820776777,559.6341519204715,MD-Experiment-0004_Position(78)
38,2280,saved,saved,reconstructed_from_saved_mask,MD-Experiment-0004_Position(78)_t116.png,992668.0248319999,236670.5,1997.4225627183914,0.9635812886401713,0.7454423971194967,151567.46649599998,6.549347612524733,562.1174663738552,MD-Experiment-0004_Position(78)
39,2340,saved,saved,reconstructed_from_saved_mask,MD-Experiment-0004_Position(78)_t119.png,1010659.4918399999,240960.0,2010.978914141655,0.9608211001034749,0.7487550849286814,151567.46649599998,6.668050309244117,567.1885998661804,MD-Experiment-0004_Position(78)
40,2400,saved,saved,reconstructed_from_saved_mask,MD-Experiment-0004_Position(78)_t122.png,1025979.1871999999,244612.5,2051.422561764717,0.9585129310344828,0.7304294162557028,151567.46649599998,6.769125399526795,571.4711876416605,MD-Experiment-0004_Position(78)
41,2460,saved,saved,reconstructed_from_saved_mask,MD-Experiment-0004_Position(78)_t125.png,1037331.0709759999,247319.0,2068.2093604803085,0.9613749754621378,0.7265714809206238,151567.46649599998,6.84402197224413,574.6239945714765,MD-Experiment-0004_Position(78)
42,2520,saved,saved,reconstructed_from_saved_mask,MD-Experiment-0004_Position(78)_t128.png,1056371.113984,251858.5,2164.393125653267,0.9591229757133201,0.6756070685285612,151567.46649599998,6.969642881850761,579.873580239772,MD-Experiment-0004_Position(78)
43,2580,saved,saved,reconstructed_from_saved_mask,MD-Experiment-0004_Position(78)_t131.png,1070357.020672,255193.0,2138.83677649498,0.9604915503029847,0.7010085829793095,151567.46649599998,7.0619180053408614,583.6995986174101,MD-Experiment-0004_Position(78)
0,0,saved,saved,reconstructed_from_saved_mask,MD-Experiment-0004_Position(79)_t002.png,78305.558528,18669.5,521.1442230939865,0.9846782700421941,0.8638268423646068,78305.558528,1.0,157.87790669566732,MD-Experiment-0004_Position(79)
1,60,saved,saved,reconstructed_from_saved_mask,MD-Experiment-0004_Position(79)_t005.png,115337.068544,27498.5,629.712764620781,0.9872015796086878,0.8714327447692369,78305.558528,1.472910361820081,191.60618247074572,MD-Experiment-0004_Position(79)
2,120,saved,saved,reconstructed_from_saved_mask,MD-Experiment-0004_Position(79)_t008.png,136298.102784,32496.0,692.7249571084976,0.983311899538543,0.8509775466257098,78305.558528,1.7405929457135971,208.2907429153817,MD-Experiment-0004_Position(79)
3,180,saved,saved,reconstructed_from_saved_mask,MD-Experiment-0004_Position(79)_t011.png,154220.36377599998,36769.0,747.8376549482346,0.9764576223924792,0.8261844656632548,78305.558528,1.969468919896087,221.56233082534888,MD-Experiment-0004_Position(79)
4,240,saved,saved,reconstructed_from_saved_mask,MD-Experiment-0004_Position(79)_t014.png,173914.718208,41464.5,800.0214200019836,0.9707245698232471,0.814109957478941,78305.558528,2.2209753876643727,235.2844537118305,MD-Experiment-0004_Position(79)
5,300,saved,saved,reconstructed_from_saved_mask,MD-Experiment-0004_Position(79)_t017.png,188697.542656,44989.0,851.0336111783981,0.9576406479490837,0.780589632023357,78305.558528,2.409759232973567,245.0801773420126,MD-Experiment-0004_Position(79)
6,360,saved,saved,reconstructed_from_saved_mask,MD-Experiment-0004_Position(79)_t020.png,197188.911104,47013.5,864.4478242397308,0.9669182674509481,0.7905964813198755,78305.558528,2.518198130640885,250.533789837259,MD-Experiment-0004_Position(79)
7,420,saved,saved,reconstructed_from_saved_mask,MD-Experiment-0004_Position(79)_t023.png,210950.422528,50294.5,884.5899600982666,0.9727202398220675,0.8076930523879591,78305.558528,2.6939393127828812,259.1285491514014,MD-Experiment-0004_Position(79)
8,480,saved,saved,reconstructed_from_saved_mask,MD-Experiment-0004_Position(79)_t026.png,220037.382144,52461.0,899.8620389699936,0.9736275565123789,0.8141315141535644,78305.558528,2.809984198826964,264.6508531375554,MD-Experiment-0004_Position(79)
9,540,saved,saved,reconstructed_from_saved_mask,MD-Experiment-0004_Position(79)_t029.png,229891.899392,54810.5,918.7909724712372,0.9759183092071293,0.8159061169057272,78305.558528,2.935831168483355,270.512225842092,MD-Experiment-0004_Position(79)
10,600,saved,saved,reconstructed_from_saved_mask,MD-Experiment-0004_Position(79)_t032.png,243179.45446399998,57978.5,948.3889511823654,0.9749529158539046,0.8100351556537412,78305.558528,3.105519697902997,278.22010077036515,MD-Experiment-0004_Position(79)
11,660,saved,saved,reconstructed_from_saved_mask,MD-Experiment-0004_Position(79)_t035.png,262819.282944,62661.0,980.6904670000076,0.9768344583534694,0.8187348524781213,78305.558528,3.356329842791719,289.2368856850905,MD-Experiment-0004_Position(79)
12,720,saved,saved,reconstructed_from_saved_mask,MD-Experiment-0004_Position(79)_t038.png,280303.239168,66829.5,1005.2173787355423,0.9768609537730678,0.8311092181905196,78305.558528,3.5796084522884923,298.7026818703072,MD-Experiment-0004_Position(79)
13,780,saved,saved,reconstructed_from_saved_mask,MD-Experiment-0004_Position(79)_t041.png,288903.65952,68880.0,1021.8031653165817,0.9779576189969119,0.8290266946975143,78305.558528,3.6894399957149364,303.25054159867847,MD-Experiment-0004_Position(79)
14,840,saved,saved,reconstructed_from_saved_mask,MD-Experiment-0004_Position(79)_t044.png,305882.20211199997,72928.0,1041.1168736219406,0.9802875212549315,0.8454836177266914,78305.558528,3.906264227751145,312.0341791213231,MD-Experiment-0004_Position(79)
15,900,saved,saved,reconstructed_from_saved_mask,MD-Experiment-0004_Position(79)_t047.png,313782.173696,74811.5,1077.501648426056,0.9697580514489044,0.8097339344633063,78305.558528,4.007150700340127,316.03792176837925,MD-Experiment-0004_Position(79)
16,960,saved,saved,reconstructed_from_saved_mask,MD-Experiment-0004_Position(79)_t050.png,320331.579392,76373.0,1086.0874363183975,0.9710057403675615,0.8136172255062687,78305.558528,4.09078979083532,319.31913280813825,MD-Experiment-0004_Position(79)
17,1020,saved,saved,reconstructed_from_saved_mask,MD-Experiment-0004_Position(79)_t053.png,329678.58585599996,78601.5,1103.785921573639,0.9737911468463892,0.8107202055963094,78305.558528,4.210155601381933,323.94436735503893,MD-Experiment-0004_Position(79)
18,1080,saved,saved,reconstructed_from_saved_mask,MD-Experiment-0004_Position(79)_t056.png,334256.668672,79693.0,1111.0579981803894,0.9718777058256808,0.8112534930671254,78305.558528,4.268619941616005,326.1858399151584,MD-Experiment-0004_Position(79)
19,1140,saved,saved,reconstructed_from_saved_mask,MD-Experiment-0004_Position(79)_t059.png,346617.28255999996,82640.0,1122.0874341726303,0.9756673474929458,0.8247964342398256,78305.558528,4.426470982083076,332.16217087592685,MD-Experiment-0004_Position(79)
20,1200,saved,saved,reconstructed_from_saved_mask,MD-Experiment-0004_Position(79)_t062.png,352214.581248,83974.5,1138.1290653944016,0.9744421365329496,0.8146560024776168,78305.558528,4.497951203835132,334.83336642175067,MD-Experiment-0004_Position(79)
21,1260,saved,saved,reconstructed_from_saved_mask,MD-Experiment-0004_Position(79)_t065.png,365181.27206399996,87066.0,1149.5432804822922,0.9767277500126206,0.82795703797644,78305.558528,4.663542140925038,340.9410640376775,MD-Experiment-0004_Position(79)
22,1320,saved,saved,reconstructed_from_saved_mask,MD-Experiment-0004_Position(79)_t068.png,370310.90585599997,88289.0,1174.7148513793945,0.972806505283339,0.8039916588597105,78305.558528,4.729050054902381,343.3272816069818,MD-Experiment-0004_Position(79)
23,1380,saved,saved,reconstructed_from_saved_mask,MD-Experiment-0004_Position(79)_t071.png,391383.089152,93313.0,1189.5432796478271,0.9764042357274402,0.8286888980310221,78305.558528,4.998152066204237,352.96048867009677,MD-Experiment-0004_Position(79)
24,1440,saved,saved,reconstructed_from_saved_mask,MD-Experiment-0004_Position(79)_t074.png,393400.549376,93794.0,1197.6854149103165,0.9753241756527707,0.8216737253158597,78305.558528,5.0239160127480655,353.8690211031693,MD-Experiment-0004_Position(79)
25,1500,saved,saved,reconstructed_from_saved_mask,MD-Experiment-0004_Position(79)_t077.png,401036.27980799996,95614.5,1226.756482720375,0.9723244793361536,0.798393328027151,78305.558528,5.121427997536088,357.28673720312554,MD-Experiment-0004_Position(79)
26,1560,saved,saved,reconstructed_from_saved_mask,MD-Experiment-0004_Position(79)_t080.png,409462.636544,97623.5,1226.7564816474915,0.9717987387575717,0.8151687369069531,78305.558528,5.229036664077775,361.0207822755298,MD-Experiment-0004_Position(79)
27,1620,saved,saved,reconstructed_from_saved_mask,MD-Experiment-0004_Position(79)_t083.png,416704.1024,99350.0,1236.312830209732,0.9725084060552964,0.8168098811699559,78305.558528,5.321513698813573,364.1991699705844,MD-Experiment-0004_Position(79)
28,1680,saved,saved,reconstructed_from_saved_mask,MD-Experiment-0004_Position(79)_t086.png,424503.410688,101209.5,1250.0701911449432,0.9733367313573503,0.8138836890330787,78305.558528,5.421114652240285,367.59166522206164,MD-Experiment-0004_Position(79)
29,1740,saved,saved,reconstructed_from_saved_mask,MD-Experiment-0004_Position(79)_t089.png,431755.362304,102938.5,1255.2417627573013,0.9742244136965039,0.8209806843003532,78305.558528,5.513725595222154,370.71822215023036,MD-Experiment-0004_Position(79)
30,1800,saved,saved,reconstructed_from_saved_mask,MD-Experiment-0004_Position(79)_t092.png,442866.0736,105587.5,1270.2123248577118,0.9769745364373219,0.8223746725046531,78305.558528,5.655614772757707,375.4579197224081,MD-Experiment-0004_Position(79)
31,1860,saved,saved,reconstructed_from_saved_mask,MD-Experiment-0004_Position(79)_t095.png,452986.929152,108000.5,1300.4965960979462,0.972767149445165,0.8024485386580245,78305.558528,5.784863011864271,379.7238705442653,MD-Experiment-0004_Position(79)
32,1920,saved,saved,reconstructed_from_saved_mask,MD-Experiment-0004_Position(79)_t098.png,459546.820608,109564.5,1308.2955849170685,0.9761148553839575,0.8043924276488862,78305.558528,5.868636010605533,382.4634572921384,MD-Experiment-0004_Position(79)
33,1980,saved,saved,reconstructed_from_saved_mask,MD-Experiment-0004_Position(79)_t101.png,489643.04896,116740.0,1323.2245191335678,0.981449643327042,0.8378426682647077,78305.558528,6.252979458475053,394.7888336631899,MD-Experiment-0004_Position(79)
34,2040,saved,saved,reconstructed_from_saved_mask,MD-Experiment-0004_Position(79)_t104.png,499537.412096,119099.0,1334.6803624629974,0.9801217138695382,0.8401627796440206,78305.558528,6.37933527946651,398.7576918240237,MD-Experiment-0004_Position(79)
35,2100,saved,saved,reconstructed_from_saved_mask,MD-Experiment-0004_Position(79)_t107.png,509081.550848,121374.5,1346.579857826233,0.9831755790735633,0.841149303956009,78305.558528,6.501218565039236,402.54899143917197,MD-Experiment-0004_Position(79)
36,2160,saved,saved,reconstructed_from_saved_mask,MD-Experiment-0004_Position(79)_t110.png,520959.819776,124206.5,1367.6925579309464,0.9787167819080826,0.8344056198528188,78305.558528,6.652909826187097,407.2181981925988,MD-Experiment-0004_Position(79)
37,2220,saved,saved,reconstructed_from_saved_mask,MD-Experiment-0004_Position(79)_t113.png,532288.63488,126907.5,1388.1778379678726,0.9783978814196339,0.8275741935981533,78305.558528,6.797584295240902,411.6220776216676,MD-Experiment-0004_Position(79)
38,2280,saved,saved,reconstructed_from_saved_mask,MD-Experiment-0004_Position(79)_t116.png,542531.125248,129349.5,1387.8346915245056,0.9822943325157009,0.8439158423589759,78305.558528,6.9283858700018754,415.5634978301809,MD-Experiment-0004_Position(79)
39,2340,saved,saved,reconstructed_from_saved_mask,MD-Experiment-0004_Position(79)_t119.png,550900.85888,131345.0,1394.964634180069,0.9839719218336211,0.8481975511493012,78305.558528,7.035271432014784,418.7567189773142,MD-Experiment-0004_Position(79)
40,2400,saved,saved,reconstructed_from_saved_mask,MD-Experiment-0004_Position(79)_t122.png,564119.207936,134496.5,1419.5504202842712,0.9824398011694625,0.8387242532721019,78305.558528,7.204076167010364,423.7507768396399,MD-Experiment-0004_Position(79)
41,2460,saved,saved,reconstructed_from_saved_mask,MD-Experiment-0004_Position(79)_t125.png,574701.436928,137019.5,1434.72199344635,0.9796798976129957,0.8364822519187238,78305.558528,7.339216368943999,427.7068493468542,MD-Experiment-0004_Position(79)
42,2520,saved,saved,reconstructed_from_saved_mask,MD-Experiment-0004_Position(79)_t128.png,560388.374528,133607.0,1962.8712682724,0.942204827136334,0.4357681055159849,78305.558528,7.156431613058733,422.34720280206324,MD-Experiment-0004_Position(79)
43,2580,saved,saved,reconstructed_from_saved_mask,MD-Experiment-0004_Position(79)_t131.png,573709.484032,136783.0,1634.562611937523,0.9563673102671939,0.6433374997967739,78305.558528,7.326548648865797,427.3375721426647,MD-Experiment-0004_Position(79)
44,2640,saved,saved,reconstructed_from_saved_mask,MD-Experiment-0004_Position(79)_t134.png,579373.891584,138133.5,1719.5748046636581,0.9559610234122508,0.5870387013836609,78305.558528,7.398885883392699,429.44200713013964,MD-Experiment-0004_Position(79)
45,2700,saved,saved,reconstructed_from_saved_mask,MD-Experiment-0004_Position(79)_t137.png,591935.832064,141128.5,1743.5748037099838,0.9505555012982464,0.5833690988834637,78305.558528,7.559307962184311,434.0726060607825,MD-Experiment-0004_Position(79)
46,2760,saved,saved,reconstructed_from_saved_mask,MD-Experiment-0004_Position(79)_t140.png,615153.401856,146664.0,1680.5626105070114,0.9659019438032422,0.6525653282515824,78305.558528,7.855807600632047,442.5035698504081,MD-Experiment-0004_Position(79)
47,2820,saved,saved,reconstructed_from_saved_mask,MD-Experiment-0004_Position(79)_t143.png,621058.9818879999,148072.0,1667.4742995500565,0.962221911746071,0.6692132151980853,78305.558528,7.931224724818554,444.622552102556,MD-Experiment-0004_Position(79)
48,2880,saved,saved,reconstructed_from_saved_mask,MD-Experiment-0004_Position(79)_t146.png,630164.815872,150243.0,1643.332162976265,0.9630220752249827,0.699122694804412,78305.558528,8.047510645705563,447.87017183246945,MD-Experiment-0004_Position(79)
49,2940,saved,saved,reconstructed_from_saved_mask,MD-Experiment-0004_Position(79)_t149.png,626333.319168,149329.5,1897.540312886238,0.9443105934132645,0.5211628527123018,78305.558528,7.998580572591661,446.5065369482085,MD-Experiment-0004_Position(79)
50,3000,saved,saved,reconstructed_from_saved_mask,MD-Experiment-0004_Position(79)_t152.png,630802.35008,150395.0,1812.2438504695892,0.937539935604325,0.5754531776872307,78305.558528,8.055652267066607,448.09666843040964,MD-Experiment-0004_Position(79)
51,3060,saved,saved,reconstructed_from_saved_mask,MD-Experiment-0004_Position(79)_t155.png,632954.028032,150908.0,1815.214415192604,0.940723240055605,0.5755277436557903,78305.558528,8.083130239160127,448.86025065986604,MD-Experiment-0004_Position(79)
52,3120,saved,saved,reconstructed_from_saved_mask,MD-Experiment-0004_Position(79)_t158.png,652889.554944,155661.0,1901.013402223587,0.943800400169769,0.541276687679646,78305.558528,8.337716596588018,455.8741053457746,MD-Experiment-0004_Position(79)
53,3180,saved,saved,reconstructed_from_saved_mask,MD-Experiment-0004_Position(79)_t161.png,680133.6565759999,162156.5,1872.6286270618439,0.9516785022595222,0.5810866654758732,78305.558528,8.685637001526553,465.2883695241822,MD-Experiment-0004_Position(79)
54,3240,saved,saved,reconstructed_from_saved_mask,MD-Experiment-0004_Position(79)_t164.png,696055.23456,165952.5,2008.5697523355484,0.9471769187962844,0.5169158235991115,78305.558528,8.888963282358928,470.70294506240907,MD-Experiment-0004_Position(79)
55,3300,saved,saved,reconstructed_from_saved_mask,MD-Experiment-0004_Position(79)_t167.png,706706.669568,168492.0,2173.0377905368805,0.9488097081638112,0.44838862986058375,78305.558528,9.024987278716624,474.29075423785764,MD-Experiment-0004_Position(79)
56,3360,saved,saved,reconstructed_from_saved_mask,MD-Experiment-0004_Position(79)_t170.png,714858.299392,170435.5,2090.5697507858276,0.9531973557638531,0.49005023158272776,78305.558528,9.129087549211281,477.0183056414142,MD-Experiment-0004_Position(79)
57,3420,saved,saved,reconstructed_from_saved_mask,MD-Experiment-0004_Position(79)_t173.png,707233.05472,168617.5,2600.7017829418182,0.9283826565726084,0.3132790831968308,78305.558528,9.031709472669327,474.46735731063507,MD-Experiment-0004_Position(79)
58,3480,saved,saved,reconstructed_from_saved_mask,MD-Experiment-0004_Position(79)_t176.png,754142.150656,179801.5,1952.628626704216,0.9626172477299982,0.5926030337670128,78305.558528,9.630761402287154,489.94989758312073,MD-Experiment-0004_Position(79)
59,3540,saved,saved,reconstructed_from_saved_mask,MD-Experiment-0004_Position(79)_t179.png,750071.578624,178831.0,1923.2144136428833,0.9599808895998626,0.6075713111081875,78305.558528,9.57877822116286,488.62582701030203,MD-Experiment-0004_Position(79)
60,3600,saved,saved,reconstructed_from_saved_mask,MD-Experiment-0004_Position(79)_t182.png,780748.71808,186145.0,1853.3565466403961,0.9703846193946597,0.6809940013394661,78305.558528,9.970540185864646,498.5178387883279,MD-Experiment-0004_Position(79)
61,3660,saved,saved,reconstructed_from_saved_mask,MD-Experiment-0004_Position(79)_t185.png,793258.22976,189127.5,2033.4814376831055,0.9682559592070773,0.5747568039256167,78305.558528,10.13029272342591,502.49570826949446,MD-Experiment-0004_Position(79)
62,3720,saved,saved,reconstructed_from_saved_mask,MD-Experiment-0004_Position(79)_t188.png,805952.290816,192154.0,1838.2438509464264,0.9699897525984482,0.7145836081098973,78305.558528,10.292402046118001,506.5003276990118,MD-Experiment-0004_Position(79)
63,3780,saved,saved,reconstructed_from_saved_mask,MD-Experiment-0004_Position(79)_t191.png,813594.3127039999,193976.0,2340.3758813142776,0.9610765389036426,0.4450272819411615,78305.558528,10.389994375853664,508.89597471053906,MD-Experiment-0004_Position(79)
64,3840,saved,saved,reconstructed_from_saved_mask,MD-Experiment-0004_Position(79)_t194.png,845466.8288,201575.0,1799.8418295383453,0.9727912824002355,0.7819479595302019,78305.558528,10.797021880607408,518.7682045456318,MD-Experiment-0004_Position(79)
65,3900,saved,saved,reconstructed_from_saved_mask,MD-Experiment-0004_Position(79)_t197.png,860096.561152,205063.0,1816.812392115593,0.9738726138546621,0.780687101049883,78305.558528,10.983850665523983,523.2372678693317,MD-Experiment-0004_Position(79)
66,3960,2,0.7,auto,MD-Experiment-0004_Position(79)_t200.png,901762.777088,214997.0,1823.2387990951538,0.9758795520877305,0.8127465891770839,78305.558528,11.515948472106913,535.7611472845529,MD-Experiment-0004_Position(79)
67,4020,2,0.6499999999999999,auto_rest,MD-Experiment-0004_Position(79)_t203.png,928136.5606399999,221285.0,1853.9250897169113,0.9764885509657434,0.8090539379010632,78305.558528,11.852754492621656,543.5393665414983,MD-Experiment-0004_Position(79)
68,4080,2,0.6499999999999999,auto_rest,MD-Experiment-0004_Position(79)_t206.png,945140.2690559999,225339.0,1863.238800406456,0.9766964074802084,0.8156600428500816,78305.558528,12.069900104448433,548.4956622170614,MD-Experiment-0004_Position(79)
69,4140,2,0.6499999999999999,auto_rest,MD-Experiment-0004_Position(79)_t209.png,962649.3911039999,229513.5,1889.2804301977158,0.9761817164901208,0.8080258371175928,78305.558528,12.293500093735773,553.552904533261,MD-Experiment-0004_Position(79)
70,4200,2,0.6499999999999999,auto_rest,MD-Experiment-0004_Position(79)_t212.png,974859.0100479999,232424.5,1903.4225627183914,0.9781578986130897,0.8061601814892746,78305.558528,12.449422855459439,557.0522960491427,MD-Experiment-0004_Position(79)
71,4260,2,0.6499999999999999,auto_rest,MD-Experiment-0004_Position(79)_t215.png,994773.5654399999,237172.5,1914.3931268453598,0.9805155745176953,0.8132272873565768,78305.558528,12.70374139639519,562.7133021298235,MD-Experiment-0004_Position(79)
72,4320,2,0.6499999999999999,auto_rest,MD-Experiment-0004_Position(79)_t218.png,1007180.316672,240130.5,1942.7362710237503,0.9788519822190336,0.7995202944804808,78305.558528,12.862181633144969,566.2114904931007,MD-Experiment-0004_Position(79)
73,4380,2,0.6499999999999999,auto_rest,MD-Experiment-0004_Position(79)_t221.png,1022814.584832,243858.0,1946.4936324357986,0.9752408527928526,0.808799542532003,78305.558528,13.06183882803503,570.5891640094429,MD-Experiment-0004_Position(79)
74,4440,2,0.6499999999999999,auto_rest,MD-Experiment-0004_Position(79)_t224.png,1035907.104768,246979.5,2129.3048145771027,0.9678543787289489,0.6845341182754986,78305.558528,13.229036664077775,574.2294598988127,MD-Experiment-0004_Position(79)
75,4500,2,0.6499999999999999,auto_rest,MD-Experiment-0004_Position(79)_t227.png,1053483.33568,251170.0,2111.4053206443787,0.9712721240221347,0.7080018726091816,78305.558528,13.453493666139963,579.0804440462663,MD-Experiment-0004_Position(79)
76,4560,2,0.6499999999999999,auto_rest,MD-Experiment-0004_Position(79)_t230.png,1074779.9142399998,256247.5,2015.020541548729,0.9763092673132279,0.793068217043434,78305.558528,13.72546131390771,584.9043273684669,MD-Experiment-0004_Position(79)
77,4620,2,0.6499999999999999,auto_rest,MD-Experiment-0004_Position(79)_t233.png,1074618.4335359999,256209.0,2375.998244404793,0.9605592192824928,0.5703113497852857,78305.558528,13.723399126918235,584.8603861348856,MD-Experiment-0004_Position(79)
78,4680,2,0.6499999999999999,auto_rest,MD-Experiment-0004_Position(79)_t236.png,1103437.49632,263080.0,2186.3170033693314,0.9733213462527425,0.6916261931736877,78305.558528,14.091432550416455,592.6508785655735,MD-Experiment-0004_Position(79)
79,4740,2,0.6499999999999999,auto_rest,MD-Experiment-0004_Position(79)_t239.png,1117677.1583999998,266475.0,2258.341392159462,0.9694036244181669,0.6565792381941208,78305.558528,14.273279948579232,596.4626468443154,MD-Experiment-0004_Position(79)
80,4800,2,0.6499999999999999,auto_rest,MD-Experiment-0004_Position(79)_t242.png,1142488.563712,272390.5,2070.559646487236,0.9768457254336608,0.7984106648901419,78305.558528,14.590133640429578,603.0467682372978,MD-Experiment-0004_Position(79)
81,4860,2,0.6499999999999999,auto_rest,MD-Experiment-0004_Position(79)_t245.png,1162390.536192,277135.5,2082.133240580559,0.9756918039712716,0.8033133597006183,78305.558528,14.844291491470045,608.2765812329051,MD-Experiment-0004_Position(79)
82,4920,2,0.6499999999999999,auto_rest,MD-Experiment-0004_Position(79)_t248.png,1177548.750848,280749.5,2104.476384162903,0.9758343702859208,0.7966008075494033,78305.558528,15.037869251988537,612.2298660293303,MD-Experiment-0004_Position(79)
0,0,saved,saved,reconstructed_from_saved_mask,MD-Experiment-0004_Position(80)_t002.png,68016.930816,16216.5,526.0315253734589,0.9576296208810676,0.7364503035597485,68016.930816,1.0,147.14095795057108,MD-Experiment-0004_Position(80)
1,60,2,0.5,auto,MD-Experiment-0004_Position(80)_t005.png,135710.90022399998,32356.0,691.4701231718063,0.9826884528943692,0.8503894248054079,68016.930816,1.9952517497610458,207.84157717887248,MD-Experiment-0004_Position(80)
2,120,saved,saved,reconstructed_from_saved_mask,MD-Experiment-0004_Position(80)_t008.png,156804.05504,37385.0,747.8965294361115,0.9788314765601477,0.839893486351722,68016.930816,2.3053679893935195,223.41056580416972,MD-Experiment-0004_Position(80)
3,180,saved,saved,reconstructed_from_saved_mask,MD-Experiment-0004_Position(80)_t011.png,188630.433792,44973.0,819.1513638496399,0.9796331794022828,0.842235233719178,68016.930816,2.773286467486819,245.03659300425025,MD-Experiment-0004_Position(80)
4,240,saved,saved,reconstructed_from_saved_mask,MD-Experiment-0004_Position(80)_t014.png,217128.63232,51767.5,891.3351294994354,0.9732196570912919,0.8188135284109604,68016.930816,3.1922733018838843,262.8957782867982,MD-Experiment-0004_Position(80)
5,300,saved,saved,reconstructed_from_saved_mask,MD-Experiment-0004_Position(80)_t017.png,243802.308608,58127.0,937.8620399236679,0.9793851778839269,0.8304430540401407,68016.930816,3.5844356057102336,278.576174689003,MD-Experiment-0004_Position(80)
6,360,saved,saved,reconstructed_from_saved_mask,MD-Experiment-0004_Position(80)_t020.png,261089.132544,62248.5,980.4478269815445,0.9750628519513475,0.8137477075797378,68016.930816,3.8385903246693185,288.283284399053,MD-Experiment-0004_Position(80)
7,420,saved,saved,reconstructed_from_saved_mask,MD-Experiment-0004_Position(80)_t023.png,288096.256,68687.5,1017.418387055397,0.9802557406059568,0.8338509150629224,68016.930816,4.23565504270342,302.8264956329552,MD-Experiment-0004_Position(80)
8,480,saved,saved,reconstructed_from_saved_mask,MD-Experiment-0004_Position(80)_t026.png,300335.235072,71605.5,1125.0163686275482,0.9639294608602006,0.7109491887371365,68016.930816,4.415595227083527,309.191970291517,MD-Experiment-0004_Position(80)
9,540,saved,saved,reconstructed_from_saved_mask,MD-Experiment-0004_Position(80)_t029.png,311915.708416,74366.5,1299.325020313263,0.9419860285129803,0.5535433061342685,68016.930816,4.5858539142231685,315.0965782816967,MD-Experiment-0004_Position(80)
10,600,saved,saved,reconstructed_from_saved_mask,MD-Experiment-0004_Position(80)_t032.png,341265.35065599997,81364.0,1175.8275482654572,0.9667143901004568,0.7395284619613729,68016.930816,5.017358862886566,329.5878258154915,MD-Experiment-0004_Position(80)
11,660,saved,saved,reconstructed_from_saved_mask,MD-Experiment-0004_Position(80)_t035.png,377581.73183999996,90022.5,1158.271203160286,0.9817869509501868,0.8432190612290286,68016.930816,5.551290352418833,346.6814071839864,MD-Experiment-0004_Position(80)
12,720,saved,saved,reconstructed_from_saved_mask,MD-Experiment-0004_Position(80)_t038.png,391808.811008,93414.5,1180.6143471002579,0.9806987706423944,0.8421860519507463,68016.930816,5.7604600252828915,353.1524005833216,MD-Experiment-0004_Position(80)
13,780,saved,saved,reconstructed_from_saved_mask,MD-Experiment-0004_Position(80)_t041.png,407237.558272,97093.0,1214.3717042207718,0.9776218213672588,0.8273599719054705,68016.930816,5.98729688897111,360.0385268597309,MD-Experiment-0004_Position(80)
14,840,saved,saved,reconstructed_from_saved_mask,MD-Experiment-0004_Position(80)_t044.png,424337.73568,101170.0,1239.2001326084137,0.9788687423805561,0.8279015802793773,68016.930816,6.238707489285605,367.51992646357047,MD-Experiment-0004_Position(80)
15,900,saved,saved,reconstructed_from_saved_mask,MD-Experiment-0004_Position(80)_t047.png,438202.007552,104475.5,1256.0113141536713,0.9797165188932703,0.8322182190528556,68016.930816,6.44254308882928,373.4756098453896,MD-Experiment-0004_Position(80)
16,960,saved,saved,reconstructed_from_saved_mask,MD-Experiment-0004_Position(80)_t050.png,454224.24883199995,108295.5,1275.325023651123,0.9805822165881927,0.8367168448617467,68016.930816,6.67810563315142,380.24211885012386,MD-Experiment-0004_Position(80)
17,1020,saved,saved,reconstructed_from_saved_mask,MD-Experiment-0004_Position(80)_t053.png,466620.51430399995,111251.0,1292.5382261276245,0.9820972995877435,0.8368102582446023,68016.930816,6.860358277063485,385.3958001835621,MD-Experiment-0004_Position(80)
18,1080,saved,saved,reconstructed_from_saved_mask,MD-Experiment-0004_Position(80)_t056.png,477863.34617599996,113931.5,1310.4377195835114,0.9794871794871794,0.8337213222989709,68016.930816,7.025652884407856,390.01106052609316,MD-Experiment-0004_Position(80)
19,1140,saved,saved,reconstructed_from_saved_mask,MD-Experiment-0004_Position(80)_t059.png,489745.809408,116764.5,1328.780865430832,0.9778657119527668,0.8310247469664597,68016.930816,7.200351493848858,394.83025827771723,MD-Experiment-0004_Position(80)
20,1200,saved,saved,reconstructed_from_saved_mask,MD-Experiment-0004_Position(80)_t062.png,501338.865664,119528.5,1341.1240128278732,0.9780622619354469,0.835109561679745,68016.930816,7.370795177751057,399.4760534362711,MD-Experiment-0004_Position(80)
21,1260,saved,saved,reconstructed_from_saved_mask,MD-Experiment-0004_Position(80)_t065.png,509482.10688,121470.0,1363.0235098600388,0.9774605499271752,0.8216222695307827,68016.930816,7.490518915918972,402.7073272907394,MD-Experiment-0004_Position(80)
22,1320,saved,saved,reconstructed_from_saved_mask,MD-Experiment-0004_Position(80)_t068.png,521192.603648,124262.0,1379.224517583847,0.9756675905496973,0.8208773373372188,68016.930816,7.662689236271699,407.30916801249197,MD-Experiment-0004_Position(80)
23,1380,saved,saved,reconstructed_from_saved_mask,MD-Experiment-0004_Position(80)_t071.png,527674.90048,125807.5,1388.3788464069366,0.9740589045974698,0.8201634666973876,68016.930816,7.7579934017821355,409.8342805498728,MD-Experiment-0004_Position(80)
24,1440,saved,saved,reconstructed_from_saved_mask,MD-Experiment-0004_Position(80)_t074.png,537898.51648,128245.0,1404.3372159004211,0.9768628720507303,0.8171607450267545,68016.930816,7.908303271359419,413.7854704544115,MD-Experiment-0004_Position(80)
25,1500,saved,saved,reconstructed_from_saved_mask,MD-Experiment-0004_Position(80)_t077.png,549493.669888,131009.5,1425.633680820465,0.9721005123562824,0.8100218967151375,68016.930816,8.078777788055376,418.22155315187035,MD-Experiment-0004_Position(80)
26,1560,saved,saved,reconstructed_from_saved_mask,MD-Experiment-0004_Position(80)_t080.png,557278.298112,132865.5,1438.8641288280487,0.9738837559600817,0.806459419513273,68016.930816,8.193229118490427,421.1735884937792,MD-Experiment-0004_Position(80)
27,1620,saved,saved,reconstructed_from_saved_mask,MD-Experiment-0004_Position(80)_t083.png,565589.311488,134847.0,1437.449912071228,0.9769999601511359,0.8200979224536394,68016.930816,8.315419480159099,424.30256818279315,MD-Experiment-0004_Position(80)
28,1680,saved,saved,reconstructed_from_saved_mask,MD-Experiment-0004_Position(80)_t086.png,571843.018752,136338.0,1451.9351943731308,0.9760040088767986,0.8127038513648164,68016.930816,8.407362871149754,426.64187114480967,MD-Experiment-0004_Position(80)
29,1740,2,0.6,auto,MD-Experiment-0004_Position(80)_t089.png,584706.94912,139405.0,1459.3077783584595,0.979005509342004,0.8226108247554885,68016.930816,8.596491228070176,431.41395715166504,MD-Experiment-0004_Position(80)
0,0,saved,saved,reconstructed_from_saved_mask,MD-Experiment-0004_Position(81)_t002.png,351828.70528,83882.5,1215.8691782951355,0.9445270186580189,0.7130295533159748,351828.70528,1.0,334.64989934835967,MD-Experiment-0004_Position(81)
1,60,saved,saved,reconstructed_from_saved_mask,MD-Experiment-0004_Position(81)_t005.png,454159.23712,108280.0,1353.1067669391632,0.9556169412844523,0.7431799409598208,351828.70528,1.2908532769051948,380.21490643711536,MD-Experiment-0004_Position(81)
2,120,saved,saved,reconstructed_from_saved_mask,MD-Experiment-0004_Position(81)_t008.png,515865.83756799996,122992.0,1429.3910400867462,0.9632832080200501,0.7564576457997928,351828.70528,1.4662414687211276,405.22240318419705,MD-Experiment-0004_Position(81)
3,180,saved,saved,reconstructed_from_saved_mask,MD-Experiment-0004_Position(81)_t011.png,561034.297344,133761.0,1473.9351942539215,0.9679744403396858,0.7737178084659808,351828.70528,1.5946234315858492,422.59053862192843,MD-Experiment-0004_Position(81)
4,240,saved,saved,reconstructed_from_saved_mask,MD-Experiment-0004_Position(81)_t014.png,595477.921792,141973.0,1523.7341837882996,0.9627344144681745,0.7684174204569751,351828.70528,1.6925222781867493,435.3693943200093,MD-Experiment-0004_Position(81)
5,300,saved,saved,reconstructed_from_saved_mask,MD-Experiment-0004_Position(81)_t017.png,624391.3564159999,148866.5,1550.7463754415512,0.9679194801057214,0.7779027240353831,351828.70528,1.774702709146723,445.81379699928493,MD-Experiment-0004_Position(81)
6,360,saved,saved,reconstructed_from_saved_mask,MD-Experiment-0004_Position(81)_t020.png,649829.810176,154931.5,1583.7169388532639,0.9667056639680535,0.7762372254097988,351828.70528,1.8470062289512115,454.8046315902652,MD-Experiment-0004_Position(81)
7,420,saved,saved,reconstructed_from_saved_mask,MD-Experiment-0004_Position(81)_t023.png,667859.0259199999,159230.0,1603.4154238700867,0.9675165273186855,0.7782921413551053,351828.70528,1.898250529013799,461.0706350738599,MD-Experiment-0004_Position(81)
8,480,saved,saved,reconstructed_from_saved_mask,MD-Experiment-0004_Position(81)_t026.png,688377.561088,164122.0,1629.4154230356216,0.9668709921617952,0.7768068009598976,351828.70528,1.9565702023664053,468.0997576600491,MD-Experiment-0004_Position(81)
9,540,saved,saved,reconstructed_from_saved_mask,MD-Experiment-0004_Position(81)_t029.png,709372.14976,169127.5,1655.3149192333221,0.9681135445168233,0.7756447095440223,351828.70528,2.0162429589008433,475.1843518594194,MD-Experiment-0004_Position(81)
10,600,saved,saved,reconstructed_from_saved_mask,MD-Experiment-0004_Position(81)_t032.png,727457.988608,173439.5,1676.9717707633972,0.9652634390948402,0.7750083343758218,351828.70528,2.0676481983727237,481.20377134567616,MD-Experiment-0004_Position(81)
11,660,saved,saved,reconstructed_from_saved_mask,MD-Experiment-0004_Position(81)_t035.png,747554.996224,178231.0,1696.5869948863983,0.9681258453332174,0.7781097202144093,351828.70528,2.1247697672339285,487.8054384323585,MD-Experiment-0004_Position(81)
12,720,saved,saved,reconstructed_from_saved_mask,MD-Experiment-0004_Position(81)_t038.png,764684.53376,182315.0,1714.385986328125,0.9657563453658898,0.7794980798056513,351828.70528,2.17345691890442,493.3625917189615,MD-Experiment-0004_Position(81)
13,780,saved,saved,reconstructed_from_saved_mask,MD-Experiment-0004_Position(81)_t041.png,778743.840768,185667.0,1723.2144137620926,0.9665977728377837,0.7857166330856511,351828.70528,2.213417578159926,497.87735771090263,MD-Experiment-0004_Position(81)
14,840,saved,saved,reconstructed_from_saved_mask,MD-Experiment-0004_Position(81)_t044.png,796242.4770559999,189839.0,1735.2144154310226,0.9704180425914756,0.7922988172789595,351828.70528,2.263153816350252,503.44001851898395,MD-Experiment-0004_Position(81)
15,900,saved,saved,reconstructed_from_saved_mask,MD-Experiment-0004_Position(81)_t047.png,814957.461504,194301.0,1750.1849771738052,0.9701782812004583,0.7971076851991606,351828.70528,2.3163472714809408,509.32211498811756,MD-Experiment-0004_Position(81)
16,960,saved,saved,reconstructed_from_saved_mask,MD-Experiment-0004_Position(81)_t050.png,832066.02752,198380.0,1769.3565491437912,0.9707735408179494,0.7963005838106281,351828.70528,2.364974815962805,514.6404983260549,MD-Experiment-0004_Position(81)
17,1020,saved,saved,reconstructed_from_saved_mask,MD-Experiment-0004_Position(81)_t053.png,850005.065728,202657.0,1787.1555371284485,0.9708445313136249,0.7973459108321397,351828.70528,2.415962805114297,520.1586447686179,MD-Experiment-0004_Position(81)
18,1080,saved,saved,reconstructed_from_saved_mask,MD-Experiment-0004_Position(81)_t056.png,866989.899776,206706.5,1796.770762205124,0.9734235931245585,0.8045974532388537,351828.70528,2.4642386671832623,525.3298547771625,MD-Experiment-0004_Position(81)
19,1140,saved,saved,reconstructed_from_saved_mask,MD-Experiment-0004_Position(81)_t059.png,883137.9701759999,210556.5,1813.0550342798233,0.9752230137189333,0.8049270878927962,351828.70528,2.5101362024260125,530.1995348652302,MD-Experiment-0004_Position(81)
20,1200,saved,saved,reconstructed_from_saved_mask,MD-Experiment-0004_Position(81)_t062.png,902687.6211199999,215217.5,1833.055033326149,0.9733261575963693,0.8048898273085462,351828.70528,2.5657020236640538,536.0358140443826,MD-Experiment-0004_Position(81)
21,1260,saved,saved,reconstructed_from_saved_mask,MD-Experiment-0004_Position(81)_t065.png,917898.2645759999,218844.0,1839.4398093223572,0.9761802804838883,0.8127806310003076,351828.70528,2.6089351175751796,540.5331554358951,MD-Experiment-0004_Position(81)
22,1320,saved,saved,reconstructed_from_saved_mask,MD-Experiment-0004_Position(81)_t068.png,933333.303296,222524.0,1860.2682362794876,0.9764578369293823,0.8080450623210427,351828.70528,2.6528060084046134,545.0589119936405,MD-Experiment-0004_Position(81)
23,1380,saved,saved,reconstructed_from_saved_mask,MD-Experiment-0004_Position(81)_t071.png,946704.744448,225712.0,1875.439808011055,0.9750715496851814,0.8064143601815441,351828.70528,2.6908115518731557,548.9494325116818,MD-Experiment-0004_Position(81)
24,1440,saved,saved,reconstructed_from_saved_mask,MD-Experiment-0004_Position(81)_t074.png,962726.9857279999,229532.0,1885.0377917289734,0.97742651160612,0.811732588632227,351828.70528,2.7363514439841445,553.5752137272257,MD-Experiment-0004_Position(81)
25,1500,saved,saved,reconstructed_from_saved_mask,MD-Experiment-0004_Position(81)_t077.png,975188.262912,232503.0,1907.5230697393417,0.9765689480283012,0.8029690887328995,351828.70528,2.771770035466277,557.1463586664524,MD-Experiment-0004_Position(81)
26,1560,saved,saved,reconstructed_from_saved_mask,MD-Experiment-0004_Position(81)_t080.png,988410.806272,235655.5,1915.0794186592102,0.978335146176009,0.80744670462203,351828.70528,2.8093523678955683,560.9108050726685,MD-Experiment-0004_Position(81)
27,1620,saved,saved,reconstructed_from_saved_mask,MD-Experiment-0004_Position(81)_t083.png,1005632.618496,239761.5,1939.2215534448624,0.9783168860208384,0.8011880297989596,351828.70528,2.858301791196018,565.7762847063927,MD-Experiment-0004_Position(81)
28,1680,saved,saved,reconstructed_from_saved_mask,MD-Experiment-0004_Position(81)_t086.png,1025308.09856,244452.5,1939.0205433368683,0.9788534577859999,0.8170328653788963,351828.70528,2.914225255565821,571.2842586278327,MD-Experiment-0004_Position(81)
29,1740,saved,saved,reconstructed_from_saved_mask,MD-Experiment-0004_Position(81)_t089.png,1042305.5155199999,248505.0,1954.5768920183182,0.9810156564579928,0.8174091131690574,351828.70528,2.9625368819479627,576.000130220392,MD-Experiment-0004_Position(81)
30,1800,saved,saved,reconstructed_from_saved_mask,MD-Experiment-0004_Position(81)_t092.png,1056702.464,251937.5,1966.4763869047165,0.9815772248759088,0.8187007869196238,351828.70528,3.0034572169403626,579.9645170576999,MD-Experiment-0004_Position(81)
31,1860,saved,saved,reconstructed_from_saved_mask,MD-Experiment-0004_Position(81)_t095.png,1072036.839424,255593.5,1996.1332420110703,0.9786030430887274,0.8060845827982293,351828.70528,3.0470419932643873,584.1574482465186,MD-Experiment-0004_Position(81)
32,1920,saved,saved,reconstructed_from_saved_mask,MD-Experiment-0004_Position(81)_t098.png,1088558.20288,259532.5,2001.1038018465042,0.9799059483603262,0.8144461601164521,351828.70528,3.094000536464698,588.64151880679,MD-Experiment-0004_Position(81)
33,1980,saved,saved,reconstructed_from_saved_mask,MD-Experiment-0004_Position(81)_t101.png,1104523.821056,263339.0,2013.2043064832687,0.9812845732342381,0.8164871320819266,351828.70528,3.1393794891663935,592.9425366488906,MD-Experiment-0004_Position(81)
34,2040,saved,saved,reconstructed_from_saved_mask,MD-Experiment-0004_Position(81)_t104.png,1122553.0368,267637.5,2034.133244752884,0.9795623697256621,0.8128268347852022,351828.70528,3.190623789228981,597.7622682798543,MD-Experiment-0004_Position(81)
35,2100,saved,saved,reconstructed_from_saved_mask,MD-Experiment-0004_Position(81)_t107.png,1149113.46688,273970.0,2054.861163020134,0.9804093478311435,0.8153571907836692,351828.70528,3.266116293625011,604.7926726199929,MD-Experiment-0004_Position(81)
36,2160,saved,saved,reconstructed_from_saved_mask,MD-Experiment-0004_Position(81)_t110.png,1168013.000704,278476.0,2080.317006111145,0.9799592498882715,0.8086090496630253,351828.70528,3.319834292015617,609.7459186540556,MD-Experiment-0004_Position(81)
37,2220,saved,saved,reconstructed_from_saved_mask,MD-Experiment-0004_Position(81)_t113.png,1189859.033088,283684.5,2102.074363350868,0.9782561467636816,0.8067692191680533,351828.70528,3.3819271004083094,615.4217199587584,MD-Experiment-0004_Position(81)
38,2280,saved,saved,reconstructed_from_saved_mask,MD-Experiment-0004_Position(81)_t116.png,1210981.548032,288720.5,2124.0743641853333,0.9778086719747487,0.804170338686577,351828.70528,3.441963460793372,620.8602086820645,MD-Experiment-0004_Position(81)
39,2340,saved,saved,reconstructed_from_saved_mask,MD-Experiment-0004_Position(81)_t119.png,1233370.742784,294058.5,2125.530209541321,0.980087190409055,0.8179166289860436,351828.70528,3.505600095371502,626.5733003871075,MD-Experiment-0004_Position(81)
40,2400,saved,saved,reconstructed_from_saved_mask,MD-Experiment-0004_Position(81)_t122.png,1253903.958016,298954.0,2150.8022867441177,0.9813804468430141,0.8121069993283938,351828.70528,3.563961493756147,631.7673829515716,MD-Experiment-0004_Position(81)
41,2460,saved,saved,reconstructed_from_saved_mask,MD-Experiment-0004_Position(81)_t125.png,1275523.497984,304108.5,2152.216501235962,0.9826021913258135,0.8250238613692316,351828.70528,3.625410544511668,637.1905048476771,MD-Experiment-0004_Position(81)
42,2520,saved,saved,reconstructed_from_saved_mask,MD-Experiment-0004_Position(81)_t128.png,1294662.107136,308671.5,2183.530212163925,0.9795829961441425,0.8135569991138549,351828.70528,3.679808064852621,641.9530730270919,MD-Experiment-0004_Position(81)
43,2580,saved,saved,reconstructed_from_saved_mask,MD-Experiment-0004_Position(81)_t131.png,1317059.690496,314011.5,2206.986050963402,0.9804709210468798,0.8101328468078648,351828.70528,3.743468542306202,647.4821388880472,MD-Experiment-0004_Position(81)
44,2640,saved,saved,reconstructed_from_saved_mask,MD-Experiment-0004_Position(81)_t134.png,1336443.666432,318633.0,2206.057118177414,0.9815689922862706,0.8227485223706732,351828.70528,3.7985634667540906,652.2294315292877,MD-Experiment-0004_Position(81)
45,2700,saved,saved,reconstructed_from_saved_mask,MD-Experiment-0004_Position(81)_t137.png,1356362.416128,323382.0,2218.0571236610413,0.982423841964957,0.8260003915735074,351828.70528,3.8551783745119663,657.0719643248182,MD-Experiment-0004_Position(81)
46,2760,saved,saved,reconstructed_from_saved_mask,MD-Experiment-0004_Position(81)_t140.png,1376602.03008,328207.5,2240.4418972730637,0.9830074188108937,0.8216578218974326,351828.70528,3.9127052722558338,661.9562187298643,MD-Experiment-0004_Position(81)
47,2820,saved,saved,reconstructed_from_saved_mask,MD-Experiment-0004_Position(81)_t143.png,1402287.947776,334331.5,2271.2703227996826,0.9806570927415333,0.8144220215353811,351828.70528,3.9857121568861205,668.1033730295635,MD-Experiment-0004_Position(81)
48,2880,saved,saved,reconstructed_from_saved_mask,MD-Experiment-0004_Position(81)_t146.png,1421833.404416,338991.5,2283.6134691238403,0.9809023080718131,0.8168710049473229,351828.70528,4.041266056686436,672.7433605261137,MD-Experiment-0004_Position(81)
49,2940,saved,saved,reconstructed_from_saved_mask,MD-Experiment-0004_Position(81)_t149.png,1445927.583744,344736.0,2307.454087495804,0.9814589955544294,0.813636392089106,351828.70528,4.109748755699937,678.4195196274619,MD-Experiment-0004_Position(81)
50,3000,saved,saved,reconstructed_from_saved_mask,MD-Experiment-0004_Position(81)_t152.png,1472683.04896,351115.0,2325.4540914297104,0.9809462611926747,0.8159127260549054,351828.70528,4.185795606950198,684.6674913410563,MD-Experiment-0004_Position(81)
51,3060,saved,saved,reconstructed_from_saved_mask,MD-Experiment-0004_Position(81)_t155.png,1495720.2636799999,356607.5,2344.039875268936,0.9811221864863303,0.8155870965257137,351828.70528,4.2512741036569,690.0018455734522,MD-Experiment-0004_Position(81)
52,3120,saved,saved,reconstructed_from_saved_mask,MD-Experiment-0004_Position(81)_t158.png,1520338.731008,362477.0,2356.5667881965637,0.9799244666845092,0.820220866009925,351828.70528,4.321246982386076,695.657134246437,MD-Experiment-0004_Position(81)
53,3180,saved,saved,reconstructed_from_saved_mask,MD-Experiment-0004_Position(81)_t161.png,1542744.702976,367819.0,2373.5962257385254,0.9795080875812886,0.8204088524351205,351828.70528,4.384931302715108,700.76450453411,MD-Experiment-0004_Position(81)
54,3240,saved,saved,reconstructed_from_saved_mask,MD-Experiment-0004_Position(81)_t164.png,1567168.135168,373642.0,2390.223643183708,0.9786238208921605,0.8218422728498802,351828.70528,4.454349834590051,706.2896790525751,MD-Experiment-0004_Position(81)
55,3300,saved,saved,reconstructed_from_saved_mask,MD-Experiment-0004_Position(81)_t167.png,1591151.16544,379360.0,2419.537349462509,0.9796394784173823,0.8143230717632347,351828.70528,4.52251661550383,711.673482976858,MD-Experiment-0004_Position(81)
56,3360,saved,saved,reconstructed_from_saved_mask,MD-Experiment-0004_Position(81)_t170.png,1617357.176832,385608.0,2438.424649953842,0.9792995207728585,0.8149617383444926,351828.70528,4.597001758412064,717.5101245807831,MD-Experiment-0004_Position(81)
57,3420,saved,saved,reconstructed_from_saved_mask,MD-Experiment-0004_Position(81)_t173.png,1644716.621824,392131.0,2464.223642349243,0.9798816538474994,0.8114855689526285,351828.70528,4.6747652966947815,723.5534262909589,MD-Experiment-0004_Position(81)
58,3480,saved,saved,reconstructed_from_saved_mask,MD-Experiment-0004_Position(81)_t176.png,1668198.4327679998,397729.5,2481.6967306137085,0.9797982410760476,0.811521912717137,351828.70528,4.7415074658003755,728.7002492564142,MD-Experiment-0004_Position(81)
59,3540,saved,saved,reconstructed_from_saved_mask,MD-Experiment-0004_Position(81)_t179.png,1699571.826688,405209.5,2494.466279029846,0.9803997236944137,0.8183408068141639,351828.70528,4.83067981998629,735.5205739571359,MD-Experiment-0004_Position(81)
60,3600,saved,saved,reconstructed_from_saved_mask,MD-Experiment-0004_Position(81)_t182.png,1719603.822592,409985.5,2506.1231315135956,0.9806271451977469,0.8203015858726573,351828.70528,4.8876166065627515,739.8424812421026,MD-Experiment-0004_Position(81)
61,3660,saved,saved,reconstructed_from_saved_mask,MD-Experiment-0004_Position(81)_t185.png,1742523.5968,415450.0,2515.8804951906204,0.9834253358961491,0.8247999215047601,351828.70528,4.952761303013143,744.7566634612795,MD-Experiment-0004_Position(81)
62,3720,saved,saved,reconstructed_from_saved_mask,MD-Experiment-0004_Position(81)_t188.png,1767561.494528,421419.5,2547.7799891233444,0.9823103738037824,0.8158318329258407,351828.70528,5.023926325514857,750.0881935786342,MD-Experiment-0004_Position(81)
63,3780,saved,saved,reconstructed_from_saved_mask,MD-Experiment-0004_Position(81)_t191.png,1792077.201408,427264.5,2558.6916768550873,0.9832309864308373,0.8201074580818244,351828.70528,5.09360712901976,755.2720635722909,MD-Experiment-0004_Position(81)
64,3840,saved,saved,reconstructed_from_saved_mask,MD-Experiment-0004_Position(81)_t194.png,1817477.906432,433320.5,2560.0642614364624,0.9848249137779191,0.8308399402789484,351828.70528,5.165803355884719,760.605801672538,MD-Experiment-0004_Position(81)
65,3900,saved,saved,reconstructed_from_saved_mask,MD-Experiment-0004_Position(81)_t197.png,1839615.442944,438598.5,2596.4906693696976,0.9820241499058499,0.8175295766177447,351828.70528,5.228724704199326,765.2240078992872,MD-Experiment-0004_Position(81)
66,3960,saved,saved,reconstructed_from_saved_mask,MD-Experiment-0004_Position(81)_t200.png,1865534.144512,444778.0,2607.7038682699203,0.9804020111579147,0.8219333819380942,351828.70528,5.302393228623372,770.5958481665925,MD-Experiment-0004_Position(81)
67,4020,saved,saved,reconstructed_from_saved_mask,MD-Experiment-0004_Position(81)_t203.png,1894887.9810559999,451776.5,2622.431793451309,0.9812471696453491,0.8255152443670812,351828.70528,5.385825410544512,776.6347774732782,MD-Experiment-0004_Position(81)
68,4080,saved,saved,reconstructed_from_saved_mask,MD-Experiment-0004_Position(81)_t206.png,1919477.0882559998,457639.0,2652.331288576126,0.9783461031964563,0.8174804115498064,351828.70528,5.455714839209608,781.6575551321444,MD-Experiment-0004_Position(81)
69,4140,saved,saved,reconstructed_from_saved_mask,MD-Experiment-0004_Position(81)_t209.png,1948478.6032639998,464553.5,2664.4317902326584,0.9803788532682215,0.8223115437708515,351828.70528,5.538145620361815,787.5404766972395,MD-Experiment-0004_Position(81)
70,4200,saved,saved,reconstructed_from_saved_mask,MD-Experiment-0004_Position(81)_t212.png,1969569.660928,469582.0,2705.2185879945755,0.9792169092385858,0.8063369832130688,351828.70528,5.598092569963938,791.7913201096858,MD-Experiment-0004_Position(81)
71,4260,saved,saved,reconstructed_from_saved_mask,MD-Experiment-0004_Position(81)_t215.png,1997195.444224,476168.5,2700.632800936699,0.9808038509705698,0.8204260656909549,351828.70528,5.676613119542217,797.3249366084863,MD-Experiment-0004_Position(81)
72,4320,saved,saved,reconstructed_from_saved_mask,MD-Experiment-0004_Position(81)_t218.png,2021069.4225919999,481860.5,2730.147519469261,0.980860557379652,0.8123795131482784,351828.70528,5.744469943075135,802.0762918044636,MD-Experiment-0004_Position(81)
73,4380,saved,saved,reconstructed_from_saved_mask,MD-Experiment-0004_Position(81)_t221.png,2047743.09888,488220.0,2731.64499604702,0.9826988087126911,0.8221989440288197,351828.70528,5.820284326289751,807.3517651793026,MD-Experiment-0004_Position(81)
74,4440,saved,saved,reconstructed_from_saved_mask,MD-Experiment-0004_Position(81)_t224.png,2076555.8702079998,495089.5,2739.544492125511,0.9834658620258118,0.8289662773633376,351828.70528,5.902178642744315,813.0118465927732,MD-Experiment-0004_Position(81)
75,4500,saved,saved,reconstructed_from_saved_mask,MD-Experiment-0004_Position(81)_t227.png,2099834.257408,500639.5,2757.544489502907,0.9845931007220632,0.8273512362278354,351828.70528,5.968342622120228,817.5561164105893,MD-Experiment-0004_Position(81)
76,4560,saved,saved,reconstructed_from_saved_mask,MD-Experiment-0004_Position(81)_t230.png,2125400.6374399997,506735.0,2787.787128329277,0.9826034769776996,0.8193539444882403,351828.70528,6.04100974577534,822.5181061827651,MD-Experiment-0004_Position(81)
77,4620,saved,saved,reconstructed_from_saved_mask,MD-Experiment-0004_Position(81)_t233.png,2151564.705792,512973.0,2800.3312858343124,0.9830675429779315,0.8220259846661719,351828.70528,6.115375674306321,827.565294473924,MD-Experiment-0004_Position(81)
78,4680,saved,saved,reconstructed_from_saved_mask,MD-Experiment-0004_Position(81)_t236.png,2176319.488,518875.0,2823.644998073578,0.9811383189940437,0.8178100097279316,351828.70528,6.185735999761571,832.3124464555636,MD-Experiment-0004_Position(81)
79,4740,saved,saved,reconstructed_from_saved_mask,MD-Experiment-0004_Position(81)_t239.png,2198759.0143999998,524225.0,2852.816570043564,0.9807305551658014,0.8094311164373607,351828.70528,6.249515691592405,836.5923329909542,MD-Experiment-0004_Position(81)
80,4800,saved,saved,reconstructed_from_saved_mask,MD-Experiment-0004_Position(81)_t242.png,2223509.602304,530126.0,2882.757690191269,0.9800985596899927,0.8016276525763999,351828.70528,6.319864095609931,841.287756025221,MD-Experiment-0004_Position(81)
81,4860,saved,saved,reconstructed_from_saved_mask,MD-Experiment-0004_Position(81)_t245.png,2253347.8809599997,537240.0,2886.899829030037,0.9794257514008009,0.8100554996121149,351828.70528,6.404673203588352,846.9137544761352,MD-Experiment-0004_Position(81)
82,4920,saved,saved,reconstructed_from_saved_mask,MD-Experiment-0004_Position(81)_t248.png,2278331.252736,543196.5,2889.828759431839,0.9799931804158863,0.8173773694578704,351828.70528,6.475683247399636,851.5957736786681,MD-Experiment-0004_Position(81)
0,0,saved,saved,reconstructed_from_saved_mask,MD-Experiment-0004_Position(82)_t002.png,198807.912448,47399.5,836.6244519948959,0.9835043417817386,0.8509862000225484,198807.912448,1.0,251.56017964646134,MD-Experiment-0004_Position(82)
1,60,saved,saved,reconstructed_from_saved_mask,MD-Experiment-0004_Position(82)_t005.png,257647.70611199999,61428.0,959.8620392084122,0.981936762684229,0.8378352082211327,198807.912448,1.2959630375847846,286.3770451834879,MD-Experiment-0004_Position(82)
2,120,saved,saved,reconstructed_from_saved_mask,MD-Experiment-0004_Position(82)_t008.png,301004.22656,71765.0,1053.6021529436111,0.9733421040139427,0.812398764798519,198807.912448,1.5140455068091436,309.5361385963738,MD-Experiment-0004_Position(82)
3,180,saved,saved,reconstructed_from_saved_mask,MD-Experiment-0004_Position(82)_t011.png,337412.882432,80445.5,1109.9280544519424,0.9773122107079076,0.8205819540904497,198807.912448,1.6971803500036922,327.72222415313047,MD-Experiment-0004_Position(82)
4,240,saved,saved,reconstructed_from_saved_mask,MD-Experiment-0004_Position(82)_t014.png,363807.637504,86738.5,1152.2712004184723,0.9783549051123707,0.8209417763506281,198807.912448,1.8299454635597423,340.2992325684735,MD-Experiment-0004_Position(82)
5,300,saved,saved,reconstructed_from_saved_mask,MD-Experiment-0004_Position(82)_t017.png,393553.641472,93830.5,1191.8691800832748,0.9810698340669797,0.8300355915916385,198807.912448,1.9795672950136605,353.93786859301827,MD-Experiment-0004_Position(82)
6,360,saved,saved,reconstructed_from_saved_mask,MD-Experiment-0004_Position(82)_t020.png,421028.429824,100381.0,1228.111819267273,0.9844797402992247,0.8363451828912666,198807.912448,2.117764955326533,366.084022565063,MD-Experiment-0004_Position(82)
7,420,saved,saved,reconstructed_from_saved_mask,MD-Experiment-0004_Position(82)_t023.png,446666.11302399996,106493.5,1250.4965966939926,0.9867133029116768,0.8557914367867958,198807.912448,2.2467220118355677,377.06529885263325,MD-Experiment-0004_Position(82)
8,480,saved,saved,reconstructed_from_saved_mask,MD-Experiment-0004_Position(82)_t026.png,472559.64876799996,112667.0,1289.5087914466858,0.9877784694154882,0.8514477060436099,198807.912448,2.3769660017510734,387.84069927535216,MD-Experiment-0004_Position(82)
9,540,saved,saved,reconstructed_from_saved_mask,MD-Experiment-0004_Position(82)_t029.png,492302.23769599997,117374.0,1323.7930592298508,0.9855576267486187,0.8416694614014386,198807.912448,2.4762708467388896,395.8594059120476,MD-Experiment-0004_Position(82)
10,600,saved,saved,reconstructed_from_saved_mask,MD-Experiment-0004_Position(82)_t032.png,509211.574272,121405.5,1351.692554950714,0.9817923773017297,0.8350113571970578,198807.912448,2.561324486545217,402.60039524321036,MD-Experiment-0004_Position(82)
11,660,saved,saved,reconstructed_from_saved_mask,MD-Experiment-0004_Position(82)_t035.png,535933.485056,127776.5,1385.006264090538,0.9819180124414526,0.8370615180565969,198807.912448,2.6957351870800323,413.02896584895547,MD-Experiment-0004_Position(82)
12,720,saved,saved,reconstructed_from_saved_mask,MD-Experiment-0004_Position(82)_t038.png,556217.1392,132612.5,1408.319972038269,0.9832580141691475,0.8402173590873654,198807.912448,2.7977615797635,420.7724019849991,MD-Experiment-0004_Position(82)
13,780,saved,saved,reconstructed_from_saved_mask,MD-Experiment-0004_Position(82)_t041.png,572344.2380799999,136457.5,1423.4326697587967,0.9833428215235391,0.8463176845138131,198807.912448,2.87888057890906,426.8288055897741,MD-Experiment-0004_Position(82)
14,840,saved,saved,reconstructed_from_saved_mask,MD-Experiment-0004_Position(82)_t044.png,587364.0407039999,140038.5,1441.9179521799088,0.981393686467849,0.8464010947640866,198807.912448,2.954429899049568,432.39308614377916,MD-Experiment-0004_Position(82)
15,900,saved,saved,reconstructed_from_saved_mask,MD-Experiment-0004_Position(82)_t047.png,604808.15104,144197.5,1467.0895253419876,0.981416067733856,0.8418880833468311,198807.912448,3.0421734406481082,438.7669241414755,MD-Experiment-0004_Position(82)
16,960,saved,saved,reconstructed_from_saved_mask,MD-Experiment-0004_Position(82)_t050.png,618976.509952,147575.5,1492.3443577289581,0.9802554666950076,0.8326951429750393,198807.912448,3.113440015190034,443.8764945717008,MD-Experiment-0004_Position(82)
17,1020,saved,saved,reconstructed_from_saved_mask,MD-Experiment-0004_Position(82)_t053.png,632461.197312,150790.5,1503.574804186821,0.9802093151753503,0.8381731919171115,198807.912448,3.181267734891718,448.6854708278915,MD-Experiment-0004_Position(82)
18,1080,saved,saved,reconstructed_from_saved_mask,MD-Experiment-0004_Position(82)_t056.png,649412.476928,154832.0,1524.788006901741,0.9793945834479836,0.8368577702644708,198807.912448,3.266532347387631,454.65856597812524,MD-Experiment-0004_Position(82)
19,1140,saved,saved,reconstructed_from_saved_mask,MD-Experiment-0004_Position(82)_t059.png,663534.698496,158199.0,1547.1311544179916,0.9786544344399457,0.8305376693737284,198807.912448,3.3375668519710127,459.5755154022651,MD-Experiment-0004_Position(82)
20,1200,saved,saved,reconstructed_from_saved_mask,MD-Experiment-0004_Position(82)_t062.png,676534.9437439999,161298.5,1559.030646443367,0.9803234550493509,0.8339324779045819,198807.912448,3.4029578371079863,464.05577352567207,MD-Experiment-0004_Position(82)
21,1260,saved,saved,reconstructed_from_saved_mask,MD-Experiment-0004_Position(82)_t065.png,694710.960128,165632.0,1574.302727341652,0.9813862958343579,0.8398033724862949,198807.912448,3.4943828521397906,470.2481968588244,MD-Experiment-0004_Position(82)
22,1320,saved,saved,reconstructed_from_saved_mask,MD-Experiment-0004_Position(82)_t068.png,706438.234112,168428.0,1596.9890184402466,0.9794090795434061,0.8298895503410281,198807.912448,3.55337081614785,474.20066838424935,MD-Experiment-0004_Position(82)
23,1380,saved,saved,reconstructed_from_saved_mask,MD-Experiment-0004_Position(82)_t071.png,719279.095808,171489.5,1614.4032320976257,0.9800380038003801,0.826843585156649,198807.912448,3.6179601050643995,478.4910104913407,MD-Experiment-0004_Position(82)
24,1440,saved,saved,reconstructed_from_saved_mask,MD-Experiment-0004_Position(82)_t074.png,731692.138496,174449.0,1626.7880055904388,0.9765202764164383,0.8283548606629305,198807.912448,3.680397472547179,482.60215636301933,MD-Experiment-0004_Position(82)
25,1500,saved,saved,reconstructed_from_saved_mask,MD-Experiment-0004_Position(82)_t077.png,745850.011648,177824.5,1643.8590749502182,0.9782455619185935,0.8269367506097842,198807.912448,3.7516113039167083,487.24884024269755,MD-Experiment-0004_Position(82)
26,1560,saved,saved,reconstructed_from_saved_mask,MD-Experiment-0004_Position(82)_t080.png,758453.895168,180829.5,1656.8296399116516,0.9799144882299389,0.8277962123530624,198807.912448,3.815008597137101,491.34852502737687,MD-Experiment-0004_Position(82)
27,1620,saved,saved,reconstructed_from_saved_mask,MD-Experiment-0004_Position(82)_t083.png,773935.071232,184520.5,1672.545367717743,0.9801365133326251,0.8288933838336072,198807.912448,3.8928786168630474,496.3377725274411,MD-Experiment-0004_Position(82)
28,1680,saved,saved,reconstructed_from_saved_mask,MD-Experiment-0004_Position(82)_t086.png,785922.392064,187378.5,1689.3737947940826,0.9785391251671123,0.8250459098152056,198807.912448,3.953174611546536,500.16683933182173,MD-Experiment-0004_Position(82)
29,1740,saved,saved,reconstructed_from_saved_mask,MD-Experiment-0004_Position(82)_t089.png,802231.943168,191267.0,1693.9007046222687,0.9808111420498541,0.8376720265493653,198807.912448,4.0352113418917925,505.32995015416145,MD-Experiment-0004_Position(82)
30,1800,saved,saved,reconstructed_from_saved_mask,MD-Experiment-0004_Position(82)_t092.png,817805.39392,194980.0,1718.3859866857529,0.9823362856826174,0.8297714449130451,198807.912448,4.113545501534826,510.21127178764414,MD-Experiment-0004_Position(82)
31,1860,saved,saved,reconstructed_from_saved_mask,MD-Experiment-0004_Position(82)_t095.png,827911.569408,197389.5,1724.6286264657974,0.9832259896292532,0.8339552171586858,198807.912448,4.164379371090413,513.3541053001369,MD-Experiment-0004_Position(82)
32,1920,saved,saved,reconstructed_from_saved_mask,MD-Experiment-0004_Position(82)_t098.png,838848.2170879999,199997.0,1740.0428420305252,0.9825979296351068,0.830067600487815,198807.912448,4.219390499899788,516.7336649636416,MD-Experiment-0004_Position(82)
33,1980,saved,saved,reconstructed_from_saved_mask,MD-Experiment-0004_Position(82)_t101.png,855591.878656,203989.0,1752.1849765777588,0.9826556738177991,0.8349427698767361,198807.912448,4.3036107975822535,521.8652637556623,MD-Experiment-0004_Position(82)
34,2040,saved,saved,reconstructed_from_saved_mask,MD-Experiment-0004_Position(82)_t104.png,873707.077632,208308.0,1790.9545277357101,0.9815362360496922,0.816106232813918,198807.912448,4.394729902214158,527.3609773570796,MD-Experiment-0004_Position(82)
35,2100,saved,saved,reconstructed_from_saved_mask,MD-Experiment-0004_Position(82)_t107.png,890182.3037439999,212236.0,1788.67025744915,0.9830337333660647,0.8336204212231739,198807.912448,4.477599974683277,532.3098982618839,MD-Experiment-0004_Position(82)
36,2160,saved,saved,reconstructed_from_saved_mask,MD-Experiment-0004_Position(82)_t110.png,907913.723904,216463.5,1806.7707620859146,0.9832255690838109,0.8332751534958867,198807.912448,4.5667886792054775,537.585262186924,MD-Experiment-0004_Position(82)
37,2220,saved,saved,reconstructed_from_saved_mask,MD-Experiment-0004_Position(82)_t113.png,921880.756224,219793.5,1830.7707624435425,0.9807503095612596,0.8240560887582946,198807.912448,4.637042584837393,541.7044937866847,MD-Experiment-0004_Position(82)
38,2280,saved,saved,reconstructed_from_saved_mask,MD-Experiment-0004_Position(82)_t116.png,940195.18464,224160.0,1839.6996947526932,0.9816294804142672,0.8322889129651129,198807.912448,4.729163809744829,547.0588836800902,MD-Experiment-0004_Position(82)
39,2340,saved,saved,reconstructed_from_saved_mask,MD-Experiment-0004_Position(82)_t119.png,957945.4791679999,228392.0,1853.7829550504684,0.9810463285718274,0.8351663397004391,198807.912448,4.818447451977342,552.198801559948,MD-Experiment-0004_Position(82)
40,2400,saved,saved,reconstructed_from_saved_mask,MD-Experiment-0004_Position(82)_t122.png,972132.712448,231774.5,1890.3098678588867,0.9776235397830686,0.8150974115177797,198807.912448,4.889808964229581,556.2728225024682,MD-Experiment-0004_Position(82)
41,2460,saved,saved,reconstructed_from_saved_mask,MD-Experiment-0004_Position(82)_t125.png,990300.3402239999,236106.0,1886.2682347297668,0.9814216327098977,0.8338923416034306,198807.912448,4.9811917847234675,561.4466925581364,MD-Experiment-0004_Position(82)
42,2520,saved,saved,reconstructed_from_saved_mask,MD-Experiment-0004_Position(82)_t128.png,1008503.619584,240446.0,1910.0672261714935,0.9816626690482266,0.8281902531312654,198807.912448,5.072753932003502,566.5833322343008,MD-Experiment-0004_Position(82)
43,2580,saved,saved,reconstructed_from_saved_mask,MD-Experiment-0004_Position(82)_t131.png,1028332.191744,245173.5,1925.7657098770142,0.9801000593640254,0.8307617492861151,198807.912448,5.172491271004969,572.1261250049333,MD-Experiment-0004_Position(82)
44,2640,saved,saved,reconstructed_from_saved_mask,MD-Experiment-0004_Position(82)_t134.png,1044245.3811199999,248967.5,1939.966720342636,0.9819866724252518,0.8313118339379807,198807.912448,5.252534309433644,576.5358864912541,MD-Experiment-0004_Position(82)
45,2700,saved,saved,reconstructed_from_saved_mask,MD-Experiment-0004_Position(82)_t137.png,1063232.995328,253494.5,1961.5647003650665,0.9805908429782757,0.8278909401972911,198807.912448,5.348041646008925,581.7538772794785,MD-Experiment-0004_Position(82)
46,2760,saved,saved,reconstructed_from_saved_mask,MD-Experiment-0004_Position(82)_t140.png,1080958.1240319998,257720.5,1976.250988483429,0.9807443855232789,0.8292292806640664,198807.912448,5.4371987046276855,586.5830354093696,MD-Experiment-0004_Position(82)
47,2820,saved,saved,reconstructed_from_saved_mask,MD-Experiment-0004_Position(82)_t143.png,1098559.520768,261917.0,1988.2093605995178,0.9826905363551264,0.8326247636924392,198807.912448,5.525733393812172,591.3394592125421,MD-Experiment-0004_Position(82)
48,2880,saved,saved,reconstructed_from_saved_mask,MD-Experiment-0004_Position(82)_t146.png,1116305.620992,266148.0,2009.1799223423004,0.9818948517923451,0.8285055303963649,198807.912448,5.614995938775726,596.0965653015368,MD-Experiment-0004_Position(82)
49,2940,saved,saved,reconstructed_from_saved_mask,MD-Experiment-0004_Position(82)_t149.png,1134114.6357759999,270394.0,2041.1210463047028,0.9812491608028713,0.8155853062835949,198807.912448,5.704574942773657,600.8326727411134,MD-Experiment-0004_Position(82)
50,3000,saved,saved,reconstructed_from_saved_mask,MD-Experiment-0004_Position(82)_t152.png,1154895.314944,275348.5,2050.3931279182434,0.9796856876516591,0.8230349991579182,198807.912448,5.809101361828712,606.3122926792906,MD-Experiment-0004_Position(82)
51,3060,saved,saved,reconstructed_from_saved_mask,MD-Experiment-0004_Position(82)_t155.png,1172458.962944,279536.0,2077.606328725815,0.9785002695342309,0.8138063818994379,198807.912448,5.89744617559257,610.9052946651141,MD-Experiment-0004_Position(82)
52,3120,saved,saved,reconstructed_from_saved_mask,MD-Experiment-0004_Position(82)_t158.png,1190213.451776,283769.0,2085.6063299179077,0.9802071855170484,0.8198042042922365,198807.912448,5.986750915094041,615.5133697729361,MD-Experiment-0004_Position(82)
53,3180,saved,saved,reconstructed_from_saved_mask,MD-Experiment-0004_Position(82)_t161.png,1211270.955008,288789.5,2103.9911053180695,0.9787550244358736,0.819791599719556,198807.912448,6.092669753900357,620.9343925297808,MD-Experiment-0004_Position(82)
54,3240,saved,saved,reconstructed_from_saved_mask,MD-Experiment-0004_Position(82)_t164.png,1230176.780288,293297.0,2124.2337465286255,0.9787120444879729,0.816794635811201,198807.912448,6.187765693730946,625.7614808530606,MD-Experiment-0004_Position(82)
55,3300,saved,saved,reconstructed_from_saved_mask,MD-Experiment-0004_Position(82)_t167.png,1252490.4775679999,298617.0,2141.748466730118,0.9798560159603092,0.8180643417233245,198807.912448,6.300003164590343,631.4111983176666,MD-Experiment-0004_Position(82)
56,3360,saved,saved,reconstructed_from_saved_mask,MD-Experiment-0004_Position(82)_t170.png,1270999.9411199999,303030.0,2171.8905993700027,0.9766560416149649,0.8072714597850743,198807.912448,6.393105412504351,636.0596250333075,MD-Experiment-0004_Position(82)
57,3420,saved,saved,reconstructed_from_saved_mask,MD-Experiment-0004_Position(82)_t173.png,1290591.535104,307701.0,2186.7190276384354,0.9784142236863234,0.8086355006391391,198807.912448,6.491650755809661,640.9430900233795,MD-Experiment-0004_Position(82)
58,3480,saved,saved,reconstructed_from_saved_mask,MD-Experiment-0004_Position(82)_t176.png,1312510.967808,312927.0,2217.2043093442917,0.9777547950063507,0.7999106381790727,198807.912448,6.601905083386956,646.3630688536756,MD-Experiment-0004_Position(82)
59,3540,saved,saved,reconstructed_from_saved_mask,MD-Experiment-0004_Position(82)_t179.png,1332698.1529599999,317740.0,2220.861161351204,0.9784849711988396,0.809541163938349,198807.912448,6.703446238884376,651.3148220223809,MD-Experiment-0004_Position(82)
60,3600,saved,saved,reconstructed_from_saved_mask,MD-Experiment-0004_Position(82)_t182.png,1357878.6570239998,323743.5,2224.61852145195,0.981939532541902,0.8220530106260249,198807.912448,6.830103693076931,657.4391232416184,MD-Experiment-0004_Position(82)
61,3660,saved,saved,reconstructed_from_saved_mask,MD-Experiment-0004_Position(82)_t185.png,1376094.519296,328086.5,2238.9616672992706,0.9816321615196926,0.8224412948661826,198807.912448,6.921729132163842,661.834186043036,MD-Experiment-0004_Position(82)
62,3720,saved,saved,reconstructed_from_saved_mask,MD-Experiment-0004_Position(82)_t188.png,1404043.264,334750.0,2255.772851228714,0.983520341756792,0.8266843549935275,198807.912448,7.062310783869028,668.5213919995066,MD-Experiment-0004_Position(82)
63,3780,saved,saved,reconstructed_from_saved_mask,MD-Experiment-0004_Position(82)_t191.png,1423989.2766719998,339505.5,2276.358635187149,0.982961314801652,0.8233325925972396,198807.912448,7.162638846401333,673.2531950049719,MD-Experiment-0004_Position(82)
64,3840,saved,saved,reconstructed_from_saved_mask,MD-Experiment-0004_Position(82)_t194.png,1446537.854976,344881.5,2288.5596457719803,0.9837188506786427,0.8274757806055376,198807.912448,7.276057764322409,678.5626721077098,MD-Experiment-0004_Position(82)
65,3900,saved,saved,reconstructed_from_saved_mask,MD-Experiment-0004_Position(82)_t197.png,1465403.834368,349379.5,2316.5007722377777,0.9814968283487748,0.8181678019814885,198807.912448,7.370953280097892,682.9732994275607,MD-Experiment-0004_Position(82)
66,3960,saved,saved,reconstructed_from_saved_mask,MD-Experiment-0004_Position(82)_t200.png,1486471.82336,354402.5,2312.2165021896362,0.983476108414711,0.8330089124825776,198807.912448,7.476924862076605,687.8653043359095,MD-Experiment-0004_Position(82)
67,4020,saved,saved,reconstructed_from_saved_mask,MD-Experiment-0004_Position(82)_t203.png,1504456.9989119999,358690.5,2341.530209541321,0.9840293323676587,0.8221105244063988,198807.912448,7.567389951370795,692.0141155295071,MD-Experiment-0004_Position(82)
68,4080,saved,saved,reconstructed_from_saved_mask,MD-Experiment-0004_Position(82)_t206.png,1530088.390656,364801.5,2345.4713369607925,0.9824318319531408,0.833309282238019,198807.912448,7.696315361976392,697.8841318448577,MD-Experiment-0004_Position(82)
69,4140,saved,saved,reconstructed_from_saved_mask,MD-Experiment-0004_Position(82)_t209.png,1546735.583232,368770.5,2372.5007714033127,0.9799972096545951,0.8232908932845003,198807.912448,7.7800504224728115,701.6703125079449,MD-Experiment-0004_Position(82)
70,4200,saved,saved,reconstructed_from_saved_mask,MD-Experiment-0004_Position(82)_t212.png,1566532.698112,373490.5,2390.0154906511307,0.9803144697833673,0.8216521426893012,198807.912448,7.879629531957089,706.1464754845252,MD-Experiment-0004_Position(82)
71,4260,saved,saved,reconstructed_from_saved_mask,MD-Experiment-0004_Position(82)_t215.png,1589332.934656,378926.5,2401.530208706856,0.9823849362622207,0.8256362156005133,198807.912448,7.994314286015676,711.2667471058248,MD-Experiment-0004_Position(82)
72,4320,saved,saved,reconstructed_from_saved_mask,MD-Experiment-0004_Position(82)_t218.png,1612269.48608,384395.0,2410.6012766361237,0.9828560470467911,0.8312598979167587,198807.912448,8.109684701315414,716.380706476468,MD-Experiment-0004_Position(82)
73,4380,saved,saved,reconstructed_from_saved_mask,MD-Experiment-0004_Position(82)_t221.png,1634891.464704,389788.5,2425.8144776821136,0.9834290594452216,0.8323839902809009,198807.912448,8.223472821443265,721.389018527993,MD-Experiment-0004_Position(82)
74,4440,saved,saved,reconstructed_from_saved_mask,MD-Experiment-0004_Position(82)_t224.png,1654571.1390719998,394480.5,2463.5545951128006,0.9817245858883491,0.8167911465923283,198807.912448,8.322461207396701,725.7178177232479,MD-Experiment-0004_Position(82)
75,4500,saved,saved,reconstructed_from_saved_mask,MD-Experiment-0004_Position(82)_t227.png,1673284.0263679998,398942.0,2480.8855496644974,0.9781022792606041,0.8145282766781131,198807.912448,8.416586672855198,729.8101451654074,MD-Experiment-0004_Position(82)
76,4560,saved,saved,reconstructed_from_saved_mask,MD-Experiment-0004_Position(82)_t230.png,1697627.766784,404746.0,2494.1403806209564,0.9795816618564436,0.8176183727916931,198807.912448,8.539035221890527,735.0997899791959,MD-Experiment-0004_Position(82)
77,4620,saved,saved,reconstructed_from_saved_mask,MD-Experiment-0004_Position(82)_t233.png,1717995.3070079999,409602.0,2498.4835292100906,0.9805541923514274,0.8245537117220384,198807.912448,8.641483559953164,739.4963763521786,MD-Experiment-0004_Position(82)
78,4680,saved,saved,reconstructed_from_saved_mask,MD-Experiment-0004_Position(82)_t236.png,1742095.777792,415348.0,2509.6551002264023,0.9810184359606929,0.8286934494046104,198807.912448,8.762708467388897,744.6652326718589,MD-Experiment-0004_Position(82)
79,4740,saved,saved,reconstructed_from_saved_mask,MD-Experiment-0004_Position(82)_t239.png,1764443.029504,420676.0,2540.826672554016,0.9784528073684701,0.8188559709413663,198807.912448,8.875114716399963,749.42622045082,MD-Experiment-0004_Position(82)
80,4800,saved,saved,reconstructed_from_saved_mask,MD-Experiment-0004_Position(82)_t242.png,1786018.52928,425820.0,2553.856109380722,0.9794605859236181,0.8204329061872303,198807.912448,8.983639067922658,753.9942670718776,MD-Experiment-0004_Position(82)
81,4860,saved,saved,reconstructed_from_saved_mask,MD-Experiment-0004_Position(82)_t245.png,1817308.03712,433280.0,2567.4540885686874,0.9807718643787724,0.82598685178752,198807.912448,9.141024694353316,760.5702560950929,MD-Experiment-0004_Position(82)
82,4920,saved,saved,reconstructed_from_saved_mask,MD-Experiment-0004_Position(82)_t248.png,1836088.0332799999,437757.5,2578.86830163002,0.9814596425776915,0.8271516329256736,198807.912448,9.235487716115149,764.4900083694861,MD-Experiment-0004_Position(82)
0,0,saved,saved,reconstructed_from_saved_mask,MD-Experiment-0004_Position(83)_t002.png,152110.628864,36266.0,805.210237622261,0.940605871978421,0.7028957951560131,152110.628864,1.0,220.04162551900188,MD-Experiment-0004_Position(83)
1,60,saved,saved,reconstructed_from_saved_mask,MD-Experiment-0004_Position(83)_t005.png,192778.60044799998,45962.0,897.6366440057755,0.9476505639058989,0.7168159093253678,152110.628864,1.2673578558429381,247.71623759308417,MD-Experiment-0004_Position(83)
2,120,saved,saved,reconstructed_from_saved_mask,MD-Experiment-0004_Position(83)_t008.png,223665.455104,53326.0,956.0630503892899,0.9516212502453736,0.7331212437001081,152110.628864,1.4704130590635858,266.8237724742681,MD-Experiment-0004_Position(83)
3,180,saved,saved,reconstructed_from_saved_mask,MD-Experiment-0004_Position(83)_t011.png,251444.33049599998,59949.0,1008.3473217487335,0.9615378446436877,0.7409203255808952,152110.628864,1.653035901395246,282.9084944319297,MD-Experiment-0004_Position(83)
4,240,saved,saved,reconstructed_from_saved_mask,MD-Experiment-0004_Position(83)_t014.png,279139.319808,66552.0,1064.1463099718094,0.965221174764322,0.7385302498037464,152110.628864,1.8351072630011582,298.08187653311836,MD-Experiment-0004_Position(83)
5,300,saved,saved,reconstructed_from_saved_mask,MD-Experiment-0004_Position(83)_t017.png,301559.97184,71897.5,1109.217376589775,0.964452194909286,0.7343283996705915,152110.628864,1.9825042739756247,309.821755714439,MD-Experiment-0004_Position(83)
6,360,saved,saved,reconstructed_from_saved_mask,MD-Experiment-0004_Position(83)_t020.png,319306.072064,76128.5,1147.016368508339,0.9507743224678407,0.7271397820236375,152110.628864,2.0991700215077485,318.80759002333224,MD-Experiment-0004_Position(83)
7,420,saved,saved,reconstructed_from_saved_mask,MD-Experiment-0004_Position(83)_t023.png,335905.03014399996,80086.0,1156.7737265825272,0.9572737432838675,0.7520896890709464,152110.628864,2.208294270115259,326.9891311858842,MD-Experiment-0004_Position(83)
8,480,saved,saved,reconstructed_from_saved_mask,MD-Experiment-0004_Position(83)_t026.png,349190.488064,83253.5,1181.3006399869919,0.9540472247847038,0.7497068620390661,152110.628864,2.2956350300556996,333.3928381236078,MD-Experiment-0004_Position(83)
9,540,saved,saved,reconstructed_from_saved_mask,MD-Experiment-0004_Position(83)_t029.png,363186.880512,86590.5,1201.5016508102417,0.953997091421898,0.7537570162447164,152110.628864,2.3876495891468594,340.00878606180265,MD-Experiment-0004_Position(83)
10,600,saved,saved,reconstructed_from_saved_mask,MD-Experiment-0004_Position(83)_t032.png,375270.670336,89471.5,1211.3006389141083,0.9607007296135035,0.7662856448864956,152110.628864,2.4670903876909502,345.6188136701574,MD-Experiment-0004_Position(83)
11,660,saved,saved,reconstructed_from_saved_mask,MD-Experiment-0004_Position(83)_t035.png,404014.235648,96324.5,1233.2417670488358,0.9713607188056209,0.7958847398069763,152110.628864,2.65605525836872,358.61082717305965,MD-Experiment-0004_Position(83)
12,720,saved,saved,reconstructed_from_saved_mask,MD-Experiment-0004_Position(83)_t038.png,414617.43616,98852.5,1252.0701903104782,0.9717334460522177,0.7923921592224837,152110.628864,2.7257624221033474,363.28615293443914,MD-Experiment-0004_Position(83)
13,780,saved,saved,reconstructed_from_saved_mask,MD-Experiment-0004_Position(83)_t041.png,427204.542464,101853.5,1272.0113158226013,0.9764500047934043,0.7910498848920613,152110.628864,2.80851210500193,368.759310782676,MD-Experiment-0004_Position(83)
14,840,saved,saved,reconstructed_from_saved_mask,MD-Experiment-0004_Position(83)_t044.png,439244.292096,104724.0,1298.0529460906982,0.9721420283128336,0.7810363947961313,152110.628864,2.887663376165003,373.91951088965317,MD-Experiment-0004_Position(83)
15,900,saved,saved,reconstructed_from_saved_mask,MD-Experiment-0004_Position(83)_t047.png,452760.436736,107946.5,1312.839741230011,0.9727319831489784,0.7870367283149451,152110.628864,2.976520708101252,379.6289281468939,MD-Experiment-0004_Position(83)
16,960,saved,saved,reconstructed_from_saved_mask,MD-Experiment-0004_Position(83)_t050.png,465414.65190399997,110963.5,1328.6387330293655,0.9738595074687122,0.7899074187961916,152110.628864,3.059711575580433,384.8974991810557,MD-Experiment-0004_Position(83)
17,1020,saved,saved,reconstructed_from_saved_mask,MD-Experiment-0004_Position(83)_t053.png,476972.056576,113719.0,1334.0529458522797,0.9773115960089035,0.8029652740026493,152110.628864,3.1356918325704517,389.6471750719555,MD-Experiment-0004_Position(83)
18,1080,saved,saved,reconstructed_from_saved_mask,MD-Experiment-0004_Position(83)_t056.png,488869.19987199997,116555.5,1346.2955852746964,0.9788328462494541,0.8080938329748334,152110.628864,3.2139055864997514,394.47674122819603,MD-Experiment-0004_Position(83)
19,1140,saved,saved,reconstructed_from_saved_mask,MD-Experiment-0004_Position(83)_t059.png,500575.502336,119346.5,1365.266147494316,0.9783342008943393,0.8046090400012981,152110.628864,3.290864721777974,399.1718065882985,MD-Experiment-0004_Position(83)
20,1200,saved,saved,reconstructed_from_saved_mask,MD-Experiment-0004_Position(83)_t062.png,510310.48192,121667.5,1388.9230021238327,0.975169417827845,0.7925526229741257,152110.628864,3.354864060001103,403.0345784400522,MD-Experiment-0004_Position(83)
21,1260,saved,saved,reconstructed_from_saved_mask,MD-Experiment-0004_Position(83)_t065.png,520779.464704,124163.5,1409.0651395320892,0.9740987722119797,0.7858536401806285,152110.628864,3.4236888545745328,407.1477030965368,MD-Experiment-0004_Position(83)
22,1320,saved,saved,reconstructed_from_saved_mask,MD-Experiment-0004_Position(83)_t068.png,532571.7504,126975.0,1423.793059706688,0.9723626171659622,0.7871080285623938,152110.628864,3.501213257596647,411.73153055665557,MD-Experiment-0004_Position(83)
23,1380,saved,saved,reconstructed_from_saved_mask,MD-Experiment-0004_Position(83)_t071.png,548010.983424,130656.0,1443.4499155282974,0.9704532287535095,0.7880173569259655,152110.628864,3.602713285170683,417.65693309361046,MD-Experiment-0004_Position(83)
24,1440,saved,saved,reconstructed_from_saved_mask,MD-Experiment-0004_Position(83)_t074.png,558385.5943679999,133129.5,1471.834689617157,0.9677465080524692,0.7722645434407854,152110.628864,3.6709176639276455,421.5918108667985,MD-Experiment-0004_Position(83)
25,1500,saved,saved,reconstructed_from_saved_mask,MD-Experiment-0004_Position(83)_t077.png,566864.379904,135151.0,1494.9057561159134,0.9617542723562628,0.7599788378161838,152110.628864,3.726658578282689,424.7805742367314,MD-Experiment-0004_Position(83)
26,1560,saved,saved,reconstructed_from_saved_mask,MD-Experiment-0004_Position(83)_t080.png,576425.2958719999,137430.5,1519.290532708168,0.9642114199317344,0.7481890147368039,152110.628864,3.789513593999889,428.3478380037352,MD-Experiment-0004_Position(83)
27,1620,saved,saved,reconstructed_from_saved_mask,MD-Experiment-0004_Position(83)_t083.png,587544.395776,140081.5,1505.9768251180649,0.9680320646822037,0.776165027031088,152110.628864,3.8626123641978714,432.4594660166229,MD-Experiment-0004_Position(83)
28,1680,saved,saved,reconstructed_from_saved_mask,MD-Experiment-0004_Position(83)_t086.png,601687.5888639999,143453.5,1512.4621057510376,0.9722958364115737,0.7880467966640166,152110.628864,3.9555920145590906,437.6335315415162,MD-Experiment-0004_Position(83)
29,1740,saved,saved,reconstructed_from_saved_mask,MD-Experiment-0004_Position(83)_t089.png,612815.077376,146106.5,1517.6925543546677,0.972736623802026,0.7970981373249656,152110.628864,4.028745932829648,441.6617456054638,MD-Experiment-0004_Position(83)
30,1800,saved,saved,reconstructed_from_saved_mask,MD-Experiment-0004_Position(83)_t092.png,627799.228416,149679.0,1537.2489038705826,0.9736264379591956,0.7959437061149557,152110.628864,4.127254177466498,447.02874733440643,MD-Experiment-0004_Position(83)
31,1860,saved,saved,reconstructed_from_saved_mask,MD-Experiment-0004_Position(83)_t095.png,638098.341888,152134.5,1552.319971203804,0.9727394212202202,0.793368742117631,152110.628864,4.194962223570286,450.6806081699487,MD-Experiment-0004_Position(83)
32,1920,saved,saved,reconstructed_from_saved_mask,MD-Experiment-0004_Position(83)_t098.png,647682.326528,154419.5,1575.1483962535858,0.9733681281103348,0.7821121906479289,152110.628864,4.257968896487068,454.05251639031843,MD-Experiment-0004_Position(83)
33,1980,saved,saved,reconstructed_from_saved_mask,MD-Experiment-0004_Position(83)_t101.png,654930.08384,156147.5,1599.7758164405823,0.9688432639031079,0.7667020856956247,152110.628864,4.30561683119175,456.5859398245317,MD-Experiment-0004_Position(83)
34,2040,saved,saved,reconstructed_from_saved_mask,MD-Experiment-0004_Position(83)_t104.png,666963.542016,159016.5,1654.2610943317413,0.9677510642635662,0.7302035540876132,152110.628864,4.384726741300391,460.76142324184525,MD-Experiment-0004_Position(83)
35,2100,saved,saved,reconstructed_from_saved_mask,MD-Experiment-0004_Position(83)_t107.png,677344.4444159999,161491.5,1681.716940164566,0.9667399991020518,0.7175525871908142,152110.628864,4.452972481111785,464.33332101980346,MD-Experiment-0004_Position(83)
36,2160,saved,saved,reconstructed_from_saved_mask,MD-Experiment-0004_Position(83)_t110.png,685221.347328,163369.5,1686.0600845813751,0.9686924657351489,0.7221621952797236,152110.628864,4.504756521259582,467.0254051747928,MD-Experiment-0004_Position(83)
37,2220,saved,saved,reconstructed_from_saved_mask,MD-Experiment-0004_Position(83)_t113.png,698238.3697919999,166473.0,1706.5037358999252,0.9670819306434607,0.7183551063814182,152110.628864,4.590332542877626,471.44053285398263,MD-Experiment-0004_Position(83)
38,2280,saved,saved,reconstructed_from_saved_mask,MD-Experiment-0004_Position(83)_t116.png,710605.275136,169421.5,1782.8885126113892,0.9664440058412814,0.66977666552417,152110.628864,4.671634588871119,475.59718696617773,MD-Experiment-0004_Position(83)
39,2340,saved,saved,reconstructed_from_saved_mask,MD-Experiment-0004_Position(83)_t119.png,723767.001088,172559.5,1800.4864926338196,0.9685457459019384,0.6689120237449666,152110.628864,4.75816191474108,479.98144937060306,MD-Experiment-0004_Position(83)
40,2400,saved,saved,reconstructed_from_saved_mask,MD-Experiment-0004_Position(83)_t122.png,735060.164608,175252.0,1724.9890196323395,0.9717839309528364,0.7401166545234075,152110.628864,4.83240500744499,483.7116055405441,MD-Experiment-0004_Position(83)
41,2460,saved,saved,reconstructed_from_saved_mask,MD-Experiment-0004_Position(83)_t125.png,741380.980736,176759.0,1941.356549859047,0.9659991091946956,0.5893601797661248,152110.628864,4.87395908013015,485.7868828991817,MD-Experiment-0004_Position(83)
42,2520,saved,saved,reconstructed_from_saved_mask,MD-Experiment-0004_Position(83)_t128.png,766133.665792,182660.5,1776.1433452367783,0.9741763443154091,0.7276097000417086,152110.628864,5.0366872552804285,493.82984919891373,MD-Experiment-0004_Position(83)
43,2580,saved,saved,reconstructed_from_saved_mask,MD-Experiment-0004_Position(83)_t131.png,776489.402368,185129.5,1805.6580649614334,0.9721349954840471,0.7135336649434085,152110.628864,5.104767550874097,497.15616589827965,MD-Experiment-0004_Position(83)
44,2640,saved,saved,reconstructed_from_saved_mask,MD-Experiment-0004_Position(83)_t134.png,794688.4874239999,189468.5,1773.5991876125336,0.9737531189692433,0.7568954918379185,152110.628864,5.224411294325263,502.9485082824107,MD-Experiment-0004_Position(83)
45,2700,saved,saved,reconstructed_from_saved_mask,MD-Experiment-0004_Position(83)_t137.png,807720.1899519999,192575.5,1780.2854804992676,0.973326156287749,0.7635396567946784,152110.628864,5.310083825070313,507.0555410721501,MD-Experiment-0004_Position(83)
46,2760,saved,saved,reconstructed_from_saved_mask,MD-Experiment-0004_Position(83)_t140.png,822677.078016,196141.5,1800.4864917993546,0.9745241443043886,0.7603256142199547,152110.628864,5.408412838471295,511.7286850170571,MD-Experiment-0004_Position(83)
47,2820,saved,saved,reconstructed_from_saved_mask,MD-Experiment-0004_Position(83)_t143.png,831870.992384,198333.5,1889.8590742349625,0.9738580705350895,0.6978259241985286,152110.628864,5.468855126013346,514.5801792775816,MD-Experiment-0004_Position(83)
48,2880,saved,saved,reconstructed_from_saved_mask,MD-Experiment-0004_Position(83)_t146.png,851072.516096,202911.5,1822.2854807376862,0.9763316741286769,0.7678629191304808,152110.628864,5.595089064137208,520.485154190463,MD-Experiment-0004_Position(83)
49,2940,saved,saved,reconstructed_from_saved_mask,MD-Experiment-0004_Position(83)_t149.png,867017.1627519999,206713.0,1818.3859890699387,0.9781665381139183,0.7856072832069639,152110.628864,5.69991176308388,525.338114355871,MD-Experiment-0004_Position(83)
50,3000,saved,saved,reconstructed_from_saved_mask,MD-Experiment-0004_Position(83)_t152.png,880359.243776,209894.0,1875.640819311142,0.9765441260285063,0.7497397495291093,152110.628864,5.7876247725142,529.3647614709413,MD-Experiment-0004_Position(83)
51,3060,saved,saved,reconstructed_from_saved_mask,MD-Experiment-0004_Position(83)_t155.png,889863.53664,212160.0,2028.836776137352,0.9705264795085154,0.6477078394885012,152110.628864,5.850107538741521,532.2145817872561,MD-Experiment-0004_Position(83)
52,3120,saved,saved,reconstructed_from_saved_mask,MD-Experiment-0004_Position(83)_t158.png,904933.670912,215753.0,2106.008352160454,0.9704265769493721,0.6112889267675392,152110.628864,5.949181051122263,536.7022766784938,MD-Experiment-0004_Position(83)
53,3180,saved,saved,reconstructed_from_saved_mask,MD-Experiment-0004_Position(83)_t161.png,923646.5582079999,220214.5,1959.8834586143494,0.9768663817290993,0.7204357916924784,152110.628864,6.072202614018639,542.2230452657268,MD-Experiment-0004_Position(83)
54,3240,saved,saved,reconstructed_from_saved_mask,MD-Experiment-0004_Position(83)_t164.png,936697.135104,223326.0,2110.694639325142,0.9724073969250597,0.6299387685013311,152110.628864,6.157999227926984,546.0402535194975,MD-Experiment-0004_Position(83)
55,3300,saved,saved,reconstructed_from_saved_mask,MD-Experiment-0004_Position(83)_t167.png,947457.622016,225891.5,2170.736272096634,0.971940037777577,0.6024147916182686,152110.628864,6.22874041802239,549.1676682288188,MD-Experiment-0004_Position(83)
56,3360,saved,saved,reconstructed_from_saved_mask,MD-Experiment-0004_Position(83)_t170.png,963014.2955519999,229600.5,2105.0794180631638,0.9727804258023515,0.6510970436432011,152110.628864,6.331012518612474,553.6578102136016,MD-Experiment-0004_Position(83)
57,3420,saved,saved,reconstructed_from_saved_mask,MD-Experiment-0004_Position(83)_t173.png,974009.6634879999,232222.0,2313.8905992507935,0.9666833870675677,0.5450390033469849,152110.628864,6.403297854739977,556.8095770788947,MD-Experiment-0004_Position(83)
58,3480,saved,saved,reconstructed_from_saved_mask,MD-Experiment-0004_Position(83)_t176.png,997390.811136,237796.5,2010.5941364765167,0.9782241145254844,0.7392077285097078,152110.628864,6.557009320024265,563.453064215165,MD-Experiment-0004_Position(83)
59,3540,saved,saved,reconstructed_from_saved_mask,MD-Experiment-0004_Position(83)_t179.png,1020797.1246079999,243377.0,1962.6946430206299,0.9792463838091214,0.7939331268363922,152110.628864,6.7108862295262774,570.0261542690066,MD-Experiment-0004_Position(83)
60,3600,saved,saved,reconstructed_from_saved_mask,MD-Experiment-0004_Position(83)_t182.png,1035980.505088,246997.0,1967.4641917943954,0.9814807824126044,0.8018402794180728,152110.628864,6.810704240886781,574.249803363647,MD-Experiment-0004_Position(83)
61,3660,saved,saved,reconstructed_from_saved_mask,MD-Experiment-0004_Position(83)_t185.png,1048129.306624,249893.5,2015.3636873960495,0.9794809282381232,0.7731396838325428,152110.628864,6.8905724369933266,577.6070639261443,MD-Experiment-0004_Position(83)
62,3720,saved,saved,reconstructed_from_saved_mask,MD-Experiment-0004_Position(83)_t188.png,1064686.321664,253841.0,2028.7779014110565,0.9808138512749873,0.7750016421153332,152110.628864,6.999420945237963,582.1513393184856,MD-Experiment-0004_Position(83)
63,3780,saved,saved,reconstructed_from_saved_mask,MD-Experiment-0004_Position(83)_t191.png,1081337.708544,257811.0,2016.6357650756836,0.9811298495449434,0.7966294860920362,152110.628864,7.108889869299069,586.6860173319982,MD-Experiment-0004_Position(83)
64,3840,saved,saved,reconstructed_from_saved_mask,MD-Experiment-0004_Position(83)_t194.png,1096277.8193919999,261373.0,2037.2631840705872,0.9805225742314257,0.7913640415752268,152110.628864,7.207108586554899,590.7250357962507,MD-Experiment-0004_Position(83)
65,3900,saved,saved,reconstructed_from_saved_mask,MD-Experiment-0004_Position(83)_t197.png,1115621.9494399999,265985.0,2028.233745098114,0.9807290620051141,0.8125142781531057,152110.628864,7.3342800419125345,595.9140002973458,MD-Experiment-0004_Position(83)
66,3960,saved,saved,reconstructed_from_saved_mask,MD-Experiment-0004_Position(83)_t200.png,1129473.6384,269287.5,2060.67739713192,0.9791346999920008,0.7969040674330817,152110.628864,7.425343296751779,599.6020557725732,MD-Experiment-0004_Position(83)
67,4020,saved,saved,reconstructed_from_saved_mask,MD-Experiment-0004_Position(83)_t203.png,1148438.1839359999,273809.0,2074.777901172638,0.979058911449571,0.7993083612101001,152110.628864,7.5500193018254,604.6149416097714,MD-Experiment-0004_Position(83)
68,4080,saved,saved,reconstructed_from_saved_mask,MD-Experiment-0004_Position(83)_t206.png,1167704.71936,278402.5,2099.020541906357,0.9784593269989439,0.7940532310719239,152110.628864,7.676680637511719,609.6654462209227,MD-Experiment-0004_Position(83)
69,4140,saved,saved,reconstructed_from_saved_mask,MD-Experiment-0004_Position(83)_t209.png,1188271.489024,283306.0,2108.0327360630035,0.979805979698767,0.8011446460041084,152110.628864,7.811889924447141,615.0110262643044,MD-Experiment-0004_Position(83)
70,4200,saved,saved,reconstructed_from_saved_mask,MD-Experiment-0004_Position(83)_t212.png,1201670.193152,286500.5,2168.133239507675,0.9780443925552688,0.7658845575857105,152110.628864,7.899975183367341,618.4686753689849,MD-Experiment-0004_Position(83)
71,4260,saved,saved,reconstructed_from_saved_mask,MD-Experiment-0004_Position(83)_t215.png,1222855.6226559998,291551.5,2149.103804707527,0.9790671121782494,0.7932505065982672,152110.628864,8.039251640655158,623.8966533544155,MD-Experiment-0004_Position(83)
72,4320,saved,saved,reconstructed_from_saved_mask,MD-Experiment-0004_Position(83)_t218.png,1241828.5568,296075.0,2168.861162543297,0.981214176941674,0.7909483019311272,152110.628864,8.163982793801356,628.717986520816,MD-Experiment-0004_Position(83)
73,4380,saved,saved,reconstructed_from_saved_mask,MD-Experiment-0004_Position(83)_t221.png,1256070.316032,299470.5,2268.358634710312,0.9771098843014037,0.7313756106851755,152110.628864,8.25761043401533,632.3128967014542,MD-Experiment-0004_Position(83)
74,4440,saved,saved,reconstructed_from_saved_mask,MD-Experiment-0004_Position(83)_t224.png,1275414.44608,304082.5,2197.044927716255,0.9807546859453087,0.7916321347612925,152110.628864,8.384781889372967,637.1632657089447,MD-Experiment-0004_Position(83)
75,4500,saved,saved,reconstructed_from_saved_mask,MD-Experiment-0004_Position(83)_t227.png,1292772.5731839999,308221.0,2210.115995287895,0.9800225116373719,0.7929429711214541,152110.628864,8.498897038548503,641.4844430161384,MD-Experiment-0004_Position(83)
76,4560,saved,saved,reconstructed_from_saved_mask,MD-Experiment-0004_Position(83)_t230.png,1313379.1887359999,313134.0,2231.08655667305,0.9788343414451165,0.790509786733392,152110.628864,8.634368278828655,646.5768168460074,MD-Experiment-0004_Position(83)
77,4620,saved,saved,reconstructed_from_saved_mask,MD-Experiment-0004_Position(83)_t233.png,1329437.0816,316962.5,2233.4713331460953,0.9776124927133035,0.7984670195188961,152110.628864,8.739935476755086,650.5174602826636,MD-Experiment-0004_Position(83)
78,4680,saved,saved,reconstructed_from_saved_mask,MD-Experiment-0004_Position(83)_t236.png,1346598.076416,321054.0,2250.8855472803116,0.9765514975833656,0.7963080827074108,152110.628864,8.852754646225115,654.7025893024163,MD-Experiment-0004_Position(83)
79,4740,saved,saved,reconstructed_from_saved_mask,MD-Experiment-0004_Position(83)_t239.png,1362035.212288,324734.5,2285.8144801855087,0.9751845356428567,0.7810095344352244,152110.628864,8.954240886781006,658.4445864320767,MD-Experiment-0004_Position(83)
80,4800,saved,saved,reconstructed_from_saved_mask,MD-Experiment-0004_Position(83)_t242.png,1380334.96064,329097.5,2297.6134682893753,0.973701573437953,0.7833944862027222,152110.628864,9.074546407103071,662.8531241661501,MD-Experiment-0004_Position(83)
81,4860,saved,saved,reconstructed_from_saved_mask,MD-Experiment-0004_Position(83)_t245.png,1405299.458048,335049.5,2302.4418960809708,0.9740193292469327,0.7942212078103396,152110.628864,9.238667071085866,668.820387357773,MD-Experiment-0004_Position(83)
82,4920,saved,saved,reconstructed_from_saved_mask,MD-Experiment-0004_Position(83)_t248.png,1425677.484032,339908.0,2347.0276832580566,0.9731411909032479,0.775416121166397,152110.628864,9.372635526388352,673.6521637143452,MD-Experiment-0004_Position(83)
0,0,saved,saved,reconstructed_from_saved_mask,MD-Experiment-0004_Position(85)_t002.png,272029.974528,64857.0,1100.2295714616776,0.9514288229081094,0.6732867893388733,272029.974528,1.0,294.26149974229924,MD-Experiment-0004_Position(85)
1,60,saved,saved,reconstructed_from_saved_mask,MD-Experiment-0004_Position(85)_t005.png,337133.96121599997,80379.0,1223.9696856737137,0.9434985474073422,0.6742347612008012,272029.974528,1.2393265183403488,327.58674091506737,MD-Experiment-0004_Position(85)
2,120,saved,saved,reconstructed_from_saved_mask,MD-Experiment-0004_Position(85)_t008.png,388728.09472,92680.0,1315.9108084440231,0.9412816176881319,0.6725785010154138,272029.974528,1.4289899316958847,351.7612764173524,MD-Experiment-0004_Position(85)
3,180,saved,saved,reconstructed_from_saved_mask,MD-Experiment-0004_Position(85)_t011.png,429857.439744,102486.0,1397.9940694570541,0.928231138483833,0.6589671253332723,272029.974528,1.5801840973218002,369.90251786135264,MD-Experiment-0004_Position(85)
4,240,saved,saved,reconstructed_from_saved_mask,MD-Experiment-0004_Position(85)_t014.png,466754.73203199997,111283.0,1465.2489037513733,0.9284725003337339,0.651352191588897,272029.974528,1.7158209599580616,385.45122341076,MD-Experiment-0004_Position(85)
5,300,saved,saved,reconstructed_from_saved_mask,MD-Experiment-0004_Position(85)_t017.png,499271.07379199995,119035.5,1507.2905340194702,0.9350895729329096,0.6584039399493076,272029.974528,1.8353531615708403,398.6513748547601,MD-Experiment-0004_Position(85)
6,360,saved,saved,reconstructed_from_saved_mask,MD-Experiment-0004_Position(85)_t020.png,530111.791104,126388.5,1541.5748018026352,0.9381012113294935,0.6683257861923375,272029.974528,1.9487256579860306,410.7795319767036,MD-Experiment-0004_Position(85)
7,420,saved,saved,reconstructed_from_saved_mask,MD-Experiment-0004_Position(85)_t023.png,552203.1902719999,131655.5,1577.3737941980362,0.9360538075144241,0.664935665501753,272029.974528,2.0299350879627487,419.2513979056079,MD-Experiment-0004_Position(85)
8,480,saved,saved,reconstructed_from_saved_mask,MD-Experiment-0004_Position(85)_t026.png,577188.6592,137612.5,1613.8590747117996,0.9423545081335748,0.6639517677480529,272029.974528,2.121783307892749,428.63137591236455,MD-Experiment-0004_Position(85)
9,540,saved,saved,reconstructed_from_saved_mask,MD-Experiment-0004_Position(85)_t029.png,598659.3013759999,142731.5,1642.2022213935852,0.9424331462528888,0.6650838825928963,272029.974528,2.2007107945171684,436.53083978553246,MD-Experiment-0004_Position(85)
10,600,saved,saved,reconstructed_from_saved_mask,MD-Experiment-0004_Position(85)_t032.png,619370.7745279999,147669.5,1680.770763874054,0.9461232648955493,0.6568764592107812,272029.974528,2.2768475260958723,444.0178383191085,MD-Experiment-0004_Position(85)
11,660,saved,saved,reconstructed_from_saved_mask,MD-Experiment-0004_Position(85)_t035.png,645304.15616,153852.5,1717.5403136014938,0.9445612634874833,0.6553911048027695,272029.974528,2.3721803351989763,453.21815111623306,MD-Experiment-0004_Position(85)
12,720,saved,saved,reconstructed_from_saved_mask,MD-Experiment-0004_Position(85)_t038.png,658904.1868799999,157095.0,1743.7829558849335,0.9448271921620752,0.6492132422178533,272029.974528,2.4221749387113185,457.9691220287629,MD-Experiment-0004_Position(85)
13,780,saved,saved,reconstructed_from_saved_mask,MD-Experiment-0004_Position(85)_t041.png,675752.706048,161112.0,1758.6113814115524,0.9479685799182136,0.6546331501792465,272029.974528,2.4841111984828164,463.7874156879717,MD-Experiment-0004_Position(85)
14,840,saved,saved,reconstructed_from_saved_mask,MD-Experiment-0004_Position(85)_t044.png,692062.257152,165000.5,1792.6530122756958,0.9469046355145551,0.6452123235838407,272029.974528,2.5440661763572168,469.35089038602064,MD-Experiment-0004_Position(85)
15,900,saved,saved,reconstructed_from_saved_mask,MD-Experiment-0004_Position(85)_t047.png,708040.45824,168810.0,1826.209360718727,0.9484214045131623,0.6360729176284876,272029.974528,2.602803089874647,474.7381148337401,MD-Experiment-0004_Position(85)
16,960,saved,saved,reconstructed_from_saved_mask,MD-Experiment-0004_Position(85)_t050.png,721179.11552,171942.5,1834.7951463460922,0.948326498870728,0.6418269305429363,272029.974528,2.6511016544089303,479.1225753179431,MD-Experiment-0004_Position(85)
17,1020,saved,saved,reconstructed_from_saved_mask,MD-Experiment-0004_Position(85)_t053.png,733879.468032,174970.5,1858.7951463460922,0.9466179752485291,0.6363728420136354,272029.974528,2.6977889819140572,483.3229664953723,MD-Experiment-0004_Position(85)
18,1080,saved,saved,reconstructed_from_saved_mask,MD-Experiment-0004_Position(85)_t056.png,746571.431936,177996.5,1884.5941373109818,0.9434901872440798,0.6297753460725192,272029.974528,2.7444454723468557,487.48442798474883,MD-Experiment-0004_Position(85)
19,1140,saved,saved,reconstructed_from_saved_mask,MD-Experiment-0004_Position(85)_t059.png,759835.918336,181159.0,1907.4641938209534,0.9439912457824733,0.6256867961020025,272029.974528,2.793206592966064,491.79597871870425,MD-Experiment-0004_Position(85)
20,1200,saved,saved,reconstructed_from_saved_mask,MD-Experiment-0004_Position(85)_t062.png,773215.7480959999,184349.0,1924.7779012918472,0.9438813780179663,0.6253014021335593,272029.974528,2.842391723329787,496.10706180415565,MD-Experiment-0004_Position(85)
21,1260,saved,saved,reconstructed_from_saved_mask,MD-Experiment-0004_Position(85)_t065.png,788048.9041919999,187885.5,1942.1921147108078,0.9453857939664737,0.6259198947916599,272029.974528,2.8969193764743975,500.84304627359705,MD-Experiment-0004_Position(85)
22,1320,saved,saved,reconstructed_from_saved_mask,MD-Experiment-0004_Position(85)_t068.png,800126.40256,190765.0,1963.4641926288605,0.9479123964272849,0.6218169981557233,272029.974528,2.941317051359144,504.66636913065594,MD-Experiment-0004_Position(85)
23,1380,saved,saved,reconstructed_from_saved_mask,MD-Experiment-0004_Position(85)_t071.png,815985.065984,194546.0,1984.49363052845,0.9512158749483556,0.6207729025478946,272029.974528,2.9996145365958955,509.6431236473617,MD-Experiment-0004_Position(85)
24,1440,saved,saved,reconstructed_from_saved_mask,MD-Experiment-0004_Position(85)_t074.png,830870.65088,198095.0,1991.4053206443787,0.9490922070424324,0.6277172329211446,272029.974528,3.054334921442558,514.2706897297033,MD-Experiment-0004_Position(85)
25,1500,saved,saved,reconstructed_from_saved_mask,MD-Experiment-0004_Position(85)_t077.png,844456.0015359999,201334.0,2009.606328845024,0.9518347973260465,0.6264768199084196,272029.974528,3.104275560078326,518.4579961155417,MD-Experiment-0004_Position(85)
26,1560,saved,saved,reconstructed_from_saved_mask,MD-Experiment-0004_Position(85)_t080.png,858716.635136,204734.0,2040.9789111614227,0.9522356612799326,0.6176220620008639,272029.974528,3.1566985830365266,522.8173623687987,MD-Experiment-0004_Position(85)
27,1620,saved,saved,reconstructed_from_saved_mask,MD-Experiment-0004_Position(85)_t083.png,874346.708992,208460.5,2071.7900960445404,0.954979201788463,0.6102982629259464,272029.974528,3.2141557580523306,527.5539796309146,MD-Experiment-0004_Position(85)
28,1680,saved,saved,reconstructed_from_saved_mask,MD-Experiment-0004_Position(85)_t086.png,894802.3295999999,213337.5,2081.3048127889633,0.9574453761901449,0.6188789176660365,272029.974528,3.2893519589250197,533.6894487358419,MD-Experiment-0004_Position(85)
29,1740,saved,saved,reconstructed_from_saved_mask,MD-Experiment-0004_Position(85)_t089.png,913555.062784,217808.5,2120.6185203790665,0.9571097117797239,0.6086387348606339,272029.974528,3.358288234115053,539.2528238752217,MD-Experiment-0004_Position(85)
30,1800,saved,saved,reconstructed_from_saved_mask,MD-Experiment-0004_Position(85)_t092.png,944278.339584,225133.5,1923.363687992096,0.9706080163482804,0.7647635174062314,272029.974528,3.4712290115176465,548.2455023060398,MD-Experiment-0004_Position(85)
31,1860,saved,saved,reconstructed_from_saved_mask,MD-Experiment-0004_Position(85)_t095.png,949577.842688,226397.0,2173.003297686577,0.9606159225047628,0.6025037591716782,272029.974528,3.4907103319610835,549.7817885567571,MD-Experiment-0004_Position(85)
32,1920,saved,saved,reconstructed_from_saved_mask,MD-Experiment-0004_Position(85)_t098.png,980531.8062079999,233777.0,1959.2631825208664,0.9742230556857843,0.7652900910481488,272029.974528,3.6044991288527064,558.6707148523674,MD-Experiment-0004_Position(85)
33,1980,saved,saved,reconstructed_from_saved_mask,MD-Experiment-0004_Position(85)_t101.png,999938.8508159999,238404.0,1984.2926213741302,0.9747365924859863,0.7608726386518313,272029.974528,3.6758406956843515,564.1723334177168,MD-Experiment-0004_Position(85)
34,2040,saved,saved,reconstructed_from_saved_mask,MD-Experiment-0004_Position(85)_t104.png,1020734.210048,243362.0,2023.204310297966,0.9742254318946519,0.747107586934388,272029.974528,3.7522857979863393,570.0085878513414,MD-Experiment-0004_Position(85)
35,2100,saved,saved,reconstructed_from_saved_mask,MD-Experiment-0004_Position(85)_t107.png,1035814.83008,246957.5,2020.3342497348785,0.9764987089809847,0.7603011222038358,272029.974528,3.807723144764636,574.2038842347266,MD-Experiment-0004_Position(85)
36,2160,saved,saved,reconstructed_from_saved_mask,MD-Experiment-0004_Position(85)_t110.png,1054208.950272,251343.0,2039.6063315868378,0.9744035077177156,0.7592485226061424,272029.974528,3.8753411351126323,579.2798382258904,MD-Experiment-0004_Position(85)
37,2220,saved,saved,reconstructed_from_saved_mask,MD-Experiment-0004_Position(85)_t113.png,1068071.124992,254648.0,2044.4347577095032,0.9744830014235638,0.7656029918419728,272029.974528,3.926299397135236,583.075979810862,MD-Experiment-0004_Position(85)
38,2280,saved,saved,reconstructed_from_saved_mask,MD-Experiment-0004_Position(85)_t116.png,1088990.2161919998,259635.5,2077.103802084923,0.9748455892015695,0.7562363277268341,272029.974528,4.003199346254066,588.7583135475346,MD-Experiment-0004_Position(85)
39,2340,saved,saved,reconstructed_from_saved_mask,MD-Experiment-0004_Position(85)_t119.png,1106694.373376,263856.5,2095.6479589939117,0.9731141652206464,0.7549896601676735,272029.974528,4.068280987403056,593.524860498325,MD-Experiment-0004_Position(85)
40,2400,saved,saved,reconstructed_from_saved_mask,MD-Experiment-0004_Position(85)_t122.png,1122792.112128,267694.5,2084.5352627038956,0.9726104791213263,0.7741601638779562,272029.974528,4.127457329201166,597.8259189927462,MD-Experiment-0004_Position(85)
41,2460,saved,saved,reconstructed_from_saved_mask,MD-Experiment-0004_Position(85)_t125.png,1139391.070208,271652.0,2113.890599966049,0.9712784024885138,0.7639373709742956,272029.974528,4.188476186070894,602.2287288702988,MD-Experiment-0004_Position(85)
42,2520,saved,saved,reconstructed_from_saved_mask,MD-Experiment-0004_Position(85)_t128.png,1156010.999808,275614.5,2118.4763861894608,0.9718389568442989,0.7717287345154942,272029.974528,4.249572135621444,606.6050855178306,MD-Experiment-0004_Position(85)
43,2580,saved,saved,reconstructed_from_saved_mask,MD-Experiment-0004_Position(85)_t131.png,1175017.488384,280146.0,2123.0621720552444,0.974442900448184,0.7810320672599398,272029.974528,4.31944123224941,611.5714864114208,MD-Experiment-0004_Position(85)
44,2640,saved,saved,reconstructed_from_saved_mask,MD-Experiment-0004_Position(85)_t134.png,1191280.902144,284023.5,2142.618519306183,0.9746926883506407,0.7774535129189708,272029.974528,4.379226606226005,615.7893214195745,MD-Experiment-0004_Position(85)
45,2700,saved,saved,reconstructed_from_saved_mask,MD-Experiment-0004_Position(85)_t137.png,1204797.046784,287246.0,2160.3758811950684,0.974761057202049,0.7734018623642084,272029.974528,4.428912839015064,619.2728080873422,MD-Experiment-0004_Position(85)
46,2760,saved,saved,reconstructed_from_saved_mask,MD-Experiment-0004_Position(85)_t140.png,1223465.893888,291697.0,2236.233746767044,0.9735760011214429,0.7330058360856508,272029.974528,4.497540743481814,624.0523130581594,MD-Experiment-0004_Position(85)
47,2820,saved,saved,reconstructed_from_saved_mask,MD-Experiment-0004_Position(85)_t143.png,1244517.105664,296716.0,2217.807340979576,0.9752214425399747,0.7580593283865141,272029.974528,4.574926376489816,629.3982032526693,MD-Experiment-0004_Position(85)
48,2880,saved,saved,reconstructed_from_saved_mask,MD-Experiment-0004_Position(85)_t146.png,1264047.88224,301372.5,2214.4763857126236,0.9773096885392362,0.7722739359860978,272029.974528,4.646722790138305,634.3176944770468,MD-Experiment-0004_Position(85)
49,2940,saved,saved,reconstructed_from_saved_mask,MD-Experiment-0004_Position(85)_t149.png,1283878.551552,306100.5,2265.103802204132,0.9780209246931508,0.7497175630664545,272029.974528,4.719621629122531,639.2739910385274,MD-Experiment-0004_Position(85)
50,3000,saved,saved,reconstructed_from_saved_mask,MD-Experiment-0004_Position(85)_t152.png,1310443.175936,312434.0,2254.0327347517014,0.9777786123251166,0.772765482884103,272029.974528,4.817274927918343,645.8537126799794,MD-Experiment-0004_Position(85)
51,3060,saved,saved,reconstructed_from_saved_mask,MD-Experiment-0004_Position(85)_t155.png,1323990.777856,315664.0,2303.1454330682755,0.9756191035457924,0.7478115944966237,272029.974528,4.8670767997286335,649.1836056215005,MD-Experiment-0004_Position(85)
52,3120,saved,saved,reconstructed_from_saved_mask,MD-Experiment-0004_Position(85)_t158.png,1346839.248896,321111.5,2380.1576265096664,0.9783661170219249,0.7122857973032407,272029.974528,4.951069275482986,654.7612145079669,MD-Experiment-0004_Position(85)
53,3180,saved,saved,reconstructed_from_saved_mask,MD-Experiment-0004_Position(85)_t161.png,1364067.352576,325219.0,2434.542401432991,0.9776097755266144,0.6895267010718121,272029.974528,5.014400912777341,658.9355990880225,MD-Experiment-0004_Position(85)
54,3240,saved,saved,reconstructed_from_saved_mask,MD-Experiment-0004_Position(85)_t164.png,1392011.902976,331881.5,2332.0987491607666,0.9802810453172651,0.7668298962543612,272029.974528,5.117126909971168,665.6509223329991,MD-Experiment-0004_Position(85)
55,3300,saved,saved,reconstructed_from_saved_mask,MD-Experiment-0004_Position(85)_t167.png,1410603.155456,336314.0,2357.71397459507,0.9777422449632235,0.7602782653110713,272029.974528,5.1854695715188805,670.0812860121489,MD-Experiment-0004_Position(85)
56,3360,saved,saved,reconstructed_from_saved_mask,MD-Experiment-0004_Position(85)_t170.png,1434693.1404799998,342057.5,2419.329198718071,0.977272240277133,0.7343769673629205,272029.974528,5.2740259339778275,675.7788175541269,MD-Experiment-0004_Position(85)
57,3420,saved,saved,reconstructed_from_saved_mask,MD-Experiment-0004_Position(85)_t173.png,1458212.70016,347665.0,2365.5129643678665,0.9789946905944253,0.7807647015891505,272029.974528,5.360485375518448,681.295470863918,MD-Experiment-0004_Position(85)
58,3480,saved,saved,reconstructed_from_saved_mask,MD-Experiment-0004_Position(85)_t176.png,1485295.321088,354122.0,2352.1992547512054,0.9795323376341379,0.8042934951541435,272029.974528,5.4600428635305365,687.593037053778,MD-Experiment-0004_Position(85)
59,3540,saved,saved,reconstructed_from_saved_mask,MD-Experiment-0004_Position(85)_t179.png,1501028.155392,357873.0,2377.0276815891266,0.9768862574572017,0.7959216521156326,272029.974528,5.517877792682363,691.2250728246862,MD-Experiment-0004_Position(85)
60,3600,saved,saved,reconstructed_from_saved_mask,MD-Experiment-0004_Position(85)_t182.png,1518044.44672,361930.0,2396.5424007177353,0.9760840133981306,0.7918888218220989,272029.974528,5.580430793900427,695.1320414549876,MD-Experiment-0004_Position(85)
61,3660,saved,saved,reconstructed_from_saved_mask,MD-Experiment-0004_Position(85)_t185.png,1533848.5841919999,365698.0,2427.8561079502106,0.9772912822308125,0.7796264443669233,272029.974528,5.638527838167044,698.7411310759686,MD-Experiment-0004_Position(85)
62,3720,saved,saved,reconstructed_from_saved_mask,MD-Experiment-0004_Position(85)_t188.png,1557819.031552,371413.0,2438.400267124176,0.9780151779272281,0.7849770689676372,272029.974528,5.726644772345313,704.1798056095191,MD-Experiment-0004_Position(85)
63,3780,saved,saved,reconstructed_from_saved_mask,MD-Experiment-0004_Position(85)_t191.png,1578098.4913919999,376248.0,2589.052067399025,0.9765712498491336,0.7053464667225797,272029.974528,5.801193394699107,708.7484399854432,MD-Experiment-0004_Position(85)
64,3840,saved,saved,reconstructed_from_saved_mask,MD-Experiment-0004_Position(85)_t194.png,1600072.4500479999,381487.0,2598.2825161218643,0.9759433907961437,0.7100956711336781,272029.974528,5.881971105663228,713.6658037629363,MD-Experiment-0004_Position(85)
65,3900,saved,saved,reconstructed_from_saved_mask,MD-Experiment-0004_Position(85)_t197.png,1620272.218112,386303.0,2558.767795920372,0.9760080242749476,0.7414403081123366,272029.974528,5.9562267758299035,718.1564351406932,MD-Experiment-0004_Position(85)
66,3960,saved,saved,reconstructed_from_saved_mask,MD-Experiment-0004_Position(85)_t200.png,1644636.9300479998,392112.0,2578.140379548073,0.9758411426025865,0.7413219774445617,272029.974528,6.045793052407604,723.5358968408117,MD-Experiment-0004_Position(85)
67,4020,saved,saved,reconstructed_from_saved_mask,MD-Experiment-0004_Position(85)_t203.png,1664020.9059839998,396733.5,2661.4957213401794,0.9753731095597916,0.7038128519891484,272029.974528,6.117049817290346,727.7872664393183,MD-Experiment-0004_Position(85)
68,4080,saved,saved,reconstructed_from_saved_mask,MD-Experiment-0004_Position(85)_t206.png,1687053.9264,402225.0,2753.1942034959793,0.9732034841519477,0.6668148013169505,272029.974528,6.201720708635922,732.8068935935996,MD-Experiment-0004_Position(85)
69,4140,saved,saved,reconstructed_from_saved_mask,MD-Experiment-0004_Position(85)_t209.png,1709768.1797119998,407640.5,2746.951561689377,0.971851065985612,0.6788677642940317,272029.974528,6.28521979123302,737.7236031772289,MD-Experiment-0004_Position(85)
70,4200,saved,saved,reconstructed_from_saved_mask,MD-Experiment-0004_Position(85)_t212.png,1734690.7340799998,413582.5,2724.809424996376,0.9746006348368488,0.7000027601306975,272029.974528,6.376836733120557,743.0808907037517,MD-Experiment-0004_Position(85)
71,4260,saved,saved,reconstructed_from_saved_mask,MD-Experiment-0004_Position(85)_t215.png,1730341.2408319998,412545.5,3049.3434760570526,0.9602086856134707,0.5575310084341277,272029.974528,6.360847711118306,742.1487205596685,MD-Experiment-0004_Position(85)
72,4320,saved,saved,reconstructed_from_saved_mask,MD-Experiment-0004_Position(85)_t218.png,1752065.6383999998,417725.0,3400.4633135795593,0.9560838840728979,0.4539668538218158,272029.974528,6.440708019180659,746.7930194810571,MD-Experiment-0004_Position(85)
73,4380,saved,saved,reconstructed_from_saved_mask,MD-Experiment-0004_Position(85)_t221.png,1810559.4019839999,431671.0,2622.968806385994,0.9761972335828076,0.7884542270491145,272029.974528,6.655734924526265,759.1567408477113,MD-Experiment-0004_Position(85)
74,4440,saved,saved,reconstructed_from_saved_mask,MD-Experiment-0004_Position(85)_t224.png,1813266.825216,432316.5,2973.1180856227875,0.9637197762329425,0.6145926439002575,272029.974528,6.665687589620242,759.7241320080259,MD-Experiment-0004_Position(85)
75,4500,saved,saved,reconstructed_from_saved_mask,MD-Experiment-0004_Position(85)_t227.png,1824102.8095999998,434900.0,3142.639941215515,0.9595717781312952,0.5533628761942398,272029.974528,6.705521377800391,761.9907858440998,MD-Experiment-0004_Position(85)
76,4560,saved,saved,reconstructed_from_saved_mask,MD-Experiment-0004_Position(85)_t230.png,1876925.874176,447494.0,2668.3657763004303,0.975875382859037,0.7897804096331077,272029.974528,6.899702422252032,772.9450571576058,MD-Experiment-0004_Position(85)
77,4620,saved,saved,reconstructed_from_saved_mask,MD-Experiment-0004_Position(85)_t233.png,1896943.1900159998,452266.5,2712.8094289302826,0.9756248301212772,0.7722638604222596,272029.974528,6.9732873860955635,777.0558351309832,MD-Experiment-0004_Position(85)
78,4680,saved,saved,reconstructed_from_saved_mask,MD-Experiment-0004_Position(85)_t236.png,1914227.9168,456387.5,2779.7799875736237,0.9756091043667399,0.7422030882111376,272029.974528,7.036827173628136,780.5880285569608,MD-Experiment-0004_Position(85)
0,0,saved,saved,reconstructed_from_saved_mask,MD-Experiment-0004_Position(86)_t002.png,248766.26739199998,59310.5,937.217376947403,0.984749871324445,0.8485174629417179,248766.26739199998,1.0,281.3978718112736,MD-Experiment-0004_Position(86)
1,60,saved,saved,reconstructed_from_saved_mask,MD-Experiment-0004_Position(86)_t005.png,324397.95712,77342.5,1071.9869309663773,0.9833319559841583,0.8457637918774594,248766.26739199998,1.3040271115569755,321.33950396601006,MD-Experiment-0004_Position(86)
2,120,saved,saved,reconstructed_from_saved_mask,MD-Experiment-0004_Position(86)_t008.png,375893.52447999996,89620.0,1150.513840675354,0.984559271852393,0.8508071058096933,248766.26739199998,1.511030930442333,345.9055145476185,MD-Experiment-0004_Position(86)
3,180,saved,saved,reconstructed_from_saved_mask,MD-Experiment-0004_Position(86)_t011.png,417838.661632,99620.5,1217.9280552864075,0.9820874922982132,0.8439472683676758,248766.26739199998,1.6796435706999606,364.69463504042574,MD-Experiment-0004_Position(86)
4,240,saved,saved,reconstructed_from_saved_mask,MD-Experiment-0004_Position(86)_t014.png,456659.042304,108876.0,1281.9696843624115,0.9791623573426385,0.8325043481079335,248766.26739199998,1.835695197309077,381.2598690927031,MD-Experiment-0004_Position(86)
5,300,saved,saved,reconstructed_from_saved_mask,MD-Experiment-0004_Position(86)_t017.png,491866.03008,117270.0,1342.1950798034668,0.9756442521683063,0.8180229803223601,248766.26739199998,1.9772215712226335,395.68399013914853,MD-Experiment-0004_Position(86)
6,360,saved,saved,reconstructed_from_saved_mask,MD-Experiment-0004_Position(86)_t020.png,522654.318592,124610.5,1377.7514301538467,0.9777743775648722,0.8249407584377341,248766.26739199998,2.1009854916077257,407.8799292248715,MD-Experiment-0004_Position(86)
7,420,saved,saved,reconstructed_from_saved_mask,MD-Experiment-0004_Position(86)_t023.png,549390.90944,130985.0,1411.4499131441116,0.9793344249302799,0.8262290979191912,248766.26739199998,2.208462245302265,418.1824456553092,MD-Experiment-0004_Position(86)
8,480,saved,saved,reconstructed_from_saved_mask,MD-Experiment-0004_Position(86)_t026.png,569395.642368,135754.5,1427.4915434122086,0.9835322671206824,0.8371764640279175,248766.26739199998,2.2888780232842416,425.72792029147496,MD-Experiment-0004_Position(86)
9,540,saved,saved,reconstructed_from_saved_mask,MD-Experiment-0004_Position(86)_t029.png,592686.61248,141307.5,1458.4621096849442,0.9809648766569825,0.8348044883565177,248766.26739199998,2.38250394112341,434.3477963120859,MD-Experiment-0004_Position(86)
10,600,saved,saved,reconstructed_from_saved_mask,MD-Experiment-0004_Position(86)_t032.png,614142.574592,146423.0,1477.0478929281235,0.9845085290498699,0.8433930343826369,248766.26739199998,2.4687534247730167,442.1398568541403,MD-Experiment-0004_Position(86)
11,660,saved,saved,reconstructed_from_saved_mask,MD-Experiment-0004_Position(86)_t035.png,638712.807424,152281.0,1510.160589814186,0.9841565282018968,0.8390914952208106,248766.26739199998,2.5675217710186224,450.89755048709554,MD-Experiment-0004_Position(86)
12,720,saved,saved,reconstructed_from_saved_mask,MD-Experiment-0004_Position(86)_t038.png,655716.51584,156335.0,1530.9890189170837,0.9837030045619003,0.8381503497394964,248766.26739199998,2.635873917771727,456.85998897458967,MD-Experiment-0004_Position(86)
13,780,saved,saved,reconstructed_from_saved_mask,MD-Experiment-0004_Position(86)_t041.png,670788.747264,159928.5,1552.4032307863235,0.9836154804188385,0.8339243443139939,248766.26739199998,2.6964618406521614,462.08082604125804,MD-Experiment-0004_Position(86)
14,840,saved,saved,reconstructed_from_saved_mask,MD-Experiment-0004_Position(86)_t044.png,683717.689344,163011.0,1568.9890171289444,0.9801576564388405,0.8321219316475849,248766.26739199998,2.7484340883991876,466.51270065983516,MD-Experiment-0004_Position(86)
15,900,saved,saved,reconstructed_from_saved_mask,MD-Experiment-0004_Position(86)_t047.png,694935.3553919999,165685.5,1587.5748037099838,0.979008851439984,0.8260873493807002,248766.26739199998,2.793527284376291,470.32413703734113,MD-Experiment-0004_Position(86)
16,960,saved,saved,reconstructed_from_saved_mask,MD-Experiment-0004_Position(86)_t050.png,707738.468352,168738.0,1598.5037367343903,0.9803281355301992,0.8298420726338719,248766.26739199998,2.844993719493176,474.6368625686541,MD-Experiment-0004_Position(86)
17,1020,saved,saved,reconstructed_from_saved_mask,MD-Experiment-0004_Position(86)_t053.png,721300.750336,171971.5,1613.2316572666168,0.9796322352418441,0.8303723352939258,248766.26739199998,2.899511890811914,479.1629782691219,MD-Experiment-0004_Position(86)
18,1080,saved,saved,reconstructed_from_saved_mask,MD-Experiment-0004_Position(86)_t056.png,730645.6596479999,174199.5,1611.0895231962204,0.9803093441981784,0.8433685878119884,248766.26739199998,2.937076908810413,482.256919870763,MD-Experiment-0004_Position(86)
19,1140,saved,saved,reconstructed_from_saved_mask,MD-Experiment-0004_Position(86)_t059.png,743782.219776,177331.5,1636.0600854158401,0.9780892865022283,0.8325249406775339,248766.26739199998,2.989883747397173,486.57294799693267,MD-Experiment-0004_Position(86)
20,1200,saved,saved,reconstructed_from_saved_mask,MD-Experiment-0004_Position(86)_t062.png,759647.174656,181114.0,1645.7585736513138,0.9799321513015155,0.8402908487176186,248766.26739199998,3.0536582898474975,491.73489372281637,MD-Experiment-0004_Position(86)
21,1260,saved,saved,reconstructed_from_saved_mask,MD-Experiment-0004_Position(86)_t065.png,773905.711104,184513.5,1671.172781944275,0.9779176383294467,0.8302240377086786,248766.26739199998,3.110975291053018,496.32835786251405,MD-Experiment-0004_Position(86)
22,1320,saved,saved,reconstructed_from_saved_mask,MD-Experiment-0004_Position(86)_t068.png,785094.017024,187181.0,1680.7291321754456,0.9798590262709491,0.8326762383088867,248766.26739199998,3.155950464083088,499.9031778279514,MD-Experiment-0004_Position(86)
23,1380,saved,saved,reconstructed_from_saved_mask,MD-Experiment-0004_Position(86)_t071.png,794216.628224,189356.0,1694.24385201931,0.9801111292271938,0.8289667249742435,248766.26739199998,3.192621879768338,502.79916918711734,MD-Experiment-0004_Position(86)
24,1440,saved,saved,reconstructed_from_saved_mask,MD-Experiment-0004_Position(86)_t074.png,805417.517056,192026.5,1701.31491792202,0.9802746942807333,0.8336842752899307,248766.26739199998,3.2376476340614224,506.3322606594672,MD-Experiment-0004_Position(86)
25,1500,saved,saved,reconstructed_from_saved_mask,MD-Experiment-0004_Position(86)_t077.png,819783.008256,195451.5,1712.8296381235123,0.9805521552416118,0.8371832554245217,248766.26739199998,3.295394576002563,510.82779491074376,MD-Experiment-0004_Position(86)
26,1560,saved,saved,reconstructed_from_saved_mask,MD-Experiment-0004_Position(86)_t080.png,833412.399104,198701.0,1726.5869954824448,0.9814963916481845,0.8375928970298585,248766.26739199998,3.350182514057376,515.0567016387168,MD-Experiment-0004_Position(86)
27,1620,saved,saved,reconstructed_from_saved_mask,MD-Experiment-0004_Position(86)_t083.png,852030.91456,203140.0,1748.5869952440262,0.982551179578955,0.8348930079793363,248766.26739199998,3.425025922897295,520.7781326425531,MD-Experiment-0004_Position(86)
28,1680,saved,saved,reconstructed_from_saved_mask,MD-Experiment-0004_Position(86)_t086.png,866104.901632,206495.5,1761.8002004623413,0.9822594838863122,0.8360016714400433,248766.26739199998,3.481601065578608,525.0616655800585,MD-Experiment-0004_Position(86)
29,1740,saved,saved,reconstructed_from_saved_mask,MD-Experiment-0004_Position(86)_t089.png,879761.5554559999,209751.5,1779.9423348903656,0.9798495783990844,0.8319612026979493,248766.26739199998,3.536498596369951,529.1850343557289,MD-Experiment-0004_Position(86)
30,1800,saved,saved,reconstructed_from_saved_mask,MD-Experiment-0004_Position(86)_t092.png,896079.495168,213642.0,1788.5281213521957,0.9826573909043869,0.8392762874301221,248766.26739199998,3.6020940642887855,534.0701846373328,MD-Experiment-0004_Position(86)
31,1860,saved,saved,reconstructed_from_saved_mask,MD-Experiment-0004_Position(86)_t095.png,910648.410112,217115.5,1815.45705473423,0.9794117182689424,0.827806311212295,248766.26739199998,3.6606587366486543,538.3942716784798,MD-Experiment-0004_Position(86)
32,1920,saved,saved,reconstructed_from_saved_mask,MD-Experiment-0004_Position(86)_t098.png,927729.713152,221188.0,1822.4692476987839,0.9809324241920284,0.8368565278764146,248766.26739199998,3.729322801190346,543.4202235864377,MD-Experiment-0004_Position(86)
33,1980,saved,saved,reconstructed_from_saved_mask,MD-Experiment-0004_Position(86)_t101.png,948755.7591039999,226201.0,1844.611382842064,0.980220180226247,0.8354002790605322,248766.26739199998,3.8138440916869696,549.5437541239188,MD-Experiment-0004_Position(86)
34,2040,saved,saved,reconstructed_from_saved_mask,MD-Experiment-0004_Position(86)_t104.png,966822.7235839999,230508.5,1870.3687411546707,0.9795825135032914,0.8280228798398048,248766.26739199998,3.8864703551647684,554.7515039221846,MD-Experiment-0004_Position(86)
35,2100,saved,saved,reconstructed_from_saved_mask,MD-Experiment-0004_Position(86)_t107.png,986531.7580799999,235207.5,1868.4276155233383,0.9834528463612987,0.8466588936345241,248766.26739199998,3.9656974734659127,560.3773832259291,MD-Experiment-0004_Position(86)
36,2160,saved,saved,reconstructed_from_saved_mask,MD-Experiment-0004_Position(86)_t110.png,1004596.625408,239514.5,1880.5697511434555,0.9847668464082855,0.8510651006851554,248766.26739199998,4.038315306733209,565.484780957225,MD-Experiment-0004_Position(86)
37,2220,saved,saved,reconstructed_from_saved_mask,MD-Experiment-0004_Position(86)_t113.png,1025412.95616,244477.5,1903.3981792926788,0.9856175290773852,0.8479875201752041,248766.26739199998,4.121993576179597,571.3134703178929,MD-Experiment-0004_Position(86)
38,2280,saved,saved,reconstructed_from_saved_mask,MD-Experiment-0004_Position(86)_t116.png,1043402.326016,248766.5,1926.9128986597061,0.9829656923274491,0.8419331161794567,248766.26739199998,4.194307921868809,576.3031109043707,MD-Experiment-0004_Position(86)
39,2340,saved,saved,reconstructed_from_saved_mask,MD-Experiment-0004_Position(86)_t119.png,1062555.615232,253333.0,1939.0966641902924,0.982575424075586,0.8466476585462501,248766.26739199998,4.271301034386829,581.568531600916,MD-Experiment-0004_Position(86)
40,2400,saved,saved,reconstructed_from_saved_mask,MD-Experiment-0004_Position(86)_t122.png,1082757.480448,258149.5,1969.481439590454,0.9821863056749286,0.8363294065958056,248766.26739199998,4.352509252156026,587.0710437128124,MD-Experiment-0004_Position(86)
41,2460,saved,saved,reconstructed_from_saved_mask,MD-Experiment-0004_Position(86)_t125.png,1099683.59424,262185.0,1992.2093596458435,0.9829695100805129,0.8301331426002585,248766.26739199998,4.420549481120544,591.6419184952299,MD-Experiment-0004_Position(86)
42,2520,saved,saved,reconstructed_from_saved_mask,MD-Experiment-0004_Position(86)_t128.png,1116135.75168,266107.5,1992.594136595726,0.9839907261210559,0.8422272385795101,248766.26739199998,4.486684482511529,596.0512092789683,MD-Experiment-0004_Position(86)
43,2580,saved,saved,reconstructed_from_saved_mask,MD-Experiment-0004_Position(86)_t131.png,1131000.365056,269651.5,2016.2509920597076,0.9832647197173289,0.8335343778615368,248766.26739199998,4.546437814552229,600.007164519559,MD-Experiment-0004_Position(86)
44,2640,saved,saved,reconstructed_from_saved_mask,MD-Experiment-0004_Position(86)_t134.png,1148035.530752,273713.0,2022.2093628644943,0.9828573685665758,0.8411105010079769,248766.26739199998,4.614916414462869,604.5089404869185,MD-Experiment-0004_Position(86)
45,2700,saved,saved,reconstructed_from_saved_mask,MD-Experiment-0004_Position(86)_t137.png,1168325.476352,278550.5,2042.9372839927673,0.9828985486790616,0.8386943888799295,248766.26739199998,4.696478701073166,609.8274751134358,MD-Experiment-0004_Position(86)
46,2760,saved,saved,reconstructed_from_saved_mask,MD-Experiment-0004_Position(86)_t140.png,1190773.39136,283902.5,2051.42256295681,0.9837776869126493,0.8477520041188661,248766.26739199998,4.786715674290387,615.6581378285258,MD-Experiment-0004_Position(86)
47,2820,saved,saved,reconstructed_from_saved_mask,MD-Experiment-0004_Position(86)_t143.png,1209058.4596479998,288262.0,2084.635768175125,0.9840342187281311,0.8335600447144061,248766.26739199998,4.860218679660431,620.3670370676573,MD-Experiment-0004_Position(86)
48,2880,saved,saved,reconstructed_from_saved_mask,MD-Experiment-0004_Position(86)_t146.png,1225428.82816,292165.0,2100.0083512067795,0.9828204472671492,0.832522555487652,248766.26739199998,4.926024902841824,624.5527286130016,MD-Experiment-0004_Position(86)
49,2940,saved,saved,reconstructed_from_saved_mask,MD-Experiment-0004_Position(86)_t149.png,1246146.592768,297104.5,2103.7068363428116,0.9856206396650732,0.8436234772737319,248766.26739199998,5.009306952394602,629.8101143299468,MD-Experiment-0004_Position(86)
50,3000,saved,saved,reconstructed_from_saved_mask,MD-Experiment-0004_Position(86)_t152.png,1268749.6970239999,302493.5,2130.3342529535294,0.985343314016932,0.8375879300127991,248766.26739199998,5.100167761188997,635.4963191517543,MD-Experiment-0004_Position(86)
51,3060,saved,saved,reconstructed_from_saved_mask,MD-Experiment-0004_Position(86)_t155.png,1291879.186432,308008.0,2138.3758808374405,0.9857123426861564,0.8464547884909401,248766.26739199998,5.193144552819485,641.2627517612246,MD-Experiment-0004_Position(86)
52,3120,saved,saved,reconstructed_from_saved_mask,MD-Experiment-0004_Position(86)_t158.png,1312989.1184639998,313041.0,2163.689587712288,0.9854050097976722,0.8402744842858743,248766.26739199998,5.278003051736202,646.4807938824102,MD-Experiment-0004_Position(86)
53,3180,saved,saved,reconstructed_from_saved_mask,MD-Experiment-0004_Position(86)_t161.png,1334466.052096,318161.5,2181.4469488859177,0.9855815696867566,0.8401719499211691,248766.26739199998,5.364336837490832,651.746681739777,MD-Experiment-0004_Position(86)
54,3240,saved,saved,reconstructed_from_saved_mask,MD-Experiment-0004_Position(86)_t164.png,1355064.27904,323072.5,2188.4175122976303,0.9873672854409761,0.8477142691025187,248766.26739199998,5.447138365044975,656.7574563207811,MD-Experiment-0004_Position(86)
55,3300,saved,saved,reconstructed_from_saved_mask,MD-Experiment-0004_Position(86)_t167.png,1378598.5187839998,328683.5,2208.216500520706,0.9870271633781627,0.8470410645876242,248766.26739199998,5.541742187302416,662.4360630334654,MD-Experiment-0004_Position(86)
56,3360,saved,saved,reconstructed_from_saved_mask,MD-Experiment-0004_Position(86)_t170.png,1402302.62784,334335.0,2233.4885779619217,0.9860964049444181,0.8422174504817004,248766.26739199998,5.6370288566105495,668.1068700911411,MD-Experiment-0004_Position(86)
57,3420,saved,saved,reconstructed_from_saved_mask,MD-Experiment-0004_Position(86)_t173.png,1429542.535168,340829.5,2249.6723458766937,0.9862364216143015,0.8462691355113424,248766.26739199998,5.746528860825656,674.5646904961849,MD-Experiment-0004_Position(86)
58,3480,saved,saved,reconstructed_from_saved_mask,MD-Experiment-0004_Position(86)_t176.png,1450270.785536,345771.5,2270.358637213707,0.986460019827826,0.8429661317098692,248766.26739199998,5.829853061430945,679.4376562125777,MD-Experiment-0004_Position(86)
59,3540,saved,saved,reconstructed_from_saved_mask,MD-Experiment-0004_Position(86)_t179.png,1468784.443392,350185.5,2290.0154906511307,0.984448333298193,0.8391337393259166,248766.26739199998,5.904274959745745,683.7606372149759,MD-Experiment-0004_Position(86)
60,3600,saved,saved,reconstructed_from_saved_mask,MD-Experiment-0004_Position(86)_t182.png,1491374.964736,355571.5,2317.471337556839,0.9829667185465523,0.8319707634005296,248766.26739199998,5.995085187277127,688.9988354725072,MD-Experiment-0004_Position(86)
61,3660,saved,saved,reconstructed_from_saved_mask,MD-Experiment-0004_Position(86)_t185.png,1511698.464768,360417.0,2335.0865577459335,0.9826369908297902,0.8306329671193403,248766.26739199998,6.076782357255461,693.6775664993883,MD-Experiment-0004_Position(86)
62,3720,saved,saved,reconstructed_from_saved_mask,MD-Experiment-0004_Position(86)_t188.png,1535907.987456,366189.0,2352.4002672433853,0.9847734710946051,0.831558329674302,248766.26739199998,6.174100707294661,699.2100518984938,MD-Experiment-0004_Position(86)
63,3780,saved,saved,reconstructed_from_saved_mask,MD-Experiment-0004_Position(86)_t191.png,1558313.959424,371531.0,2362.542401075363,0.9845075554318952,0.8364610009121963,248766.26739199998,6.264169076301836,704.2916576695096,MD-Experiment-0004_Position(86)
64,3840,saved,saved,reconstructed_from_saved_mask,MD-Experiment-0004_Position(86)_t194.png,1575904.8704,375725.0,2371.3119539022446,0.9847591340357499,0.839658281830434,248766.26739199998,6.3348816819956,708.2556741272923,MD-Experiment-0004_Position(86)
65,3900,saved,saved,reconstructed_from_saved_mask,MD-Experiment-0004_Position(86)_t197.png,1594668.089344,380198.5,2389.897741675377,0.9836196414249864,0.836491679426593,248766.26739199998,6.410306775360181,712.4595553573631,MD-Experiment-0004_Position(86)
66,3960,saved,saved,reconstructed_from_saved_mask,MD-Experiment-0004_Position(86)_t200.png,1611927.650304,384313.5,2432.0398755073547,0.9808519815423566,0.8164961134865241,248766.26739199998,6.4796874077945725,716.3047583988057,MD-Experiment-0004_Position(86)
67,4020,saved,saved,reconstructed_from_saved_mask,MD-Experiment-0004_Position(86)_t203.png,1630621.6632319998,388770.5,2437.4124616384506,0.9825562807624992,0.822328065637562,248766.26739199998,6.5548343042125765,720.446386646641,MD-Experiment-0004_Position(86)
68,4080,saved,saved,reconstructed_from_saved_mask,MD-Experiment-0004_Position(86)_t206.png,1655036.706816,394591.5,2455.554595351219,0.9815184013790307,0.822353226932211,248766.26739199998,6.652978814881008,725.8199127721674,MD-Experiment-0004_Position(86)
69,4140,saved,saved,reconstructed_from_saved_mask,MD-Experiment-0004_Position(86)_t209.png,1682134.0078079998,401052.0,2467.9393706321716,0.9817794587449051,0.8274496525705866,248766.26739199998,6.761905564781952,731.7375790344843,MD-Experiment-0004_Position(86)
70,4200,saved,saved,reconstructed_from_saved_mask,MD-Experiment-0004_Position(86)_t212.png,1708459.556864,407328.5,2493.83886551857,0.9802979435158778,0.8230342036507864,248766.26739199998,6.867729997218031,737.4412295871375,MD-Experiment-0004_Position(86)
71,4260,saved,saved,reconstructed_from_saved_mask,MD-Experiment-0004_Position(86)_t215.png,1727153.5697919999,411785.5,2508.7261686325073,0.9808924100836813,0.8221941719743348,248766.26739199998,6.9428768936360346,741.4648044394415,MD-Experiment-0004_Position(86)
72,4320,saved,saved,reconstructed_from_saved_mask,MD-Experiment-0004_Position(86)_t218.png,1752743.018496,417886.5,2527.4124571084976,0.9802592997452511,0.8220835573889117,248766.26739199998,7.045742322185785,746.9373673387183,MD-Experiment-0004_Position(86)
73,4380,saved,saved,reconstructed_from_saved_mask,MD-Experiment-0004_Position(86)_t221.png,1777940.299776,423894.0,2535.253076314926,0.9803454037708794,0.8287518229154615,248766.26739199998,7.147031301371595,752.28716223479,MD-Experiment-0004_Position(86)
74,4440,saved,saved,reconstructed_from_saved_mask,MD-Experiment-0004_Position(86)_t224.png,1804242.7801599998,430165.0,2545.596227645874,0.9807649996637039,0.8341917646888073,248766.26739199998,7.252763001492148,757.8313229213053,MD-Experiment-0004_Position(86)
75,4500,saved,saved,reconstructed_from_saved_mask,MD-Experiment-0004_Position(86)_t227.png,1824727.7608959998,435049.0,2579.1109446287155,0.979542256295946,0.8218792007309798,248766.26739199998,7.335109297679163,762.1213065432621,MD-Experiment-0004_Position(86)
76,4560,saved,saved,reconstructed_from_saved_mask,MD-Experiment-0004_Position(86)_t230.png,1849287.507968,440904.5,2592.9515619277954,0.9782725423066938,0.8240728148608751,248766.26739199998,7.433835492872257,767.2330129643797,MD-Experiment-0004_Position(86)
77,4620,saved,saved,reconstructed_from_saved_mask,MD-Experiment-0004_Position(86)_t233.png,1867054.579712,445140.5,2617.436843395233,0.9761285802469812,0.8164969197452421,248766.26739199998,7.505256236248219,770.9098071545412,MD-Experiment-0004_Position(86)
78,4680,saved,saved,reconstructed_from_saved_mask,MD-Experiment-0004_Position(86)_t236.png,1889401.831424,450468.5,2646.064263343811,0.9744073112697382,0.8084878851189603,248766.26739199998,7.5950885593613275,775.5096916970278,MD-Experiment-0004_Position(86)
79,4740,saved,saved,reconstructed_from_saved_mask,MD-Experiment-0004_Position(86)_t239.png,1910666.9527039998,455538.5,2648.6084179878235,0.9754018240934936,0.816017441426068,248766.26739199998,7.6805708938552195,779.8616417354687,MD-Experiment-0004_Position(86)
80,4800,saved,saved,reconstructed_from_saved_mask,MD-Experiment-0004_Position(86)_t242.png,1932343.1157759998,460706.5,2656.7505531311035,0.976282001021405,0.8202243241136121,248766.26739199998,7.767705549607574,784.2728589277394,MD-Experiment-0004_Position(86)
81,4860,saved,saved,reconstructed_from_saved_mask,MD-Experiment-0004_Position(86)_t245.png,1953375.453184,465721.0,2678.851056098938,0.9765385502505713,0.8155273873221353,248766.26739199998,7.852252130735705,788.529465636643,MD-Experiment-0004_Position(86)
82,4920,saved,saved,reconstructed_from_saved_mask,MD-Experiment-0004_Position(86)_t248.png,1975961.7802239999,471106.0,2703.6206080913544,0.9760183475024421,0.8099104511242348,248766.26739199998,7.943045497846081,793.0751347549751,MD-Experiment-0004_Position(86)
0,0,saved,saved,reconstructed_from_saved_mask,MD-Experiment-0004_Position(87)_t002.png,174302.691328,41557.0,910.3229364156723,0.9172819477093886,0.6301777738452113,174302.691328,1.0,235.54674660912656,MD-Experiment-0004_Position(87)
1,60,saved,saved,reconstructed_from_saved_mask,MD-Experiment-0004_Position(87)_t005.png,237154.33676799998,56542.0,984.7493423223495,0.9604470830042211,0.7327058034598822,174302.691328,1.3605890704333807,274.75183337807675,MD-Experiment-0004_Position(87)
2,120,saved,saved,reconstructed_from_saved_mask,MD-Experiment-0004_Position(87)_t008.png,278585.67167999997,66420.0,1039.6610287427902,0.9649932078541904,0.7721918354486369,174302.691328,1.5982866905695792,297.7861203026354,MD-Experiment-0004_Position(87)
3,180,saved,saved,reconstructed_from_saved_mask,MD-Experiment-0004_Position(87)_t011.png,318685.31507199997,75980.5,1089.3595130443573,0.9709285609318195,0.8045805886347179,174302.691328,1.8283442019395046,318.4975453108136,MD-Experiment-0004_Position(87)
4,240,saved,saved,reconstructed_from_saved_mask,MD-Experiment-0004_Position(87)_t014.png,355767.156736,84821.5,1149.9280562400818,0.9736280260333566,0.806073181357438,174302.691328,2.041088143994995,336.51776055442747,MD-Experiment-0004_Position(87)
5,300,saved,saved,reconstructed_from_saved_mask,MD-Experiment-0004_Position(87)_t017.png,386576.416768,92167.0,1199.0579988956451,0.9728414608401942,0.8055730606152803,174302.691328,2.2178453690112376,350.7863954356835,MD-Experiment-0004_Position(87)
6,360,saved,saved,reconstructed_from_saved_mask,MD-Experiment-0004_Position(87)_t020.png,416605.536256,99326.5,1240.8986181020737,0.9752473060212573,0.8105921517725033,174302.691328,2.3901268137738527,364.15609404372793,MD-Experiment-0004_Position(87)
7,420,saved,saved,reconstructed_from_saved_mask,MD-Experiment-0004_Position(87)_t023.png,443988.04991999996,105855.0,1268.597099661827,0.9765761942542945,0.8265589108053022,174302.691328,2.54722429434271,375.9332196507757,MD-Experiment-0004_Position(87)
8,480,saved,saved,reconstructed_from_saved_mask,MD-Experiment-0004_Position(87)_t026.png,471508.97561599995,112416.5,1307.1240128278732,0.9750505234489518,0.8268111747536844,174302.691328,2.7051158649565656,387.40930340269927,MD-Experiment-0004_Position(87)
9,540,saved,saved,reconstructed_from_saved_mask,MD-Experiment-0004_Position(87)_t029.png,496066.62553599995,118271.5,1341.5504204034805,0.9761394821004848,0.8258020744138067,174302.691328,2.8460066896070457,397.3699927195576,MD-Experiment-0004_Position(87)
10,600,saved,saved,reconstructed_from_saved_mask,MD-Experiment-0004_Position(87)_t032.png,519013.66271999996,123742.5,1380.3199707269669,0.9743465576907178,0.8161485379856256,174302.691328,2.977657193733908,406.45686106675026,MD-Experiment-0004_Position(87)
11,660,saved,saved,reconstructed_from_saved_mask,MD-Experiment-0004_Position(87)_t035.png,545922.220032,130158.0,1410.3615999221802,0.9768541450893863,0.8222801017053043,174302.691328,3.132035517482013,416.8602160480036,MD-Experiment-0004_Position(87)
12,720,saved,saved,reconstructed_from_saved_mask,MD-Experiment-0004_Position(87)_t038.png,561799.757824,133943.5,1436.2610963582993,0.9773437870534883,0.815952191225583,174302.691328,3.223127270977212,422.878726079994,MD-Experiment-0004_Position(87)
13,780,saved,saved,reconstructed_from_saved_mask,MD-Experiment-0004_Position(87)_t041.png,581229.871104,138576.0,1463.332162618637,0.9767540211737176,0.8132274866506517,174302.691328,3.334600668960705,430.12929930165603,MD-Experiment-0004_Position(87)
14,840,saved,saved,reconstructed_from_saved_mask,MD-Experiment-0004_Position(87)_t044.png,599825.3178879999,143009.5,1483.5748057365417,0.9792957756123616,0.8164993687542016,174302.691328,3.4412854633395096,436.9557513834614,MD-Experiment-0004_Position(87)
15,900,saved,saved,reconstructed_from_saved_mask,MD-Experiment-0004_Position(87)_t047.png,613416.96,146250.0,1501.9595814943314,0.9778487995025508,0.8146841130049824,174302.691328,3.5192626994248863,441.87858368652223,MD-Experiment-0004_Position(87)
16,960,saved,saved,reconstructed_from_saved_mask,MD-Experiment-0004_Position(87)_t050.png,630647.160832,150358.0,1521.1311535835266,0.976398201211098,0.8165881668298137,174302.691328,3.6181148783598434,448.0415449336865,MD-Experiment-0004_Position(87)
17,1020,saved,saved,reconstructed_from_saved_mask,MD-Experiment-0004_Position(87)_t053.png,644681.3020159999,153704.0,1535.9007060527802,0.9783707400287711,0.8187828805722076,174302.691328,3.698630796255745,452.99937292399306,MD-Experiment-0004_Position(87)
18,1080,saved,saved,reconstructed_from_saved_mask,MD-Experiment-0004_Position(87)_t056.png,661850.6854399999,157797.5,1544.6875022649765,0.9817062548992771,0.831052990894933,174302.691328,3.797134056837596,458.99195674115055,MD-Experiment-0004_Position(87)
19,1140,saved,saved,reconstructed_from_saved_mask,MD-Experiment-0004_Position(87)_t059.png,674181.9392,160737.5,1559.172781586647,0.9804624238671957,0.8308805331410895,174302.691328,3.8678802608465483,463.24807213189706,MD-Experiment-0004_Position(87)
20,1200,saved,saved,reconstructed_from_saved_mask,MD-Experiment-0004_Position(87)_t062.png,687872.147456,164001.5,1579.0306487083435,0.9794408876997682,0.8265641498476116,174302.691328,3.9464229852973025,467.92788436437405,MD-Experiment-0004_Position(87)
21,1260,saved,saved,reconstructed_from_saved_mask,MD-Experiment-0004_Position(87)_t065.png,702629.80608,167520.0,1611.9595807790756,0.9782304026908344,0.8101552163791214,174302.691328,4.031089828428424,472.9207265522032,MD-Experiment-0004_Position(87)
22,1320,saved,saved,reconstructed_from_saved_mask,MD-Experiment-0004_Position(87)_t068.png,715235.786752,170525.5,1616.687503695488,0.9796994122682539,0.8198738463130569,174302.691328,4.1034121808600235,477.1442359241104,MD-Experiment-0004_Position(87)
23,1380,saved,saved,reconstructed_from_saved_mask,MD-Experiment-0004_Position(87)_t071.png,726354.8866559999,173176.5,1636.001209616661,0.9791755602611112,0.813076822325721,174302.691328,4.1672040811415645,480.83878930522184,MD-Experiment-0004_Position(87)
24,1440,saved,saved,reconstructed_from_saved_mask,MD-Experiment-0004_Position(87)_t074.png,741389.369344,176761.0,1645.415423989296,0.98075509281222,0.8204369015825,174302.691328,4.253459104362683,485.7896311921046,MD-Experiment-0004_Position(87)
25,1500,saved,saved,reconstructed_from_saved_mask,MD-Experiment-0004_Position(87)_t077.png,755557.728256,180139.0,1660.729131579399,0.9818792293835014,0.8207672211918289,174302.691328,4.334745048968887,490.40951712466875,MD-Experiment-0004_Position(87)
26,1560,saved,saved,reconstructed_from_saved_mask,MD-Experiment-0004_Position(87)_t080.png,767459.065856,182976.5,1678.9717732667923,0.979277328959023,0.8156773265609444,174302.691328,4.4030247611714035,494.25682383083154,MD-Experiment-0004_Position(87)
27,1620,saved,saved,reconstructed_from_saved_mask,MD-Experiment-0004_Position(87)_t083.png,781424.001024,186306.0,1693.3565477132797,0.9797302804735999,0.8164693439001208,174302.691328,4.483143634044806,498.7333805022798,MD-Experiment-0004_Position(87)
28,1680,saved,saved,reconstructed_from_saved_mask,MD-Experiment-0004_Position(87)_t086.png,796615.7701119999,189928.0,1713.1555383205414,0.9785235694615823,0.8132147923858859,174302.691328,4.570301032317058,503.55801564126,MD-Experiment-0004_Position(87)
29,1740,saved,saved,reconstructed_from_saved_mask,MD-Experiment-0004_Position(87)_t089.png,808733.114368,192817.0,1721.013401389122,0.9797761144732897,0.8180628694586927,174302.691328,4.639820006256467,507.3733788715571,MD-Experiment-0004_Position(87)
30,1800,saved,saved,reconstructed_from_saved_mask,MD-Experiment-0004_Position(87)_t092.png,823608.213504,196363.5,1738.9717721939087,0.9793715196297248,0.815991366252713,174302.691328,4.725160622759102,512.018199579364,MD-Experiment-0004_Position(87)
31,1860,saved,saved,reconstructed_from_saved_mask,MD-Experiment-0004_Position(87)_t095.png,839850.655744,200236.0,1751.3565484285355,0.9801508632294129,0.8203569919143596,174302.691328,4.818345886372934,517.042325773485,MD-Experiment-0004_Position(87)
32,1920,saved,saved,reconstructed_from_saved_mask,MD-Experiment-0004_Position(87)_t098.png,856487.3625599999,204202.5,1766.025595664978,0.9799760047990402,0.8227671268582373,174302.691328,4.913793103448276,522.1382909673727,MD-Experiment-0004_Position(87)
33,1980,saved,saved,reconstructed_from_saved_mask,MD-Experiment-0004_Position(87)_t101.png,869294.669824,207256.0,1778.7535166740417,0.981588351050352,0.8231622255792754,174302.691328,4.987270495945328,526.0276489043645,MD-Experiment-0004_Position(87)
34,2040,saved,saved,reconstructed_from_saved_mask,MD-Experiment-0004_Position(87)_t104.png,882821.300224,210481.0,1801.0966647863388,0.9779465913974748,0.8153587166593905,174302.691328,5.064874750342903,530.1044685672132,MD-Experiment-0004_Position(87)
35,2100,saved,saved,reconstructed_from_saved_mask,MD-Experiment-0004_Position(87)_t107.png,895991.4147839999,213621.0,1830.7535187005997,0.9749241838208615,0.800929062454385,174302.691328,5.140433621291239,534.0439357033732,MD-Experiment-0004_Position(87)
36,2160,saved,saved,reconstructed_from_saved_mask,MD-Experiment-0004_Position(87)_t110.png,910625.34144,217110.0,1828.6113835573196,0.977497433680912,0.8159186370429005,174302.691328,5.224390596048801,538.3874522960597,MD-Experiment-0004_Position(87)
37,2220,saved,saved,reconstructed_from_saved_mask,MD-Experiment-0004_Position(87)_t113.png,926851.006464,220978.5,1848.3098665475845,0.9774738909457649,0.8128498344007777,174302.691328,5.317479606323845,543.1628101931203,MD-Experiment-0004_Position(87)
38,2280,saved,saved,reconstructed_from_saved_mask,MD-Experiment-0004_Position(87)_t116.png,942369.931264,224678.5,1857.4814372062683,0.9788441388985099,0.818318585975737,174302.691328,5.406513944702457,547.6912136995358,MD-Experiment-0004_Position(87)
39,2340,saved,saved,reconstructed_from_saved_mask,MD-Experiment-0004_Position(87)_t119.png,953988.153344,227448.5,1875.2804316282272,0.9764546028257053,0.8127565860452801,174302.691328,5.473169381812932,551.0570392542077,MD-Experiment-0004_Position(87)
40,2400,saved,saved,reconstructed_from_saved_mask,MD-Experiment-0004_Position(87)_t122.png,966722.0602879999,230484.5,1894.7362728118896,0.976769958383835,0.8067780055498459,174302.691328,5.546225665952788,554.7226234629636,MD-Experiment-0004_Position(87)
41,2460,saved,saved,reconstructed_from_saved_mask,MD-Experiment-0004_Position(87)_t125.png,982849.159168,234329.5,1905.7068358659744,0.978180512739166,0.8108203614860175,174302.691328,5.638749187862454,559.3304962100676,MD-Experiment-0004_Position(87)
42,2520,saved,saved,reconstructed_from_saved_mask,MD-Experiment-0004_Position(87)_t128.png,998292.586496,238011.5,1914.8784065246582,0.9795034404424837,0.815690495385195,174302.691328,5.727350386216522,563.7077253201909,MD-Experiment-0004_Position(87)
43,2580,saved,saved,reconstructed_from_saved_mask,MD-Experiment-0004_Position(87)_t131.png,1015761.862656,242176.5,1923.0205442905426,0.9794683987656368,0.8229510703496777,174302.691328,5.827574175229204,568.6185389976891,MD-Experiment-0004_Position(87)
44,2640,saved,saved,reconstructed_from_saved_mask,MD-Experiment-0004_Position(87)_t134.png,1032805.41696,246240.0,1930.9789123535156,0.9824959002820925,0.829876381256534,174302.691328,5.925355535770147,573.3691435040257,MD-Experiment-0004_Position(87)
45,2700,saved,saved,reconstructed_from_saved_mask,MD-Experiment-0004_Position(87)_t137.png,1049278.54592,250167.5,1931.3636856079102,0.9851538272212651,0.8427769126703846,174302.691328,6.01986428279231,577.923640740616,MD-Experiment-0004_Position(87)
46,2760,saved,saved,reconstructed_from_saved_mask,MD-Experiment-0004_Position(87)_t140.png,1064531.132416,253804.0,1958.2926236391068,0.9839213960763942,0.8316740490842555,174302.691328,6.107370599417667,582.1089104269396,MD-Experiment-0004_Position(87)
47,2820,saved,saved,reconstructed_from_saved_mask,MD-Experiment-0004_Position(87)_t143.png,1078506.553344,257136.0,1971.4641933441162,0.9839400305357532,0.8313711707845471,174302.691328,6.187549630627812,585.9174841591613,MD-Experiment-0004_Position(87)
48,2880,saved,saved,reconstructed_from_saved_mask,MD-Experiment-0004_Position(87)_t146.png,1093366.972416,260679.0,1980.4347571134567,0.9841418456316929,0.8352083565270807,174302.691328,6.272806025459008,589.9402652361108,MD-Experiment-0004_Position(87)
49,2940,saved,saved,reconstructed_from_saved_mask,MD-Experiment-0004_Position(87)_t149.png,1107640.188928,264082.0,1999.1799241304398,0.9837471362849001,0.8303188560007175,174302.691328,6.354693553432635,593.7784287680582,MD-Experiment-0004_Position(87)
50,3000,saved,saved,reconstructed_from_saved_mask,MD-Experiment-0004_Position(87)_t152.png,1124597.76,268125.0,2015.4641931056976,0.9824415481629946,0.8294629650714817,174302.691328,6.451981615612292,598.3064306759087,MD-Experiment-0004_Position(87)
51,3060,saved,saved,reconstructed_from_saved_mask,MD-Experiment-0004_Position(87)_t155.png,1139403.65312,271655.0,2029.8906012773514,0.9837511135575175,0.8284805203362653,174302.691328,6.536925187092427,602.2320542299475,MD-Experiment-0004_Position(87)
52,3120,saved,saved,reconstructed_from_saved_mask,MD-Experiment-0004_Position(87)_t158.png,1154773.680128,275319.5,2044.6185225248337,0.9834841378423465,0.8276033778361731,174302.691328,6.6251052770892995,606.2803631073505,MD-Experiment-0004_Position(87)
53,3180,saved,saved,reconstructed_from_saved_mask,MD-Experiment-0004_Position(87)_t161.png,1172345.716736,279509.0,2062.861162185669,0.9826970033101232,0.8254022751476436,174302.691328,6.725918617802056,610.8757906991328,MD-Experiment-0004_Position(87)
54,3240,saved,saved,reconstructed_from_saved_mask,MD-Experiment-0004_Position(87)_t164.png,1190167.314432,283758.0,2063.6895891427994,0.9834337245007589,0.8372771362327992,174302.691328,6.8281637269292785,615.5014398005237,MD-Experiment-0004_Position(87)
55,3300,saved,saved,reconstructed_from_saved_mask,MD-Experiment-0004_Position(87)_t167.png,1209102.49984,288272.5,2097.304813027382,0.9812796999033264,0.8235499999556882,174302.691328,6.936797651418534,620.3783354603923,MD-Experiment-0004_Position(87)
56,3360,saved,saved,reconstructed_from_saved_mask,MD-Experiment-0004_Position(87)_t170.png,1228354.3551999999,292862.5,2110.559647679329,0.9808608834571987,0.8261870215137695,174302.691328,7.0472483576774065,625.2977970511935,MD-Experiment-0004_Position(87)
57,3420,saved,saved,reconstructed_from_saved_mask,MD-Experiment-0004_Position(87)_t173.png,1246935.1219199998,297292.5,2123.790093779564,0.980920564216778,0.8282675286455359,174302.691328,7.153848930384772,630.0093465472764,MD-Experiment-0004_Position(87)
58,3480,saved,saved,reconstructed_from_saved_mask,MD-Experiment-0004_Position(87)_t176.png,1269991.211008,302789.5,2141.1038036346436,0.9820815791692884,0.8299945274059057,174302.691328,7.286125081213755,635.8071703200358,MD-Experiment-0004_Position(87)
59,3540,saved,saved,reconstructed_from_saved_mask,MD-Experiment-0004_Position(87)_t179.png,1284864.212992,306335.5,2153.1038049459457,0.980540306963494,0.8303807170871201,174302.691328,7.3714536660490415,639.5193362198748,MD-Experiment-0004_Position(87)
60,3600,saved,saved,reconstructed_from_saved_mask,MD-Experiment-0004_Position(87)_t182.png,1307370.8482559999,311701.5,2182.0743664503098,0.9805834710977794,0.8226396938986491,174302.691328,7.500577520032726,645.0961679535643,MD-Experiment-0004_Position(87)
61,3660,saved,saved,reconstructed_from_saved_mask,MD-Experiment-0004_Position(87)_t185.png,1327037.9397119998,316390.5,2189.0449291467667,0.9809752066884426,0.8297054601646662,174302.691328,7.613410496426595,649.9302236019639,MD-Experiment-0004_Position(87)
62,3720,saved,saved,reconstructed_from_saved_mask,MD-Experiment-0004_Position(87)_t188.png,1348066.0828159999,321404.0,2198.802284836769,0.9823911481973927,0.8353890575156874,174302.691328,7.734052024929615,655.0593571497086,MD-Experiment-0004_Position(87)
63,3780,saved,saved,reconstructed_from_saved_mask,MD-Experiment-0004_Position(87)_t191.png,1370587.398144,326773.5,2220.35863673687,0.9831455687919236,0.8329337069305731,174302.691328,7.863260100584739,660.5085303825791,MD-Experiment-0004_Position(87)
64,3840,saved,saved,reconstructed_from_saved_mask,MD-Experiment-0004_Position(87)_t194.png,1383652.655104,329888.5,2242.8439180850983,0.9823124005258637,0.8240981457819723,174302.691328,7.938217388165652,663.6492440770606,MD-Experiment-0004_Position(87)
65,3900,saved,saved,reconstructed_from_saved_mask,MD-Experiment-0004_Position(87)_t197.png,1404961.8165759998,334969.0,2260.115996837616,0.9821755295442284,0.8240489728355741,174302.691328,8.060471160093366,668.7400361327848,MD-Experiment-0004_Position(87)
66,3960,saved,saved,reconstructed_from_saved_mask,MD-Experiment-0004_Position(87)_t200.png,1422538.047488,339159.5,2274.843915104866,0.9830895364695277,0.8235892005430773,174302.691328,8.16130856414082,672.9100415271101,MD-Experiment-0004_Position(87)
67,4020,saved,saved,reconstructed_from_saved_mask,MD-Experiment-0004_Position(87)_t203.png,1435934.654464,342353.5,2320.5007724761963,0.9811790938050358,0.7989529442735069,174302.691328,8.238166855162788,676.0711474614167,MD-Experiment-0004_Position(87)
68,4080,saved,saved,reconstructed_from_saved_mask,MD-Experiment-0004_Position(87)_t206.png,1458843.942912,347815.5,2290.500771999359,0.9825449265454689,0.833101489568092,174302.691328,8.369600789277378,681.442917219213,MD-Experiment-0004_Position(87)
69,4140,saved,saved,reconstructed_from_saved_mask,MD-Experiment-0004_Position(87)_t209.png,1474583.068672,351568.0,2304.1159950494766,0.9825234090181837,0.8321670674147496,174302.691328,8.459898452727579,685.109019614783,MD-Experiment-0004_Position(87)
70,4200,saved,saved,reconstructed_from_saved_mask,MD-Experiment-0004_Position(87)_t212.png,1492530.4954879999,355847.0,2328.115993618965,0.9816387726446402,0.8250189881665452,174302.691328,8.56286546189571,689.265705040242,MD-Experiment-0004_Position(87)
71,4260,saved,saved,reconstructed_from_saved_mask,MD-Experiment-0004_Position(87)_t215.png,1511639.744512,360403.0,2342.601278066635,0.9819977657284543,0.8252803594928456,174302.691328,8.672498014774888,693.6640937993757,MD-Experiment-0004_Position(87)
72,4320,saved,saved,reconstructed_from_saved_mask,MD-Experiment-0004_Position(87)_t218.png,1528758.796288,364484.5,2352.785040974617,0.9824565423067282,0.8274169775457099,174302.691328,8.770712515340376,697.5808472491932,MD-Experiment-0004_Position(87)
73,4380,saved,saved,reconstructed_from_saved_mask,MD-Experiment-0004_Position(87)_t221.png,1553794.596864,370453.5,2382.986051917076,0.9823395343842106,0.8197861289448043,174302.691328,8.914346560146306,703.2696362567979,MD-Experiment-0004_Position(87)
74,4440,saved,saved,reconstructed_from_saved_mask,MD-Experiment-0004_Position(87)_t224.png,1575066.0096,375525.0,2391.7139760255814,0.9813554870583377,0.8249549563300359,174302.691328,9.036383762061748,708.0671452960753,MD-Experiment-0004_Position(87)
75,4500,saved,saved,reconstructed_from_saved_mask,MD-Experiment-0004_Position(87)_t227.png,1593831.325696,379999.0,2405.228692293167,0.981832181184687,0.8254287013191929,174302.691328,9.144043121495777,712.2726078394802,MD-Experiment-0004_Position(87)
76,4560,saved,saved,reconstructed_from_saved_mask,MD-Experiment-0004_Position(87)_t230.png,1617711.59552,385692.5,2430.7850435972214,0.9812610352670599,0.8202721127727233,174302.691328,9.281047717592704,717.5887358704633,MD-Experiment-0004_Position(87)
77,4620,saved,saved,reconstructed_from_saved_mask,MD-Experiment-0004_Position(87)_t233.png,1636546.117632,390183.0,2444.826672077179,0.9812702999392652,0.8203176534587344,174302.691328,9.389104122049234,721.7539805487507,MD-Experiment-0004_Position(87)
78,4680,saved,saved,reconstructed_from_saved_mask,MD-Experiment-0004_Position(87)_t236.png,1655993.008128,394819.5,2448.0398758649826,0.9827700150469891,0.8278878000772387,174302.691328,9.500673773371515,726.0295764900882,MD-Experiment-0004_Position(87)
79,4740,saved,saved,reconstructed_from_saved_mask,MD-Experiment-0004_Position(87)_t239.png,1678608.695296,400211.5,2465.010439634323,0.9812905487909533,0.8276789346276524,174302.691328,9.63042327405732,730.970411676691,MD-Experiment-0004_Position(87)
80,4800,saved,saved,reconstructed_from_saved_mask,MD-Experiment-0004_Position(87)_t242.png,1700303.7327359999,405384.0,2488.0226320028305,0.9808682018238964,0.8229393222320635,174302.691328,9.75489087277715,735.678929727548,MD-Experiment-0004_Position(87)
81,4860,saved,saved,reconstructed_from_saved_mask,MD-Experiment-0004_Position(87)_t245.png,1726014.816256,411514.0,2502.365778326988,0.9818817367859082,0.8258342577498307,174302.691328,9.902399114469283,741.2203314224346,MD-Experiment-0004_Position(87)
82,4920,saved,saved,reconstructed_from_saved_mask,MD-Experiment-0004_Position(87)_t248.png,1746864.70144,416485.0,2512.8510591983795,0.9818440709452092,0.8288496007378607,174302.691328,10.022017951247685,745.683783043354,MD-Experiment-0004_Position(87)
0,0,saved,saved,reconstructed_from_saved_mask,MD-Experiment-0004_Position(88)_t002.png,468556.18559999997,111712.5,1448.6631199121475,0.9077224971357531,0.6689240753509343,468556.18559999997,1.0,386.19433723068374,MD-Experiment-0004_Position(88)
1,60,saved,saved,reconstructed_from_saved_mask,MD-Experiment-0004_Position(88)_t005.png,581900.959744,138736.0,1563.3910390138626,0.9400508864473333,0.7132861579800736,468556.18559999997,1.2419022043191228,430.37754154503835,MD-Experiment-0004_Position(88)
2,120,saved,saved,reconstructed_from_saved_mask,MD-Experiment-0004_Position(88)_t008.png,653116.04736,155715.0,1630.7047464847565,0.9552422842630252,0.735850591846663,468556.18559999997,1.3938905673044646,455.95317160863004,MD-Experiment-0004_Position(88)
3,180,saved,saved,reconstructed_from_saved_mask,MD-Experiment-0004_Position(88)_t011.png,707686.039552,168725.5,1656.0600876808167,0.9628499932947376,0.7731048662140421,468556.18559999997,1.5103547051583306,474.6192818498367,MD-Experiment-0004_Position(88)
4,240,saved,saved,reconstructed_from_saved_mask,MD-Experiment-0004_Position(88)_t014.png,752737.058816,179466.5,1709.8590766191483,0.9623952294896476,0.7713875424612257,468556.18559999997,1.6065033008839658,489.4932558453102,MD-Experiment-0004_Position(88)
5,300,saved,saved,reconstructed_from_saved_mask,MD-Experiment-0004_Position(88)_t017.png,794550.0753919999,189435.5,1752.9717732667923,0.9644385387472285,0.7746782922959916,468556.18559999997,1.6957413002125992,502.90470674408067,MD-Experiment-0004_Position(88)
6,360,saved,saved,reconstructed_from_saved_mask,MD-Experiment-0004_Position(88)_t020.png,830035.984384,197896.0,1785.4986851215363,0.9693158079060347,0.7800596443546898,468556.18559999997,1.771475886762896,514.0123147529849,MD-Experiment-0004_Position(88)
7,420,saved,saved,reconstructed_from_saved_mask,MD-Experiment-0004_Position(88)_t023.png,857900.8430079999,204539.5,1809.9423367977142,0.969349358078168,0.7846167519884234,468556.18559999997,1.8309455074409757,522.5689616642521,MD-Experiment-0004_Position(88)
8,480,saved,saved,reconstructed_from_saved_mask,MD-Experiment-0004_Position(88)_t026.png,890415.087616,212291.5,1838.7118836641312,0.966279016841147,0.7890692219086802,468556.18559999997,1.9003379210025737,532.3794935902199,MD-Experiment-0004_Position(88)
9,540,saved,saved,reconstructed_from_saved_mask,MD-Experiment-0004_Position(88)_t029.png,919982.8336639999,219341.0,1869.0966625213623,0.9666197328961662,0.7889802994010827,468556.18559999997,1.963441870873895,541.1465892663734,MD-Experiment-0004_Position(88)
10,600,saved,saved,reconstructed_from_saved_mask,MD-Experiment-0004_Position(88)_t032.png,947124.1748479999,225812.0,1895.7240812778473,0.9656048286228034,0.7895990687051179,468556.18559999997,2.0213673492223343,549.0710229995602,MD-Experiment-0004_Position(88)
11,660,saved,saved,reconstructed_from_saved_mask,MD-Experiment-0004_Position(88)_t035.png,978392.711168,233267.0,1948.9789147377014,0.9630178552998245,0.7717006866759757,468556.18559999997,2.0881011525120288,558.0609935615788,MD-Experiment-0004_Position(88)
12,720,saved,saved,reconstructed_from_saved_mask,MD-Experiment-0004_Position(88)_t038.png,1004409.97888,239470.0,1971.9494738578796,0.9647975987832761,0.7738724965355785,468556.18559999997,2.143627615530939,565.4322470987628,MD-Experiment-0004_Position(88)
13,780,saved,saved,reconstructed_from_saved_mask,MD-Experiment-0004_Position(88)_t041.png,1027403.1534079999,244952.0,1998.0916094779968,0.9643437830942998,0.7710100900344231,468556.18559999997,2.1927000111894372,571.8676252649454,MD-Experiment-0004_Position(88)
14,840,saved,saved,reconstructed_from_saved_mask,MD-Experiment-0004_Position(88)_t044.png,1049429.5408639999,250203.5,2035.0794194936752,0.9609997791498228,0.7591725907897018,468556.18559999997,2.239709074633546,577.9652218865141,MD-Experiment-0004_Position(88)
15,900,saved,saved,reconstructed_from_saved_mask,MD-Experiment-0004_Position(88)_t047.png,1071172.8128,255387.5,2065.5646988153458,0.9641593772297748,0.7521975167276277,468556.18559999997,2.286113908470404,583.9219948978964,MD-Experiment-0004_Position(88)
16,960,saved,saved,reconstructed_from_saved_mask,MD-Experiment-0004_Position(88)_t050.png,1092079.321088,260372.0,2057.9494758844376,0.9637000586647025,0.7725644615240006,468556.18559999997,2.330732908134721,589.592778448984,MD-Experiment-0004_Position(88)
17,1020,saved,saved,reconstructed_from_saved_mask,MD-Experiment-0004_Position(88)_t053.png,1112805.474304,265313.5,2075.7068353891373,0.9633523537026177,0.7738150674765395,468556.18559999997,2.3749669911603446,595.1613091174572,MD-Experiment-0004_Position(88)
18,1080,saved,saved,reconstructed_from_saved_mask,MD-Experiment-0004_Position(88)_t056.png,1138206.179328,271369.5,2094.133241534233,0.9643001819370611,0.7776107881161721,468556.18559999997,2.4291775763679087,601.9155085189141,MD-Experiment-0004_Position(88)
19,1140,saved,saved,reconstructed_from_saved_mask,MD-Experiment-0004_Position(88)_t059.png,1157703.401472,276018.0,2121.0032972097397,0.9653409249881089,0.7710181141766201,468556.18559999997,2.4707888553205772,607.0489584515731,MD-Experiment-0004_Position(88)
20,1200,saved,saved,reconstructed_from_saved_mask,MD-Experiment-0004_Position(88)_t062.png,1178643.464192,281010.5,2120.8195337057114,0.9638087888531618,0.7851000086167281,468556.18559999997,2.5154794673827907,612.5143810052334,MD-Experiment-0004_Position(88)
21,1260,saved,saved,reconstructed_from_saved_mask,MD-Experiment-0004_Position(88)_t065.png,1201888.29696,286552.5,2142.961666584015,0.9669492183150158,0.7841249284877626,468556.18559999997,2.565088956025512,618.524799026658,MD-Experiment-0004_Position(88)
22,1320,saved,saved,reconstructed_from_saved_mask,MD-Experiment-0004_Position(88)_t068.png,1226506.7642879998,292422.0,2181.6307163238525,0.9636690487450011,0.7720713338114975,468556.18559999997,2.6176300772071164,624.8273589913958,MD-Experiment-0004_Position(88)
23,1380,saved,saved,reconstructed_from_saved_mask,MD-Experiment-0004_Position(88)_t071.png,1244605.186048,296737.0,2220.115992307663,0.9650862517562575,0.7565371085506142,468556.18559999997,2.6562560143224796,629.4204756080743,MD-Experiment-0004_Position(88)
24,1440,saved,saved,reconstructed_from_saved_mask,MD-Experiment-0004_Position(88)_t074.png,1263846.555648,301324.5,2206.216502904892,0.9676662609628347,0.7779434899966526,468556.18559999997,2.6973212487411886,634.267178152938,MD-Experiment-0004_Position(88)
25,1500,saved,saved,reconstructed_from_saved_mask,MD-Experiment-0004_Position(88)_t077.png,1283387.8179839998,305983.5,2227.530207514763,0.9656954486780936,0.7749267765430847,468556.18559999997,2.739026518966096,639.1518053421663,MD-Experiment-0004_Position(88)
26,1560,saved,saved,reconstructed_from_saved_mask,MD-Experiment-0004_Position(88)_t080.png,1302356.557824,310506.0,2239.287568449974,0.9669875882300732,0.7781442675597574,468556.18559999997,2.779509902651897,643.857878488468,MD-Experiment-0004_Position(88)
27,1620,saved,saved,reconstructed_from_saved_mask,MD-Experiment-0004_Position(88)_t083.png,1319523.8440959998,314599.0,2263.3464438915253,0.9664817770295491,0.7717295524602604,468556.18559999997,2.8161485957256347,648.0875593860723,MD-Experiment-0004_Position(88)
28,1680,saved,saved,reconstructed_from_saved_mask,MD-Experiment-0004_Position(88)_t086.png,1341812.375552,319913.0,2268.1748683452606,0.9657357360530212,0.7814274881826477,468556.18559999997,2.8637171310283094,653.5381737450069,MD-Experiment-0004_Position(88)
29,1740,saved,saved,reconstructed_from_saved_mask,MD-Experiment-0004_Position(88)_t089.png,1361158.6027519999,324525.5,2291.530208826065,0.9683093811213902,0.7766181178379332,468556.18559999997,2.905006154190444,658.2326639723044,MD-Experiment-0004_Position(88)
30,1800,saved,saved,reconstructed_from_saved_mask,MD-Experiment-0004_Position(88)_t092.png,1384300.675072,330043.0,2295.9149882793427,0.9686520468179524,0.7868080300700931,468556.18559999997,2.9543963298646077,663.8046326490294,MD-Experiment-0004_Position(88)
31,1860,saved,saved,reconstructed_from_saved_mask,MD-Experiment-0004_Position(88)_t095.png,1401400.85248,334120.0,2335.370828151703,0.9665880270026717,0.769840287119681,468556.18559999997,2.9908917981425533,667.8920166095534,MD-Experiment-0004_Position(88)
32,1920,saved,saved,reconstructed_from_saved_mask,MD-Experiment-0004_Position(88)_t098.png,1426862.374912,340190.5,2335.8144824504852,0.9694716203623224,0.7835294992431467,468556.18559999997,3.045232180821305,673.9320441692709,MD-Experiment-0004_Position(88)
33,1980,saved,saved,reconstructed_from_saved_mask,MD-Experiment-0004_Position(88)_t101.png,1442502.934528,343919.5,2390.500772714615,0.9693156692450674,0.7562909227996942,468556.18559999997,3.0786125097907577,677.6156321318094,MD-Experiment-0004_Position(88)
34,2040,saved,saved,reconstructed_from_saved_mask,MD-Experiment-0004_Position(88)_t104.png,1461989.670912,348565.5,2356.098749756813,0.9756278812000907,0.7890550180009788,468556.18559999997,3.1202014098690833,682.1772245904111,MD-Experiment-0004_Position(88)
35,2100,saved,saved,reconstructed_from_saved_mask,MD-Experiment-0004_Position(88)_t107.png,1485349.84704,354135.0,2378.1992560625076,0.977174833819435,0.7868324045617028,468556.18559999997,3.1700570661295737,687.6056578842362,MD-Experiment-0004_Position(88)
36,2160,saved,saved,reconstructed_from_saved_mask,MD-Experiment-0004_Position(88)_t110.png,1503328.731136,358421.5,2392.098750472069,0.9770592933646279,0.7871286290831031,468556.18559999997,3.208427884077431,691.7545788100883,MD-Experiment-0004_Position(88)
37,2220,saved,saved,reconstructed_from_saved_mask,MD-Experiment-0004_Position(88)_t113.png,1516964.41344,361672.5,2487.2114478349686,0.9753711519531829,0.7346829078797324,468556.18559999997,3.237529372272575,694.8847169041403,MD-Experiment-0004_Position(88)
38,2280,saved,saved,reconstructed_from_saved_mask,MD-Experiment-0004_Position(88)_t116.png,1540970.512384,367396.0,2479.1698179244995,0.9737593643195736,0.7511587586624879,468556.18559999997,3.2887635671925706,700.3614412641009,MD-Experiment-0004_Position(88)
39,2340,saved,saved,reconstructed_from_saved_mask,MD-Experiment-0004_Position(88)_t119.png,1564494.2663679998,373004.5,2506.6672916412354,0.9741526214966513,0.7459857764837754,468556.18559999997,3.338968333892805,705.686893645327,MD-Experiment-0004_Position(88)
40,2400,saved,saved,reconstructed_from_saved_mask,MD-Experiment-0004_Position(88)_t122.png,1587177.0624,378412.5,2480.726167201996,0.9756004810809626,0.7727120458254813,468556.18559999997,3.387378314870762,710.784179681897,MD-Experiment-0004_Position(88)
41,2460,saved,saved,reconstructed_from_saved_mask,MD-Experiment-0004_Position(88)_t125.png,1611864.735744,384298.5,2485.554592847824,0.9773328094422468,0.7816852919963327,468556.18559999997,3.440067136623028,716.2907793475625,MD-Experiment-0004_Position(88)
42,2520,saved,saved,reconstructed_from_saved_mask,MD-Experiment-0004_Position(88)_t128.png,1633501.052928,389457.0,2481.9393713474274,0.9772767479062765,0.794487450153708,468556.18559999997,3.4862437059415914,721.0821965896911,MD-Experiment-0004_Position(88)
43,2580,saved,saved,reconstructed_from_saved_mask,MD-Experiment-0004_Position(88)_t131.png,1657465.208832,395170.5,2587.4368436336517,0.9717526419652902,0.7417454049210496,468556.18559999997,3.537388385364216,726.3522299662243,MD-Experiment-0004_Position(88)
44,2640,saved,saved,reconstructed_from_saved_mask,MD-Experiment-0004_Position(88)_t134.png,1684342.308864,401578.5,2533.1525728702545,0.9750080121979644,0.7864255605355615,468556.18559999997,3.5947499160792216,732.2177330746935,MD-Experiment-0004_Position(88)
45,2700,saved,saved,reconstructed_from_saved_mask,MD-Experiment-0004_Position(88)_t137.png,1706521.7884159999,406866.5,2571.4957222938538,0.9755633509008339,0.7731970432828015,468556.18559999997,3.642085711088732,737.0229007574023,MD-Experiment-0004_Position(88)
46,2760,saved,saved,reconstructed_from_saved_mask,MD-Experiment-0004_Position(88)_t140.png,1729395.4252799999,412320.0,2618.9343136548996,0.9762392108070097,0.7554314362977317,468556.18559999997,3.6909029875797246,741.9458612241496,MD-Experiment-0004_Position(88)
47,2820,saved,saved,reconstructed_from_saved_mask,MD-Experiment-0004_Position(88)_t143.png,1754345.242624,418268.5,2634.8926862478256,0.9769455714148909,0.7570754422720131,468556.18559999997,3.744151281190556,747.2786859711175,MD-Experiment-0004_Position(88)
48,2880,saved,saved,reconstructed_from_saved_mask,MD-Experiment-0004_Position(88)_t146.png,1778676.400128,424069.5,2640.3485301733017,0.9757966165655747,0.764406525403223,468556.18559999997,3.796079221215173,752.4428765577745,MD-Experiment-0004_Position(88)
49,2940,saved,saved,reconstructed_from_saved_mask,MD-Experiment-0004_Position(88)_t149.png,1802915.2829439999,429848.5,2694.8338112831116,0.9767241849431483,0.743808786359302,468556.18559999997,3.8478102271455747,757.5524790487597,MD-Experiment-0004_Position(88)
50,3000,saved,saved,reconstructed_from_saved_mask,MD-Experiment-0004_Position(88)_t152.png,1824585.15456,435015.0,2814.8165669441223,0.9756740329385167,0.6899440909671005,468556.18559999997,3.8940584088620342,762.0915252649302,MD-Experiment-0004_Position(88)
51,3060,saved,saved,reconstructed_from_saved_mask,MD-Experiment-0004_Position(88)_t155.png,1857908.8998399999,442960.0,2636.4490369558334,0.978571112976627,0.8008212947562806,468556.18559999997,3.9651784715228824,769.0193563545213,MD-Experiment-0004_Position(88)
52,3120,2,0.31999999999999984,auto,MD-Experiment-0004_Position(88)_t158.png,1897092.087808,452302.0,2665.0764536857605,0.9782463880958561,0.8002377369831142,468556.18559999997,4.048803849166387,777.0863314653876,MD-Experiment-0004_Position(88)
53,3180,2,0.31999999999999984,auto,MD-Experiment-0004_Position(88)_t161.png,1926489.9645439999,459311.0,2682.3901611566544,0.977585041795921,0.8021818205019821,468556.18559999997,4.111545261273358,783.0841598118401,MD-Experiment-0004_Position(88)
54,3240,2,0.28,auto,MD-Experiment-0004_Position(88)_t164.png,1949535.567872,464805.5,2719.5201054811478,0.9765488189844895,0.789762620253787,468556.18559999997,4.16072955130357,787.7540509071267,MD-Experiment-0004_Position(88)
55,3300,2,0.28,auto,MD-Experiment-0004_Position(88)_t167.png,1978383.990784,471683.5,2716.6084171533585,0.9787122128550472,0.8031681250122786,468556.18559999997,4.222298310394987,793.5610770030802,MD-Experiment-0004_Position(88)
60,3600,2,0.26,auto,MD-Experiment-0004_Position(88)_t182.png,2115290.267648,504324.5,2823.8043755292892,0.9757477612387893,0.7947869305489411,468556.18559999997,4.514485845361978,820.5594459517939,MD-Experiment-0004_Position(88)
61,3660,2,0.26,auto,MD-Experiment-0004_Position(88)_t185.png,2163644.301312,515853.0,2857.703867673874,0.9749714371035096,0.7937822428724036,468556.18559999997,4.617683786505539,829.8851554840767,MD-Experiment-0004_Position(88)
62,3720,saved,saved,reconstructed_from_saved_mask,MD-Experiment-0004_Position(88)_t188.png,2173511.401472,518205.5,2855.544489145279,0.975786368699094,0.7986086694512687,468556.18559999997,4.6387423072619445,831.7753102982341,MD-Experiment-0004_Position(88)
63,3780,saved,saved,reconstructed_from_saved_mask,MD-Experiment-0004_Position(88)_t191.png,2194164.154368,523129.5,2894.3140428066254,0.9765025409847541,0.7847435805252406,468556.18559999997,4.68281973816717,835.7177407746179,MD-Experiment-0004_Position(88)
64,3840,saved,saved,reconstructed_from_saved_mask,MD-Experiment-0004_Position(88)_t194.png,2220468.731904,529401.0,2877.7282552719116,0.9769366616288275,0.8033319858375254,468556.18559999997,4.738959382343069,840.712286889533,MD-Experiment-0004_Position(88)
65,3900,saved,saved,reconstructed_from_saved_mask,MD-Experiment-0004_Position(88)_t197.png,2238040.768512,533590.5,2909.9120205640793,0.9757475957889963,0.791877923807579,468556.18559999997,4.7764618999664314,844.0322874746784,MD-Experiment-0004_Position(88)
66,3960,saved,saved,reconstructed_from_saved_mask,MD-Experiment-0004_Position(88)_t200.png,2262145.4336,539337.5,2931.2257293462753,0.9761729369305451,0.7888091751907447,468556.18559999997,4.827906456305248,848.5654102662904,MD-Experiment-0004_Position(88)
67,4020,saved,saved,reconstructed_from_saved_mask,MD-Experiment-0004_Position(88)_t203.png,2291675.430912,546378.0,2931.1840950250626,0.9794335763492402,0.7991289740688015,468556.18559999997,4.890929842228936,854.0860293809917,MD-Experiment-0004_Position(88)
68,4080,saved,saved,reconstructed_from_saved_mask,MD-Experiment-0004_Position(88)_t206.png,2318263.123968,552717.0,2943.46836912632,0.9797619005413607,0.8016668772796647,468556.18559999997,4.947673716012085,859.0262342526759,MD-Experiment-0004_Position(88)
69,4140,saved,saved,reconstructed_from_saved_mask,MD-Experiment-0004_Position(88)_t209.png,2347306.582016,559641.5,2959.912019968033,0.9795175936038534,0.8027164652851658,468556.18559999997,5.009658722166275,864.3904736633646,MD-Experiment-0004_Position(88)
70,4200,saved,saved,reconstructed_from_saved_mask,MD-Experiment-0004_Position(88)_t212.png,2393418.760192,570635.5,2977.627749323845,0.9807396165969455,0.8087752340141119,468556.18559999997,5.108072059975383,872.8395345920492,MD-Experiment-0004_Position(88)
71,4260,saved,saved,reconstructed_from_saved_mask,MD-Experiment-0004_Position(88)_t215.png,2420333.60896,577052.5,3001.9120181798935,0.9799219190457753,0.8046912368330265,468556.18559999997,5.165514154638021,877.733510579869,MD-Experiment-0004_Position(88)
72,4320,saved,saved,reconstructed_from_saved_mask,MD-Experiment-0004_Position(88)_t218.png,2448125.067264,583678.5,3025.02471780777,0.9786842859801708,0.8015409314138451,468556.18559999997,5.224827123195704,882.758410622345,MD-Experiment-0004_Position(88)
73,4380,saved,saved,reconstructed_from_saved_mask,MD-Experiment-0004_Position(88)_t221.png,2472837.906432,589570.5,3056.33842587471,0.9772005516089146,0.7931269835721316,468556.18559999997,5.277569654246392,887.2027685638346,MD-Experiment-0004_Position(88)
74,4440,saved,saved,reconstructed_from_saved_mask,MD-Experiment-0004_Position(88)_t224.png,2498926.477312,595790.5,3069.593260407448,0.9773891089425639,0.7945875805647508,468556.18559999997,5.333248293610832,891.8705077391245,MD-Experiment-0004_Position(88)
75,4500,saved,saved,reconstructed_from_saved_mask,MD-Experiment-0004_Position(88)_t227.png,2524356.5424639997,601853.5,3091.652135848999,0.977235584905017,0.7912603607613429,468556.18559999997,5.387521539666555,896.3970346442602,MD-Experiment-0004_Position(88)
76,4560,saved,saved,reconstructed_from_saved_mask,MD-Experiment-0004_Position(88)_t230.png,2550315.0899199997,608042.5,3095.794270515442,0.9788184330180031,0.7972593398885012,468556.18559999997,5.442922680989146,900.9941764546755,MD-Experiment-0004_Position(88)
77,4620,saved,saved,reconstructed_from_saved_mask,MD-Experiment-0004_Position(88)_t233.png,2580010.76224,615122.5,3105.7942682504654,0.9794523165405309,0.8013571362039303,468556.18559999997,5.506299653127448,906.2245483772604,MD-Experiment-0004_Position(88)
78,4680,saved,saved,reconstructed_from_saved_mask,MD-Experiment-0004_Position(88)_t236.png,2601238.134784,620183.5,3126.1374167203903,0.9791935569181265,0.7974692439434958,468556.18559999997,5.5516034463466495,909.944951422904,MD-Experiment-0004_Position(88)
79,4740,saved,saved,reconstructed_from_saved_mask,MD-Experiment-0004_Position(88)_t239.png,2628366.8930559997,626651.5,3132.078541278839,0.9787896868474035,0.8027321542899407,468556.18559999997,5.609502070045877,914.6776298663365,MD-Experiment-0004_Position(88)
80,4800,saved,saved,reconstructed_from_saved_mask,MD-Experiment-0004_Position(88)_t242.png,2654182.8341759997,632806.5,3154.1618041992188,0.9784921047260312,0.7993056059580994,468556.18559999997,5.664598858677408,919.1586565210238,MD-Experiment-0004_Position(88)
81,4860,saved,saved,reconstructed_from_saved_mask,MD-Experiment-0004_Position(88)_t245.png,2683261.943808,639739.5,3172.62269616127,0.9779272951287034,0.7986861935890597,468556.18559999997,5.726659953004364,924.1800711629858,MD-Experiment-0004_Position(88)
82,4920,saved,saved,reconstructed_from_saved_mask,MD-Experiment-0004_Position(88)_t248.png,2709728.0020479998,646049.5,3176.1374163627625,0.9785730135997595,0.8047798438163556,468556.18559999997,5.783144231845138,928.7266615753687,MD-Experiment-0004_Position(88)
0,0,saved,saved,reconstructed_from_saved_mask,MD-Experiment-0004_Position(91)_t002.png,176462.757888,42072.0,885.1513627767563,0.944514912389013,0.6747889111087888,176462.757888,1.0,237.00177294486025,MD-Experiment-0004_Position(91)
1,60,saved,saved,reconstructed_from_saved_mask,MD-Experiment-0004_Position(91)_t005.png,241134.731264,57491.0,988.6904665231705,0.9597268940879915,0.739075888080366,176462.757888,1.3664907777143944,277.0479540866577,MD-Experiment-0004_Position(91)
2,120,saved,saved,reconstructed_from_saved_mask,MD-Experiment-0004_Position(91)_t008.png,286689.067008,68352.0,1056.2884455919266,0.9718961729597532,0.7698321287172736,176462.757888,1.6246434683399886,302.08602134069963,MD-Experiment-0004_Position(91)
3,180,saved,saved,reconstructed_from_saved_mask,MD-Experiment-0004_Position(91)_t011.png,323598.942208,77152.0,1115.2001330852509,0.9730050130844657,0.7795633757288597,176462.757888,1.8338087088800152,320.9435191173418,MD-Experiment-0004_Position(91)
4,240,saved,saved,reconstructed_from_saved_mask,MD-Experiment-0004_Position(91)_t014.png,354586.46015999996,84540.0,1163.342267870903,0.974709887183153,0.7849772895371246,176462.757888,2.009412435824301,335.9588900086479,MD-Experiment-0004_Position(91)
5,300,saved,saved,reconstructed_from_saved_mask,MD-Experiment-0004_Position(91)_t017.png,380196.88038399996,90646.0,1196.0285600423813,0.9756743375024218,0.796297601882395,176462.757888,2.1545445902262785,347.87990129132686,MD-Experiment-0004_Position(91)
6,360,saved,saved,reconstructed_from_saved_mask,MD-Experiment-0004_Position(91)_t020.png,404058.27583999996,96335.0,1234.9402462244034,0.979248092786387,0.793783518011263,176462.757888,2.289765164479939,358.63037210232085,MD-Experiment-0004_Position(91)
7,420,saved,saved,reconstructed_from_saved_mask,MD-Experiment-0004_Position(91)_t023.png,428001.460224,102043.5,1262.8986189365387,0.9763293228406726,0.8040040445656761,176462.757888,2.425449229891614,369.1030968312209,MD-Experiment-0004_Position(91)
8,480,saved,saved,reconstructed_from_saved_mask,MD-Experiment-0004_Position(91)_t026.png,450449.37523199996,107395.5,1290.8397421836853,0.9816414390698694,0.8099370994737481,176462.757888,2.552659726183685,378.6588033595119,MD-Experiment-0004_Position(91)
9,540,saved,saved,reconstructed_from_saved_mask,MD-Experiment-0004_Position(91)_t029.png,471437.672448,112399.5,1313.66817009449,0.9835361958680796,0.8184702326932054,176462.757888,2.6715986879634914,387.3800096283675,MD-Experiment-0004_Position(91)
10,600,saved,saved,reconstructed_from_saved_mask,MD-Experiment-0004_Position(91)_t032.png,492809.74847999995,117495.0,1357.1656435728073,0.978546026934064,0.8016107553826454,176462.757888,2.7927124928693665,396.06339763847313,MD-Experiment-0004_Position(91)
11,660,saved,saved,reconstructed_from_saved_mask,MD-Experiment-0004_Position(91)_t035.png,517828.77184,123460.0,1380.6214866638184,0.9786916954688144,0.8139296710297605,176462.757888,2.9344932496672373,405.9926322325105,MD-Experiment-0004_Position(91)
12,720,saved,saved,reconstructed_from_saved_mask,MD-Experiment-0004_Position(91)_t038.png,536321.4581759999,127869.0,1404.6214841604233,0.9783584230761874,0.8144351690982152,176462.757888,3.039289788933257,413.17843882507617,MD-Experiment-0004_Position(91)
13,780,saved,saved,reconstructed_from_saved_mask,MD-Experiment-0004_Position(91)_t041.png,554294.050816,132154.0,1422.6214854717255,0.9811679368626592,0.8205620923230519,176462.757888,3.14113899980985,420.0443741172988,MD-Experiment-0004_Position(91)
14,840,saved,saved,reconstructed_from_saved_mask,MD-Experiment-0004_Position(91)_t044.png,571155.152896,136174.0,1449.9351961612701,0.9802367558190175,0.81396714310979,176462.757888,3.2366894846929073,426.38519171238966,MD-Experiment-0004_Position(91)
15,900,saved,saved,reconstructed_from_saved_mask,MD-Experiment-0004_Position(91)_t047.png,588175.638528,140232.0,1474.7636222839355,0.9766479785492913,0.8102371634133856,176462.757888,3.3331431831146605,432.6917153770408,MD-Experiment-0004_Position(91)
16,960,saved,saved,reconstructed_from_saved_mask,MD-Experiment-0004_Position(91)_t050.png,603707.1462399999,143935.0,1492.4204763174057,0.9756453012309527,0.8120707690921941,176462.757888,3.4211589655828103,438.3673721982459,MD-Experiment-0004_Position(91)
17,1020,saved,saved,reconstructed_from_saved_mask,MD-Experiment-0004_Position(91)_t053.png,618867.458048,147549.5,1503.148398756981,0.9789090981466677,0.8206233856276764,176462.757888,3.507071211256893,443.83739154572226,MD-Experiment-0004_Position(91)
18,1080,saved,saved,reconstructed_from_saved_mask,MD-Experiment-0004_Position(91)_t056.png,634189.25056,151202.5,1533.290533900261,0.9758210766123047,0.8082020114489912,176462.757888,3.593898554858338,449.2980170941522,MD-Experiment-0004_Position(91)
19,1140,saved,saved,reconstructed_from_saved_mask,MD-Experiment-0004_Position(91)_t059.png,648871.4117119999,154703.0,1546.361601948738,0.9787426532458576,0.8129923994547686,176462.757888,3.6771011599163335,454.4691245947983,MD-Experiment-0004_Position(91)
20,1200,saved,saved,reconstructed_from_saved_mask,MD-Experiment-0004_Position(91)_t062.png,662557.425664,157966.0,1560.9890183210373,0.97919385082676,0.8146551167157684,176462.757888,3.7546586803574824,459.23695273064993,MD-Experiment-0004_Position(91)
21,1260,saved,saved,reconstructed_from_saved_mask,MD-Experiment-0004_Position(91)_t065.png,675547.1851519999,161063.0,1574.5037363767624,0.9816305758881501,0.8164286884750732,176462.757888,3.8282705837611712,463.7168830412726,MD-Experiment-0004_Position(91)
22,1320,saved,saved,reconstructed_from_saved_mask,MD-Experiment-0004_Position(91)_t068.png,691363.9055359999,164834.0,1593.1311531066895,0.9809620729261515,0.8161192116391859,176462.757888,3.917902643088039,469.114022475075,MD-Experiment-0004_Position(91)
23,1380,saved,saved,reconstructed_from_saved_mask,MD-Experiment-0004_Position(91)_t071.png,706807.332864,168516.0,1610.1017152071,0.9809846753889366,0.8168538881946066,176462.757888,4.005419281232173,474.3245320219148,MD-Experiment-0004_Position(91)
24,1440,saved,saved,reconstructed_from_saved_mask,MD-Experiment-0004_Position(91)_t074.png,720325.574656,171739.0,1630.9301421642303,0.981626546482351,0.8113496913583031,176462.757888,4.082026050579959,478.838962161628,MD-Experiment-0004_Position(91)
25,1500,saved,saved,reconstructed_from_saved_mask,MD-Experiment-0004_Position(91)_t077.png,735773.196288,175422.0,1645.072277545929,0.9793409538165222,0.8145616409670263,176462.757888,4.169566457501426,483.9461564756116,MD-Experiment-0004_Position(91)
26,1560,saved,saved,reconstructed_from_saved_mask,MD-Experiment-0004_Position(91)_t080.png,748525.9776,178462.5,1658.0012110471725,0.978635489982644,0.8158064782302605,176462.757888,4.241835424985739,488.12213505993213,MD-Experiment-0004_Position(91)
27,1620,saved,saved,reconstructed_from_saved_mask,MD-Experiment-0004_Position(91)_t083.png,764923.6090879999,182372.0,1678.5869966745377,0.9792048108674059,0.8133553279711611,176462.757888,4.3347594599733785,493.4397095371385,MD-Experiment-0004_Position(91)
28,1680,saved,saved,reconstructed_from_saved_mask,MD-Experiment-0004_Position(91)_t086.png,777045.1476479999,185262.0,1688.2438510656357,0.9807307492774031,0.8168190520667156,176462.757888,4.40345122646891,497.33404519246585,MD-Experiment-0004_Position(91)
29,1740,saved,saved,reconstructed_from_saved_mask,MD-Experiment-0004_Position(91)_t089.png,789368.0127999999,188200.0,1700.7291332483292,0.9816040515941938,0.8176344483635676,176462.757888,4.473283894276478,501.2620495424454,MD-Experiment-0004_Position(91)
30,1800,saved,saved,reconstructed_from_saved_mask,MD-Experiment-0004_Position(91)_t092.png,804071.145472,191705.5,1722.0844717025757,0.9800944790106288,0.8123356922552453,176462.757888,4.556605343221145,505.9088799367555,MD-Experiment-0004_Position(91)
31,1860,saved,saved,reconstructed_from_saved_mask,MD-Experiment-0004_Position(91)_t095.png,816737.943552,194725.5,1734.084469795227,0.9813235297823178,0.8137522345223586,176462.757888,4.628387050770108,509.87818334776824,MD-Experiment-0004_Position(91)
32,1920,saved,saved,reconstructed_from_saved_mask,MD-Experiment-0004_Position(91)_t098.png,831921.3240319999,198345.5,1760.7118878364563,0.9806025639124136,0.803999211545633,176462.757888,4.714430024719528,514.5957461605122,MD-Experiment-0004_Position(91)
33,1980,saved,saved,reconstructed_from_saved_mask,MD-Experiment-0004_Position(91)_t101.png,844741.214208,201402.0,1754.3271127939224,0.9806811624900484,0.8223420386518665,176462.757888,4.787079292641186,518.5455425990139,MD-Experiment-0004_Position(91)
0,0,2,0.8400000000000001,auto,MD-Experiment-0004_Position(92)_t002.png,72303.509504,17238.5,519.3452333211899,0.9706635885019286,0.8031506910960131,72303.509504,1.0,151.70669688878888,MD-Experiment-0004_Position(92)
1,60,2,0.6,auto,MD-Experiment-0004_Position(92)_t005.png,115410.468864,27516.0,660.7838329076767,0.9641374235708404,0.7919109484444012,72303.509504,1.5961945644922702,191.66714170279099,MD-Experiment-0004_Position(92)
2,120,2,0.5,auto_rest,MD-Experiment-0004_Position(92)_t008.png,145867.40735999998,34777.5,725.4528784751892,0.9762790371254123,0.8304047157472683,72303.509504,2.017431911129158,215.47862500648696,MD-Experiment-0004_Position(92)
3,180,2,0.5,auto_rest,MD-Experiment-0004_Position(92)_t011.png,172385.8944,41100.0,790.3229364156723,0.9758761515813468,0.8268800498685331,72303.509504,2.384198161092902,234.24801904424925,MD-Experiment-0004_Position(92)
4,240,2,0.5,auto_rest,MD-Experiment-0004_Position(92)_t014.png,193732.80460799998,46189.5,841.3351277112961,0.9718069830315909,0.8200023195095079,72303.509504,2.679438466223859,248.3285464557771,MD-Experiment-0004_Position(92)
5,300,2,0.5,auto_rest,MD-Experiment-0004_Position(92)_t017.png,216105.222144,51523.5,887.1341187953949,0.9732616785356731,0.8226908297109575,72303.509504,2.988862139977376,262.2754823928067,MD-Experiment-0004_Position(92)
6,360,2,0.5,auto_rest,MD-Experiment-0004_Position(92)_t020.png,231427.01465599998,55176.5,924.3056902885437,0.9700168770437045,0.811582659404107,72303.509504,3.200771528845317,271.4139029139919,MD-Experiment-0004_Position(92)
7,420,2,0.5,auto_rest,MD-Experiment-0004_Position(92)_t023.png,254537.629696,60686.5,962.2468158006668,0.9723141257239905,0.8236239932655276,72303.509504,3.520404907619572,284.64336271556664,MD-Experiment-0004_Position(92)
8,480,2,0.5,auto_rest,MD-Experiment-0004_Position(92)_t026.png,275846.79116799997,65767.0,1010.1463091373444,0.9725609079818108,0.8099334452663363,72303.509504,3.815123125561968,296.31868098526957,MD-Experiment-0004_Position(92)
9,540,2,0.5,auto_rest,MD-Experiment-0004_Position(92)_t029.png,290476.52352,69255.0,1028.4894570112228,0.9731267783749605,0.8227375315946037,72303.509504,4.0174609159729675,304.0749071211145,MD-Experiment-0004_Position(92)
10,600,2,0.5,auto_rest,MD-Experiment-0004_Position(92)_t032.png,302809.874432,72195.5,1049.4183869361877,0.9771796728545035,0.8238016435319861,72303.509504,4.188038402413203,310.46316474869906,MD-Experiment-0004_Position(92)
11,660,2,0.5,auto_rest,MD-Experiment-0004_Position(92)_t035.png,320205.750272,76343.0,1096.4305795431137,0.9687091575835247,0.7980255700051035,72303.509504,4.428633581808161,319.2564109371582,MD-Experiment-0004_Position(92)
12,720,2,0.5,auto_rest,MD-Experiment-0004_Position(92)_t038.png,335217.16428799997,79922.0,1109.11687374115,0.9734476626635161,0.8164349396075599,72303.509504,4.636250253792383,326.6541556621718,MD-Experiment-0004_Position(92)
13,780,2,0.5,auto_rest,MD-Experiment-0004_Position(92)_t041.png,350192.92672,83492.5,1125.7026598453522,0.980730151645073,0.8279611226879763,72303.509504,4.843373843431853,333.87103894559607,MD-Experiment-0004_Position(92)
14,840,2,0.5,auto_rest,MD-Experiment-0004_Position(92)_t044.png,367936.929792,87723.0,1157.9452992677689,0.9797238059605644,0.8221427880697785,72303.509504,5.088783826899092,342.22501697699556,MD-Experiment-0004_Position(92)
15,900,2,0.5,auto_rest,MD-Experiment-0004_Position(92)_t047.png,384097.58310399996,91576.0,1176.2295699119568,0.9816061398619389,0.8317778431447599,72303.509504,5.312295153290599,349.65991757892886,MD-Experiment-0004_Position(92)
16,960,2,0.5,auto_rest,MD-Experiment-0004_Position(92)_t050.png,397869.580288,94859.5,1199.300637960434,0.9810074873831389,0.8287710377380253,72303.509504,5.502769962583751,355.8733213061438,MD-Experiment-0004_Position(92)
17,1020,2,0.5,auto_rest,MD-Experiment-0004_Position(92)_t053.png,415135.432704,98976.0,1321.425530910492,0.9605263796357849,0.7122859460465815,72303.509504,5.741566841662557,363.51301535827974,MD-Experiment-0004_Position(92)
18,1080,2,0.5,auto_rest,MD-Experiment-0004_Position(92)_t056.png,430041.98912,102530.0,1325.9696860313416,0.9561778996353598,0.732813785352952,72303.509504,5.9477332714563325,369.9819138972041,MD-Experiment-0004_Position(92)
19,1140,2,0.5,auto_rest,MD-Experiment-0004_Position(92)_t059.png,441689.571328,105307.0,1339.22451710701,0.9627144365569477,0.737836816948843,72303.509504,6.108826173971053,374.95887398217815,MD-Experiment-0004_Position(92)
20,1200,2,0.5,auto_rest,MD-Experiment-0004_Position(92)_t062.png,450436.79232,107392.5,1321.1828875541687,0.9647578279754392,0.7731396327306997,72303.509504,6.229805377498042,378.6535145702083,MD-Experiment-0004_Position(92)
21,1260,2,0.5,auto_rest,MD-Experiment-0004_Position(92)_t065.png,460436.013056,109776.5,1326.070190191269,0.971189829518813,0.7844878459769125,72303.509504,6.368100472778954,382.83329911434527,MD-Experiment-0004_Position(92)
22,1320,2,0.5,auto_rest,MD-Experiment-0004_Position(92)_t068.png,475761.99987199996,113430.5,1360.7564820051193,0.9699017960590164,0.7698017373925359,72303.509504,6.580067871334512,389.1526024965386,MD-Experiment-0004_Position(92)
23,1380,2,0.5,auto_rest,MD-Experiment-0004_Position(92)_t071.png,487025.803264,116116.0,1402.4549672603607,0.9632345621661081,0.7418636308949674,72303.509504,6.735852887432201,393.73230500624794,MD-Experiment-0004_Position(92)
24,1440,2,0.5,auto_rest,MD-Experiment-0004_Position(92)_t074.png,491836.66995199997,117263.0,1364.655977845192,0.9699935065203634,0.7912696366263166,72303.509504,6.802389999129854,395.67218051492546,MD-Experiment-0004_Position(92)
25,1500,2,0.5,auto_rest,MD-Experiment-0004_Position(92)_t077.png,503865.93382399995,120131.0,1401.2833924293518,0.9680996377614545,0.768799348188936,72303.509504,6.968761783217796,400.48159514190763,MD-Experiment-0004_Position(92)
26,1560,2,0.5,auto_rest,MD-Experiment-0004_Position(92)_t080.png,517098.96294399997,123286.0,1509.4255291223526,0.9536834695432552,0.679986427350584,72303.509504,7.151782347652057,405.70643578881123,MD-Experiment-0004_Position(92)
27,1620,2,0.5,auto_rest,MD-Experiment-0004_Position(92)_t083.png,523310.72716799995,124767.0,1556.8813722133636,0.9547411071957392,0.646842507284637,72303.509504,7.237694695014066,408.13597979546324,MD-Experiment-0004_Position(92)
28,1680,2,0.5,auto_rest,MD-Experiment-0004_Position(92)_t086.png,537472.794624,128143.5,1590.5798547267914,0.9521698908831517,0.636495724116462,72303.509504,7.4335644052556775,413.6216919887657,MD-Experiment-0004_Position(92)
29,1740,2,0.5,auto_rest,MD-Experiment-0004_Position(92)_t089.png,547453.140992,130523.0,1493.0235073566437,0.9660427352325125,0.7358064999244417,72303.509504,7.57159845694231,417.44430406956354,MD-Experiment-0004_Position(92)
30,1800,2,0.5,auto_rest,MD-Experiment-0004_Position(92)_t092.png,560338.04288,133595.0,1512.3960902690887,0.9594033666551763,0.7339542275567652,72303.509504,7.749804217304289,422.32823568118295,MD-Experiment-0004_Position(92)
31,1860,2,0.5,auto_rest,MD-Experiment-0004_Position(92)_t095.png,569255.1331839999,135721.0,1512.8813722133636,0.9624715451766859,0.7451559332506916,72303.509504,7.8731328131798,425.67538882737585,MD-Experiment-0004_Position(92)
32,1920,2,0.5,auto_rest,MD-Experiment-0004_Position(92)_t098.png,577893.302272,137780.5,1524.295585155487,0.9652482468246685,0.7451766483539506,72303.509504,7.9926037648287265,428.8929368415564,MD-Experiment-0004_Position(92)
33,1980,2,0.5,auto_rest,MD-Experiment-0004_Position(92)_t101.png,586518.888448,139837.0,1528.195079088211,0.9670006707742949,0.7524443205387664,72303.509504,8.111900687414797,432.08189111154184,MD-Experiment-0004_Position(92)
34,2040,2,0.5,auto_rest,MD-Experiment-0004_Position(92)_t104.png,594855.067648,141824.5,1553.952438235283,0.9660543022178628,0.7380498234727859,72303.509504,8.22719494155524,435.14164231763203,MD-Experiment-0004_Position(92)
35,2100,2,0.5,auto_rest,MD-Experiment-0004_Position(92)_t107.png,605263.233024,144306.0,1528.7392362356186,0.9714370342445927,0.7759387275494845,72303.509504,8.37114598137889,438.93196604383076,MD-Experiment-0004_Position(92)
36,2160,2,0.5,auto_rest,MD-Experiment-0004_Position(92)_t110.png,619129.602048,147612.0,1564.822497010231,0.9673259151496088,0.757532667909202,72303.509504,8.562926008643442,443.93138339265283,MD-Experiment-0004_Position(92)
37,2220,2,0.5,auto_rest,MD-Experiment-0004_Position(92)_t113.png,628329.8078719999,149805.5,1580.8641263246536,0.9643003125170984,0.7532662923167142,72303.509504,8.690170258433158,447.2176088098716,MD-Experiment-0004_Position(92)
38,2280,2,0.5,auto_rest,MD-Experiment-0004_Position(92)_t116.png,650056.302592,154985.5,1803.4570528268814,0.9218249082549709,0.5988103850176266,72303.509504,8.990660440293528,454.88388374519855,MD-Experiment-0004_Position(92)
39,2340,2,0.5,auto_rest,MD-Experiment-0004_Position(92)_t119.png,665086.590976,158569.0,1876.670256137848,0.9278548378130879,0.5657860167585088,72303.509504,9.19853815587203,460.11263520570253,MD-Experiment-0004_Position(92)
40,2400,2,0.5,auto_rest,MD-Experiment-0004_Position(92)_t122.png,682444.71808,162707.5,1887.7413244247437,0.9238051979389931,0.5737629094810864,72303.509504,9.438611248078429,466.0782128986228,MD-Experiment-0004_Position(92)
41,2460,2,0.5,auto_rest,MD-Experiment-0004_Position(92)_t125.png,703275.728896,167674.0,2036.6702545881271,0.9142255821117687,0.5079654191206024,72303.509504,9.726716361632391,473.1380530254443,MD-Experiment-0004_Position(92)
42,2520,2,0.5,auto_rest,MD-Experiment-0004_Position(92)_t128.png,719610.4458239999,171568.5,2001.2560421228409,0.9207455329471145,0.5383219717953815,72303.509504,9.952635090060038,478.6012109333869,MD-Experiment-0004_Position(92)
43,2580,2,0.5,auto_rest,MD-Experiment-0004_Position(92)_t131.png,725046.263808,172864.5,2059.9423364400864,0.919093584430154,0.5119240718128407,72303.509504,10.027815645212751,480.40544721173507,MD-Experiment-0004_Position(92)
44,2640,2,0.5,auto_rest,MD-Experiment-0004_Position(92)_t134.png,746493.837312,177978.0,1988.4448598623276,0.9187336427129739,0.5656516801015158,72303.509504,10.324448182846535,487.4590940701423,MD-Experiment-0004_Position(92)
45,2700,2,0.5,auto_rest,MD-Experiment-0004_Position(92)_t137.png,755350.1102079999,180089.5,1987.8590751886368,0.9219591109563899,0.5726998517443656,72303.509504,10.446935638251587,490.3421332184521,MD-Experiment-0004_Position(92)
46,2760,2,0.5,auto_rest,MD-Experiment-0004_Position(92)_t140.png,751839.4777599999,179252.5,1940.5453658103943,0.9259364483277847,0.598173935333397,72303.509504,10.398381529715461,489.2013272613497,MD-Experiment-0004_Position(92)
47,2820,2,0.5,auto_rest,MD-Experiment-0004_Position(92)_t143.png,767163.3674239999,182906.0,2078.5869961977005,0.9262188822945573,0.5319874710528761,72303.509504,10.61031992342721,494.1615972221101,MD-Experiment-0004_Position(92)
48,2880,2,0.5,auto_rest,MD-Experiment-0004_Position(92)_t146.png,792520.032256,188951.5,2065.6580642461777,0.934554501232791,0.5564720326670297,72303.509504,10.961017489920817,502.26184532152297,MD-Experiment-0004_Position(92)
49,2940,2,0.5,auto_rest,MD-Experiment-0004_Position(92)_t149.png,817459.36384,194897.5,2018.0844700336456,0.9385006910034719,0.6013640355873681,72303.509504,11.305943092496447,510.10331998898454,MD-Experiment-0004_Position(92)
50,3000,2,0.5,auto_rest,MD-Experiment-0004_Position(92)_t152.png,828387.6229119999,197503.0,2052.3271104097366,0.9446040017122183,0.589237525109773,72303.509504,11.457087333584708,513.5016747442793,MD-Experiment-0004_Position(92)
51,3060,2,0.5,auto_rest,MD-Experiment-0004_Position(92)_t155.png,842562.27328,200882.5,2030.8296375274658,0.9430107148305931,0.6120754816773267,72303.509504,11.653131072889172,517.8763378553926,MD-Experiment-0004_Position(92)
52,3120,2,0.5,auto_rest,MD-Experiment-0004_Position(92)_t158.png,852869.77536,203340.0,2118.7535161972046,0.9335338069714325,0.5692090686724622,72303.509504,11.795689880209995,521.0344337224141,MD-Experiment-0004_Position(92)
53,3180,2,0.5,auto_rest,MD-Experiment-0004_Position(92)_t161.png,858852.950016,204766.5,2134.7951498031616,0.9368741807300853,0.5646201281806529,72303.509504,11.878440699596831,522.858857406285,MD-Experiment-0004_Position(92)
54,3240,2,0.5,auto_rest,MD-Experiment-0004_Position(92)_t164.png,891916.648448,212649.5,2298.476387500763,0.927341034664713,0.5058178331702745,72303.509504,12.335731067088203,532.8281963756338,MD-Experiment-0004_Position(92)
55,3300,2,0.5,auto_rest,MD-Experiment-0004_Position(92)_t167.png,901320.2780159999,214891.5,2297.5647008419037,0.9310461360490281,0.5115564924831412,72303.509504,12.465788786727382,535.629680946095,MD-Experiment-0004_Position(92)
56,3360,2,0.5,auto_rest,MD-Experiment-0004_Position(92)_t170.png,920897.1919359999,219559.0,2247.2631841897964,0.9471077838241225,0.5463277167670619,72303.509504,12.736549003683614,541.4154415530836,MD-Experiment-0004_Position(92)
57,3420,2,0.5,auto_rest,MD-Experiment-0004_Position(92)_t173.png,926293.164032,220845.5,2113.1382937431335,0.953617862833406,0.6215020677603647,72303.509504,12.811178466803955,542.999329295948,MD-Experiment-0004_Position(92)
58,3480,2,0.5,auto_rest,MD-Experiment-0004_Position(92)_t176.png,940857.884672,224318.0,2280.292620539665,0.9441986741029149,0.5421167481827135,72303.509504,13.012617107056878,547.2516479509827,MD-Experiment-0004_Position(92)
59,3540,2,0.5,auto_rest,MD-Experiment-0004_Position(92)_t179.png,957022.7322879999,228172.0,2101.0377867221832,0.9600208689212956,0.6495378849745089,72303.509504,13.236186443136003,551.9327830360266,MD-Experiment-0004_Position(92)
60,3600,2,0.5,auto_rest,MD-Experiment-0004_Position(92)_t182.png,976505.274368,232817.0,2079.5819454193115,0.9639717040309541,0.676507282655049,72303.509504,13.505641442120833,557.5224504376029,MD-Experiment-0004_Position(92)
61,3660,2,0.5,auto_rest,MD-Experiment-0004_Position(92)_t185.png,997841.6988159999,237904.0,2171.1799232959747,0.9479115616172,0.6341908608355883,72303.509504,13.800736723032745,563.5804091516678,MD-Experiment-0004_Position(92)
62,3720,2,0.5,auto_rest,MD-Experiment-0004_Position(92)_t188.png,1012179.92704,241322.5,2157.9911056756973,0.9517654134745269,0.6511909841667147,72303.509504,13.999042840154305,567.6150785291208,MD-Experiment-0004_Position(92)
63,3780,2,0.5,auto_rest,MD-Experiment-0004_Position(92)_t191.png,1026889.3511679999,244829.5,2150.594136238098,0.9564138022633962,0.6652068228341312,72303.509504,14.202482814630041,571.724612460958,MD-Experiment-0004_Position(92)
64,3840,2,0.5,auto_rest,MD-Experiment-0004_Position(92)_t194.png,1042238.406656,248489.0,2292.091609954834,0.940391310929458,0.5943648111012496,72303.509504,14.414769266467498,575.9815870312581,MD-Experiment-0004_Position(92)
65,3900,2,0.5,auto_rest,MD-Experiment-0004_Position(92)_t197.png,1065881.6983039998,254126.0,2280.1748679876328,0.9390389230794812,0.6142181639759463,72303.509504,14.741769875569217,582.4780528676868,MD-Experiment-0004_Position(92)
66,3960,2,0.5,auto_rest,MD-Experiment-0004_Position(92)_t200.png,1078433.1530239999,257118.5,2283.647962450981,0.9377486897628261,0.6195621502703813,72303.509504,14.915363865765581,585.8975458182906,MD-Experiment-0004_Position(92)
67,4020,2,0.5,auto_rest,MD-Experiment-0004_Position(92)_t203.png,1091139.796992,260148.0,2323.2043073177338,0.9476191863853596,0.6056971734670787,72303.509504,15.091104214403805,589.3391083163648,MD-Experiment-0004_Position(92)
68,4080,2,0.5,auto_rest,MD-Experiment-0004_Position(92)_t206.png,1111425.548288,264984.5,2349.5890823602676,0.950908709218433,0.6031794043242144,72303.509504,15.371668068567452,594.7921820075567,MD-Experiment-0004_Position(92)
69,4140,2,0.5,auto_rest,MD-Experiment-0004_Position(92)_t209.png,1126323.716096,268536.5,2329.99110519886,0.9527182483719957,0.6215909203036384,72303.509504,15.577718478985991,598.7653746473839,MD-Experiment-0004_Position(92)
70,4200,2,0.5,auto_rest,MD-Experiment-0004_Position(92)_t212.png,1128213.250048,268987.0,2310.2337441444397,0.9526823376908555,0.6333289044916575,72303.509504,15.603851843257821,599.2674121073358,MD-Experiment-0004_Position(92)
71,4260,2,0.5,auto_rest,MD-Experiment-0004_Position(92)_t215.png,1124083.95776,268002.5,2304.451999783516,0.957794876559976,0.6341812188141144,72303.509504,15.546741305798067,598.1697390002361,MD-Experiment-0004_Position(92)
72,4320,2,0.5,auto_rest,MD-Experiment-0004_Position(92)_t218.png,1140020.215808,271802.0,2452.57688832283,0.9530157572527542,0.5678285820929635,72303.509504,15.76714911390202,602.3949743657105,MD-Experiment-0004_Position(92)
73,4380,2,0.5,auto_rest,MD-Experiment-0004_Position(92)_t221.png,1156166.189056,275651.5,2313.221551179886,0.9573276932400495,0.6473449503231704,72303.509504,15.990457406386867,606.6458011459096,MD-Experiment-0004_Position(92)
74,4440,2,0.5,auto_rest,MD-Experiment-0004_Position(92)_t224.png,1179266.318336,281159.0,2351.1210470199585,0.9551697779891627,0.6391633664131412,72303.509504,16.309945760942078,612.6762012432913,MD-Experiment-0004_Position(92)
75,4500,2,0.5,auto_rest,MD-Experiment-0004_Position(92)_t227.png,1210404.831232,288583.0,2469.346444249153,0.9408525552204744,0.594725497409294,72303.509504,16.740609681816863,620.712352113093,MD-Experiment-0004_Position(92)
76,4560,2,0.5,auto_rest,MD-Experiment-0004_Position(92)_t230.png,1236491.3049599999,294802.5,2473.7900933027267,0.945307013746597,0.6053622486633049,72303.509504,17.10140093395597,627.3654489602247,MD-Experiment-0004_Position(92)
77,4620,2,0.5,auto_rest,MD-Experiment-0004_Position(92)_t233.png,1253723.602944,298911.0,2517.7484636306763,0.9503009917547176,0.5925528376647449,72303.509504,17.339733735533834,631.7219462382453,MD-Experiment-0004_Position(92)
78,4680,2,0.5,auto_rest,MD-Experiment-0004_Position(92)_t236.png,1273438.928896,303611.5,2405.221552491188,0.9584482943675933,0.6595047197539627,72303.509504,17.61240827218145,636.6696164565215,MD-Experiment-0004_Position(92)
79,4740,2,0.5,auto_rest,MD-Experiment-0004_Position(92)_t239.png,1280363.7248,305262.5,2423.363689184189,0.9568007647823975,0.6531999278192937,72303.509504,17.708182266438495,638.3983329512556,MD-Experiment-0004_Position(92)
80,4800,2,0.5,auto_rest,MD-Experiment-0004_Position(92)_t242.png,1273143.230464,303541.0,2350.150486469269,0.9649225702573786,0.6906147984707963,72303.509504,17.608318589204398,636.5956933444173,MD-Experiment-0004_Position(92)
81,4860,2,0.5,auto_rest,MD-Experiment-0004_Position(92)_t245.png,1273455.706112,303615.5,2273.079418540001,0.9704842104590227,0.738421926055925,72303.509504,17.612640310931923,636.6738104183408,MD-Experiment-0004_Position(92)
82,4920,2,0.5,auto_rest,MD-Experiment-0004_Position(92)_t248.png,1281343.094784,305496.0,2251.1799243688583,0.9744393710557415,0.7575215251521829,72303.509504,17.721727528497258,638.6424466499867,MD-Experiment-0004_Position(92)
