Frame,Time_min,model_choice,used_thresh,review_mode,filename,Area_um2,Area_px,Perimeter_px,Solidity,Circularity,A0_um2,A_over_A0,EffectiveRadius_um,Series
0,0,saved,saved,reconstructed_from_saved_mask,MD-Experiment-0004_Position(10)_t001.png,204304.54783999998,48710.0,862.4650719165802,0.979548333903111,0.8228960193349926,204304.54783999998,1.0,255.0140336722299,Position(10)
1,60,saved,saved,reconstructed_from_saved_mask,MD-Experiment-0004_Position(10)_t002.png,220708.47078399998,52621.0,895.9209126234055,0.9766241961377493,0.8238148439458117,204304.54783999998,1.0802915212482036,265.0541231806318,Position(10)
2,120,saved,saved,reconstructed_from_saved_mask,MD-Experiment-0004_Position(10)_t005.png,285447.55302399996,68056.0,1007.5188952684402,0.9818152965022758,0.8424999510279524,204304.54783999998,1.3971669061794292,301.43121622438343,Position(10)
3,180,saved,saved,reconstructed_from_saved_mask,MD-Experiment-0004_Position(10)_t008.png,327071.82592,77980.0,1091.4011437892914,0.9717133956386292,0.8226673960628774,204304.54783999998,1.600903305276124,322.66111585147627,Position(10)
4,240,saved,saved,reconstructed_from_saved_mask,MD-Experiment-0004_Position(10)_t011.png,354978.627584,84633.5,1131.7859206199646,0.9785690334963636,0.8302781163608575,204304.54783999998,1.7374974337918294,336.1446214710883,Position(10)
5,300,saved,saved,reconstructed_from_saved_mask,MD-Experiment-0004_Position(10)_t014.png,394335.87916799996,94017.0,1190.7392377853394,0.9793998614503956,0.8332645835114536,204304.54783999998,1.930137548757955,354.2894421460384,Position(10)
6,360,saved,saved,reconstructed_from_saved_mask,MD-Experiment-0004_Position(10)_t017.png,412432.203776,98331.5,1208.1534489393234,0.9825142508855282,0.8465611460885949,204304.54783999998,2.0187127899815236,362.32754220797034,Position(10)
7,420,saved,saved,reconstructed_from_saved_mask,MD-Experiment-0004_Position(10)_t020.png,432388.702208,103089.5,1237.1240129470825,0.986337216255651,0.846443206507085,204304.54783999998,2.1163929377951143,370.99002491574544,Position(10)
8,480,saved,saved,reconstructed_from_saved_mask,MD-Experiment-0004_Position(10)_t023.png,445760.14336,106277.5,1258.5798584222794,0.9842742103532746,0.8431204810372731,204304.54783999998,2.181841510983371,376.6827053345983,Position(10)
9,540,saved,saved,reconstructed_from_saved_mask,MD-Experiment-0004_Position(10)_t026.png,459901.239296,109649.0,1268.1950806379318,0.9894422436585784,0.8567269148222668,204304.54783999998,2.2510572777663724,382.61091350887267,Position(10)
10,600,saved,saved,reconstructed_from_saved_mask,MD-Experiment-0004_Position(10)_t029.png,476615.540736,113634.0,1290.136204123497,0.9879713956571826,0.8579204756479608,204304.54783999998,2.3328679942516937,389.5015257031762,Position(10)
11,660,saved,saved,reconstructed_from_saved_mask,MD-Experiment-0004_Position(10)_t032.png,491251.56454399996,117123.5,1315.6925547122955,0.9869805382220218,0.8502469285521375,204304.54783999998,2.4045062615479367,395.4367580253633,Position(10)
12,720,saved,saved,reconstructed_from_saved_mask,MD-Experiment-0004_Position(10)_t035.png,509528.24422399997,121481.0,1336.9646334648132,0.9882248624200246,0.8540403387102051,204304.54783999998,2.493964278382262,402.7255609299814,Position(10)
13,780,saved,saved,reconstructed_from_saved_mask,MD-Experiment-0004_Position(10)_t038.png,524105.547776,124956.5,1355.0651396512985,0.9853214843318772,0.8551619534734729,204304.54783999998,2.565315130363375,408.4458070061092,Position(10)
14,840,saved,saved,reconstructed_from_saved_mask,MD-Experiment-0004_Position(10)_t041.png,538122.9117439999,128298.5,1377.408282995224,0.9831754716691955,0.849779132798716,204304.54783999998,2.633925272018066,413.87177095100685,Position(10)
15,900,saved,saved,reconstructed_from_saved_mask,MD-Experiment-0004_Position(10)_t044.png,548575.117312,130790.5,1386.236711382866,0.985305971779631,0.8552858205787486,204304.54783999998,2.685085198111271,417.87185015844557,Position(10)
16,960,saved,saved,reconstructed_from_saved_mask,MD-Experiment-0004_Position(10)_t047.png,558788.247552,133225.5,1406.2367125749588,0.9842563896081828,0.8466040839463534,204304.54783999998,2.7350749332785877,421.7437889040181,Position(10)
17,1020,saved,saved,reconstructed_from_saved_mask,MD-Experiment-0004_Position(10)_t050.png,572988.0637439999,136611.0,1414.2783424854279,0.9868348340538959,0.8582735972534867,204304.54783999998,2.804578115376719,427.0688063474353,Position(10)
18,1080,saved,saved,reconstructed_from_saved_mask,MD-Experiment-0004_Position(10)_t053.png,583343.8003199999,139080.0,1434.4793509244919,0.9861346965834843,0.849348538781792,204304.54783999998,2.8552658591664954,430.91077810363373,Position(10)
19,1140,saved,saved,reconstructed_from_saved_mask,MD-Experiment-0004_Position(10)_t056.png,593816.9774079999,141577.0,1445.3910363912582,0.9846163475648346,0.8515925535471908,204304.54783999998,2.9065284335865322,434.7617905160745,Position(10)
20,1200,saved,saved,reconstructed_from_saved_mask,MD-Experiment-0004_Position(10)_t059.png,603256.25856,143827.5,1457.8346891403198,0.9854607244286551,0.8504234665390867,204304.54783999998,2.9527304454937386,438.2036410185258,Position(10)
21,1260,saved,saved,reconstructed_from_saved_mask,MD-Experiment-0004_Position(10)_t062.png,614182.42048,146432.5,1469.9179533720016,0.9850128312497267,0.8516500031405703,204304.54783999998,3.0062102237733526,442.1541997528395,Position(10)
22,1320,saved,saved,reconstructed_from_saved_mask,MD-Experiment-0004_Position(10)_t065.png,624143.8924799999,148807.5,1473.7758153676987,0.987225756801762,0.8609379137086556,204304.54783999998,3.054968179018682,445.7254439423633,Position(10)
23,1380,saved,saved,reconstructed_from_saved_mask,MD-Experiment-0004_Position(10)_t068.png,636672.278528,151794.5,1494.6042416095734,0.9862068965517241,0.8539127125684874,204304.54783999998,3.116290289468282,450.17672142684404,Position(10)
24,1440,saved,saved,reconstructed_from_saved_mask,MD-Experiment-0004_Position(10)_t071.png,645167.8412799999,153820.0,1503.5331733226776,0.9865885024148392,0.8550601010233624,204304.54783999998,3.157873126668035,453.1702793953711,Position(10)
25,1500,saved,saved,reconstructed_from_saved_mask,MD-Experiment-0004_Position(10)_t074.png,656742.0231679999,156579.5,1526.6042422056198,0.984628106449341,0.8442903708460107,204304.54783999998,3.2145247382467663,457.2171023121494,Position(10)
26,1560,saved,saved,reconstructed_from_saved_mask,MD-Experiment-0004_Position(10)_t077.png,667907.2604159999,159241.5,1527.716941833496,0.986907668852337,0.8573937911187945,204304.54783999998,3.2691747074522683,461.08728462661423,Position(10)
27,1620,saved,saved,reconstructed_from_saved_mask,MD-Experiment-0004_Position(10)_t080.png,679059.914752,161900.5,1561.3737956285477,0.9832501814361239,0.8345344730485502,204304.54783999998,3.3237630876616713,464.9209440073481,Position(10)
28,1680,saved,saved,reconstructed_from_saved_mask,MD-Experiment-0004_Position(10)_t083.png,687941.353472,164018.0,1561.2732882499695,0.9842713890505824,0.8455582222980295,204304.54783999998,3.3672346540751388,467.95142261221434,Position(10)
29,1740,saved,saved,reconstructed_from_saved_mask,MD-Experiment-0004_Position(10)_t086.png,698565.525504,166551.0,1589.758570432663,0.9824974339008247,0.8281228321404153,204304.54783999998,3.4192362964483682,471.5509653421337,Position(10)
30,1800,saved,saved,reconstructed_from_saved_mask,MD-Experiment-0004_Position(10)_t089.png,712813.576192,169948.0,1607.9007054567337,0.9815867295074392,0.8260521588629184,204304.54783999998,3.488975569698214,476.3356047031718,Position(10)
31,1860,saved,saved,reconstructed_from_saved_mask,MD-Experiment-0004_Position(10)_t092.png,727801.921536,173521.5,1614.0012098550797,0.9840557354550765,0.837057795675147,204304.54783999998,3.5623383288852395,481.317511429273,Position(10)
32,1920,saved,saved,reconstructed_from_saved_mask,MD-Experiment-0004_Position(10)_t095.png,739948.62592,176417.5,1623.1727812290192,0.9830792292175153,0.8414378127018401,204304.54783999998,3.6217922397864917,485.3173836763397,Position(10)
33,1980,saved,saved,reconstructed_from_saved_mask,MD-Experiment-0004_Position(10)_t098.png,751696.871424,179218.5,1643.3149203062057,0.9829617441382147,0.8339713001737526,204304.54783999998,3.679295832477931,489.15493004536404,Position(10)
34,2040,saved,saved,reconstructed_from_saved_mask,MD-Experiment-0004_Position(10)_t101.png,764476.915712,182265.5,1711.3981801271439,0.9796718579932544,0.782009814529045,204304.54783999998,3.741849722849518,493.2956112012574,Position(10)
35,2100,saved,saved,reconstructed_from_saved_mask,MD-Experiment-0004_Position(10)_t104.png,781881.18016,186415.0,1743.4986842870712,0.980468472638242,0.7706327673062378,204304.54783999998,3.827037569287621,498.8792533930205,Position(10)
36,2160,saved,saved,reconstructed_from_saved_mask,MD-Experiment-0004_Position(10)_t107.png,797442.048,190125.0,1710.7291325330734,0.9799601057661085,0.8163691576070742,204304.54783999998,3.903202627797167,503.8191019969856,Position(10)
37,2220,saved,saved,reconstructed_from_saved_mask,MD-Experiment-0004_Position(10)_t110.png,814219.264,194125.0,1720.0428395271301,0.980691801340763,0.8245420439796206,204304.54783999998,3.985321289262985,509.09138791821044,Position(10)
38,2280,saved,saved,reconstructed_from_saved_mask,MD-Experiment-0004_Position(10)_t113.png,830690.2958079999,198052.0,1738.469245672226,0.9802952982928531,0.8234838229231957,204304.54783999998,4.065941285157052,514.214870956319,Position(10)
39,2340,saved,saved,reconstructed_from_saved_mask,MD-Experiment-0004_Position(10)_t116.png,844739.1170559999,201401.5,1740.084470152855,0.9805903947650301,0.8358568437307481,204304.54783999998,4.134705399301992,518.5448989288113,Position(10)
40,2400,saved,saved,reconstructed_from_saved_mask,MD-Experiment-0004_Position(10)_t119.png,858924.2531839999,204783.5,1759.5991908311844,0.9794879276038877,0.8311459982182684,204304.54783999998,4.20413672757134,522.8805611910777,Position(10)
41,2460,saved,saved,reconstructed_from_saved_mask,MD-Experiment-0004_Position(10)_t122.png,872058.71616,207915.0,1798.3271116018295,0.9778000380933569,0.8079012927920648,204304.54783999998,4.268425374666393,526.8632751354684,Position(10)
42,2520,saved,saved,reconstructed_from_saved_mask,MD-Experiment-0004_Position(10)_t125.png,888674.451456,211876.5,1833.197170138359,0.9782693009146609,0.7922719822295143,204304.54783999998,4.349753644015602,531.8588755463257,Position(10)
43,2580,saved,saved,reconstructed_from_saved_mask,MD-Experiment-0004_Position(10)_t128.png,903723.614208,215464.5,1832.8540260791779,0.9766450454860686,0.8059903354094959,204304.54783999998,4.423414083350441,536.3433236091901,Position(10)
44,2640,saved,saved,reconstructed_from_saved_mask,MD-Experiment-0004_Position(10)_t131.png,921855.5904,219787.5,1826.5108753442764,0.9787800180358713,0.8278817867534052,204304.54783999998,4.5121638267296245,541.6970999166556,Position(10)
45,2700,saved,saved,reconstructed_from_saved_mask,MD-Experiment-0004_Position(10)_t134.png,933924.70016,222665.0,1834.9545303583145,0.9792164157772295,0.8310194852820539,204304.54783999998,4.571237938821597,545.231570080237,Position(10)
46,2760,saved,saved,reconstructed_from_saved_mask,MD-Experiment-0004_Position(10)_t137.png,955194.015744,227736.0,1852.126099705696,0.9797688420808085,0.8342581323730495,204304.54783999998,4.6753438718948885,551.4052034891497,Position(10)
47,2820,saved,saved,reconstructed_from_saved_mask,MD-Experiment-0004_Position(10)_t140.png,969674.850304,231188.5,1856.854023694992,0.9823053030978998,0.8425982737543136,204304.54783999998,4.746222541572573,555.5691597232071,Position(10)
48,2880,saved,saved,reconstructed_from_saved_mask,MD-Experiment-0004_Position(10)_t143.png,981947.383808,234114.5,1876.7118901014328,0.979126368904103,0.8353009315705372,204304.54783999998,4.806292342434819,559.0738412574814,Position(10)
49,2940,saved,saved,reconstructed_from_saved_mask,MD-Experiment-0004_Position(10)_t146.png,995081.8467839999,237246.0,1927.9250886440277,0.9805599928910785,0.8020998829738853,204304.54783999998,4.870580989529871,562.8004880891374,Position(10)
50,3000,saved,saved,reconstructed_from_saved_mask,MD-Experiment-0004_Position(10)_t149.png,1008019.177472,240330.5,1918.7951461076736,0.9793738182173828,0.820278883568619,204304.54783999998,4.9339047423527,566.4472346584372,Position(10)
51,3060,saved,saved,reconstructed_from_saved_mask,MD-Experiment-0004_Position(10)_t152.png,1026637.692928,244769.5,1932.3098660707474,0.9799991992472925,0.8237845111819095,204304.54783999998,5.025035926914391,571.6545523197564,Position(10)
52,3120,saved,saved,reconstructed_from_saved_mask,MD-Experiment-0004_Position(10)_t155.png,1040153.837568,247992.0,1954.1260986328125,0.9785964579979165,0.8160980967097752,204304.54783999998,5.0911927735577915,575.4052916422503,Position(10)
53,3180,saved,saved,reconstructed_from_saved_mask,MD-Experiment-0004_Position(10)_t158.png,1058329.853952,252325.5,2011.2804297208786,0.9738067441748275,0.7838369836658242,204304.54783999998,5.180158078423322,580.4109366271184,Position(10)
54,3240,saved,saved,reconstructed_from_saved_mask,MD-Experiment-0004_Position(10)_t161.png,1076612.825088,256684.5,2001.4225633144379,0.9770733610574498,0.805252209843293,204304.54783999998,5.269646889755697,585.402857712337,Position(10)
55,3300,saved,saved,reconstructed_from_saved_mask,MD-Experiment-0004_Position(10)_t164.png,1096233.7792,261362.5,2021.4225622415543,0.977185757362192,0.8037831951114596,204304.54783999998,5.365684664339971,590.7131702340644,Position(10)
56,3360,saved,saved,reconstructed_from_saved_mask,MD-Experiment-0004_Position(10)_t167.png,1117276.602368,266379.5,2026.8784084320068,0.9786114330743952,0.814807974466592,204304.54783999998,5.468681995483474,596.3557563531775,Position(10)
57,3420,saved,saved,reconstructed_from_saved_mask,MD-Experiment-0004_Position(10)_t170.png,1137803.526144,271273.5,2052.5352615118027,0.9773543642973206,0.8091629352451436,204304.54783999998,5.569154177786903,601.8090319249225,Position(10)
58,3480,saved,saved,reconstructed_from_saved_mask,MD-Experiment-0004_Position(10)_t173.png,1153530.0689919998,275023.0,2064.9200389385223,0.9796708581199017,0.8105361727147888,204304.54783999998,5.646130158078423,605.9538142221927,Position(10)
59,3540,saved,saved,reconstructed_from_saved_mask,MD-Experiment-0004_Position(10)_t176.png,1172098.2528,279450.0,2076.2926214933395,0.9807947438246257,0.8145858405638621,204304.54783999998,5.737014986655717,610.811314110166,Position(10)
60,3600,saved,saved,reconstructed_from_saved_mask,MD-Experiment-0004_Position(10)_t179.png,1186346.3034879998,282847.0,2088.4347591400146,0.9782489900946267,0.8149287040522674,204304.54783999998,5.8067542599055635,614.512617313775,Position(10)
61,3660,saved,saved,reconstructed_from_saved_mask,MD-Experiment-0004_Position(10)_t182.png,1204996.276224,287293.5,2098.3342514038086,0.979275565107278,0.8199480261951446,204304.54783999998,5.898039416957504,619.3240085260323,Position(10)
62,3720,saved,saved,reconstructed_from_saved_mask,MD-Experiment-0004_Position(10)_t185.png,1222897.565696,291561.5,2108.819531559944,0.9807408329324862,0.8238747811851349,204304.54783999998,5.985660028741531,623.9073528586823,Position(10)
63,3780,saved,saved,reconstructed_from_saved_mask,MD-Experiment-0004_Position(10)_t188.png,1241815.973888,296072.0,2130.719028353691,0.9800512084634647,0.8195110856697445,204304.54783999998,6.078259084376925,628.7148012489466,Position(10)
64,3840,saved,saved,reconstructed_from_saved_mask,MD-Experiment-0004_Position(10)_t191.png,1258901.471232,300145.5,2172.8195346593857,0.979868565384314,0.798903614860037,204304.54783999998,6.161886676247178,633.0251053666549,Position(10)
65,3900,saved,saved,reconstructed_from_saved_mask,MD-Experiment-0004_Position(10)_t194.png,1278706.97472,304867.5,2149.162680029869,0.9813321015749983,0.8294351049940132,204304.54783999998,6.258827756107576,637.9851656469314,Position(10)
66,3960,saved,saved,reconstructed_from_saved_mask,MD-Experiment-0004_Position(10)_t197.png,1293605.142528,308419.5,2191.1626782417297,0.9791079696698894,0.8072395817645117,204304.54783999998,6.331749127489223,641.6909736663389,Position(10)
67,4020,saved,saved,reconstructed_from_saved_mask,MD-Experiment-0004_Position(10)_t200.png,1309736.435712,312265.5,2192.8195322752,0.9806055429333175,0.8160712665460702,204304.54783999998,6.410706220488606,645.679530248753,Position(10)
68,4080,saved,saved,reconstructed_from_saved_mask,MD-Experiment-0004_Position(10)_t203.png,1324758.335488,315847.0,2204.861163377762,0.9805608979582967,0.8164397190137841,204304.54783999998,6.484233216998563,649.3717540748237,Position(10)
69,4140,saved,saved,reconstructed_from_saved_mask,MD-Experiment-0004_Position(10)_t206.png,1346719.711232,321083.0,2229.0621742010117,0.980032048836322,0.8120500766356658,204304.54783999998,6.59172654485732,654.7321574535082,Position(10)
70,4200,saved,saved,reconstructed_from_saved_mask,MD-Experiment-0004_Position(10)_t209.png,1369568.182272,326530.5,2229.245938539505,0.9809623949469384,0.8256911870501401,204304.54783999998,6.70356189694108,660.2628962920311,Position(10)
71,4260,saved,saved,reconstructed_from_saved_mask,MD-Experiment-0004_Position(10)_t212.png,1391959.4741759999,331869.0,2246.518016934395,0.9802658396101019,0.8263361241493034,204304.54783999998,6.813159515499898,665.6383866615654,Position(10)
72,4320,saved,saved,reconstructed_from_saved_mask,MD-Experiment-0004_Position(10)_t215.png,1412849.2052479999,336849.5,2261.103805422783,0.9808403180274263,0.8279512559064897,204304.54783999998,6.915407513857524,670.6145463061101,Position(10)
73,4380,saved,saved,reconstructed_from_saved_mask,MD-Experiment-0004_Position(10)_t218.png,1430821.797888,341134.5,2282.902794957161,0.9795579943920162,0.8225468955588845,204304.54783999998,7.003377129952782,674.8664487400571,Position(10)
74,4440,saved,saved,reconstructed_from_saved_mask,MD-Experiment-0004_Position(10)_t221.png,1449203.3351679998,345517.0,2383.086559653282,0.9773647243853937,0.7645390096871604,204304.54783999998,7.093348388421268,679.1875651648047,Position(10)
75,4500,saved,saved,reconstructed_from_saved_mask,MD-Experiment-0004_Position(10)_t224.png,1469338.09152,350317.5,2322.7017843723297,0.978718203025689,0.8159899122445715,204304.54783999998,7.1919010470129345,683.8894944925236,Position(10)
76,4560,saved,saved,reconstructed_from_saved_mask,MD-Experiment-0004_Position(10)_t227.png,1492215.922688,355772.0,2336.2581321001053,0.9806500694612891,0.8191057545692798,204304.54783999998,7.30388010675426,689.1930647594021,Position(10)
77,4620,saved,saved,reconstructed_from_saved_mask,MD-Experiment-0004_Position(10)_t230.png,1511237.091328,360307.0,2346.3413907289505,0.9799179202101764,0.8224323029519367,204304.54783999998,7.396982139191132,693.5717025206108,Position(10)
78,4680,saved,saved,reconstructed_from_saved_mask,MD-Experiment-0004_Position(10)_t233.png,1530597.998592,364923.0,2375.512964606285,0.9804842464732063,0.8126364356181535,204304.54783999998,7.491747074522686,698.0003400607749,Position(10)
79,4740,saved,saved,reconstructed_from_saved_mask,MD-Experiment-0004_Position(10)_t236.png,1546326.638592,368673.0,2381.228694319725,0.9813432637177187,0.817050654939812,204304.54783999998,7.568733319646889,701.5775483388726,Position(10)
80,4800,saved,saved,reconstructed_from_saved_mask,MD-Experiment-0004_Position(10)_t239.png,1565001.777152,373125.5,2392.240886449814,0.9806330971932578,0.8193226800863477,204304.54783999998,7.660141654691029,705.8013442624513,Position(10)
81,4860,saved,saved,reconstructed_from_saved_mask,MD-Experiment-0004_Position(10)_t242.png,1585943.9370239999,378118.5,2414.584032535553,0.9806816973444304,0.8149916171635551,204304.54783999998,7.762646273865736,710.5080112764263,Position(10)
82,4920,saved,saved,reconstructed_from_saved_mask,MD-Experiment-0004_Position(10)_t245.png,1609117.4666239999,383643.5,2408.3830205202103,0.9820154887955164,0.8311637523144915,204304.54783999998,7.876072675015397,715.6800944957425,Position(10)
83,4980,saved,saved,reconstructed_from_saved_mask,MD-Experiment-0004_Position(10)_t248.png,1626727.2519679999,387842.0,2444.968806743622,0.9794756660243605,0.8153011526384749,204304.54783999998,7.962266475056456,719.585551846342,Position(10)
0,0,saved,saved,reconstructed_from_saved_mask,MD-Experiment-0004_Position(11)_t001.png,204816.252928,48832.0,876.2396758794785,0.971413793789413,0.799224057104346,204816.252928,1.0,255.33319047492077,Position(11)
1,60,saved,saved,reconstructed_from_saved_mask,MD-Experiment-0004_Position(11)_t002.png,238175.64979199998,56785.5,939.109731554985,0.9764844462022596,0.8091231671087674,204816.252928,1.162874754259502,275.3428117402775,Position(11)
2,120,saved,saved,reconstructed_from_saved_mask,MD-Experiment-0004_Position(11)_t005.png,302191.214592,72048.0,1051.1757494211197,0.9795119298484127,0.819372015755681,204816.252928,1.4754259501965925,310.1458545950937,Position(11)
3,180,saved,saved,reconstructed_from_saved_mask,MD-Experiment-0004_Position(11)_t008.png,342989.2096,81775.0,1128.2295724153519,0.9717939119532731,0.8073009412855818,204816.252928,1.6746191022280472,330.41921292510267,Position(11)
4,240,saved,saved,reconstructed_from_saved_mask,MD-Experiment-0004_Position(11)_t011.png,378898.743296,90336.5,1182.413335800171,0.972981851472885,0.8119597211599162,204816.252928,1.8499447083879423,347.28549617530973,Position(11)
5,300,saved,saved,reconstructed_from_saved_mask,MD-Experiment-0004_Position(11)_t014.png,406899.9168,97012.5,1211.3838976621628,0.9790687934279645,0.8307569198751114,204816.252928,1.9866583387942334,359.8892415796864,Position(11)
6,360,saved,saved,reconstructed_from_saved_mask,MD-Experiment-0004_Position(11)_t017.png,431044.427776,102769.0,1252.253956437111,0.9793213200049553,0.823544686832965,204816.252928,2.1045421035386633,370.41288145194915,Position(11)
7,420,saved,saved,reconstructed_from_saved_mask,MD-Experiment-0004_Position(11)_t020.png,448559.84128,106945.0,1271.0823829174042,0.9804272093876054,0.8318077260115696,204816.252928,2.1900597968545217,377.86377442731396,Position(11)
8,480,saved,saved,reconstructed_from_saved_mask,MD-Experiment-0004_Position(11)_t023.png,465989.27155199996,111100.5,1295.4671593904495,0.9808856183038966,0.8319037110147852,204816.252928,2.2751576834862384,385.13503085357564,Position(11)
9,540,saved,saved,reconstructed_from_saved_mask,MD-Experiment-0004_Position(11)_t026.png,483332.71859199996,115235.5,1316.981877565384,0.9828019991130216,0.8349040290120773,204816.252928,2.359835763433814,392.23664112869625,Position(11)
10,600,saved,saved,reconstructed_from_saved_mask,MD-Experiment-0004_Position(11)_t029.png,500552.43366399995,119341.0,1339.3666552305222,0.9819435473585907,0.8359890163719925,204816.252928,2.4439097313237217,399.162608705534,Position(11)
11,660,saved,saved,reconstructed_from_saved_mask,MD-Experiment-0004_Position(11)_t032.png,518636.17536,123652.5,1408.8641300201416,0.9609339482979029,0.7828427633330349,204816.252928,2.532202244429882,406.30902272733016,Position(11)
12,720,saved,saved,reconstructed_from_saved_mask,MD-Experiment-0004_Position(11)_t035.png,539584.6266879999,128647.0,1485.391039133072,0.9498028734698699,0.7327029293144227,204816.252928,2.634481487549148,414.433494191264,Position(11)
13,780,saved,saved,reconstructed_from_saved_mask,MD-Experiment-0004_Position(11)_t038.png,556223.4306559999,132614.0,1471.2489017248154,0.9585919005367114,0.7698869097755792,204816.252928,2.715719200524246,420.7747816883385,Position(11)
14,840,saved,saved,reconstructed_from_saved_mask,MD-Experiment-0004_Position(11)_t041.png,569913.638912,135878.0,1471.7341834306717,0.9651797130274187,0.7883158442287549,204816.252928,2.782560615989515,425.9215250919689,Position(11)
15,900,saved,saved,reconstructed_from_saved_mask,MD-Experiment-0004_Position(11)_t044.png,583081.65632,139017.5,1485.2905341386795,0.9679603673608645,0.7918747801551274,204816.252928,2.84685247378768,430.81394552529906,Position(11)
16,960,saved,saved,reconstructed_from_saved_mask,MD-Experiment-0004_Position(11)_t047.png,595740.0657919999,142035.5,1494.8052517175674,0.9738063569548048,0.7987990477422355,204816.252928,2.90865620904325,435.46521392342635,Position(11)
17,1020,saved,saved,reconstructed_from_saved_mask,MD-Experiment-0004_Position(11)_t050.png,608518.012928,145082.0,1504.361601471901,0.97620417377379,0.8055990003327723,204816.252928,2.9710435779816513,440.110553652032,Position(11)
18,1080,saved,saved,reconstructed_from_saved_mask,MD-Experiment-0004_Position(11)_t053.png,620616.482816,147966.5,1519.97682595253,0.9747046404468847,0.8048210595568444,204816.252928,3.0301134501965925,444.46412904636685,Position(11)
19,1140,saved,saved,reconstructed_from_saved_mask,MD-Experiment-0004_Position(11)_t056.png,631915.937792,150660.5,1532.7463771104813,0.9718088640336449,0.8058768345380303,204816.252928,3.0852821920052427,448.49201802963546,Position(11)
20,1200,saved,saved,reconstructed_from_saved_mask,MD-Experiment-0004_Position(11)_t059.png,644190.568448,153587.0,1536.5037379264832,0.9739620655323952,0.8175175398420952,204816.252928,3.1452121559633026,452.82692778075193,Position(11)
21,1260,saved,saved,reconstructed_from_saved_mask,MD-Experiment-0004_Position(11)_t062.png,657050.304512,156653.0,1543.1900298595428,0.9763079252996956,0.8266273355251896,204816.252928,3.207998853211009,457.3244008865476,Position(11)
22,1320,saved,saved,reconstructed_from_saved_mask,MD-Experiment-0004_Position(11)_t065.png,665111.7568,158575.0,1550.1605896949768,0.9781063318622417,0.8292609238018085,204816.252928,3.2473582896461335,460.1213400903169,Position(11)
23,1380,saved,saved,reconstructed_from_saved_mask,MD-Experiment-0004_Position(11)_t068.png,673309.523968,160529.5,1578.2610988616943,0.9739390262399514,0.8098545243926565,204816.252928,3.287383273263434,462.9482454235207,Position(11)
24,1440,saved,saved,reconstructed_from_saved_mask,MD-Experiment-0004_Position(11)_t071.png,686769.0455039999,163738.5,1585.917953133583,0.9774674204390107,0.818086527340912,204816.252928,3.3530983781127124,467.5525389824429,Position(11)
25,1500,saved,saved,reconstructed_from_saved_mask,MD-Experiment-0004_Position(11)_t074.png,700392.1448959999,166986.5,1597.859075307846,0.9783744195925064,0.8218911022127633,204816.252928,3.4196121395806025,472.16707204745524,Position(11)
26,1560,saved,saved,reconstructed_from_saved_mask,MD-Experiment-0004_Position(11)_t077.png,713432.2360319999,170095.5,1608.0600843429565,0.9786036262797407,0.8266052216733737,204816.252928,3.4832794069462643,476.54226869312777,Position(11)
27,1620,saved,saved,reconstructed_from_saved_mask,MD-Experiment-0004_Position(11)_t080.png,724379.3694719999,172705.5,1615.4326692819595,0.9807685755173432,0.8316456293345288,204816.252928,3.536727965268676,480.184458984793,Position(11)
28,1680,saved,saved,reconstructed_from_saved_mask,MD-Experiment-0004_Position(11)_t083.png,738790.9980159999,176141.5,1640.54536652565,0.9773123860833766,0.8224226552282783,204816.252928,3.607091661205766,484.93760267902724,Position(11)
29,1740,saved,saved,reconstructed_from_saved_mask,MD-Experiment-0004_Position(11)_t086.png,750667.169792,178973.0,1653.131153702736,0.9772122317379802,0.8229676449822473,204816.252928,3.6650761795543905,488.8197841519917,Position(11)
30,1800,saved,saved,reconstructed_from_saved_mask,MD-Experiment-0004_Position(11)_t089.png,764971.843584,182383.5,1670.3443548679352,0.9757145990595057,0.8214542528672105,204816.252928,3.7349176769331587,493.45526693412404,Position(11)
31,1860,saved,saved,reconstructed_from_saved_mask,MD-Experiment-0004_Position(11)_t092.png,775531.0039039999,184901.0,1697.4743005037308,0.9724875349757011,0.8063854969595056,204816.252928,3.7864719855832236,496.8492584121296,Position(11)
32,1920,saved,saved,reconstructed_from_saved_mask,MD-Experiment-0004_Position(11)_t095.png,787757.4000639999,187816.0,1697.900706768036,0.9749939003182218,0.8186869594821672,204816.252928,3.846166448230668,500.75040524677627,Position(11)
33,1980,saved,saved,reconstructed_from_saved_mask,MD-Experiment-0004_Position(11)_t098.png,802567.487488,191347.0,1712.586994767189,0.9744083311054247,0.8198345906454056,204816.252928,3.918475589777195,505.4356196362857,Position(11)
34,2040,saved,saved,reconstructed_from_saved_mask,MD-Experiment-0004_Position(11)_t101.png,814930.1985279999,194294.5,1740.8296358585358,0.9744812107381541,0.8056711788595061,204816.252928,3.978835599606815,509.31359567675156,Position(11)
35,2100,saved,saved,reconstructed_from_saved_mask,MD-Experiment-0004_Position(11)_t104.png,831174.73792,198167.5,1744.9717727899551,0.9750178356171123,0.8178346041098289,204816.252928,4.0581483453473135,514.3647890613794,Position(11)
36,2160,saved,saved,reconstructed_from_saved_mask,MD-Experiment-0004_Position(11)_t107.png,843174.641664,201028.5,1760.0844702720642,0.9760157499811865,0.8154558901606012,204816.252928,4.1167369757536045,518.064498128492,Position(11)
37,2220,saved,saved,reconstructed_from_saved_mask,MD-Experiment-0004_Position(11)_t110.png,860350.316544,205123.5,1768.9128986597061,0.977113581799474,0.8237821641280904,204816.252928,4.200595920707732,523.3144478583683,Position(11)
38,2280,saved,saved,reconstructed_from_saved_mask,MD-Experiment-0004_Position(11)_t113.png,875659.526144,208773.5,1793.8834601640701,0.9774269060605352,0.8152612205840051,204816.252928,4.275341988859764,527.949887870666,Position(11)
39,2340,saved,saved,reconstructed_from_saved_mask,MD-Experiment-0004_Position(11)_t116.png,890798.866432,212383.0,1810.8123925924301,0.9769114890583135,0.8139218344634288,204816.252928,4.34925868283093,532.4942119747591,Position(11)
40,2400,saved,saved,reconstructed_from_saved_mask,MD-Experiment-0004_Position(11)_t119.png,906026.287104,216013.5,1817.1971700191498,0.9780318791300588,0.822028082055732,204816.252928,4.423605422673656,537.0261858863091,Position(11)
41,2460,saved,saved,reconstructed_from_saved_mask,MD-Experiment-0004_Position(11)_t122.png,919609.540608,219252.0,1850.2682355642319,0.975227013430655,0.8047927240677265,204816.252928,4.489924639580603,541.0367900655745,Position(11)
42,2520,saved,saved,reconstructed_from_saved_mask,MD-Experiment-0004_Position(11)_t125.png,935749.2224,223100.0,1848.2682349681854,0.9766775016142978,0.8206905544659336,204816.252928,4.568725425950197,545.7638944440303,Position(11)
43,2580,saved,saved,reconstructed_from_saved_mask,MD-Experiment-0004_Position(11)_t128.png,952207.671296,227024.0,1882.2093611955643,0.9736248466810193,0.8052778940082025,204816.252928,4.64908256880734,550.5425646338002,Position(11)
44,2640,saved,saved,reconstructed_from_saved_mask,MD-Experiment-0004_Position(11)_t131.png,967252.6397439999,230611.0,1898.5525057315826,0.9740018119117358,0.8039789134965362,204816.252928,4.722538499344692,554.8748306310927,Position(11)
45,2700,saved,saved,reconstructed_from_saved_mask,MD-Experiment-0004_Position(11)_t134.png,983356.6699519999,234450.5,1913.6235736608505,0.974044238007794,0.8045406695495957,204816.252928,4.801165219528178,559.4748874529513,Position(11)
46,2760,saved,saved,reconstructed_from_saved_mask,MD-Experiment-0004_Position(11)_t137.png,1000509.27616,238540.0,1929.1799229383469,0.9726679252822711,0.8054259385325936,204816.252928,4.884911533420707,564.3332294135411,Position(11)
47,2820,saved,saved,reconstructed_from_saved_mask,MD-Experiment-0004_Position(11)_t140.png,1016053.366784,242246.0,1950.0083513259888,0.9731060773436276,0.800559353434555,204816.252928,4.960804390563565,568.7001244396491,Position(11)
48,2880,saved,saved,reconstructed_from_saved_mask,MD-Experiment-0004_Position(11)_t143.png,1031104.6266879999,245834.5,1965.3636889457703,0.9728891703108613,0.7997731852327311,204816.252928,5.034291038663171,572.8968461814371,Position(11)
49,2940,saved,saved,reconstructed_from_saved_mask,MD-Experiment-0004_Position(11)_t146.png,1046879.404032,249595.5,1976.8784085512161,0.9730515227595241,0.8025769801945523,204816.252928,5.111310206422019,577.2625606650587,Position(11)
50,3000,saved,saved,reconstructed_from_saved_mask,MD-Experiment-0004_Position(11)_t149.png,1066546.4954879999,254284.5,1991.8489688634872,0.9723737997545018,0.8054098602517589,204816.252928,5.207333306028833,582.6596721830902,Position(11)
51,3060,saved,saved,reconstructed_from_saved_mask,MD-Experiment-0004_Position(11)_t152.png,1081857.8022399999,257935.0,2004.5768948793411,0.9748663000548028,0.8066306132625085,204816.252928,5.282089613368282,586.8270902898572,Position(11)
52,3120,saved,saved,reconstructed_from_saved_mask,MD-Experiment-0004_Position(11)_t155.png,1100910.42816,262477.5,2017.8489699363708,0.9743564519990868,0.8100738818744928,204816.252928,5.375112631061598,591.9718515995147,Position(11)
53,3180,saved,saved,reconstructed_from_saved_mask,MD-Experiment-0004_Position(11)_t158.png,1117561.81504,266447.5,2045.162679195404,0.9734895607838409,0.8005082199673275,204816.252928,5.456411779161206,596.4318688238691,Position(11)
54,3240,saved,saved,reconstructed_from_saved_mask,MD-Experiment-0004_Position(11)_t161.png,1136627.023872,270993.0,2056.8611623048782,0.9729610374689435,0.8049297535483285,204816.252928,5.54949623197903,601.4978126328616,Position(11)
55,3300,saved,saved,reconstructed_from_saved_mask,MD-Experiment-0004_Position(11)_t164.png,1158076.694528,276107.0,2071.2043075561523,0.9730951818736101,0.808800479315977,204816.252928,5.654222640891219,607.1468198280447,Position(11)
56,3360,saved,saved,reconstructed_from_saved_mask,MD-Experiment-0004_Position(11)_t167.png,1177884.295168,280829.5,2086.275377511978,0.973287654616219,0.8107917589193905,204816.252928,5.750931766055046,612.3170877352686,Position(11)
57,3420,saved,saved,reconstructed_from_saved_mask,MD-Experiment-0004_Position(11)_t170.png,1194818.797568,284867.0,2105.488577246666,0.9724016221087414,0.8075068716414017,204816.252928,5.8336132044560935,616.7030366911806,Position(11)
58,3480,saved,saved,reconstructed_from_saved_mask,MD-Experiment-0004_Position(11)_t173.png,1206537.682944,287661.0,2120.375881791115,0.9723056434835367,0.8040168278057551,204816.252928,5.890829783748361,619.7199952675072,Position(11)
59,3540,saved,saved,reconstructed_from_saved_mask,MD-Experiment-0004_Position(11)_t176.png,1224839.5284479999,292024.5,2136.5596472024918,0.9730193054824371,0.8038945967641196,204816.252928,5.980187172346002,624.4025391473763,Position(11)
60,3600,saved,saved,reconstructed_from_saved_mask,MD-Experiment-0004_Position(11)_t179.png,1240811.43808,295832.5,2166.4175103902817,0.971355068763924,0.7920843509850417,204816.252928,6.058168823722149,628.4604582873853,Position(11)
61,3660,saved,saved,reconstructed_from_saved_mask,MD-Experiment-0004_Position(11)_t182.png,1260430.29504,300510.0,2173.6307134628296,0.9719738012452495,0.7992769126436207,204816.252928,6.153956422018348,633.4093650687398,Position(11)
62,3720,saved,saved,reconstructed_from_saved_mask,MD-Experiment-0004_Position(11)_t185.png,1276395.913216,304316.5,2203.672346830368,0.971044158894161,0.7874832421433811,204816.252928,6.231907355832241,637.4083760519943,Position(11)
63,3780,saved,saved,reconstructed_from_saved_mask,MD-Experiment-0004_Position(11)_t188.png,1294452.391936,308621.5,2206.843918800354,0.9721142957938355,0.7963295011464406,204816.252928,6.320066759501966,641.9010776961538,Position(11)
64,3840,saved,saved,reconstructed_from_saved_mask,MD-Experiment-0004_Position(11)_t191.png,1311265.2595199998,312630.0,2221.429703116417,0.9728932394142662,0.7961141910266597,204816.252928,6.402154325032765,646.056263428016,Position(11)
65,3900,saved,saved,reconstructed_from_saved_mask,MD-Experiment-0004_Position(11)_t194.png,1331754.43456,317515.0,2225.086561203003,0.9743878524892515,0.8058983925568772,204816.252928,6.502191186107471,651.0841746575877,Position(11)
66,3960,saved,saved,reconstructed_from_saved_mask,MD-Experiment-0004_Position(11)_t197.png,1351289.40544,322172.5,2244.074366092682,0.9738986780811772,0.8039403775821694,204816.252928,6.597569216906946,655.8420365049564,Position(11)
67,4020,saved,saved,reconstructed_from_saved_mask,MD-Experiment-0004_Position(11)_t200.png,1366737.0270719999,325855.5,2241.0449291467667,0.9760229197524115,0.8153306951746475,204816.252928,6.67299107142857,659.580099404508,Position(11)
68,4080,saved,saved,reconstructed_from_saved_mask,MD-Experiment-0004_Position(11)_t203.png,1386827.743232,330645.5,2253.731220841408,0.9778100778059376,0.8180281303969682,204816.252928,6.77108248689384,664.4102506017657,Position(11)
69,4140,saved,saved,reconstructed_from_saved_mask,MD-Experiment-0004_Position(11)_t206.png,1406698.258432,335383.0,2277.488578915596,0.979349111562103,0.8125282952649618,204816.252928,6.86809878768021,669.153168218179,Position(11)
70,4200,saved,saved,reconstructed_from_saved_mask,MD-Experiment-0004_Position(11)_t209.png,1425857.839104,339951.0,2284.4591388702393,0.9797861164470717,0.8185767367486931,204816.252928,6.961644003931848,673.6947724893373,Position(11)
71,4260,saved,saved,reconstructed_from_saved_mask,MD-Experiment-0004_Position(11)_t212.png,1443941.5807999999,344262.5,2303.6723428964615,0.977946231244283,0.8151887274588734,204816.252928,7.049936517038007,677.9534499067696,Position(11)
72,4320,saved,saved,reconstructed_from_saved_mask,MD-Experiment-0004_Position(11)_t215.png,1462736.257024,348743.5,2327.9566200971603,0.9782193131440063,0.8086604801227208,204816.252928,7.1417001146788985,682.3513841784256,Position(11)
73,4380,saved,saved,reconstructed_from_saved_mask,MD-Experiment-0004_Position(11)_t218.png,1479830.142976,352819.0,2334.1992535591125,0.9778783565987298,0.813740585439831,204816.252928,7.225159731323722,686.326864097591,Position(11)
74,4440,saved,saved,reconstructed_from_saved_mask,MD-Experiment-0004_Position(11)_t221.png,1501606.9693439999,358011.0,2395.3708297014236,0.9773416577716749,0.7840806237694726,204816.252928,7.3314834534731315,691.3583322016706,Position(11)
75,4500,saved,saved,reconstructed_from_saved_mask,MD-Experiment-0004_Position(11)_t224.png,1520456.1715199999,362505.0,2415.454089283943,0.9764852135240664,0.7807757041750157,204816.252928,7.423513269986893,695.6840021906306,Position(11)
76,4560,saved,saved,reconstructed_from_saved_mask,MD-Experiment-0004_Position(11)_t227.png,1536287.571968,366279.5,2405.152576804161,0.9725749320248109,0.7956777474948095,204816.252928,7.500808895806029,699.2964479952019,Position(11)
77,4620,saved,saved,reconstructed_from_saved_mask,MD-Experiment-0004_Position(11)_t230.png,1556363.608064,371066.0,2412.282514810562,0.9714786888679443,0.801317613418993,204816.252928,7.598828636959371,703.8507817310752,Position(11)
78,4680,saved,saved,reconstructed_from_saved_mask,MD-Experiment-0004_Position(11)_t233.png,1572991.926272,375030.5,2441.98100233078,0.9730575782696292,0.7902998344676322,204816.252928,7.680015153997378,707.6007921276389,Position(11)
79,4740,saved,saved,reconstructed_from_saved_mask,MD-Experiment-0004_Position(11)_t236.png,1592577.2288,379700.0,2450.767796754837,0.9731605548322279,0.7944126133388687,204816.252928,7.7756389252948885,711.9923289181035,Position(11)
80,4800,saved,saved,reconstructed_from_saved_mask,MD-Experiment-0004_Position(11)_t239.png,1610205.888512,383903.0,2470.767797470093,0.9734157395962093,0.7902554601373528,204816.252928,7.8617095347313235,715.9220998856819,Position(11)
81,4860,saved,saved,reconstructed_from_saved_mask,MD-Experiment-0004_Position(11)_t242.png,1628323.1846399999,388222.5,2481.211449742317,0.9726608449031592,0.7924338390590848,204816.252928,7.9501658748361725,719.938447072516,Position(11)
82,4920,saved,saved,reconstructed_from_saved_mask,MD-Experiment-0004_Position(11)_t245.png,1654766.1742079998,394527.0,2493.253077983856,0.9724707323596146,0.7975425570650319,204816.252928,8.079271788990825,725.7605890188136,Position(11)
83,4980,saved,saved,reconstructed_from_saved_mask,MD-Experiment-0004_Position(11)_t248.png,1673483.255808,398989.5,2501.637853384018,0.971816577581136,0.8011658908371169,204816.252928,8.170656536697248,729.85359126795,Position(11)
0,0,saved,saved,reconstructed_from_saved_mask,MD-Experiment-0004_Position(12)_t001.png,92188.704768,21979.5,567.2863600254059,0.9837309224365574,0.8582681372584725,92188.704768,1.0,171.3025864432092,Position(12)
1,60,saved,saved,reconstructed_from_saved_mask,MD-Experiment-0004_Position(12)_t002.png,116832.33791999999,27855.0,636.8427073955536,0.9862970044614404,0.8630752581694865,92188.704768,1.2673172729133966,192.84420703226056,Position(12)
2,120,saved,saved,reconstructed_from_saved_mask,MD-Experiment-0004_Position(12)_t005.png,165645.647872,39493.0,763.352373123169,0.9810584889021376,0.851686707407902,92188.704768,1.7968106644828137,229.62283710680126,Position(12)
3,180,saved,saved,reconstructed_from_saved_mask,MD-Experiment-0004_Position(12)_t008.png,199833.419776,47644.0,837.4356347322464,0.9808337622233659,0.8537195085881141,92188.704768,2.167656225118861,252.20815431824607,Position(12)
4,240,saved,saved,reconstructed_from_saved_mask,MD-Experiment-0004_Position(12)_t011.png,223225.053184,53221.0,887.5777691602707,0.981176947752664,0.8489459921219578,92188.704768,2.421392661343525,266.5609522648988,Position(12)
5,300,saved,saved,reconstructed_from_saved_mask,MD-Experiment-0004_Position(12)_t014.png,246459.400192,58760.5,939.477263212204,0.9799377954922578,0.8366095131610671,92188.704768,2.6734229623057852,280.09009911819595,Position(12)
6,360,saved,saved,reconstructed_from_saved_mask,MD-Experiment-0004_Position(12)_t017.png,263509.24595199997,62825.5,964.7909722328186,0.9817634879087394,0.8481630636662203,92188.704768,2.858368024750335,289.61629458191334,Position(12)
7,420,saved,saved,reconstructed_from_saved_mask,MD-Experiment-0004_Position(12)_t020.png,279913.16889599996,66736.5,1009.7615329027176,0.975244956561767,0.8224995065714732,92188.704768,3.0363065583839486,298.49477203567557,Position(12)
8,480,saved,saved,reconstructed_from_saved_mask,MD-Experiment-0004_Position(12)_t023.png,297225.158656,70864.0,1033.803163766861,0.9766127809704938,0.8332202441376513,92188.704768,3.224095179599172,307.58690873109424,Position(12)
9,540,saved,saved,reconstructed_from_saved_mask,MD-Experiment-0004_Position(12)_t026.png,311982.81727999996,74382.5,1048.7320985794067,0.9815066504803125,0.8498680714380419,92188.704768,3.3841761641529606,315.13047307376536,Position(12)
10,600,saved,saved,reconstructed_from_saved_mask,MD-Experiment-0004_Position(12)_t029.png,326874.693632,77933.0,1074.2884454727173,0.9811779221433248,0.8485734688837743,92188.704768,3.545713050797334,322.56386426003047,Position(12)
11,660,saved,saved,reconstructed_from_saved_mask,MD-Experiment-0004_Position(12)_t032.png,340392.93542399997,81156.0,1104.229570865631,0.9764596179876673,0.8363956223536169,92188.704768,3.692349689483382,329.1662749015759,Position(12)
12,720,saved,saved,reconstructed_from_saved_mask,MD-Experiment-0004_Position(12)_t035.png,357950.291968,85342.0,1132.2295709848404,0.9789789445307974,0.8365727107451733,92188.704768,3.8827998817079554,337.548687889301,Position(12)
13,780,saved,saved,reconstructed_from_saved_mask,MD-Experiment-0004_Position(12)_t038.png,369992.138752,88213.0,1150.02856194973,0.9768881506090809,0.8381566652000562,92188.704768,4.013421597397575,343.17948011943605,Position(12)
14,840,saved,saved,reconstructed_from_saved_mask,MD-Experiment-0004_Position(12)_t041.png,382396.792832,91170.5,1175.7859191894531,0.9778412960589469,0.828719753259253,92188.704768,4.1479787984258065,348.88490882152024,Position(12)
15,900,saved,saved,reconstructed_from_saved_mask,MD-Experiment-0004_Position(12)_t044.png,393341.82912,93780.0,1189.6265398263931,0.9772261906622692,0.8327196318088941,92188.704768,4.266703064218931,353.8426102923604,Position(12)
16,960,saved,saved,reconstructed_from_saved_mask,MD-Experiment-0004_Position(12)_t047.png,401178.886144,95648.5,1217.325025320053,0.9740917076151437,0.8111009821842817,92188.704768,4.351714097226962,357.35025617429824,Position(12)
17,1020,saved,saved,reconstructed_from_saved_mask,MD-Experiment-0004_Position(12)_t050.png,412438.49523199996,98333.0,1227.22451877594,0.9746797175071242,0.8204669776075076,92188.704768,4.4738506335448935,362.3303057641077,Position(12)
18,1080,saved,saved,reconstructed_from_saved_mask,MD-Experiment-0004_Position(12)_t053.png,423243.022336,100909.0,1246.9402471780777,0.9727715733104542,0.8155460354043221,92188.704768,4.5910507518369394,367.04555339610874,Position(12)
19,1140,saved,saved,reconstructed_from_saved_mask,MD-Experiment-0004_Position(12)_t056.png,430738.243584,102696.0,1251.567663192749,0.9739572466379621,0.8238624798083524,92188.704768,4.672353784208012,370.2813002167797,Position(12)
20,1200,saved,saved,reconstructed_from_saved_mask,MD-Experiment-0004_Position(12)_t059.png,439328.17817599996,104744.0,1263.08238363266,0.9755970343876905,0.8250412502219726,92188.704768,4.765531518005414,373.95521442083765,Position(12)
21,1260,saved,saved,reconstructed_from_saved_mask,MD-Experiment-0004_Position(12)_t062.png,446485.75795199996,106450.5,1281.8103059530258,0.9718223066178552,0.8141605437818108,92188.704768,4.843172046679861,376.9891653567575,Position(12)
22,1320,saved,saved,reconstructed_from_saved_mask,MD-Experiment-0004_Position(12)_t065.png,454563.987456,108376.5,1288.2955884933472,0.972915834406855,0.8205668088357291,92188.704768,4.93079915375691,380.3842939848719,Position(12)
23,1380,saved,saved,reconstructed_from_saved_mask,MD-Experiment-0004_Position(12)_t068.png,463984.39424,110622.5,1298.1534519195557,0.9754941513119315,0.8248999324251062,92188.704768,5.032985281739803,384.3056332160504,Position(12)
24,1440,saved,saved,reconstructed_from_saved_mask,MD-Experiment-0004_Position(12)_t071.png,471727.079424,112468.5,1323.2661477327347,0.972990859975517,0.8071353384706434,92188.704768,5.116972633590391,387.4988941419903,Position(12)
25,1500,saved,saved,reconstructed_from_saved_mask,MD-Experiment-0004_Position(12)_t074.png,479234.883584,114258.5,1350.236711025238,0.9707521601345783,0.787550767324452,92188.704768,5.198412156782457,390.57035377627574,Position(12)
26,1560,saved,saved,reconstructed_from_saved_mask,MD-Experiment-0004_Position(12)_t077.png,488533.655552,116475.5,1356.3788447380066,0.9742542041847374,0.795577390486402,92188.704768,5.299278873495758,394.34133982592834,Position(12)
27,1620,saved,saved,reconstructed_from_saved_mask,MD-Experiment-0004_Position(12)_t080.png,496676.896768,118417.0,1370.8224984407425,0.9701182571509325,0.7918838231836245,92188.704768,5.387611183147933,397.6143439066811,Position(12)
28,1680,saved,saved,reconstructed_from_saved_mask,MD-Experiment-0004_Position(12)_t083.png,501213.036544,119498.5,1387.7514297962189,0.9686266404039913,0.7797384509754899,92188.704768,5.436816124115653,399.42591880867315,Position(12)
29,1740,saved,saved,reconstructed_from_saved_mask,MD-Experiment-0004_Position(12)_t086.png,511736.54527999996,122007.5,1382.3788466453552,0.9737075226253372,0.8023100515772459,92188.704768,5.550967947405537,403.59732591304794,Position(12)
30,1800,saved,saved,reconstructed_from_saved_mask,MD-Experiment-0004_Position(12)_t089.png,520940.94540799997,124202.0,1395.9351942539215,0.9718162185847078,0.8009546732639572,92188.704768,5.650810982961396,407.2108213705731,Position(12)
31,1860,saved,saved,reconstructed_from_saved_mask,MD-Experiment-0004_Position(12)_t092.png,531602.866176,126744.0,1404.763621687889,0.9739274764286867,0.807106359191378,92188.704768,5.766464205282195,411.35683758442553,Position(12)
32,1920,saved,saved,reconstructed_from_saved_mask,MD-Experiment-0004_Position(12)_t095.png,541539.172352,129113.0,1425.734186053276,0.9724231686054174,0.7981834340283082,92188.704768,5.874246456925772,415.18342008735044,Position(12)
33,1980,saved,saved,reconstructed_from_saved_mask,MD-Experiment-0004_Position(12)_t098.png,550961.676288,131359.5,1439.3494081497192,0.9756603892703687,0.7967808426586799,92188.704768,5.97645533337883,418.7798329323701,Position(12)
34,2040,saved,saved,reconstructed_from_saved_mask,MD-Experiment-0004_Position(12)_t101.png,563324.3873279999,134307.0,1435.935195684433,0.9761995617143293,0.8185379726797134,92188.704768,6.110557565003753,423.4521479635323,Position(12)
35,2100,saved,saved,reconstructed_from_saved_mask,MD-Experiment-0004_Position(12)_t104.png,575418.662912,137190.5,1452.177838563919,0.9741533261615914,0.8175122957868288,92188.704768,6.241747992447507,427.9736546792895,Position(12)
36,2160,saved,saved,reconstructed_from_saved_mask,MD-Experiment-0004_Position(12)_t107.png,584673.394688,139397.0,1465.4499138593674,0.97593368548915,0.8156828512619879,92188.704768,6.342136991287336,431.40157825143365,Position(12)
37,2220,saved,saved,reconstructed_from_saved_mask,MD-Experiment-0004_Position(12)_t110.png,591990.358016,141141.5,1478.6631157398224,0.974525481423176,0.8111965837491496,92188.704768,6.421506403694352,434.09259781983667,Position(12)
38,2280,saved,saved,reconstructed_from_saved_mask,MD-Experiment-0004_Position(12)_t113.png,606276.15744,144547.5,1496.9473881721497,0.9756076983561857,0.8106014477958238,92188.704768,6.57646898246093,439.2990947756123,Position(12)
39,2340,saved,saved,reconstructed_from_saved_mask,MD-Experiment-0004_Position(12)_t116.png,616818.540544,147061.0,1499.7341836690903,0.9783163307732479,0.8216347478511141,92188.704768,6.690825541982302,443.10206435607193,Position(12)
40,2400,saved,saved,reconstructed_from_saved_mask,MD-Experiment-0004_Position(12)_t119.png,624808.689664,148966.0,1513.734183192253,0.9792792437449874,0.8169543391065744,92188.704768,6.7774972133124045,445.962759536703,Position(12)
41,2460,saved,saved,reconstructed_from_saved_mask,MD-Experiment-0004_Position(12)_t122.png,638314.348544,152186.0,1523.3910386562347,0.9782634547704373,0.8240655774129331,92188.704768,6.92399736117746,450.75688306948916,Position(12)
42,2520,saved,saved,reconstructed_from_saved_mask,MD-Experiment-0004_Position(12)_t125.png,652134.5802239999,155481.0,1542.562609553337,0.9795220230389053,0.8211104679769452,92188.704768,7.073909779567323,455.61045203947583,Position(12)
43,2580,saved,saved,reconstructed_from_saved_mask,MD-Experiment-0004_Position(12)_t128.png,662173.646848,157874.5,1545.9179501533508,0.9803312179431453,0.8301354728313094,92188.704768,7.182806706249005,459.1039295868556,Position(12)
44,2640,saved,saved,reconstructed_from_saved_mask,MD-Experiment-0004_Position(12)_t131.png,674943.205376,160919.0,1565.6753107309341,0.9799108502113045,0.8249237031410005,92188.704768,7.3213221410860125,463.509541308221,Position(12)
45,2700,saved,saved,reconstructed_from_saved_mask,MD-Experiment-0004_Position(12)_t134.png,687685.500928,163957.0,1599.47429895401,0.9766757509419352,0.805351172227332,92188.704768,7.459541845810869,467.8643965195842,Position(12)
46,2760,saved,saved,reconstructed_from_saved_mask,MD-Experiment-0004_Position(12)_t137.png,703193.9399679999,167654.5,1599.9179501533508,0.9795477783295843,0.8230565148198264,92188.704768,7.627766782683864,473.11053993368756,Position(12)
47,2820,saved,saved,reconstructed_from_saved_mask,MD-Experiment-0004_Position(12)_t140.png,713881.0265599999,170202.5,1605.574805021286,0.9789657740876972,0.8296878110150925,92188.704768,7.743692986646647,476.692131582934,Position(12)
48,2880,saved,saved,reconstructed_from_saved_mask,MD-Experiment-0004_Position(12)_t143.png,726057.091072,173105.5,1612.1189608573914,0.981034502300909,0.8370021216800999,92188.704768,7.875770604426853,480.7402105316992,Position(12)
49,2940,saved,saved,reconstructed_from_saved_mask,MD-Experiment-0004_Position(12)_t146.png,737553.678336,175846.5,1630.6631165742874,0.9812890102929974,0.8310269276291744,92188.704768,8.000477717873473,484.5313482176033,Position(12)
50,3000,saved,saved,reconstructed_from_saved_mask,MD-Experiment-0004_Position(12)_t149.png,750390.3457279999,178907.0,1644.7047485113144,0.9800787209624008,0.8311153524894721,92188.704768,8.139721103755772,488.7296446319734,Position(12)
51,3060,saved,saved,reconstructed_from_saved_mask,MD-Experiment-0004_Position(12)_t152.png,763711.455232,182083.0,1650.5037370920181,0.9823950881054891,0.8399360861218466,92188.704768,8.284219386246274,493.04858421067905,Position(12)
52,3120,saved,saved,reconstructed_from_saved_mask,MD-Experiment-0004_Position(12)_t155.png,775684.096,184937.5,1659.6336798667908,0.9848730948247398,0.8437433584215908,92188.704768,8.414090402420438,496.89829574303894,Position(12)
53,3180,saved,saved,reconstructed_from_saved_mask,MD-Experiment-0004_Position(12)_t158.png,786220.187648,187449.5,1673.2316615581512,0.9819739588926636,0.8413602744759132,92188.704768,8.528378716531313,500.2615900162968,Position(12)
54,3240,saved,saved,reconstructed_from_saved_mask,MD-Experiment-0004_Position(12)_t161.png,799654.54336,190652.5,1693.5159302949905,0.9810583352844466,0.8353602310930065,92188.704768,8.674105416410747,504.5175385289125,Position(12)
55,3300,saved,saved,reconstructed_from_saved_mask,MD-Experiment-0004_Position(12)_t164.png,808942.8295679999,192867.0,1703.7585722208023,0.98222625116497,0.8349331054024813,92188.704768,8.77485839077322,507.43915892349463,Position(12)
56,3360,saved,saved,reconstructed_from_saved_mask,MD-Experiment-0004_Position(12)_t167.png,823989.895168,196454.5,1721.7169394493103,0.9818797481007597,0.8328146198603485,92188.704768,8.938078664209833,512.136827173676,Position(12)
57,3420,saved,saved,reconstructed_from_saved_mask,MD-Experiment-0004_Position(12)_t170.png,838340.706304,199876.0,1737.9007056951523,0.9813742362012967,0.8316117069755189,92188.704768,9.093746445551536,516.577327035232,Position(12)
58,3480,saved,saved,reconstructed_from_saved_mask,MD-Experiment-0004_Position(12)_t173.png,854786.5722879999,203797.0,1756.184977054596,0.9805404599177738,0.8303613670179835,92188.704768,9.272139948588457,521.619609041326,Position(12)
59,3540,saved,saved,reconstructed_from_saved_mask,MD-Experiment-0004_Position(12)_t176.png,870255.16544,207485.0,1773.841830253601,0.9800503994879752,0.8286417005902141,92188.704768,9.43993266452831,526.3181762603895,Position(12)
60,3600,saved,saved,reconstructed_from_saved_mask,MD-Experiment-0004_Position(12)_t179.png,881917.427712,210265.5,1800.4276136159897,0.9750086944425124,0.8151293931561879,92188.704768,9.566436907117996,529.8330265645094,Position(12)
61,3660,saved,saved,reconstructed_from_saved_mask,MD-Experiment-0004_Position(12)_t182.png,898612.854784,214246.0,1801.498682975769,0.9779617846024631,0.8295731523464788,92188.704768,9.747537478104597,534.8246025844232,Position(12)
62,3720,saved,saved,reconstructed_from_saved_mask,MD-Experiment-0004_Position(12)_t185.png,910600.175616,217104.0,1820.3271112442017,0.9762792349997077,0.8233392404709834,92188.704768,9.877567733569917,538.3800128712699,Position(12)
63,3780,saved,saved,reconstructed_from_saved_mask,MD-Experiment-0004_Position(12)_t188.png,925104.0788479999,220562.0,1823.9839642047882,0.9781280211446868,0.8331026645679761,92188.704768,10.034896153233694,542.6506924774604,Position(12)
64,3840,saved,saved,reconstructed_from_saved_mask,MD-Experiment-0004_Position(12)_t191.png,934839.058432,222883.0,1836.1849763393402,0.9765419279082708,0.8307186284038259,92188.704768,10.140494551741396,545.4984090624389,Position(12)
65,3900,saved,saved,reconstructed_from_saved_mask,MD-Experiment-0004_Position(12)_t194.png,949546.385408,226389.5,1857.1971708536148,0.9723945682543977,0.8248027827005383,92188.704768,10.300029573011216,549.7726819927035,Position(12)
66,3960,saved,saved,reconstructed_from_saved_mask,MD-Experiment-0004_Position(12)_t197.png,963452.60032,229705.0,1875.5819455385208,0.9737099789323759,0.8205560001972759,92188.704768,10.45087467867786,553.7837913403897,Position(12)
67,4020,saved,saved,reconstructed_from_saved_mask,MD-Experiment-0004_Position(12)_t200.png,976746.4468479999,232874.5,1881.8245899677277,0.9773739798669971,0.8263680565226086,92188.704768,10.59507723105621,557.5912932665008,Position(12)
68,4080,saved,saved,reconstructed_from_saved_mask,MD-Experiment-0004_Position(12)_t203.png,989010.591744,235798.5,1901.481439590454,0.9768686148925769,0.8195335188332279,92188.704768,10.728110284583362,561.0809646500192,Position(12)
69,4140,saved,saved,reconstructed_from_saved_mask,MD-Experiment-0004_Position(12)_t206.png,1005177.5365119999,239653.0,1915.5819449424744,0.9765293607103128,0.8207129078935657,92188.704768,10.903478241088287,565.6482539897368,Position(12)
70,4200,saved,saved,reconstructed_from_saved_mask,MD-Experiment-0004_Position(12)_t209.png,1020767.7644799999,243370.0,1932.8956505060196,0.9770246454135604,0.8185780379067248,92188.704768,11.072590368297732,570.0179566747973,Position(12)
71,4260,saved,saved,reconstructed_from_saved_mask,MD-Experiment-0004_Position(12)_t212.png,1035103.8955519999,246788.0,1944.8956545591354,0.9753020797312651,0.8198630058565983,92188.704768,11.228098910348278,574.0067971562319,Position(12)
72,4320,saved,saved,reconstructed_from_saved_mask,MD-Experiment-0004_Position(12)_t215.png,1050169.83552,250380.0,1963.2387999296188,0.9744630587118079,0.8163252726754775,92188.704768,11.391523920016379,578.1690417326246,Position(12)
73,4380,saved,saved,reconstructed_from_saved_mask,MD-Experiment-0004_Position(12)_t218.png,1067221.778432,254445.5,1964.1088584661484,0.9769944362744157,0.8288453967007229,92188.704768,11.576491730931094,582.8440982162833,Position(12)
74,4440,saved,saved,reconstructed_from_saved_mask,MD-Experiment-0004_Position(12)_t221.png,1081557.9095039999,257863.5,1992.3098639249802,0.9752392586527389,0.8163679885160444,92188.704768,11.73200027298164,586.7457499423382,Position(12)
75,4500,saved,saved,reconstructed_from_saved_mask,MD-Experiment-0004_Position(12)_t224.png,1096638.529536,261459.0,2006.836776971817,0.9749093919191015,0.8158106252617464,92188.704768,11.8955845219409,590.8222114319702,Position(12)
76,4560,saved,saved,reconstructed_from_saved_mask,MD-Experiment-0004_Position(12)_t227.png,1115057.815552,265850.5,2015.7657086849213,0.975004217614224,0.8221806276858927,92188.704768,12.095384335403445,595.7633140406544,Position(12)
77,4620,saved,saved,reconstructed_from_saved_mask,MD-Experiment-0004_Position(12)_t230.png,1130660.626432,269570.5,2034.3931285142899,0.9761017197709386,0.8184882848105238,92188.704768,12.264632953433882,599.9170403581344,Position(12)
78,4680,saved,saved,reconstructed_from_saved_mask,MD-Experiment-0004_Position(12)_t233.png,1145988.7104,273225.0,2046.836779475212,0.9756206425580918,0.8195281472429925,92188.704768,12.430901521872654,603.9698137948063,Position(12)
79,4740,saved,saved,reconstructed_from_saved_mask,MD-Experiment-0004_Position(12)_t236.png,1157009.24416,275852.5,2077.848970770836,0.974065756346289,0.802895147658942,92188.704768,12.550444732591734,606.866938316929,Position(12)
80,4800,saved,saved,reconstructed_from_saved_mask,MD-Experiment-0004_Position(12)_t239.png,1176118.493184,280408.5,2093.020545721054,0.9714834594710703,0.8043666486439288,92188.704768,12.757728792738689,611.8579440556856,Position(12)
81,4860,saved,saved,reconstructed_from_saved_mask,MD-Experiment-0004_Position(12)_t242.png,1191205.4046719999,284005.5,2110.6185233592987,0.9708378270745702,0.8011560635734567,92188.704768,12.92138128710844,615.7698082746998,Position(12)
82,4920,saved,saved,reconstructed_from_saved_mask,MD-Experiment-0004_Position(12)_t245.png,1209509.347328,288369.5,2128.76065993309,0.9719326450890976,0.7996602658025147,92188.704768,13.119929934711891,620.4827013593583,Position(12)
83,4980,saved,saved,reconstructed_from_saved_mask,MD-Experiment-0004_Position(12)_t248.png,1222327.140352,291425.5,2133.9322321414948,0.9717147063187606,0.8042224043484912,92188.704768,13.258968584362702,623.761823875751,Position(12)
0,0,saved,saved,reconstructed_from_saved_mask,MD-Experiment-0004_Position(13)_t001.png,48437.919744,11548.5,413.40410804748535,0.9821405791555046,0.8491528407059086,48437.919744,1.0,124.17032141656165,Position(13)
1,60,saved,saved,reconstructed_from_saved_mask,MD-Experiment-0004_Position(13)_t002.png,65483.5712,15612.5,487.97264897823334,0.9744413930845088,0.8239319702886505,48437.919744,1.3519071740918733,144.3747488156435,Position(13)
2,120,2,0.5,auto,MD-Experiment-0004_Position(13)_t005.png,100705.23904,24010.0,597.9554055929184,0.9786817755676028,0.8438484003306852,48437.919744,2.079057886305581,179.04042330416289,Position(13)
3,180,saved,saved,reconstructed_from_saved_mask,MD-Experiment-0004_Position(13)_t008.png,121706.11916799999,29017.0,651.2691127061844,0.9833604446251863,0.8596890802969112,48437.919744,2.512620686669264,196.82545805925855,Position(13)
4,240,saved,saved,reconstructed_from_saved_mask,MD-Experiment-0004_Position(13)_t011.png,140739.87072,33555.0,705.0681012868881,0.9828790696993219,0.8482130963677329,48437.919744,2.9055721522275624,211.65748800929444,Position(13)
5,300,saved,saved,reconstructed_from_saved_mask,MD-Experiment-0004_Position(13)_t014.png,156227.33823999998,37247.5,744.7665870189667,0.9819674940353005,0.8438526608169067,48437.919744,3.2253106464042944,222.9993413756439,Position(13)
6,360,saved,saved,reconstructed_from_saved_mask,MD-Experiment-0004_Position(13)_t017.png,173528.84224,41372.5,787.050855755806,0.9786053882725833,0.8392977091879645,48437.919744,3.582499891760835,235.02328825675843,Position(13)
7,420,saved,saved,reconstructed_from_saved_mask,MD-Experiment-0004_Position(13)_t020.png,187013.52959999998,44587.5,811.879286646843,0.9805484693877551,0.8500413717336173,48437.919744,3.8608910248084163,243.98412924164754,Position(13)
8,480,saved,saved,reconstructed_from_saved_mask,MD-Experiment-0004_Position(13)_t023.png,203859.95161599998,48604.0,850.4061955213547,0.9785285028336739,0.8445571542224204,48437.919744,4.208685110620427,254.73640885496135,Position(13)
9,540,saved,saved,reconstructed_from_saved_mask,MD-Experiment-0004_Position(13)_t026.png,213848.68659199998,50985.5,873.1341173648834,0.9769395849700129,0.8404166150233369,48437.919744,4.414902368272935,260.90257010932766,Position(13)
10,600,saved,saved,reconstructed_from_saved_mask,MD-Experiment-0004_Position(13)_t029.png,222346.34649599998,53011.5,888.7909712791443,0.9767473997438897,0.8432972589472854,48437.919744,4.590336407325626,266.03578752965444,Position(13)
11,660,saved,saved,reconstructed_from_saved_mask,MD-Experiment-0004_Position(13)_t032.png,232404.287488,55409.5,901.7615340948105,0.9795548562740869,0.8562699111009838,48437.919744,4.797982421959562,271.9863641782989,Position(13)
12,720,saved,saved,reconstructed_from_saved_mask,MD-Experiment-0004_Position(13)_t035.png,243793.91999999998,58125.0,931.2590087652206,0.9773178195514006,0.8422322283560313,48437.919744,5.033121184569424,278.5713821043004,Position(13)
13,780,saved,saved,reconstructed_from_saved_mask,MD-Experiment-0004_Position(13)_t038.png,254646.68159999998,60712.5,952.6732226610184,0.978042867153708,0.8406206680688499,48437.919744,5.257176256656709,284.7043312581949,Position(13)
14,840,saved,saved,reconstructed_from_saved_mask,MD-Experiment-0004_Position(13)_t041.png,267246.370816,63716.5,970.1879400014877,0.9812955291001216,0.8506482875685553,48437.919744,5.517296618608477,291.66275366846565,Position(13)
15,900,saved,saved,reconstructed_from_saved_mask,MD-Experiment-0004_Position(13)_t044.png,278227.05868799996,66334.5,991.501650094986,0.9802572760656416,0.8479347646686517,48437.919744,5.743992726328094,297.5943940739276,Position(13)
16,960,saved,saved,reconstructed_from_saved_mask,MD-Experiment-0004_Position(13)_t047.png,288924.63104,68885.0,1010.2295714616776,0.9793843747778489,0.8481923920380434,48437.919744,5.964843919123696,303.26154787911395,Position(13)
17,1020,saved,saved,reconstructed_from_saved_mask,MD-Experiment-0004_Position(13)_t050.png,296893.80864,70785.0,1024.7737271785736,0.9789440929364174,0.8470228673323673,48437.919744,6.129367450318223,307.4154102137213,Position(13)
18,1080,saved,saved,reconstructed_from_saved_mask,MD-Experiment-0004_Position(13)_t053.png,303231.401984,72296.0,1031.2590092420578,0.9798927886472529,0.8542571491173901,48437.919744,6.260206953283976,310.67918026941925,Position(13)
19,1140,saved,saved,reconstructed_from_saved_mask,MD-Experiment-0004_Position(13)_t056.png,311938.777088,74372.0,1051.0579979419708,0.9780963340457012,0.8459914269988283,48437.919744,6.439970558947049,315.10823002770354,Position(13)
20,1200,saved,saved,reconstructed_from_saved_mask,MD-Experiment-0004_Position(13)_t059.png,320327.385088,76372.0,1068.2295709848404,0.9805487436927857,0.8410364840095729,48437.919744,6.613153223362342,319.31704227759684,Position(13)
21,1260,saved,saved,reconstructed_from_saved_mask,MD-Experiment-0004_Position(13)_t062.png,328688.73011199996,78365.5,1078.472209572792,0.9825224581397827,0.8466752327843768,48437.919744,6.785773044118283,323.4576823509459,Position(13)
22,1320,saved,saved,reconstructed_from_saved_mask,MD-Experiment-0004_Position(13)_t065.png,336957.80044799997,80337.0,1089.2001332044601,0.9811613407507374,0.8509618735896667,48437.919744,6.9564878555656575,327.5011436763898,Position(13)
23,1380,saved,saved,reconstructed_from_saved_mask,MD-Experiment-0004_Position(13)_t068.png,343031.15264,81785.0,1102.1706969738007,0.9810295502390048,0.8460300739158557,48437.919744,7.081872104602329,330.4394152554034,Position(13)
24,1440,saved,saved,reconstructed_from_saved_mask,MD-Experiment-0004_Position(13)_t071.png,349192.585216,83254.0,1110.0285614728928,0.9791074967217646,0.849076196340393,48437.919744,7.209074771615361,333.39383925970884,Position(13)
25,1500,saved,saved,reconstructed_from_saved_mask,MD-Experiment-0004_Position(13)_t074.png,354143.961088,84434.5,1122.6143480539322,0.9767198399019053,0.8419157280214823,48437.919744,7.311295839286487,335.74919798355154,Position(13)
26,1560,saved,saved,reconstructed_from_saved_mask,MD-Experiment-0004_Position(13)_t077.png,364103.335936,86809.0,1141.8275507688522,0.974894575184318,0.8367073459206196,48437.919744,7.516906957613543,340.4375000215556,Position(13)
27,1620,saved,saved,reconstructed_from_saved_mask,MD-Experiment-0004_Position(13)_t080.png,370736.627712,88390.5,1153.3838984966278,0.9757148928419647,0.8349638751649421,48437.919744,7.653851149499935,343.5245752070281,Position(13)
28,1680,saved,saved,reconstructed_from_saved_mask,MD-Experiment-0004_Position(13)_t083.png,376453.464064,89753.5,1169.7270457744598,0.972400082339303,0.824313085625391,48437.919744,7.771875135298957,346.16305305405655,Position(13)
29,1740,saved,saved,reconstructed_from_saved_mask,MD-Experiment-0004_Position(13)_t086.png,385989.214208,92027.0,1181.1412584781647,0.9748158191611629,0.8289368537780879,48437.919744,7.96874052907304,350.51987510370833,Position(13)
30,1800,saved,saved,reconstructed_from_saved_mask,MD-Experiment-0004_Position(13)_t089.png,392087.732224,93481.0,1185.425529241562,0.9763232652379162,0.8359583915647602,48437.919744,8.094644326102957,353.27807944773764,Position(13)
31,1860,saved,saved,reconstructed_from_saved_mask,MD-Experiment-0004_Position(13)_t092.png,400948.199424,95593.5,1199.6681715250015,0.974767508259575,0.8346722087726791,48437.919744,8.277568515391609,357.2474992554171,Position(13)
32,1920,saved,saved,reconstructed_from_saved_mask,MD-Experiment-0004_Position(13)_t095.png,408852.365312,97478.0,1210.9402482509613,0.975565330090723,0.8353549408943756,48437.919744,8.440749880936918,360.75164569054476,Position(13)
33,1980,saved,saved,reconstructed_from_saved_mask,MD-Experiment-0004_Position(13)_t098.png,417134.01856,99452.5,1224.011313676834,0.9749002578102791,0.8341702646000817,48437.919744,8.611724466380915,364.3869947888108,Position(13)
34,2040,saved,saved,reconstructed_from_saved_mask,MD-Experiment-0004_Position(13)_t101.png,430924.890112,102740.5,1243.9524410963058,0.9771594605390804,0.8343417684644437,48437.919744,8.896436766679656,370.36151625852443,Position(13)
35,2100,saved,saved,reconstructed_from_saved_mask,MD-Experiment-0004_Position(13)_t104.png,441133.82604799996,105174.5,1262.4965988397598,0.9771357962753924,0.8292011323070478,48437.919744,9.107200069273064,374.72290824175536,Position(13)
36,2160,saved,saved,reconstructed_from_saved_mask,MD-Experiment-0004_Position(13)_t107.png,450568.91289599997,107424.0,1270.3960902690887,0.974031626287538,0.8364363275799769,48437.919744,9.301987271074164,378.70904317414977,Position(13)
37,2220,saved,saved,reconstructed_from_saved_mask,MD-Experiment-0004_Position(13)_t110.png,459540.529152,109563.0,1279.56766808033,0.9763711463313565,0.8409056368030142,48437.919744,9.48720613066632,382.46083921260754,Position(13)
38,2280,saved,saved,reconstructed_from_saved_mask,MD-Experiment-0004_Position(13)_t113.png,466867.97823999997,111310.0,1288.8813734054565,0.9784548307416425,0.8420117499149227,48437.919744,9.638481188033078,385.4979805607688,Position(13)
39,2340,saved,saved,reconstructed_from_saved_mask,MD-Experiment-0004_Position(13)_t116.png,475678.113792,113410.5,1302.9818798303604,0.9801736319676417,0.8394336543844511,48437.919744,9.820366281335238,389.1182934034993,Position(13)
40,2400,saved,saved,reconstructed_from_saved_mask,MD-Experiment-0004_Position(13)_t119.png,484947.525632,115620.5,1317.7514308691025,0.9779658364735189,0.8367153072599892,48437.919744,10.011733125514136,392.8913230004359,Position(13)
41,2460,saved,saved,reconstructed_from_saved_mask,MD-Experiment-0004_Position(13)_t122.png,494900.609024,117993.5,1338.035703420639,0.9762622815182542,0.8281948842398891,48437.919744,10.21721435684288,396.90270411111857,Position(13)
42,2520,saved,saved,reconstructed_from_saved_mask,MD-Experiment-0004_Position(13)_t125.png,505619.15289599996,120549.0,1343.1656441688538,0.9794162452013893,0.839681000616512,48437.919744,10.438498506299519,401.1777349388553,Position(13)
43,2580,saved,saved,reconstructed_from_saved_mask,MD-Experiment-0004_Position(13)_t128.png,515263.954944,122848.5,1352.0945781469345,0.9806149572547236,0.8444337437645697,48437.919744,10.637615274711,404.98593908040124,Position(13)
44,2640,saved,saved,reconstructed_from_saved_mask,MD-Experiment-0004_Position(13)_t131.png,525609.2057599999,125315.0,1363.3666546344757,0.9794940537836538,0.847203198887909,48437.919744,10.85119279560116,409.0313025461721,Position(13)
45,2700,saved,saved,reconstructed_from_saved_mask,MD-Experiment-0004_Position(13)_t134.png,535235.13344,127610.0,1375.650926709175,0.9811927169834532,0.8473797523286904,48437.919744,11.049919903017708,412.7597780875123,Position(13)
46,2760,saved,saved,reconstructed_from_saved_mask,MD-Experiment-0004_Position(13)_t137.png,543072.190464,129478.5,1403.692553639412,0.9768128734383488,0.8257784239757034,48437.919744,11.211715807247694,415.77066651722527,Position(13)
47,2820,saved,saved,reconstructed_from_saved_mask,MD-Experiment-0004_Position(13)_t140.png,555017.5682559999,132326.5,1409.3494079113007,0.9804940759786306,0.8371809452506276,48437.919744,11.45832792137507,420.31842569838835,Position(13)
48,2880,saved,saved,reconstructed_from_saved_mask,MD-Experiment-0004_Position(13)_t143.png,565484.453888,134822.0,1427.1067680120468,0.97992855247904,0.8318742816904915,48437.919744,11.67441659089925,424.26323450870956,Position(13)
49,2940,saved,saved,reconstructed_from_saved_mask,MD-Experiment-0004_Position(13)_t146.png,575842.2876159999,137291.5,1445.9768257141113,0.9773097758383815,0.825146094858968,48437.919744,11.888253885786032,428.1311633493439,Position(13)
50,3000,saved,saved,reconstructed_from_saved_mask,MD-Experiment-0004_Position(13)_t149.png,586867.01568,139920.0,1449.533178448677,0.9787147723536859,0.83682248258281,48437.919744,12.11585920249383,432.21010280432097,Position(13)
51,3060,saved,saved,reconstructed_from_saved_mask,MD-Experiment-0004_Position(13)_t152.png,597864.480768,142542.0,1461.248905301094,0.978580549491288,0.838888642158202,48437.919744,12.34290167554228,436.2409595929676,Position(13)
52,3120,saved,saved,reconstructed_from_saved_mask,MD-Experiment-0004_Position(13)_t155.png,612286.5950719999,145980.5,1476.1778347492218,0.9788578689563378,0.8418357229122012,48437.919744,12.640645971338268,441.4712633787493,Position(13)
53,3180,saved,saved,reconstructed_from_saved_mask,MD-Experiment-0004_Position(13)_t158.png,622159.9866879999,148334.5,1502.1189597845078,0.9776762027794347,0.8261204642222358,48437.919744,12.844481967355067,445.0164879538352,Position(13)
54,3240,saved,saved,reconstructed_from_saved_mask,MD-Experiment-0004_Position(13)_t161.png,634059.227136,151171.5,1507.2905348539352,0.9787318759650775,0.8361531736149399,48437.919744,13.09014157682816,449.25195650485756,Position(13)
55,3300,saved,saved,reconstructed_from_saved_mask,MD-Experiment-0004_Position(13)_t164.png,649846.587392,154935.5,1521.3494065999985,0.9815455959353431,0.8412069713650753,48437.919744,13.41607135125774,454.81050259385205,Position(13)
56,3360,saved,saved,reconstructed_from_saved_mask,MD-Experiment-0004_Position(13)_t167.png,661521.432576,157719.0,1546.9057574272156,0.9783874989919542,0.8282590065185816,48437.919744,13.657098324457722,458.8777744796589,Position(13)
57,3420,saved,saved,reconstructed_from_saved_mask,MD-Experiment-0004_Position(13)_t170.png,670616.7808,159887.5,1555.775816321373,0.977486702940637,0.8300998651171727,48437.919744,13.84487162835,462.0215916701167,Position(13)
58,3480,saved,saved,reconstructed_from_saved_mask,MD-Experiment-0004_Position(13)_t173.png,683235.3443839999,162896.0,1571.0478938817978,0.9774268261949621,0.8293568469644524,48437.919744,14.105381651296705,466.3481153683523,Position(13)
59,3540,saved,saved,reconstructed_from_saved_mask,MD-Experiment-0004_Position(13)_t176.png,694669.017088,165622.0,1580.8468837738037,0.9782290263897748,0.8328144919942275,48437.919744,14.341429622894747,470.2340010725373,Position(13)
60,3600,saved,saved,reconstructed_from_saved_mask,MD-Experiment-0004_Position(13)_t179.png,707375.6610559999,168651.5,1594.604242324829,0.9798995996769526,0.8334781937387018,48437.919744,14.60375806381781,474.5151906524374,Position(13)
61,3660,saved,saved,reconstructed_from_saved_mask,MD-Experiment-0004_Position(13)_t182.png,719151.169536,171459.0,1605.8174455165863,0.9815605678955804,0.8355603188883842,48437.919744,14.84686322899078,478.4484579596261,Position(13)
62,3720,saved,saved,reconstructed_from_saved_mask,MD-Experiment-0004_Position(13)_t185.png,729311.870976,173881.5,1614.202222943306,0.9827200334578584,0.8385855216166579,48437.919744,15.0566307312638,481.81654044133643,Position(13)
63,3780,saved,saved,reconstructed_from_saved_mask,MD-Experiment-0004_Position(13)_t188.png,744367.325184,177471.0,1632.9301446676254,0.9818752178459393,0.8363769350454414,48437.919744,15.367450318223145,486.7642946624698,Position(13)
64,3840,saved,saved,reconstructed_from_saved_mask,MD-Experiment-0004_Position(13)_t191.png,755866.0096,180212.5,1652.6875044107437,0.9785754623747,0.8291121672459146,48437.919744,15.604840455470407,490.5095549385068,Position(13)
65,3900,saved,saved,reconstructed_from_saved_mask,MD-Experiment-0004_Position(13)_t194.png,767700.238336,183034.0,1669.7585707902908,0.9783362820505968,0.8249626228945416,48437.919744,15.849157899294282,494.3344773410015,Position(13)
66,3960,saved,saved,reconstructed_from_saved_mask,MD-Experiment-0004_Position(13)_t197.png,780578.8487679999,186104.5,1682.829635500908,0.9781614058693521,0.8258219753320352,48437.919744,16.115036584837856,498.46360399613576,Position(13)
67,4020,saved,saved,reconstructed_from_saved_mask,MD-Experiment-0004_Position(13)_t200.png,795030.3232,189550.0,1695.214415550232,0.978605429182112,0.8288661028032052,48437.919744,16.413387019959302,503.05666846832906,Position(13)
68,4080,saved,saved,reconstructed_from_saved_mask,MD-Experiment-0004_Position(13)_t203.png,809207.07072,192930.0,1705.8418309688568,0.9765912697508788,0.8331670922663769,48437.919744,16.706065722821144,507.52202964994717,Position(13)
69,4140,saved,saved,reconstructed_from_saved_mask,MD-Experiment-0004_Position(13)_t206.png,822704.340992,196148.0,1715.1555396318436,0.978279626738752,0.8378894604058518,48437.919744,16.98471662986535,511.737164122437,Position(13)
70,4200,saved,saved,reconstructed_from_saved_mask,MD-Experiment-0004_Position(13)_t209.png,837539.59424,199685.0,1735.1555389165878,0.9807831628580901,0.8334479540239327,48437.919744,17.290990171883795,516.3304493412651,Position(13)
71,4260,saved,saved,reconstructed_from_saved_mask,MD-Experiment-0004_Position(13)_t212.png,849996.67712,202655.0,1743.4986863136292,0.9819745608721987,0.8377683292406234,48437.919744,17.548166428540505,520.1560780676003,Position(13)
72,4320,saved,saved,reconstructed_from_saved_mask,MD-Experiment-0004_Position(13)_t215.png,854870.458368,203817.0,1757.1555391550064,0.9817892797360277,0.8295257218307776,48437.919744,17.648785556565787,521.645203471673,Position(13)
73,4380,saved,saved,reconstructed_from_saved_mask,MD-Experiment-0004_Position(13)_t218.png,861325.4922239999,205356.0,1768.1261007785797,0.9791025989444023,0.825450034582329,48437.919744,17.782049616833355,523.6109427781461,Position(13)
74,4440,saved,saved,reconstructed_from_saved_mask,MD-Experiment-0004_Position(13)_t221.png,877628.7518719999,209243.0,1773.782954454422,0.9804627189129034,0.835718176152875,48437.919744,18.118630125124476,528.5431941856773,Position(13)
75,4500,saved,saved,reconstructed_from_saved_mask,MD-Experiment-0004_Position(13)_t224.png,893057.4991359999,212921.5,1799.0550323724747,0.9794718102528245,0.8266858121465942,48437.919744,18.4371563406503,533.168857779185,Position(13)
76,4560,saved,saved,reconstructed_from_saved_mask,MD-Experiment-0004_Position(13)_t227.png,906160.504832,216045.5,1824.2266066074371,0.9756764507308129,0.8158259540347772,48437.919744,18.70766766246699,537.0659616446757,Position(13)
77,4620,saved,saved,reconstructed_from_saved_mask,MD-Experiment-0004_Position(13)_t230.png,907955.6669439999,216473.5,1828.0844699144363,0.9742325573022381,0.8139956510471364,48437.919744,18.74472875265186,537.5976795010116,Position(13)
78,4680,saved,saved,reconstructed_from_saved_mask,MD-Experiment-0004_Position(13)_t233.png,920387.5839999999,219437.5,1844.1677323579788,0.9739921081949604,0.8108114502207993,48437.919744,19.00138546131532,541.2656160407882,Position(13)
79,4740,saved,saved,reconstructed_from_saved_mask,MD-Experiment-0004_Position(13)_t236.png,931691.2332799999,222132.5,1861.824586033821,0.9727315920730252,0.8052754263089197,48437.919744,19.234749101614927,544.579223275909,Position(13)
80,4800,saved,saved,reconstructed_from_saved_mask,MD-Experiment-0004_Position(13)_t239.png,944804.724736,225259.0,1875.8662140369415,0.9723207213662449,0.8044300635979187,48437.919744,19.505476901762133,548.39828992861,Position(13)
81,4860,saved,saved,reconstructed_from_saved_mask,MD-Experiment-0004_Position(13)_t242.png,957746.2497279999,228344.5,1896.996157169342,0.9708710413251954,0.7973840004173524,48437.919744,19.772654457288823,552.1413765910612,Position(13)
82,4920,saved,saved,reconstructed_from_saved_mask,MD-Experiment-0004_Position(13)_t245.png,975607.6933119999,232603.0,1916.9789130687714,0.9705703174550189,0.7954090069997225,48437.919744,20.141403645495085,557.2661606612887,Position(13)
83,4980,saved,saved,reconstructed_from_saved_mask,MD-Experiment-0004_Position(13)_t248.png,996015.079424,237468.5,1934.8784084320068,0.96971435571799,0.797092121231028,48437.919744,20.562713772351387,563.0643360831804,Position(13)
0,0,saved,saved,reconstructed_from_saved_mask,MD-Experiment-0004_Position(14)_t001.png,53676.60544,12797.5,447.6051186323166,0.9740828132135789,0.8026845681949224,53676.60544,1.0,130.7126396655604,Position(14)
1,60,saved,saved,reconstructed_from_saved_mask,MD-Experiment-0004_Position(14)_t002.png,69476.548608,16564.5,498.45793199539185,0.9774296335634626,0.8377822842908832,53676.60544,1.2943543660871264,148.71137239584294,Position(14)
2,120,2,0.5,auto,MD-Experiment-0004_Position(14)_t005.png,111566.38924799999,26599.5,629.8548991680145,0.9808798583966369,0.8425628639418985,53676.60544,2.078491892947841,188.44809540949828,Position(14)
3,180,saved,saved,reconstructed_from_saved_mask,MD-Experiment-0004_Position(14)_t008.png,142094.630912,33878.0,710.3229383230209,0.979642588629923,0.8437542020900826,53676.60544,2.6472357882398905,212.67375435846913,Position(14)
4,240,saved,saved,reconstructed_from_saved_mask,MD-Experiment-0004_Position(14)_t011.png,171115.020288,40797.0,785.636644244194,0.9741636619785573,0.8306051674275495,53676.60544,3.187888259425669,233.38295274550435,Position(14)
5,300,saved,saved,reconstructed_from_saved_mask,MD-Experiment-0004_Position(14)_t014.png,191197.34784,45585.0,815.4356353282928,0.9826788967093137,0.8614943825060558,53676.60544,3.5620238327798397,246.69820840369522,Position(14)
6,360,saved,saved,reconstructed_from_saved_mask,MD-Experiment-0004_Position(14)_t017.png,208991.68256,49827.5,862.8498480319977,0.9786697044988067,0.841024229790187,53676.60544,3.8935338933385424,257.9226990573581,Position(14)
7,420,saved,saved,reconstructed_from_saved_mask,MD-Experiment-0004_Position(14)_t020.png,223977.930752,53400.5,889.9625461101532,0.9789096441861744,0.8472502931721525,53676.60544,4.172729048642313,267.0100927780635,Position(14)
8,480,saved,saved,reconstructed_from_saved_mask,MD-Experiment-0004_Position(14)_t023.png,236990.758912,56503.0,916.6904665231705,0.9766481142185501,0.8449595942437883,53676.60544,4.415159210783356,274.65706161664383,Position(14)
9,540,saved,saved,reconstructed_from_saved_mask,MD-Experiment-0004_Position(14)_t026.png,249070.354432,59383.0,943.0336136817932,0.9757472189815803,0.8391075949250842,53676.60544,4.640203164680601,281.569806923623,Position(14)
10,600,saved,saved,reconstructed_from_saved_mask,MD-Experiment-0004_Position(14)_t029.png,258734.030848,61687.0,966.1463099718094,0.9751806124223407,0.8304580798992318,53676.60544,4.820238327798398,286.98013853070086,Position(14)
11,660,saved,saved,reconstructed_from_saved_mask,MD-Experiment-0004_Position(14)_t032.png,267646.926848,63812.0,974.6315923929214,0.9797259432694891,0.8441725983456738,53676.60544,4.986286384059386,291.88124780881043,Position(14)
12,720,saved,saved,reconstructed_from_saved_mask,MD-Experiment-0004_Position(14)_t035.png,281217.59744,67047.5,996.8742320537567,0.9790957811883936,0.8478357255196816,53676.60544,5.239109201015824,299.1894741363831,Position(14)
13,780,saved,saved,reconstructed_from_saved_mask,MD-Experiment-0004_Position(14)_t038.png,292395.4176,69712.5,1015.7026609182358,0.9815136817058662,0.8491557233236329,53676.60544,5.447352998632545,305.07761651245073,Position(14)
14,840,saved,saved,reconstructed_from_saved_mask,MD-Experiment-0004_Position(14)_t041.png,301920.68198399997,71983.5,1032.815358042717,0.9799206354608384,0.8480031170762112,53676.60544,5.624809533111935,310.00699656436706,Position(14)
15,900,saved,saved,reconstructed_from_saved_mask,MD-Experiment-0004_Position(14)_t044.png,312052.02329599997,74399.0,1052.087436914444,0.9789148898377006,0.8446432055701207,53676.60544,5.813557335417073,315.1654232601847,Position(14)
16,960,saved,saved,reconstructed_from_saved_mask,MD-Experiment-0004_Position(14)_t047.png,308985.987072,73668.0,1056.7737268209457,0.9812326011961053,0.8289431146238584,53676.60544,5.756436804063293,313.6132879475526,Position(14)
17,1020,saved,saved,reconstructed_from_saved_mask,MD-Experiment-0004_Position(14)_t050.png,306419.073024,73056.0,1084.8569875955582,0.9714893617021276,0.78004700293587,53676.60544,5.7086149638601285,312.30789336616533,Position(14)
18,1080,saved,saved,reconstructed_from_saved_mask,MD-Experiment-0004_Position(14)_t053.png,312723.111936,74559.0,1082.087435245514,0.978599413304983,0.8001754635783084,53676.60544,5.826059777300254,315.50413336022876,Position(14)
20,1200,saved,saved,reconstructed_from_saved_mask,MD-Experiment-0004_Position(14)_t059.png,332524.42112,79280.0,1099.5432792901993,0.9750518088514731,0.8240410536937358,53676.60544,6.194959953115843,325.33953132080046,Position(14)
21,1260,saved,saved,reconstructed_from_saved_mask,MD-Experiment-0004_Position(14)_t062.png,337737.940992,80523.0,1107.2001333236694,0.9768178178906762,0.8254248737704685,53676.60544,6.2920882984958,327.88004751297586,Position(14)
23,1380,saved,saved,reconstructed_from_saved_mask,MD-Experiment-0004_Position(14)_t068.png,352187.318272,83968.0,1133.2001330852509,0.9770253367076824,0.8216946121975877,53676.60544,6.561281500293026,334.82040737466224,Position(14)
24,1440,saved,saved,reconstructed_from_saved_mask,MD-Experiment-0004_Position(14)_t071.png,362050.224128,86319.5,1147.0996294021606,0.9754718047236975,0.8243592229059096,53676.60544,6.745028325844891,339.4763108598295,Position(14)
25,1500,saved,saved,reconstructed_from_saved_mask,MD-Experiment-0004_Position(14)_t074.png,369518.1824,88100.0,1165.4844028949738,0.9789813482384447,0.8150285846061158,53676.60544,6.884157061926158,342.95960488457706,Position(14)
26,1560,saved,saved,reconstructed_from_saved_mask,MD-Experiment-0004_Position(14)_t077.png,376805.7856,89837.5,1186.4133375883102,0.9765211011168782,0.802038989541339,53676.60544,7.019925766751319,346.3250015920448,Position(14)
27,1620,saved,saved,reconstructed_from_saved_mask,MD-Experiment-0004_Position(14)_t080.png,383103.53305599996,91339.0,1186.1706949472427,0.97526573452707,0.8157775245394168,53676.60544,7.137253369798788,349.20716201656495,Position(14)
30,1800,saved,saved,reconstructed_from_saved_mask,MD-Experiment-0004_Position(14)_t089.png,406014.918656,96801.5,1254.0701897144318,0.9677488690610082,0.7734785282317241,53676.60544,7.564094549716741,359.4976530470156,Position(14)
31,1860,saved,saved,reconstructed_from_saved_mask,MD-Experiment-0004_Position(14)_t092.png,415974.293504,99176.0,1247.141256570816,0.9720945277045372,0.8012815806585388,53676.60544,7.749638601289314,363.8801039087476,Position(14)
32,1920,saved,saved,reconstructed_from_saved_mask,MD-Experiment-0004_Position(14)_t095.png,428538.331136,102171.5,1262.2123252153397,0.9720851905942125,0.80588820620136,53676.60544,7.983707755420981,369.33451965567986,Position(14)
33,1980,saved,saved,reconstructed_from_saved_mask,MD-Experiment-0004_Position(14)_t098.png,440550.81779199996,105035.5,1287.1828867197037,0.9693601155455883,0.7966461413584763,53676.60544,8.207501465129907,374.47520701582823,Position(14)
34,2040,saved,saved,reconstructed_from_saved_mask,MD-Experiment-0004_Position(14)_t101.png,452571.693056,107901.5,1309.182889699936,0.9691998149653509,0.791109691279061,53676.60544,8.431451455362375,379.5497913405576,Position(14)
36,2160,saved,saved,reconstructed_from_saved_mask,MD-Experiment-0004_Position(14)_t107.png,470001.12332799996,112057.0,1326.3128300905228,0.9728141264101885,0.8004918483929752,53676.60544,8.756163313147098,386.7893536187228,Position(14)
37,2220,saved,saved,reconstructed_from_saved_mask,MD-Experiment-0004_Position(14)_t110.png,477227.90911999997,113780.0,1363.6265395879745,0.9731981336629217,0.7689266323139692,53676.60544,8.890798984176596,389.7516663668234,Position(14)
38,2280,saved,saved,reconstructed_from_saved_mask,MD-Experiment-0004_Position(14)_t113.png,487705.28051199997,116278.0,1368.5971024036407,0.9734490307619538,0.7801106105103633,53676.60544,9.085993358077749,394.00686838049967,Position(14)
39,2340,saved,saved,reconstructed_from_saved_mask,MD-Experiment-0004_Position(14)_t116.png,497129.88159999996,118525.0,1391.7686746120453,0.9727083598343872,0.7689280665752221,53676.60544,9.261574526274662,397.7956209294634,Position(14)
40,2400,saved,saved,reconstructed_from_saved_mask,MD-Experiment-0004_Position(14)_t119.png,507139.58809599996,120911.5,1386.3544608354568,0.9744719090257014,0.7905492020234545,53676.60544,9.448056260988475,401.7804681242385,Position(14)
42,2520,saved,saved,reconstructed_from_saved_mask,MD-Experiment-0004_Position(14)_t125.png,535470.014464,127666.0,1401.2245186567307,0.9818422327670407,0.8170895559875948,53676.60544,9.975854659113109,412.8503353018726,Position(14)
43,2580,saved,saved,reconstructed_from_saved_mask,MD-Experiment-0004_Position(14)_t128.png,548826.7755519999,130850.5,1441.1240125894547,0.9787605654873214,0.7917399170330582,53676.60544,10.22469232271928,417.96768829728205,Position(14)
44,2640,saved,saved,reconstructed_from_saved_mask,MD-Experiment-0004_Position(14)_t131.png,556082.921472,132580.5,1435.3250232934952,0.980559726053739,0.8087029062419528,53676.60544,10.359874975581167,420.7216317739107,Position(14)
50,3000,saved,saved,reconstructed_from_saved_mask,MD-Experiment-0004_Position(14)_t149.png,629791.5228159999,150154.0,1605.734185576439,0.9751842831628511,0.7318118929540551,53676.60544,11.7330728657941,447.73749892886696,Position(14)
57,3420,saved,saved,reconstructed_from_saved_mask,MD-Experiment-0004_Position(14)_t170.png,720443.015168,171767.0,1639.9351947307587,0.9755802495079984,0.8025945785542062,53676.60544,13.421918343426452,478.8779950676718,Position(14)
62,3720,saved,saved,reconstructed_from_saved_mask,MD-Experiment-0004_Position(14)_t185.png,792064.9502719999,188843.0,1708.7047456502914,0.979737844911893,0.8127869160851018,53676.60544,14.756241453408867,502.11761985738974,Position(14)
0,0,saved,saved,reconstructed_from_saved_mask,MD-Experiment-0004_Position(15)_t001.png,23861.395456,5689.0,287.6223646402359,0.9834903621747775,0.8641726014462597,23861.395456,1.0,87.15112203400355,Position(15)
1,60,saved,saved,reconstructed_from_saved_mask,MD-Experiment-0004_Position(15)_t002.png,32229.031936,7684.0,340.0487701892853,0.9722890041756295,0.8350544662175916,23861.395456,1.3506767445948322,101.28583063470386,Position(15)
2,120,2,0.5,auto,MD-Experiment-0004_Position(15)_t005.png,48391.7824,11537.5,430.77669167518616,0.9630232461082593,0.7812988496271491,23861.395456,2.0280365617859024,124.11117092338934,Position(15)
3,180,saved,saved,reconstructed_from_saved_mask,MD-Experiment-0004_Position(15)_t008.png,54830.039039999996,13072.5,438.3746701478958,0.9809770373705538,0.8548257781940929,23861.395456,2.297855510634558,132.10958892629708,Position(15)
4,240,saved,saved,reconstructed_from_saved_mask,MD-Experiment-0004_Position(15)_t011.png,62906.171392,14998.0,467.5878738164902,0.98189793446594,0.8620187920224129,23861.395456,2.636315696959044,141.5049690153867,Position(15)
5,300,saved,saved,reconstructed_from_saved_mask,MD-Experiment-0004_Position(15)_t014.png,71628.22656,17077.5,503.48736929893494,0.981691193377788,0.8465585450327359,23861.395456,3.001845667076815,150.99659812015756,Position(15)
6,360,saved,saved,reconstructed_from_saved_mask,MD-Experiment-0004_Position(15)_t017.png,81153.49094399999,19348.5,537.0020872354507,0.9812607769550664,0.8431507261354964,23861.395456,3.401037089119353,160.72323561265785,Position(15)
7,420,saved,saved,reconstructed_from_saved_mask,MD-Experiment-0004_Position(15)_t020.png,90747.961344,21636.0,575.8721451759338,0.973126138484719,0.8198505497050835,23861.395456,3.8031288451397436,169.95873983652524,Position(15)
8,480,saved,saved,reconstructed_from_saved_mask,MD-Experiment-0004_Position(15)_t023.png,97383.350272,23218.0,594.014280796051,0.9758127219618803,0.8268769748647233,23861.395456,4.081209351379856,176.06272501945588,Position(15)
9,540,saved,saved,reconstructed_from_saved_mask,MD-Experiment-0004_Position(15)_t026.png,105029.56646399999,25041.0,604.8427083492279,0.9823081751137612,0.8601548321378633,23861.395456,4.4016523114782915,182.84405745631636,Position(15)
10,600,saved,saved,reconstructed_from_saved_mask,MD-Experiment-0004_Position(15)_t029.png,113179.09913599999,26984.0,632.2985504865646,0.9814683470638514,0.8481483465491008,23861.395456,4.7431886095974685,189.80523218384712,Position(15)
11,660,saved,saved,reconstructed_from_saved_mask,MD-Experiment-0004_Position(15)_t032.png,118361.16172799999,28219.5,645.7127642631531,0.977738895433442,0.8505119805315974,23861.395456,4.96036210230269,194.10184934260909,Position(15)
12,720,saved,saved,reconstructed_from_saved_mask,MD-Experiment-0004_Position(15)_t035.png,125422.272512,29903.0,673.9554047584534,0.9766955726487352,0.8272986276726448,23861.395456,5.256284056952013,199.8077808500137,Position(15)
13,780,saved,saved,reconstructed_from_saved_mask,MD-Experiment-0004_Position(15)_t038.png,134203.047936,31996.5,689.0264732837677,0.9839324702481627,0.8469163595107302,23861.395456,5.624274916505537,206.6837122610922,Position(15)
14,840,saved,saved,reconstructed_from_saved_mask,MD-Experiment-0004_Position(15)_t041.png,141601.800192,33760.5,705.9970346689224,0.9846586849051376,0.8511634773180158,23861.395456,5.934346985410442,212.3046228948757,Position(15)
15,900,saved,saved,reconstructed_from_saved_mask,MD-Experiment-0004_Position(15)_t044.png,148195.24607999998,35332.5,724.1391710042953,0.981512861825657,0.8467206482435151,23861.395456,6.210669713482158,217.19118746556833,Position(15)
16,960,saved,saved,reconstructed_from_saved_mask,MD-Experiment-0004_Position(15)_t047.png,155021.47584,36960.0,740.8670923709869,0.9806835066864784,0.8461770006373819,23861.395456,6.496748110388469,222.1370485323726,Position(15)
17,1020,saved,saved,reconstructed_from_saved_mask,MD-Experiment-0004_Position(15)_t050.png,161434.56665599998,38489.0,750.0386658906937,0.9842097860969404,0.8597638613110286,23861.395456,6.7655123923360865,226.68528522689982,Position(15)
18,1080,saved,saved,reconstructed_from_saved_mask,MD-Experiment-0004_Position(15)_t053.png,168055.27552,40067.5,766.2813053131104,0.9849434611602753,0.8574832570517309,23861.395456,7.042977676217261,231.28695515172657,Position(15)
19,1140,saved,saved,reconstructed_from_saved_mask,MD-Experiment-0004_Position(15)_t056.png,174602.584064,41628.5,783.251867890358,0.9858499502676077,0.8527029152049153,23861.395456,7.317366848303744,235.7492919624735,Position(15)
20,1200,saved,saved,reconstructed_from_saved_mask,MD-Experiment-0004_Position(15)_t059.png,181867.11859199998,43360.5,800.2224304676056,0.98452613414468,0.8509081910532051,23861.395456,7.621814027069783,240.60361971423762,Position(15)
21,1260,saved,saved,reconstructed_from_saved_mask,MD-Experiment-0004_Position(15)_t062.png,187598.63500799998,44727.0,810.4650703668594,0.9864581725149423,0.8556793059433665,23861.395456,7.86201441378098,244.36550525315755,Position(15)
22,1320,saved,saved,reconstructed_from_saved_mask,MD-Experiment-0004_Position(15)_t065.png,194269.67552,46317.5,825.5361385345459,0.9862236370024167,0.8540490127042025,23861.395456,8.14158903146423,248.67239151890817,Position(15)
23,1380,saved,saved,reconstructed_from_saved_mask,MD-Experiment-0004_Position(15)_t068.png,200789.721088,47872.0,842.2640594244003,0.9845850086895714,0.8479981359319735,23861.395456,8.414835647741254,252.8109041683059,Position(15)
24,1440,saved,saved,reconstructed_from_saved_mask,MD-Experiment-0004_Position(15)_t071.png,208903.602176,49806.5,860.8498476743698,0.9833367883831354,0.8445805469630026,23861.395456,8.754877834417297,257.86834205079623,Position(15)
25,1500,saved,saved,reconstructed_from_saved_mask,MD-Experiment-0004_Position(15)_t074.png,216176.52531199998,51540.5,870.991982460022,0.9863266673045642,0.8537489385963853,23861.395456,9.059676568817014,262.31874726688915,Position(15)
26,1560,saved,saved,reconstructed_from_saved_mask,MD-Experiment-0004_Position(15)_t077.png,221778.018304,52876.0,889.0336114168167,0.983044545251729,0.8406826739192373,23861.395456,9.294427843206188,265.69556971167754,Position(15)
27,1620,saved,saved,reconstructed_from_saved_mask,MD-Experiment-0004_Position(15)_t080.png,227526.31193599998,54246.5,898.4478268623352,0.9834480007976867,0.8444926255905102,23861.395456,9.535331341184742,269.1168416434873,Position(15)
28,1680,saved,saved,reconstructed_from_saved_mask,MD-Experiment-0004_Position(15)_t083.png,233924.72268799998,55772.0,904.5483328104019,0.9859894456770589,0.8565693448764685,23861.395456,9.803480400773422,272.87460829910884,Position(15)
29,1740,saved,saved,reconstructed_from_saved_mask,MD-Experiment-0004_Position(15)_t086.png,241090.691072,57480.5,915.8204106092453,0.9857658569211377,0.8612113894138483,23861.395456,10.103796800843734,277.0226532886792,Position(15)
30,1800,saved,saved,reconstructed_from_saved_mask,MD-Experiment-0004_Position(15)_t089.png,246847.37331199998,58853.0,926.7493410110474,0.9860105883929768,0.8611006120597764,23861.395456,10.345051854455967,280.31046948644354,Position(15)
31,1860,saved,saved,reconstructed_from_saved_mask,MD-Experiment-0004_Position(15)_t092.png,256697.696256,61201.5,941.8204092979431,0.9881808714185376,0.8670332162566874,23861.395456,10.757866057303568,285.8485866309096,Position(15)
32,1920,saved,saved,reconstructed_from_saved_mask,MD-Experiment-0004_Position(15)_t095.png,262028.65664,62472.5,958.6488364934921,0.9864520254853507,0.854239502792926,23861.395456,10.981279662506592,288.80150946968746,Position(15)
33,1980,saved,saved,reconstructed_from_saved_mask,MD-Experiment-0004_Position(15)_t098.png,270069.137408,64389.5,977.6193988323212,0.9858603953271171,0.8466137066490609,23861.395456,11.318245737387942,293.19903886284317,Position(15)
34,2040,saved,saved,reconstructed_from_saved_mask,MD-Experiment-0004_Position(15)_t101.png,276255.73580799997,65864.5,984.1635553836823,0.9848087260113187,0.8545288036500365,23861.395456,11.577518017226225,296.53824681255503,Position(15)
35,2100,saved,saved,reconstructed_from_saved_mask,MD-Experiment-0004_Position(15)_t104.png,281964.183552,67225.5,999.962545633316,0.9808285733044448,0.8448438327318344,23861.395456,11.816751625944805,299.5863601273305,Position(15)
36,2160,saved,saved,reconstructed_from_saved_mask,MD-Experiment-0004_Position(15)_t107.png,290157.75641599996,69179.0,1009.5188932418823,0.984180051500192,0.8530121977789056,23861.395456,12.160133591140797,303.90801638015574,Position(15)
37,2220,saved,saved,reconstructed_from_saved_mask,MD-Experiment-0004_Position(15)_t110.png,297048.997888,70822.0,1022.0041751861572,0.9842677266031076,0.8520649699222227,23861.395456,12.448936544208122,307.495744212401,Position(15)
38,2280,saved,saved,reconstructed_from_saved_mask,MD-Experiment-0004_Position(15)_t113.png,302700.822528,72169.5,1029.619400858879,0.9861242057798729,0.8554805223347859,23861.395456,12.685797152399367,310.4072556604106,Position(15)
39,2340,saved,saved,reconstructed_from_saved_mask,MD-Experiment-0004_Position(15)_t116.png,309325.725696,73749.0,1040.6904666423798,0.9862260795143022,0.8557025920564586,23861.395456,12.963438214097382,313.7856538148489,Position(15)
40,2400,saved,saved,reconstructed_from_saved_mask,MD-Experiment-0004_Position(15)_t119.png,318039.39225599996,75826.5,1052.1046810150146,0.9863866377011434,0.8608212286810589,23861.395456,13.328616628581472,318.17461047508067,Position(15)
41,2460,saved,saved,reconstructed_from_saved_mask,MD-Experiment-0004_Position(15)_t122.png,324676.87833599997,77409.0,1067.175749540329,0.983296072354047,0.8541407175993517,23861.395456,13.606785023730005,321.4776200447562,Position(15)
42,2520,saved,saved,reconstructed_from_saved_mask,MD-Experiment-0004_Position(15)_t125.png,332631.375872,79305.5,1082.246815085411,0.9824703761745777,0.850864763496158,23861.395456,13.940147653366147,325.3918489989785,Position(15)
43,2580,saved,saved,reconstructed_from_saved_mask,MD-Experiment-0004_Position(15)_t128.png,339832.99584,81022.5,1092.2468152046204,0.9827103143799728,0.8534418381290448,23861.395456,14.241958164879593,328.89542749531654,Position(15)
44,2640,saved,saved,reconstructed_from_saved_mask,MD-Experiment-0004_Position(15)_t131.png,345625.32966399996,82403.5,1097.4183902740479,0.9852988652804515,0.8598269530564688,23861.395456,14.484707329934961,331.68653778467245,Position(15)
45,2700,saved,saved,reconstructed_from_saved_mask,MD-Experiment-0004_Position(15)_t134.png,351484.772352,83800.5,1106.5899626016617,0.9866950035617358,0.8599694446284079,23861.395456,14.730268940059766,334.48628952873497,Position(15)
46,2760,saved,saved,reconstructed_from_saved_mask,MD-Experiment-0004_Position(15)_t137.png,359657.37369599997,85749.0,1121.8031655550003,0.9858643227924142,0.8562598997461959,23861.395456,15.072772016171559,338.35262328868504,Position(15)
47,2820,saved,saved,reconstructed_from_saved_mask,MD-Experiment-0004_Position(15)_t140.png,368658.35008,87895.0,1140.631591796875,0.9844814937192332,0.8489522087126122,23861.395456,15.44999121110916,342.56035592967976,Position(15)
48,2880,saved,saved,reconstructed_from_saved_mask,MD-Experiment-0004_Position(15)_t143.png,378277.98630399996,90188.5,1152.5310876369476,0.9855697253822029,0.8532095948247329,23861.395456,15.853137634030585,347.0008973565627,Position(15)
49,2940,saved,saved,reconstructed_from_saved_mask,MD-Experiment-0004_Position(15)_t146.png,385011.941376,91794.0,1165.744288802147,0.9856756292414741,0.8488238351630433,23861.395456,16.13534891896643,350.07585926309577,Position(15)
50,3000,saved,saved,reconstructed_from_saved_mask,MD-Experiment-0004_Position(15)_t149.png,395493.507072,94293.0,1177.6021548509598,0.9871648572535308,0.8544607814057857,23861.395456,16.574617683248377,354.80909405272655,Position(15)
51,3060,saved,saved,reconstructed_from_saved_mask,MD-Experiment-0004_Position(15)_t152.png,403938.73817599996,96306.5,1189.844794511795,0.9852831346871963,0.8548399968394118,23861.395456,16.928546317454735,358.5773191015106,Position(15)
52,3120,saved,saved,reconstructed_from_saved_mask,MD-Experiment-0004_Position(15)_t155.png,411547.205632,98120.5,1197.1585048437119,0.9868051190506122,0.860332454629725,23861.395456,17.247407277201617,361.9385917306678,Position(15)
53,3180,saved,saved,reconstructed_from_saved_mask,MD-Experiment-0004_Position(15)_t158.png,421263.310848,100437.0,1211.5432780981064,0.9869260815093227,0.8598560104186376,23861.395456,17.654596589910355,366.1861227974562,Position(15)
54,3240,saved,saved,reconstructed_from_saved_mask,MD-Experiment-0004_Position(15)_t161.png,431874.89996799995,102967.0,1224.3717064857483,0.9862597759610734,0.8631402186121129,23861.395456,18.099314466514326,370.7695379267963,Position(15)
55,3300,saved,saved,reconstructed_from_saved_mask,MD-Experiment-0004_Position(15)_t164.png,441786.04032,105330.0,1240.1706957817078,0.9858436483609051,0.8605953952432378,23861.395456,18.5146774477061,374.9998189490853,Position(15)
56,3360,saved,saved,reconstructed_from_saved_mask,MD-Experiment-0004_Position(15)_t167.png,451686.694912,107690.5,1256.8986195325851,0.985752469175355,0.8566171379972346,23861.395456,18.929600984355776,379.1785073658201,Position(15)
57,3420,saved,saved,reconstructed_from_saved_mask,MD-Experiment-0004_Position(15)_t170.png,459643.28959999996,109587.5,1277.8691821098328,0.9838622794810792,0.8433310497847705,23861.395456,19.263051502900332,382.5035989343357,Position(15)
58,3480,saved,saved,reconstructed_from_saved_mask,MD-Experiment-0004_Position(15)_t173.png,467379.68332799996,111432.0,1284.3128294944763,0.9835735658866832,0.8489422491649841,23861.395456,19.58727368606082,385.70918294066036,Position(15)
59,3540,saved,saved,reconstructed_from_saved_mask,MD-Experiment-0004_Position(15)_t176.png,479874.514944,114411.0,1299.484407067299,0.9844939894848252,0.8514036355258978,23861.395456,20.110915802425733,390.83091258794565,Position(15)
60,3600,saved,saved,reconstructed_from_saved_mask,MD-Experiment-0004_Position(15)_t179.png,491578.720256,117201.5,1315.8691794872284,0.9861710631494804,0.8505847737930569,23861.395456,20.6014238003164,395.5684093744859,Position(15)
61,3660,saved,saved,reconstructed_from_saved_mask,MD-Experiment-0004_Position(15)_t182.png,498212.012032,118783.0,1321.4844061136246,0.9863485763159424,0.8547518871129617,23861.395456,20.879416417648095,398.2283375719303,Position(15)
62,3720,saved,saved,reconstructed_from_saved_mask,MD-Experiment-0004_Position(15)_t185.png,507286.388736,120946.5,1335.727044224739,0.9855524183198269,0.8518590287942603,23861.395456,21.259711724380384,401.8386151941378,Position(15)
63,3780,saved,saved,reconstructed_from_saved_mask,MD-Experiment-0004_Position(15)_t188.png,517405.147136,123359.0,1346.739236831665,0.9865405223844789,0.8546999479020385,23861.395456,21.683775707505713,405.8265312861736,Position(15)
64,3840,saved,saved,reconstructed_from_saved_mask,MD-Experiment-0004_Position(15)_t191.png,527846.866944,125848.5,1357.1828874349594,0.987089639160905,0.8585807705771838,23861.395456,22.121374582527686,409.9010565239069,Position(15)
65,3900,saved,saved,reconstructed_from_saved_mask,MD-Experiment-0004_Position(15)_t194.png,537311.31392,128105.0,1378.3960909843445,0.9847110550832475,0.8472818029646648,23861.395456,22.51801722622605,413.5595521555973,Position(15)
66,3960,saved,saved,reconstructed_from_saved_mask,MD-Experiment-0004_Position(15)_t197.png,545009.958912,129940.5,1392.0945748090744,0.983232001452823,0.8425911933965893,23861.395456,22.84065740903498,416.5117741316698,Position(15)
67,4020,saved,saved,reconstructed_from_saved_mask,MD-Experiment-0004_Position(15)_t200.png,555577.50784,132460.0,1401.2245177030563,0.985679151985534,0.8477721768790587,23861.395456,23.283529618562138,420.53039519971026,Position(15)
68,4080,saved,saved,reconstructed_from_saved_mask,MD-Experiment-0004_Position(15)_t203.png,570593.11616,136040.0,1420.195081949234,0.9854364888211198,0.847579567196326,23861.395456,23.912814202847603,426.1753510729405,Position(15)
69,4140,saved,saved,reconstructed_from_saved_mask,MD-Experiment-0004_Position(15)_t206.png,579508.109312,138165.5,1436.0945743322372,0.9868470862171177,0.8418668218365423,23861.395456,24.28642995253999,429.49174650706203,Position(15)
70,4200,saved,saved,reconstructed_from_saved_mask,MD-Experiment-0004_Position(15)_t209.png,590105.0183679999,140692.0,1442.3372161388397,0.9849828825864447,0.8498565934866574,23861.395456,24.730532606785022,433.40080899001765,Position(15)
71,4260,saved,saved,reconstructed_from_saved_mask,MD-Experiment-0004_Position(15)_t212.png,604439.052288,144109.5,1447.2661485671997,0.988202016046081,0.8645809599617051,23861.395456,25.331253295834067,438.6330196631708,Position(15)
72,4320,saved,saved,reconstructed_from_saved_mask,MD-Experiment-0004_Position(15)_t215.png,616694.8085759999,147031.5,1472.9230035543442,0.9867256785641184,0.8516480613791145,23861.395456,25.844876076639128,443.05761964778475,Position(15)
73,4380,saved,saved,reconstructed_from_saved_mask,MD-Experiment-0004_Position(15)_t218.png,629781.037056,150151.5,1483.207273364067,0.9849229255493605,0.8577008611851688,23861.395456,26.393302865178416,447.73377159424217,Position(15)
74,4440,saved,saved,reconstructed_from_saved_mask,MD-Experiment-0004_Position(15)_t221.png,641892.0898559999,153039.0,1500.8224968910217,0.984176797996135,0.853794437798233,23861.395456,26.900861311302513,452.0183603177407,Position(15)
75,4500,saved,saved,reconstructed_from_saved_mask,MD-Experiment-0004_Position(15)_t224.png,653397.065728,155782.0,1523.7930595874786,0.9839070296216762,0.8430923660373792,23861.395456,27.383019862893306,456.05125328706475,Position(15)
76,4560,saved,saved,reconstructed_from_saved_mask,MD-Experiment-0004_Position(15)_t227.png,662345.613312,157915.5,1531.3494081497192,0.9845903969773111,0.8462253549844583,23861.395456,27.75804183512041,459.16354035101233,Position(15)
77,4620,saved,saved,reconstructed_from_saved_mask,MD-Experiment-0004_Position(15)_t230.png,678632.0957439999,161798.5,1547.3494089841843,0.9842715836091104,0.8491952735641654,23861.395456,28.440587097908242,464.7744669804269,Position(15)
78,4680,saved,saved,reconstructed_from_saved_mask,MD-Experiment-0004_Position(15)_t233.png,691298.8938239999,164818.5,1558.520981669426,0.9841379310344828,0.8526887136884717,23861.395456,28.971436104763576,469.0919656230511,Position(15)
79,4740,saved,saved,reconstructed_from_saved_mask,MD-Experiment-0004_Position(15)_t236.png,703609.176064,167753.5,1572.5209840536118,0.9847723036733735,0.8524885510359779,23861.395456,29.48734399718756,473.25020523059743,Position(15)
80,4800,saved,saved,reconstructed_from_saved_mask,MD-Experiment-0004_Position(15)_t239.png,713813.917696,170186.5,1583.148399591446,0.9863939861128821,0.8532802987027176,23861.395456,29.915011425558095,476.66972517480013,Position(15)
81,4860,saved,saved,reconstructed_from_saved_mask,MD-Experiment-0004_Position(15)_t242.png,728374.4440319999,173658.0,1603.7341847419739,0.9828400022638519,0.8484766319133216,23861.395456,30.52522411671647,481.50678746930214,Position(15)
82,4920,saved,saved,reconstructed_from_saved_mask,MD-Experiment-0004_Position(15)_t245.png,740540.0227839999,176558.5,1611.6925551891327,0.9862170857864221,0.854149901071271,23861.395456,31.03506767445948,485.51128757930724,Position(15)
83,4980,saved,saved,reconstructed_from_saved_mask,MD-Experiment-0004_Position(15)_t248.png,753324.261376,179606.5,1622.5209830999374,0.9855303481331296,0.8573364136162827,23861.395456,31.570838460186327,489.684142992279,Position(15)
0,0,saved,saved,reconstructed_from_saved_mask,MD-Experiment-0004_Position(18)_t001.png,27562.868736,6571.5,324.14927554130554,0.9735555555555555,0.7859307219518894,27562.868736,1.0,93.6671426395346,Position(18)
1,60,saved,saved,reconstructed_from_saved_mask,MD-Experiment-0004_Position(18)_t002.png,36268.146688,8647.0,367.50461435317993,0.977835576161936,0.8045438699416221,27562.868736,1.3158335235486571,107.44537981855854,Position(18)
2,120,saved,saved,reconstructed_from_saved_mask,MD-Experiment-0004_Position(18)_t005.png,44572.868608,10627.0,404.2741663455963,0.9770157212466672,0.8170874953642885,27562.868736,1.617134596363083,119.11332727070274,Position(18)
3,180,saved,saved,reconstructed_from_saved_mask,MD-Experiment-0004_Position(18)_t008.png,55165.58336,13152.5,450.5168058872223,0.9713452235884937,0.8143220258474351,27562.868736,2.001445636460473,132.51320900417443,Position(18)
4,240,saved,saved,reconstructed_from_saved_mask,MD-Experiment-0004_Position(18)_t011.png,65743.618048,15674.5,493.8305152654648,0.9675318663004229,0.8076955955775976,27562.868736,2.3852240736513735,144.66113361290064,Position(18)
5,300,saved,saved,reconstructed_from_saved_mask,MD-Experiment-0004_Position(18)_t014.png,75866.570752,18088.0,524.9015828371048,0.9763575515491741,0.8249823336909118,27562.868736,2.7524918207410787,155.39974099471215,Position(18)
6,360,saved,saved,reconstructed_from_saved_mask,MD-Experiment-0004_Position(18)_t017.png,83818.971136,19984.0,551.5289988517761,0.9775473267133004,0.8255731894111351,27562.868736,3.041010423799741,163.3413822714336,Position(18)
7,420,saved,saved,reconstructed_from_saved_mask,MD-Experiment-0004_Position(18)_t020.png,91165.29459199999,21735.5,577.629504442215,0.9762402030137664,0.8186170063282023,27562.868736,3.3075401354333103,170.34909610999193,Position(18)
8,480,saved,saved,reconstructed_from_saved_mask,MD-Experiment-0004_Position(18)_t023.png,96521.42079999999,23012.5,612.1147850751877,0.9602745728056084,0.771805601677691,27562.868736,3.5018641101727153,175.28183724831777,Position(18)
9,540,saved,saved,reconstructed_from_saved_mask,MD-Experiment-0004_Position(18)_t026.png,101699.28908799999,24247.0,610.0142804384232,0.9677895745190389,0.8188189264864495,27562.868736,3.68972076390474,179.92189731818,Position(18)
10,600,saved,saved,reconstructed_from_saved_mask,MD-Experiment-0004_Position(18)_t029.png,107682.463744,25673.5,628.9432120323181,0.9670596655115263,0.815590342029263,27562.868736,3.906794491364224,185.13884729667842,Position(18)
11,660,saved,saved,reconstructed_from_saved_mask,MD-Experiment-0004_Position(18)_t032.png,113367.84281599999,27029.0,638.3574258089066,0.9746502235684408,0.8335122995370731,27562.868736,4.113063988434908,189.9634310694109,Position(18)
12,720,saved,saved,reconstructed_from_saved_mask,MD-Experiment-0004_Position(18)_t035.png,119971.77446399999,28603.5,651.7716388702393,0.9804113110539846,0.8461320086320947,27562.868736,4.352659210225975,195.41801829642844,Position(18)
13,780,saved,saved,reconstructed_from_saved_mask,MD-Experiment-0004_Position(18)_t038.png,124801.51552,29755.0,666.8427065610886,0.9818511796733213,0.8408586720214823,27562.868736,4.527885566461234,199.3127095815412,Position(18)
14,840,saved,saved,reconstructed_from_saved_mask,MD-Experiment-0004_Position(18)_t041.png,129677.39391999999,30917.5,678.6000672578812,0.9833341284607923,0.8436968677445912,27562.868736,4.704785817545461,203.16888664184233,Position(18)
15,900,saved,saved,reconstructed_from_saved_mask,MD-Experiment-0004_Position(18)_t044.png,135866.089472,32393.0,695.4701244831085,0.9772086218079249,0.8415968044895457,27562.868736,4.9293159856958075,207.9603795824316,Position(18)
16,960,saved,saved,reconstructed_from_saved_mask,MD-Experiment-0004_Position(18)_t047.png,139844.38681599998,33341.5,707.2274833917618,0.9777852722953753,0.8376772864287428,27562.868736,5.073651373354637,210.98305820810103,Position(18)
17,1020,saved,saved,reconstructed_from_saved_mask,MD-Experiment-0004_Position(18)_t050.png,146458.804224,34918.5,726.1980444192886,0.9803197686660396,0.8320612430054141,27562.868736,5.313627025793197,215.91499554953455,Position(18)
18,1080,saved,saved,reconstructed_from_saved_mask,MD-Experiment-0004_Position(18)_t053.png,152314.052608,36314.5,740.6833268404007,0.9774443173406904,0.8318112615237085,27562.868736,5.526059499353268,220.18871167669877,Position(18)
19,1140,saved,saved,reconstructed_from_saved_mask,MD-Experiment-0004_Position(18)_t056.png,158376.91903999998,37760.0,753.7543946504593,0.9804354317317304,0.8351839411539767,27562.868736,5.746024499733697,224.5282589647945,Position(18)
20,1200,saved,saved,reconstructed_from_saved_mask,MD-Experiment-0004_Position(18)_t059.png,165601.60768,39482.5,765.6538902521133,0.9812486020329547,0.8463490695271286,27562.868736,6.008141215856349,229.59231017713455,Position(18)
21,1260,saved,saved,reconstructed_from_saved_mask,MD-Experiment-0004_Position(18)_t062.png,170748.01868799998,40709.5,781.3107446432114,0.979747779836827,0.8380270532167081,27562.868736,6.194856577645894,233.13254254754963,Position(18)
22,1320,saved,saved,reconstructed_from_saved_mask,MD-Experiment-0004_Position(18)_t065.png,176802.49651199998,42153.0,798.3818116188049,0.9771323265220969,0.8310307300939509,27562.868736,6.414517233508331,237.22980955551256,Position(18)
23,1380,saved,saved,reconstructed_from_saved_mask,MD-Experiment-0004_Position(18)_t068.png,179172.278272,42718.0,798.8670938014984,0.9782449390858294,0.8411466323219811,27562.868736,6.500494559841741,238.81437876319507,Position(18)
24,1440,saved,saved,reconstructed_from_saved_mask,MD-Experiment-0004_Position(18)_t071.png,184933.154816,44091.5,805.7960242033005,0.9821683150672725,0.853325054929283,27562.868736,6.709503157574374,242.62327065038568,Position(18)
25,1500,saved,saved,reconstructed_from_saved_mask,MD-Experiment-0004_Position(18)_t074.png,190880.677888,45509.5,820.0802966356277,0.9798262517089554,0.850352852491847,27562.868736,6.925283420832383,246.49382721117803,Position(18)
26,1560,saved,saved,reconstructed_from_saved_mask,MD-Experiment-0004_Position(18)_t077.png,197086.15065599998,46989.0,839.9797909259796,0.9793965921525715,0.8368900253884372,27562.868736,7.150422278018716,250.4685013803388,Position(18)
27,1620,saved,saved,reconstructed_from_saved_mask,MD-Experiment-0004_Position(18)_t080.png,202360.487936,48246.5,851.0508571863174,0.9772729574526267,0.837075537477632,27562.868736,7.3417788937076764,253.79784057986882,Position(18)
28,1680,saved,saved,reconstructed_from_saved_mask,MD-Experiment-0004_Position(18)_t083.png,208318.49676799998,49667.0,862.8082177639008,0.9809505939978077,0.8383960947696267,27562.868736,7.557939587613177,257.50696494697075,Position(18)
29,1740,saved,saved,reconstructed_from_saved_mask,MD-Experiment-0004_Position(18)_t086.png,217684.37759999998,51900.0,971.7199041843414,0.9514032740004766,0.6907088562005004,27562.868736,7.8977402419538905,263.2320069023623,Position(18)
30,1800,saved,saved,reconstructed_from_saved_mask,MD-Experiment-0004_Position(18)_t089.png,223839.51872,53367.5,956.6488369703293,0.9565525214414382,0.7327935314780002,27562.868736,8.12105303203226,266.92757768203285,Position(18)
31,1860,saved,saved,reconstructed_from_saved_mask,MD-Experiment-0004_Position(18)_t092.png,230055.47724799998,54849.5,967.9625451564789,0.9527610345845855,0.735640161985415,27562.868736,8.346572319866087,270.6084492006274,Position(18)
32,1920,saved,saved,reconstructed_from_saved_mask,MD-Experiment-0004_Position(18)_t095.png,236938.330112,56490.5,967.8204108476639,0.9586196948870674,0.7578717675202578,27562.868736,8.596286996880469,274.6266791310126,Position(18)
33,1980,saved,saved,reconstructed_from_saved_mask,MD-Experiment-0004_Position(18)_t098.png,244632.78079999998,58325.0,978.2051863670349,0.9608414879246153,0.7659575287900109,27562.868736,8.875447006010804,279.05023313602914,Position(18)
34,2040,saved,saved,reconstructed_from_saved_mask,MD-Experiment-0004_Position(18)_t101.png,252344.00870399998,60163.5,1062.2468177080154,0.9317418035960415,0.6700266546811995,27562.868736,9.155215704177127,283.4141716459001,Position(18)
35,2100,saved,saved,reconstructed_from_saved_mask,MD-Experiment-0004_Position(18)_t104.png,260092.985344,62011.0,1052.832601428032,0.9398596523136149,0.7030074861453162,27562.868736,9.436353952674427,287.73280758726656,Position(18)
36,2160,saved,saved,reconstructed_from_saved_mask,MD-Experiment-0004_Position(18)_t107.png,268244.615168,63954.5,1044.732096672058,0.9464995301134388,0.7363276295588754,27562.868736,9.732100738035456,292.20696932746284,Position(18)
37,2220,saved,saved,reconstructed_from_saved_mask,MD-Experiment-0004_Position(18)_t110.png,275576.25856,65702.5,1053.2173775434494,0.9504401223807836,0.7443132096557573,27562.868736,9.998097846762535,296.1733402877249,Position(18)
38,2280,saved,saved,reconstructed_from_saved_mask,MD-Experiment-0004_Position(18)_t113.png,281836.25727999996,67195.0,1065.1168743371964,0.9544744318181818,0.7443073232026431,27562.868736,10.225214943315832,299.51839171787486,Position(18)
39,2340,saved,saved,reconstructed_from_saved_mask,MD-Experiment-0004_Position(18)_t116.png,290182.92224,69185.0,1067.317884683609,0.9575844815535055,0.7631927492367321,27562.868736,10.528037738720231,303.9211952968963,Position(18)
40,2400,saved,saved,reconstructed_from_saved_mask,MD-Experiment-0004_Position(18)_t119.png,296971.40326399996,70803.5,1071.702660560608,0.9607965532449028,0.7746686355481909,27562.868736,10.774328539907174,307.45557983683506,Position(18)
46,2760,saved,saved,reconstructed_from_saved_mask,MD-Experiment-0004_Position(18)_t137.png,345256.230912,82315.5,1152.3300739526749,0.9603899172213439,0.7790004197895722,27562.868736,12.526135585482766,331.5093838277331,Position(18)
47,2820,saved,saved,reconstructed_from_saved_mask,MD-Experiment-0004_Position(18)_t140.png,347005.25568,82732.5,1123.7026611566544,0.9740225338183873,0.8233475419404954,27562.868736,12.589591417484593,332.34801555098534,Position(18)
48,2880,saved,saved,reconstructed_from_saved_mask,MD-Experiment-0004_Position(18)_t143.png,366861.090816,87466.5,1203.4427734613419,0.9485936457841909,0.7589282615369395,27562.868736,13.309974891577266,341.724321731571,Position(18)
49,2940,saved,saved,reconstructed_from_saved_mask,MD-Experiment-0004_Position(18)_t146.png,366114.50470399996,87288.5,1167.3006377220154,0.9707998754365282,0.8050103218197269,27562.868736,13.282888229475764,341.37642906704195,Position(18)
50,3000,saved,saved,reconstructed_from_saved_mask,MD-Experiment-0004_Position(18)_t149.png,375163.715584,89446.0,1177.2590086460114,0.9710569741184645,0.8110109966716359,27562.868736,13.611199878262193,345.5695582771015,Position(18)
52,3120,saved,saved,reconstructed_from_saved_mask,MD-Experiment-0004_Position(18)_t155.png,391911.571456,93439.0,1212.312831044197,0.9703411392076432,0.7989298402070558,27562.868736,14.21882370843795,353.19870852576724,Position(18)
53,3180,saved,saved,reconstructed_from_saved_mask,MD-Experiment-0004_Position(18)_t158.png,400157.57311999996,95405.0,1216.3717061281204,0.9736545340429549,0.8103047427439061,27562.868736,14.517994369626415,356.89509881113395,Position(18)
54,3240,saved,saved,reconstructed_from_saved_mask,MD-Experiment-0004_Position(18)_t161.png,407677.96019199997,97198.0,1242.6559760570526,0.965851671146575,0.7909797538270299,27562.868736,14.790839230008368,360.23315381618534,Position(18)
55,3300,saved,saved,reconstructed_from_saved_mask,MD-Experiment-0004_Position(18)_t164.png,413726.14655999996,98640.0,1253.2001342773438,0.9650294234183996,0.78926357829514,27562.868736,15.01027162748231,362.89547065618206,Position(18)
56,3360,saved,saved,reconstructed_from_saved_mask,MD-Experiment-0004_Position(18)_t167.png,423649.869824,101006.0,1262.5138405561447,0.9650961694646423,0.7963147148642883,27562.868736,15.370311192269648,367.2219245163001,Position(18)
57,3420,saved,saved,reconstructed_from_saved_mask,MD-Experiment-0004_Position(18)_t170.png,431021.359104,102763.5,1254.0701903104782,0.9713088025406668,0.8211170349672646,27562.868736,15.6377539374572,370.4029694254313,Position(18)
58,3480,saved,saved,reconstructed_from_saved_mask,MD-Experiment-0004_Position(18)_t173.png,439049.25695999997,104677.5,1273.241763472557,0.9731512427311731,0.8114120538773039,27562.868736,15.929011641177812,373.83648699935037,Position(18)
59,3540,saved,saved,reconstructed_from_saved_mask,MD-Experiment-0004_Position(18)_t176.png,446364.12313599995,106421.5,1282.2123292684555,0.9704501103390418,0.8134284216543358,27562.868736,16.1944000608689,376.93781082818913,Position(18)
60,3600,saved,saved,reconstructed_from_saved_mask,MD-Experiment-0004_Position(18)_t179.png,460113.05164799996,109699.5,1311.8691790103912,0.9668859871404459,0.8010017305031104,27562.868736,16.693220725861675,382.6990111063151,Position(18)
61,3660,saved,saved,reconstructed_from_saved_mask,MD-Experiment-0004_Position(18)_t182.png,468566.67136,111715.0,1334.1118211746216,0.9628030440140997,0.7887454903714873,27562.868736,16.9999239138705,386.19865850377994,Position(18)
62,3720,saved,saved,reconstructed_from_saved_mask,MD-Experiment-0004_Position(18)_t185.png,475518.73024,113372.5,1322.1534470319748,0.9717823331004719,0.8149929731382746,27562.868736,17.252149433158337,389.0530977912334,Position(18)
63,3780,saved,saved,reconstructed_from_saved_mask,MD-Experiment-0004_Position(18)_t188.png,484446.30630399997,115501.0,1330.6559773683548,0.9723042991472418,0.8197171661939215,27562.868736,17.576048086433843,392.6882333630383,Position(18)
64,3840,saved,saved,reconstructed_from_saved_mask,MD-Experiment-0004_Position(18)_t191.png,490544.82431999996,116955.0,1346.2539561986923,0.9725259647926559,0.8109137644299671,27562.868736,17.797306551015748,395.1522076331433,Position(18)
65,3900,saved,saved,reconstructed_from_saved_mask,MD-Experiment-0004_Position(18)_t194.png,499864.56780799996,119177.0,1360.1950796842575,0.9752259532177621,0.8094684269050132,27562.868736,18.135433310507494,398.8882471147454,Position(18)
66,3960,saved,saved,reconstructed_from_saved_mask,MD-Experiment-0004_Position(18)_t197.png,508561.457152,121250.5,1375.95244038105,0.9706407403256536,0.8047973849432575,27562.868736,18.450962489538156,402.3433105489836,Position(18)
67,4020,saved,saved,reconstructed_from_saved_mask,MD-Experiment-0004_Position(18)_t200.png,518619.398144,123648.5,1387.0651392936707,0.9709496811885542,0.8076161639723071,27562.868736,18.815871566613406,406.3024508859412,Position(18)
68,4080,saved,saved,reconstructed_from_saved_mask,MD-Experiment-0004_Position(18)_t203.png,532282.343424,126906.0,1395.8519368171692,0.975434658959893,0.818489877311352,27562.868736,19.311572700296733,411.61964500365485,Position(18)
69,4140,saved,saved,reconstructed_from_saved_mask,MD-Experiment-0004_Position(18)_t206.png,538527.6620799999,128395.0,1407.6509249210358,0.974161706518564,0.8142692521814398,27562.868736,19.53815719394354,414.02738897747776,Position(18)
70,4200,saved,saved,reconstructed_from_saved_mask,MD-Experiment-0004_Position(18)_t209.png,551091.699712,131390.5,1422.7219904661179,0.9752242472824978,0.8157061577057803,27562.868736,19.99398919576961,418.82924469544685,Position(18)
71,4260,saved,saved,reconstructed_from_saved_mask,MD-Experiment-0004_Position(18)_t212.png,559882.9608959999,133486.5,1438.035700559616,0.9754718911453272,0.8111625171061856,27562.868736,20.312942250627707,422.156702610594,Position(18)
72,4320,saved,saved,reconstructed_from_saved_mask,MD-Experiment-0004_Position(18)_t215.png,569666.174976,135819.0,1453.4499121904373,0.9738886638152021,0.8079235222578505,27562.868736,20.667884044738642,425.8290447108627,Position(18)
73,4380,saved,saved,reconstructed_from_saved_mask,MD-Experiment-0004_Position(18)_t218.png,579755.573248,138224.5,1465.3494081497192,0.9748055318518728,0.8089329116527727,27562.868736,21.033934413756374,429.5834383853609,Position(18)
74,4440,saved,saved,reconstructed_from_saved_mask,MD-Experiment-0004_Position(18)_t221.png,590067.269632,140683.0,1491.3077784776688,0.9704082829216475,0.7949080932420094,27562.868736,21.40804991250095,433.38694654701135,Position(18)
75,4500,saved,saved,reconstructed_from_saved_mask,MD-Experiment-0004_Position(18)_t224.png,601391.8904319999,143383.0,1489.5920486450195,0.9743638532029044,0.8120314243637963,27562.868736,21.818915011793347,437.52598116599273,Position(18)
76,4560,saved,saved,reconstructed_from_saved_mask,MD-Experiment-0004_Position(18)_t227.png,612047.5197439999,145923.5,1497.4915455579758,0.9712693024494142,0.8177232450970094,27562.868736,22.205508635775697,441.3850658424954,Position(18)
77,4620,saved,saved,reconstructed_from_saved_mask,MD-Experiment-0004_Position(18)_t230.png,625637.064704,149163.5,1518.3199725151062,0.9722685734398832,0.8131034791306014,27562.868736,22.69854675492658,446.25829164094097,Position(18)
78,4680,saved,saved,reconstructed_from_saved_mask,MD-Experiment-0004_Position(18)_t233.png,635770.503168,151579.5,1578.0600852966309,0.958238903060015,0.7648975395497563,27562.868736,23.066194932663777,449.85779586711334,Position(18)
79,4740,saved,saved,reconstructed_from_saved_mask,MD-Experiment-0004_Position(18)_t236.png,647401.30816,154352.5,1570.4032330513,0.9615660158732137,0.7865044254900947,27562.868736,23.48816860686297,453.9540028633373,Position(18)
80,4800,saved,saved,reconstructed_from_saved_mask,MD-Experiment-0004_Position(18)_t239.png,657421.500416,156741.5,1582.6042430400848,0.960911612794458,0.7864103327441727,27562.868736,23.851708133607243,457.45356373318793,Position(18)
81,4860,saved,saved,reconstructed_from_saved_mask,MD-Experiment-0004_Position(18)_t242.png,668993.585152,159500.5,1592.2022236585617,0.9678575221104689,0.790633952722046,27562.868736,24.271551396180474,461.4621023956563,Position(18)
82,4920,saved,saved,reconstructed_from_saved_mask,MD-Experiment-0004_Position(18)_t245.png,685428.9653759999,163419.0,1597.1311554908752,0.9704590735390618,0.8050655620534979,27562.868736,24.867838393060943,467.09615279501924,Position(18)
83,4980,saved,saved,reconstructed_from_saved_mask,MD-Experiment-0004_Position(18)_t248.png,695639.998464,165853.5,1603.0306491851807,0.9727734749597496,0.8110560215650195,27562.868736,25.23830175758959,470.5625237266225,Position(18)
0,0,saved,saved,reconstructed_from_saved_mask,MD-Experiment-0004_Position(21)_t001.png,101101.60076799999,24104.5,603.168607711792,0.9755352300781092,0.832588735321185,101101.60076799999,1.0,179.3924163209279,Position(21)
1,60,saved,saved,reconstructed_from_saved_mask,MD-Experiment-0004_Position(21)_t002.png,126175.15007999999,30082.5,664.9675984382629,0.9826868109432422,0.8549147716027093,101101.60076799999,1.2480034848264847,200.40658088293284,Position(21)
2,120,saved,saved,reconstructed_from_saved_mask,MD-Experiment-0004_Position(21)_t005.png,177255.481344,42261.0,784.3229353427887,0.9879374430184444,0.8632961487484259,101101.60076799999,1.7532410960609017,237.53351782866702,Position(21)
3,180,saved,saved,reconstructed_from_saved_mask,MD-Experiment-0004_Position(21)_t008.png,213074.837504,50801.0,866.2640588283539,0.9855373303716062,0.8507099911742303,101101.60076799999,2.1075317886701654,260.43008135491556,Position(21)
4,240,saved,saved,reconstructed_from_saved_mask,MD-Experiment-0004_Position(21)_t011.png,240983.73632,57455.0,924.347323179245,0.9821535410861724,0.8450206406343834,101101.60076799999,2.3835798294924184,276.96119887118454,Position(21)
5,300,saved,saved,reconstructed_from_saved_mask,MD-Experiment-0004_Position(21)_t014.png,262603.276288,62609.5,964.7320975065231,0.9783116527989375,0.8453501679442885,101101.60076799999,2.5974195689601527,289.1180018378721,Position(21)
6,360,saved,saved,reconstructed_from_saved_mask,MD-Experiment-0004_Position(21)_t017.png,283052.60544,67485.0,999.3178849220276,0.979143240596322,0.8491996295366242,101101.60076799999,2.7996847061751957,300.1640261950652,Position(21)
7,420,saved,saved,reconstructed_from_saved_mask,MD-Experiment-0004_Position(21)_t020.png,299517.345792,71410.5,1031.158504486084,0.9819723190528248,0.8439584813816232,101101.60076799999,2.9625381152896764,308.7706790631562,Position(21)
8,480,saved,saved,reconstructed_from_saved_mask,MD-Experiment-0004_Position(21)_t023.png,311802.462208,74339.5,1046.3300750255585,0.9838863374670779,0.8532810143669425,101101.60076799999,3.0840506959281466,315.03937255088323,Position(21)
9,540,saved,saved,reconstructed_from_saved_mask,MD-Experiment-0004_Position(21)_t026.png,325920.489472,77705.5,1066.1290655136108,0.9856726073444536,0.8590967107304631,101101.60076799999,3.223692671492875,322.092710114336,Position(21)
10,600,saved,saved,reconstructed_from_saved_mask,MD-Experiment-0004_Position(21)_t029.png,340063.68256,81077.5,1096.6143472194672,0.9820849963358427,0.8472320294327134,101101.60076799999,3.363583563235081,329.007039576533,Position(21)
11,660,saved,saved,reconstructed_from_saved_mask,MD-Experiment-0004_Position(21)_t032.png,351327.48595199996,83763.0,1120.5138387680054,0.9776831047563467,0.8383543809784217,101101.60076799999,3.4749942956709328,334.4114412914403,Position(21)
12,720,saved,saved,reconstructed_from_saved_mask,MD-Experiment-0004_Position(21)_t035.png,361840.508928,86269.5,1132.7564803361893,0.9812663151968061,0.8448780635129461,101101.60076799999,3.5789790288120478,339.37797691299386,Position(21)
13,780,saved,saved,reconstructed_from_saved_mask,MD-Experiment-0004_Position(21)_t038.png,373871.869952,89138.0,1150.5138413906097,0.9832228460494822,0.8462312397162285,101101.60076799999,3.6979817046609558,344.9740749270039,Position(21)
14,840,saved,saved,reconstructed_from_saved_mask,MD-Experiment-0004_Position(21)_t041.png,386861.62944,92235.0,1166.999124288559,0.9833365316957717,0.8510685768978007,101101.60076799999,3.8264639382687884,350.91577513118756,Position(21)
15,900,saved,saved,reconstructed_from_saved_mask,MD-Experiment-0004_Position(21)_t044.png,396579.831808,94552.0,1183.141257762909,0.9813439613075314,0.8488039374715707,101101.60076799999,3.9225870688045803,355.2960471572845,Position(21)
16,960,saved,saved,reconstructed_from_saved_mask,MD-Experiment-0004_Position(21)_t047.png,407482.925056,97151.5,1203.5260351896286,0.9808428151722884,0.8428463207010792,101101.60076799999,4.030430002696592,360.14697485389695,Position(21)
17,1020,saved,saved,reconstructed_from_saved_mask,MD-Experiment-0004_Position(21)_t050.png,415458.394112,99053.0,1222.1118208169937,0.9795540963503938,0.8334040524012125,101101.60076799999,4.109315687942086,363.65438831930953,Position(21)
18,1080,saved,saved,reconstructed_from_saved_mask,MD-Experiment-0004_Position(21)_t053.png,425579.249664,101466.0,1225.425529718399,0.9839652054170162,0.8490955330729413,101101.60076799999,4.209421477317513,368.0571728994435,Position(21)
19,1140,saved,saved,reconstructed_from_saved_mask,MD-Experiment-0004_Position(21)_t056.png,437170.20876799995,104229.5,1249.325025320053,0.9815100807021179,0.8391694008805931,101101.60076799999,4.32406812006057,373.03565432259427,Position(21)
20,1200,saved,saved,reconstructed_from_saved_mask,MD-Experiment-0004_Position(21)_t059.png,445873.389568,106304.5,1261.8103042840958,0.981764700449764,0.8390220487542708,101101.60076799999,4.410151631438113,376.7305507730572,Position(21)
21,1260,saved,saved,reconstructed_from_saved_mask,MD-Experiment-0004_Position(21)_t062.png,455478.345728,108594.5,1268.29558801651,0.9833830634024423,0.8483532553614852,101101.60076799999,4.505154639175258,380.7666744712054,Position(21)
22,1320,saved,saved,reconstructed_from_saved_mask,MD-Experiment-0004_Position(21)_t065.png,463697.084416,110554.0,1285.709800004959,0.9818556444665488,0.84042394215249,101101.60076799999,4.586446514136365,384.18662934075746,Position(21)
23,1380,saved,saved,reconstructed_from_saved_mask,MD-Experiment-0004_Position(21)_t068.png,473943.769088,112997.0,1296.5382282733917,0.9831254649306356,0.8447070611316658,101101.60076799999,4.687796884399179,388.40827385100596,Position(21)
24,1440,saved,saved,reconstructed_from_saved_mask,MD-Experiment-0004_Position(21)_t071.png,481382.367232,114770.5,1304.981878876686,0.9828092620185309,0.8468981332176455,101101.60076799999,4.761372357858492,391.4444616091811,Position(21)
25,1500,saved,saved,reconstructed_from_saved_mask,MD-Experiment-0004_Position(21)_t074.png,493289.99628799997,117609.5,1311.4671607017517,0.9852888816282762,0.8592853887013987,101101.60076799999,4.879151195834803,396.25633442764774,Position(21)
26,1560,saved,saved,reconstructed_from_saved_mask,MD-Experiment-0004_Position(21)_t077.png,503077.404672,119943.0,1321.9108090400696,0.9869942850559769,0.862542421436008,101101.60076799999,4.975958845858657,400.1681039548019,Position(21)
27,1620,saved,saved,reconstructed_from_saved_mask,MD-Experiment-0004_Position(21)_t080.png,512229.376,122125.0,1339.851934313774,0.9836772008392971,0.8548714742978626,101101.60076799999,5.066481362401212,403.7916224670271,Position(21)
28,1680,saved,saved,reconstructed_from_saved_mask,MD-Experiment-0004_Position(21)_t083.png,519980.449792,123973.0,1351.1656440496445,0.9841235820374207,0.8533354481090597,101101.60076799999,5.1431475450642,406.83524649554124,Position(21)
29,1740,saved,saved,reconstructed_from_saved_mask,MD-Experiment-0004_Position(21)_t086.png,531000.983552,126600.5,1365.9524405002594,0.985639767994083,0.8526565411381727,101101.60076799999,5.252152087784439,411.1239018081022,Position(21)
30,1800,saved,saved,reconstructed_from_saved_mask,MD-Experiment-0004_Position(21)_t089.png,541105.061888,129009.5,1384.0945756435394,0.9828359203885344,0.8462526132893463,101101.60076799999,5.352091933041549,415.0169763552357,Position(21)
31,1860,saved,saved,reconstructed_from_saved_mask,MD-Experiment-0004_Position(21)_t092.png,550141.689856,131164.0,1386.6803624629974,0.9854693534087665,0.8571795194385925,101101.60076799999,5.441473583770666,418.46808562066195,Position(21)
32,1920,saved,saved,reconstructed_from_saved_mask,MD-Experiment-0004_Position(21)_t095.png,560119.939072,133543.0,1398.1950820684433,0.9844383505093842,0.8584113511198186,101101.60076799999,5.5401688481403895,422.2460349787551,Position(21)
33,1980,saved,saved,reconstructed_from_saved_mask,MD-Experiment-0004_Position(21)_t098.png,569945.096192,135885.5,1410.094576716423,0.9850665661438757,0.858789045798672,101101.60076799999,5.637349872430459,425.933279634129,Position(21)
34,2040,saved,saved,reconstructed_from_saved_mask,MD-Experiment-0004_Position(21)_t101.png,583800.979456,139189.0,1435.165643811226,0.9823106591246723,0.8492014363168869,101101.60076799999,5.774398971146467,431.07960207440215,Position(21)
35,2100,saved,saved,reconstructed_from_saved_mask,MD-Experiment-0004_Position(21)_t104.png,595953.975296,142086.5,1454.3788477182388,0.9818468905803536,0.8441265909838932,101101.60076799999,5.894604741853182,435.5433871008116,Position(21)
36,2160,saved,saved,reconstructed_from_saved_mask,MD-Experiment-0004_Position(21)_t107.png,607748.3581439999,144898.5,1467.4915453195572,0.9831025381812754,0.8455173778183634,101101.60076799999,6.011263457030845,439.83213924087255,Position(21)
37,2220,saved,saved,reconstructed_from_saved_mask,MD-Experiment-0004_Position(21)_t110.png,620811.517952,148013.0,1482.7636239528656,0.982176391349644,0.8459912651941818,101101.60076799999,6.14047169615632,444.5339622805973,Position(21)
38,2280,saved,saved,reconstructed_from_saved_mask,MD-Experiment-0004_Position(21)_t113.png,634354.925568,151242.0,1508.219464302063,0.9788967816054757,0.8355129647017303,101101.60076799999,6.2744300856686515,449.35670035916576,Position(21)
39,2340,saved,saved,reconstructed_from_saved_mask,MD-Experiment-0004_Position(21)_t116.png,649431.351296,154836.5,1525.1483986377716,0.9778365099213115,0.8364866296613168,101101.60076799999,6.423551618992304,454.66517297371166,Position(21)
40,2400,saved,saved,reconstructed_from_saved_mask,MD-Experiment-0004_Position(21)_t119.png,662072.983552,157850.5,1542.3199707269669,0.9796164706612468,0.8338863439828481,101101.60076799999,6.548590512145036,459.06903188932256,Position(21)
41,2460,saved,saved,reconstructed_from_saved_mask,MD-Experiment-0004_Position(21)_t122.png,673984.806912,160690.5,1543.6336798667908,0.9815827812749114,0.8474451035947462,101101.60076799999,6.666410836150926,463.18033980056066,Position(21)
42,2520,saved,saved,reconstructed_from_saved_mask,MD-Experiment-0004_Position(21)_t125.png,682075.619328,162619.5,1562.5453686714172,0.9808261232761455,0.8369841107847391,101101.60076799999,6.746437387209858,465.95215715460984,Position(21)
43,2580,saved,saved,reconstructed_from_saved_mask,MD-Experiment-0004_Position(21)_t128.png,694205.546496,165511.5,1572.4032311439514,0.9814340987592096,0.841221150555226,101101.60076799999,6.866414984753885,470.07710909306996,Position(21)
44,2640,saved,saved,reconstructed_from_saved_mask,MD-Experiment-0004_Position(21)_t131.png,705444.1840639999,168191.0,1585.6753098964691,0.9796202457918342,0.8405897477215907,101101.60076799999,6.977576801012259,473.86692007190044,Position(21)
45,2700,saved,saved,reconstructed_from_saved_mask,MD-Experiment-0004_Position(21)_t134.png,722252.857344,172198.5,1597.9179499149323,0.9816802727293458,0.8474815990995109,101101.60076799999,7.143832064552263,479.47911822840234,Position(21)
46,2760,saved,saved,reconstructed_from_saved_mask,MD-Experiment-0004_Position(21)_t137.png,731729.887232,174458.0,1612.989017009735,0.9801782162642005,0.8426319707622998,101101.60076799999,7.237569748387232,482.6146051686541,Position(21)
47,2820,saved,saved,reconstructed_from_saved_mask,MD-Experiment-0004_Position(21)_t140.png,743650.0991999999,177300.0,1620.444861650467,0.9818743665996578,0.8484965554084417,101101.60076799999,7.355473044452281,486.52973027032647,Position(21)
48,2880,saved,saved,reconstructed_from_saved_mask,MD-Experiment-0004_Position(21)_t143.png,756782.4650239999,180431.0,1643.876320362091,0.9814113250856004,0.8390401453998068,101101.60076799999,7.485365803065817,490.80682585685173,Position(21)
49,2940,saved,saved,reconstructed_from_saved_mask,MD-Experiment-0004_Position(21)_t146.png,768687.996928,183269.5,1652.7463772296906,0.9825702804785533,0.8431165827794809,101101.60076799999,7.603123898027341,494.6523919006131,Position(21)
50,3000,saved,saved,reconstructed_from_saved_mask,MD-Experiment-0004_Position(21)_t149.png,785123.377152,187188.0,1670.5037385225296,0.98034471381212,0.8429328213391485,101101.60076799999,7.765686904934764,499.9125251696405,Position(21)
51,3060,saved,saved,reconstructed_from_saved_mask,MD-Experiment-0004_Position(21)_t152.png,798226.3828479999,190312.0,1688.989019036293,0.9795405765697138,0.838344241005255,101101.60076799999,7.895289261341244,504.0668101286235,Position(21)
52,3120,saved,saved,reconstructed_from_saved_mask,MD-Experiment-0004_Position(21)_t155.png,811146.93632,193392.5,1697.1727837324142,0.9806772716439405,0.8437181160041729,101101.60076799999,8.023086975461014,508.1299922050948,Position(21)
53,3180,saved,saved,reconstructed_from_saved_mask,MD-Experiment-0004_Position(21)_t158.png,823796.9571839999,196408.5,1717.6580629348755,0.9803685207508179,0.8365592741036989,101101.60076799999,8.148208840672904,512.0768650112911,Position(21)
54,3240,saved,saved,reconstructed_from_saved_mask,MD-Experiment-0004_Position(21)_t161.png,841069.101056,200526.5,1729.3149194717407,0.9819814305162434,0.8426232943886192,101101.60076799999,8.319048310481445,517.417249258119,Position(21)
55,3300,saved,saved,reconstructed_from_saved_mask,MD-Experiment-0004_Position(21)_t164.png,855417.81504,203947.5,1747.113910317421,0.9807832416016851,0.8396258617390062,101101.60076799999,8.46097201767305,521.8121763096079,Position(21)
56,3360,saved,saved,reconstructed_from_saved_mask,MD-Experiment-0004_Position(21)_t167.png,869340.8071679999,207267.0,1770.1849763393402,0.9800692257497092,0.831194621580057,101101.60076799999,8.598684892862329,526.0416080354963,Position(21)
57,3420,saved,saved,reconstructed_from_saved_mask,MD-Experiment-0004_Position(21)_t170.png,887548.280832,211608.0,1786.6702564954758,0.9811474725743483,0.8330155938768314,101101.60076799999,8.778775747267108,531.5217702542888,Position(21)
58,3480,saved,saved,reconstructed_from_saved_mask,MD-Experiment-0004_Position(21)_t173.png,902549.209088,215184.5,1808.7707644701004,0.9782936820043735,0.8265208045578242,101101.60076799999,8.92715053205833,535.9947164105926,Position(21)
59,3540,saved,saved,reconstructed_from_saved_mask,MD-Experiment-0004_Position(21)_t176.png,922168.066048,219862.0,1821.9839663505554,0.9786694205311278,0.8322828327250092,101101.60076799999,9.121201435416625,541.7888999841776,Position(21)
60,3600,saved,saved,reconstructed_from_saved_mask,MD-Experiment-0004_Position(21)_t179.png,936718.106624,223331.0,1839.4986869096756,0.9787406543899169,0.8293921303528249,101101.60076799999,9.265116472028046,546.0463660768941,Position(21)
61,3660,saved,saved,reconstructed_from_saved_mask,MD-Experiment-0004_Position(21)_t182.png,948367.785984,226108.5,1856.7118883132935,0.9777305482825496,0.824209690961514,101101.60076799999,9.380343919185215,549.4313806263168,Position(21)
62,3720,saved,saved,reconstructed_from_saved_mask,MD-Experiment-0004_Position(21)_t185.png,961967.816704,229351.0,1864.611380815506,0.97823453641226,0.8289605074190143,101101.60076799999,9.514862370096871,553.356906749631,Position(21)
63,3780,saved,saved,reconstructed_from_saved_mask,MD-Experiment-0004_Position(21)_t188.png,980280.1479679999,233717.0,1878.9545283317566,0.9784706071979553,0.8318933007313408,101101.60076799999,9.695990375241138,558.5990174784803,Position(21)
64,3840,saved,saved,reconstructed_from_saved_mask,MD-Experiment-0004_Position(21)_t191.png,997317.410816,237779.0,1895.782955646515,0.9795322299920699,0.8313925558306511,101101.60076799999,9.864506627393226,563.4323309200083,Position(21)
65,3900,saved,saved,reconstructed_from_saved_mask,MD-Experiment-0004_Position(21)_t194.png,1008818.1923839999,240521.0,1911.439809203148,0.9795812808383343,0.8272592108390767,101101.60076799999,9.978261320500321,566.6716897797952,Position(21)
66,3960,saved,saved,reconstructed_from_saved_mask,MD-Experiment-0004_Position(21)_t197.png,1026245.5255039999,244676.0,1926.9545266628265,0.9796699545752111,0.828053322122424,101101.60076799999,10.150635773403307,571.5453581473676,Position(21)
67,4020,saved,saved,reconstructed_from_saved_mask,MD-Experiment-0004_Position(21)_t200.png,1036435.5870719999,247105.5,1927.5403126478195,0.9833557511699723,0.8357672259800341,101101.60076799999,10.251426082266796,574.3759167633324,Position(21)
68,4080,saved,saved,reconstructed_from_saved_mask,MD-Experiment-0004_Position(21)_t203.png,1057914.6178559999,252226.5,1941.5403156280518,0.9837514747896292,0.8408291345731664,101101.60076799999,10.463876039743615,580.2970632373662,Position(21)
69,4140,saved,saved,reconstructed_from_saved_mask,MD-Experiment-0004_Position(21)_t206.png,1075536.986112,256428.0,1959.7829566001892,0.9835567573787469,0.8389949681880748,101101.60076799999,10.63817959302205,585.1102935650406,Position(21)
70,4200,saved,saved,reconstructed_from_saved_mask,MD-Experiment-0004_Position(21)_t209.png,1094048.546816,260841.5,1972.1677315235138,0.9844598598273695,0.8427501835354934,101101.60076799999,10.821278184571346,590.1241127225209,Position(21)
71,4260,saved,saved,reconstructed_from_saved_mask,MD-Experiment-0004_Position(21)_t212.png,1109745.729536,264584.0,1994.3514966964722,0.9813200405755497,0.8359302376545443,101101.60076799999,10.976539650272771,594.3425248638632,Position(21)
72,4320,saved,saved,reconstructed_from_saved_mask,MD-Experiment-0004_Position(21)_t215.png,1127638.6304,268850.0,2006.6357674598694,0.981609203795726,0.8390402723299353,101101.60076799999,11.153519052459085,599.1147837427062,Position(21)
73,4380,saved,saved,reconstructed_from_saved_mask,MD-Experiment-0004_Position(21)_t218.png,1145026.117632,272995.5,2018.7951481342316,0.9821960538813574,0.8417455860273613,101101.60076799999,11.325499388081065,603.7161031320182,Position(21)
74,4440,saved,saved,reconstructed_from_saved_mask,MD-Experiment-0004_Position(21)_t221.png,1161708.9617919999,276973.0,2034.97891330719,0.9825796827412743,0.8404801719762356,101101.60076799999,11.49051007073368,608.0982218414235,Position(21)
75,4500,saved,saved,reconstructed_from_saved_mask,MD-Experiment-0004_Position(21)_t224.png,1179046.117376,281106.5,2057.5646986961365,0.9827335161713784,0.8343989550235177,101101.60076799999,11.661992574000706,612.6189969527511,Position(21)
76,4560,saved,saved,reconstructed_from_saved_mask,MD-Experiment-0004_Position(21)_t227.png,1200088.940544,286123.5,2074.334251999855,0.9817494016830078,0.8356144004349132,101101.60076799999,11.870127984401254,618.0616264378388,Position(21)
77,4620,saved,saved,reconstructed_from_saved_mask,MD-Experiment-0004_Position(21)_t230.png,1215714.8200959999,289849.0,2090.091609954834,0.9820213412929795,0.8337791420712191,101101.60076799999,12.024684187599826,622.0723800464905,Position(21)
78,4680,saved,saved,reconstructed_from_saved_mask,MD-Experiment-0004_Position(21)_t233.png,1232401.8585599998,293827.5,2094.8195304870605,0.9825150097055239,0.8414127244752942,101101.60076799999,12.189736356282022,626.3271472089691,Position(21)
79,4740,saved,saved,reconstructed_from_saved_mask,MD-Experiment-0004_Position(21)_t236.png,1246226.284544,297123.5,2114.8195341825485,0.9821647565938008,0.8348342146396912,101101.60076799999,12.326474309776184,629.830252363642,Position(21)
80,4800,saved,saved,reconstructed_from_saved_mask,MD-Experiment-0004_Position(21)_t239.png,1266805.6371199999,302030.0,2138.920036792755,0.982574055789698,0.8296040221990314,101101.60076799999,12.53002551390819,635.0092583330196,Position(21)
81,4860,saved,saved,reconstructed_from_saved_mask,MD-Experiment-0004_Position(21)_t242.png,1287848.4602879998,307047.0,2152.032734513283,0.9828130076356403,0.8331380631612331,101101.60076799999,12.738160924308739,640.2615846794522,Position(21)
82,4920,saved,saved,reconstructed_from_saved_mask,MD-Experiment-0004_Position(21)_t245.png,1305072.3696639999,311153.5,2174.4763860702515,0.9837819294745529,0.8269422149386878,101101.60076799999,12.908523304777116,644.5288491986669,Position(21)
83,4980,saved,saved,reconstructed_from_saved_mask,MD-Experiment-0004_Position(21)_t248.png,1322422.1081599998,315290.0,2177.547454595566,0.98364440423358,0.835573781108403,101101.60076799999,13.08013026613288,648.798913944327,Position(21)
0,0,saved,saved,reconstructed_from_saved_mask,MD-Experiment-0004_Position(25)_t001.png,54811.164672,13068.0,442.1320300102234,0.9808601666291376,0.8400691441100245,54811.164672,1.0,132.08684865778775,Position(25)
1,60,saved,saved,reconstructed_from_saved_mask,MD-Experiment-0004_Position(25)_t002.png,76453.77331199999,18228.0,532.8427066802979,0.9752287197046707,0.8067720286206295,54811.164672,1.3948576675849402,155.99997397840824,Position(25)
2,120,saved,saved,reconstructed_from_saved_mask,MD-Experiment-0004_Position(25)_t005.png,102586.38438399999,24458.5,602.8843365907669,0.9789077665045727,0.8456130595910586,54811.164672,1.8716329966329965,180.7048984872232,Position(25)
3,180,saved,saved,reconstructed_from_saved_mask,MD-Experiment-0004_Position(25)_t008.png,123180.417024,29368.5,652.340182185173,0.9839517547533294,0.8672481224998851,54811.164672,2.247359963269054,198.014000825652,Position(25)
4,240,saved,saved,reconstructed_from_saved_mask,MD-Experiment-0004_Position(25)_t011.png,142339.997696,33936.5,707.6538879871368,0.9835953916382871,0.851598954634463,54811.164672,2.59691613100704,212.85729601311485,Position(25)
5,300,saved,saved,reconstructed_from_saved_mask,MD-Experiment-0004_Position(25)_t014.png,157500.309504,37551.0,751.0092279911041,0.9822005414383427,0.8366442375263398,54811.164672,2.8735078053259873,223.9060195531376,Position(25)
6,360,saved,saved,reconstructed_from_saved_mask,MD-Experiment-0004_Position(25)_t017.png,175156.232192,41760.5,791.8792841434479,0.9791097616730947,0.8368692111862377,54811.164672,3.195630547903275,236.12276538575676,Position(25)
7,420,saved,saved,reconstructed_from_saved_mask,MD-Experiment-0004_Position(25)_t020.png,188682.862592,44985.5,815.5361377000809,0.9788926243866349,0.8499551227265653,54811.164672,3.442416590143863,245.0706439304621,Position(25)
8,480,saved,saved,reconstructed_from_saved_mask,MD-Experiment-0004_Position(25)_t023.png,205124.534272,48905.5,848.9919807910919,0.9795205095337286,0.8526295717622475,54811.164672,3.7423859810223448,255.52527694461733,Position(25)
9,540,saved,saved,reconstructed_from_saved_mask,MD-Experiment-0004_Position(25)_t026.png,215178.28096,51302.5,878.9919834136963,0.9753048867427735,0.8344082023045264,54811.164672,3.925811141720233,261.71238816991706,Position(25)
10,600,saved,saved,reconstructed_from_saved_mask,MD-Experiment-0004_Position(25)_t029.png,223841.615872,53368.0,889.0336138010025,0.9771942834647112,0.8485050438967293,54811.164672,4.083868992959902,266.9288281010729,Position(25)
11,660,saved,saved,reconstructed_from_saved_mask,MD-Experiment-0004_Position(25)_t032.png,234507.73094399998,55911.0,906.8326045274734,0.9784999868742289,0.8543835361642764,54811.164672,4.278466483011937,273.2144380262574,Position(25)
12,720,saved,saved,reconstructed_from_saved_mask,MD-Experiment-0004_Position(25)_t035.png,246557.96633599998,58784.0,938.7737272977829,0.9779648469018525,0.8381990127043298,54811.164672,4.498316498316498,280.14610152939673,Position(25)
13,780,saved,saved,reconstructed_from_saved_mask,MD-Experiment-0004_Position(25)_t038.png,257171.65260799997,61314.5,960.1879407167435,0.9782381518383497,0.8357195478644758,54811.164672,4.6919574533210895,286.11235462899856,Position(25)
14,840,saved,saved,reconstructed_from_saved_mask,MD-Experiment-0004_Position(25)_t041.png,269886.685184,64346.0,978.7737265825272,0.9813404097941878,0.8440473538851465,54811.164672,4.9239363330272425,293.099983015079,Position(25)
15,900,saved,saved,reconstructed_from_saved_mask,MD-Experiment-0004_Position(25)_t044.png,280915.607552,66975.5,995.9869295358658,0.9808876619239754,0.8484349497374252,54811.164672,5.125153045607591,299.0287863519623,Position(25)
16,960,saved,saved,reconstructed_from_saved_mask,MD-Experiment-0004_Position(25)_t047.png,291380.39603199996,69470.5,1017.6437838077545,0.9792991161420376,0.8429828135634505,54811.164672,5.31607744107744,304.5476328870966,Position(25)
17,1020,saved,saved,reconstructed_from_saved_mask,MD-Experiment-0004_Position(25)_t050.png,299693.50656,71452.5,1026.6732206344604,0.9790092416883037,0.8518494047111776,54811.164672,5.467745638200184,308.86146726831225,Position(25)
18,1080,saved,saved,reconstructed_from_saved_mask,MD-Experiment-0004_Position(25)_t053.png,305963.99104,72947.5,1039.8447955846786,0.9791939326823048,0.8477801264279625,54811.164672,5.5821472298745025,312.0758932764284,Position(25)
19,1140,saved,saved,reconstructed_from_saved_mask,MD-Experiment-0004_Position(25)_t056.png,314803.48672,75055.0,1056.714850783348,0.9778770862376714,0.844644330837179,54811.164672,5.743419038873585,316.55183150331584,Position(25)
20,1200,saved,saved,reconstructed_from_saved_mask,MD-Experiment-0004_Position(25)_t059.png,323162.73459199996,77048.0,1069.4011439085007,0.9813031738753885,0.8466227710785471,54811.164672,5.8959289868380775,320.7271321026989,Position(25)
21,1260,saved,saved,reconstructed_from_saved_mask,MD-Experiment-0004_Position(25)_t062.png,331276.61568,78982.5,1081.3006384372711,0.9823571846121317,0.848882970691738,54811.164672,6.043962350780532,324.7285355992789,Position(25)
22,1320,saved,saved,reconstructed_from_saved_mask,MD-Experiment-0004_Position(25)_t065.png,339616.989184,80971.0,1094.028559923172,0.9819248982858667,0.8501235514774953,54811.164672,6.196127946127946,328.79088365287856,Position(25)
23,1380,saved,saved,reconstructed_from_saved_mask,MD-Experiment-0004_Position(25)_t068.png,346004.914176,82494.0,1107.685413479805,0.9813646123922651,0.844888410514565,54811.164672,6.31267217630854,331.8686258904189,Position(25)
24,1440,saved,saved,reconstructed_from_saved_mask,MD-Experiment-0004_Position(25)_t071.png,352264.91289599997,83986.5,1114.1290677785873,0.9796400410581813,0.850253320747346,54811.164672,6.42688246097337,334.8572894987784,Position(25)
25,1500,saved,saved,reconstructed_from_saved_mask,MD-Experiment-0004_Position(25)_t074.png,357006.573568,85117.0,1127.2001332044601,0.9778449201854202,0.8418294396865825,54811.164672,6.513391490664218,337.10342893434824,Position(25)
26,1560,saved,saved,reconstructed_from_saved_mask,MD-Experiment-0004_Position(25)_t077.png,367127.42912,87530.0,1142.9991252422333,0.9755472337390219,0.8419280840466412,54811.164672,6.6980410162228345,341.8483438282755,Position(25)
27,1620,saved,saved,reconstructed_from_saved_mask,MD-Experiment-0004_Position(25)_t080.png,373559.39430399996,89063.5,1155.040751695633,0.9749058627785805,0.8389092977293517,54811.164672,6.815388735843281,344.82988310729684,Position(25)
28,1680,saved,saved,reconstructed_from_saved_mask,MD-Experiment-0004_Position(25)_t083.png,379192.344576,90406.5,1166.6976096630096,0.9732012142611092,0.834627911320394,54811.164672,6.91815886134068,347.42002251417705,Position(25)
29,1740,saved,saved,reconstructed_from_saved_mask,MD-Experiment-0004_Position(25)_t086.png,389057.347584,92758.5,1181.869180560112,0.9752554882664648,0.8344969727175746,54811.164672,7.098140495867768,351.9102158625557,Position(25)
30,1800,saved,saved,reconstructed_from_saved_mask,MD-Experiment-0004_Position(25)_t089.png,395275.40326399996,94241.0,1193.0823831558228,0.9762416545380149,0.8319723321592035,54811.164672,7.211585552494643,354.71124682509827,Position(25)
31,1860,saved,saved,reconstructed_from_saved_mask,MD-Experiment-0004_Position(25)_t092.png,404167.327744,96361.0,1203.082384109497,0.9761832401329119,0.8366049440450065,54811.164672,7.3738138965411695,358.6787644862732,Position(25)
32,1920,saved,saved,reconstructed_from_saved_mask,MD-Experiment-0004_Position(25)_t095.png,412042.13350399997,98238.5,1214.839741230011,0.9760795262603581,0.8364762323224813,54811.164672,7.517485460667278,362.1561605420851,Position(25)
33,1980,saved,saved,reconstructed_from_saved_mask,MD-Experiment-0004_Position(25)_t098.png,420674.011136,100296.5,1226.3544608354568,0.9761881588040061,0.8380378068393926,54811.164672,7.6749693908784815,365.92990668320465,Position(25)
34,2040,saved,saved,reconstructed_from_saved_mask,MD-Experiment-0004_Position(25)_t101.png,434584.420352,103613.0,1256.5382249355316,0.9767577784376664,0.824655771799611,54811.164672,7.92875726966636,371.93079649243055,Position(25)
35,2100,saved,saved,reconstructed_from_saved_mask,MD-Experiment-0004_Position(25)_t104.png,445072.277504,106113.5,1267.668169260025,0.9765645131603166,0.8297921699211126,54811.164672,8.120102540557086,376.39195793196586,Position(25)
36,2160,saved,saved,reconstructed_from_saved_mask,MD-Experiment-0004_Position(25)_t107.png,453332.959232,108083.0,1273.5676646232605,0.9745899495946836,0.837381200758737,54811.164672,8.270814202632385,379.8688756090698,Position(25)
37,2220,saved,saved,reconstructed_from_saved_mask,MD-Experiment-0004_Position(25)_t110.png,463248.29388799996,110447.0,1288.0529474020004,0.9764651796055133,0.8365585773701907,54811.164672,8.45171411080502,384.0006662784903,Position(25)
38,2280,saved,saved,reconstructed_from_saved_mask,MD-Experiment-0004_Position(25)_t113.png,470688.989184,112221.0,1296.1950821876526,0.9771305426761575,0.8393503186077221,54811.164672,8.587465564738292,387.07229114872393,Position(25)
39,2340,saved,saved,reconstructed_from_saved_mask,MD-Experiment-0004_Position(25)_t116.png,479534.77632,114330.0,1308.396092057228,0.9803929975603796,0.8392504657239823,54811.164672,8.748852157943068,390.69253905288326,Position(25)
40,2400,saved,saved,reconstructed_from_saved_mask,MD-Experiment-0004_Position(25)_t119.png,488164.55679999996,116387.5,1317.7514313459396,0.978663022913601,0.8422658849706105,54811.164672,8.906297826752372,394.192344565402,Position(25)
41,2460,saved,saved,reconstructed_from_saved_mask,MD-Experiment-0004_Position(25)_t122.png,498853.740544,118936.0,1340.9646328687668,0.9763137048878893,0.8311674840846411,54811.164672,9.101316192225283,398.48472665199967,Position(25)
42,2520,saved,saved,reconstructed_from_saved_mask,MD-Experiment-0004_Position(25)_t125.png,508722.937856,121289.0,1345.1656439304352,0.979661893107821,0.8423251073267543,54811.164672,9.281374349556167,402.40718240114325,Position(25)
43,2580,saved,saved,reconstructed_from_saved_mask,MD-Experiment-0004_Position(25)_t128.png,518516.637696,123624.0,1357.3666517734528,0.9809248738375599,0.8431761340568553,54811.164672,9.460055096418733,406.26219603775047,Position(25)
44,2640,saved,saved,reconstructed_from_saved_mask,MD-Experiment-0004_Position(25)_t131.png,529210.015744,126173.5,1361.2661492824554,0.980273866174614,0.8556416654319976,54811.164672,9.65514998469544,410.42999388299427,Position(25)
45,2700,saved,saved,reconstructed_from_saved_mask,MD-Experiment-0004_Position(25)_t134.png,538544.4392959999,128399.0,1379.9940693378448,0.9813398756501236,0.847260706247763,54811.164672,9.825451484542393,414.03383820313906,Position(25)
46,2760,saved,saved,reconstructed_from_saved_mask,MD-Experiment-0004_Position(25)_t137.png,546471.673856,130289.0,1406.9646314382553,0.9780061402652774,0.8270871136997369,54811.164672,9.970079583715947,417.0699417457088,Position(25)
47,2820,saved,saved,reconstructed_from_saved_mask,MD-Experiment-0004_Position(25)_t140.png,557913.735168,133017.0,1415.9351933002472,0.9796833743937603,0.833739274525716,54811.164672,10.178833792470156,421.4136418552437,Position(25)
48,2880,saved,saved,reconstructed_from_saved_mask,MD-Experiment-0004_Position(25)_t143.png,568340.7749119999,135503.0,1428.7636233568192,0.980144378218853,0.8341381905925167,54811.164672,10.369069482705845,425.333383801279,Position(25)
49,2940,saved,saved,reconstructed_from_saved_mask,MD-Experiment-0004_Position(25)_t146.png,578551.808,137937.5,1440.8052512407303,0.9774655871879816,0.8349907207376303,54811.164672,10.555364248546066,429.13722765090694,Position(25)
50,3000,saved,saved,reconstructed_from_saved_mask,MD-Experiment-0004_Position(25)_t149.png,590094.532608,140689.5,1450.1189620494843,0.9800082892459224,0.8407449883874637,54811.164672,10.765955004591367,433.39695835588145,Position(25)
51,3060,saved,saved,reconstructed_from_saved_mask,MD-Experiment-0004_Position(25)_t152.png,600542.543872,143180.5,1463.4915453195572,0.9796282105666471,0.8400657972496164,54811.164672,10.956573308846036,437.21691274288605,Position(25)
52,3120,saved,saved,reconstructed_from_saved_mask,MD-Experiment-0004_Position(25)_t155.png,615063.2243199999,146642.5,1481.8346881866455,0.9781350782581435,0.8392091417817387,54811.164672,11.221495255586163,442.47113457166273,Position(25)
53,3180,saved,saved,reconstructed_from_saved_mask,MD-Experiment-0004_Position(25)_t158.png,624856.9241599999,148977.5,1496.4621070623398,0.9772989674490613,0.835986179209798,54811.164672,11.40017600244873,445.97997310476075,Position(25)
54,3240,saved,saved,reconstructed_from_saved_mask,MD-Experiment-0004_Position(25)_t161.png,636525.477888,151759.5,1512.462106347084,0.97873993911877,0.8336749381790721,54811.164672,11.613062442607896,450.1248187110018,Position(25)
55,3300,saved,saved,reconstructed_from_saved_mask,MD-Experiment-0004_Position(25)_t164.png,652751.142912,155628.0,1520.56261241436,0.9820350212967345,0.845841490749746,54811.164672,11.909090909090908,455.82578032254605,Position(25)
56,3360,saved,saved,reconstructed_from_saved_mask,MD-Experiment-0004_Position(25)_t167.png,664616.828928,158457.0,1543.8763189315796,0.9791238634292229,0.835403483534353,54811.164672,12.125573921028465,459.9501137861622,Position(25)
57,3420,saved,saved,reconstructed_from_saved_mask,MD-Experiment-0004_Position(25)_t170.png,674188.230656,160739.0,1552.3616038560867,0.9777281699264905,0.8381955319205542,54811.164672,12.300198959289869,463.2502336389725,Position(25)
58,3480,saved,saved,reconstructed_from_saved_mask,MD-Experiment-0004_Position(25)_t173.png,686718.713856,163726.5,1579.9768234491348,0.977696366030401,0.8241901297484657,54811.164672,12.528810835629017,467.5354057692128,Position(25)
59,3540,saved,saved,reconstructed_from_saved_mask,MD-Experiment-0004_Position(25)_t176.png,698118.832128,166444.5,1584.7463774681091,0.9783400292130406,0.8328365520343457,54811.164672,12.73679981634527,471.40017606851245,Position(25)
60,3600,saved,saved,reconstructed_from_saved_mask,MD-Experiment-0004_Position(25)_t179.png,710661.89824,169435.0,1590.1605932712555,0.9801040639307705,0.8420366941454298,54811.164672,12.965641261095808,475.61613507526323,Position(25)
61,3660,saved,saved,reconstructed_from_saved_mask,MD-Experiment-0004_Position(25)_t182.png,722173.1655679999,172179.5,1605.2316575050354,0.9819078196998038,0.8396839929061444,54811.164672,13.17565809611264,479.45266516824984,Position(25)
62,3720,saved,saved,reconstructed_from_saved_mask,MD-Experiment-0004_Position(25)_t185.png,733512.4664319999,174883.0,1613.4742980003357,0.9836713801986658,0.8441766889613789,54811.164672,13.382537496173859,483.2021002689884,Position(25)
63,3780,saved,saved,reconstructed_from_saved_mask,MD-Experiment-0004_Position(25)_t188.png,747401.904128,178194.5,1629.8590769767761,0.9825593096508278,0.842954334959906,54811.164672,13.635942760942761,487.75548693636665,Position(25)
64,3840,saved,saved,reconstructed_from_saved_mask,MD-Experiment-0004_Position(25)_t191.png,758682.484736,180884.0,1655.2732900381088,0.9792917508080278,0.8296035520478791,54811.164672,13.84175084175084,491.4225629394235,Position(25)
65,3900,saved,saved,reconstructed_from_saved_mask,MD-Experiment-0004_Position(25)_t194.png,770684.4856319999,183745.5,1668.829639673233,0.9779809189253922,0.8290916986707069,54811.164672,14.060720844811753,495.2943477419616,Position(25)
66,3960,saved,saved,reconstructed_from_saved_mask,MD-Experiment-0004_Position(25)_t197.png,783340.7979519999,186763.0,1684.7291306257248,0.9785263135834099,0.8268762819732074,54811.164672,14.291628405264769,499.3446908090852,Position(25)
67,4020,saved,saved,reconstructed_from_saved_mask,MD-Experiment-0004_Position(25)_t200.png,798631.1331839999,190408.5,1696.9717715978622,0.9792937981685349,0.8308965574911963,54811.164672,14.570592286501377,504.1945905170253,Position(25)
68,4080,saved,saved,reconstructed_from_saved_mask,MD-Experiment-0004_Position(25)_t203.png,812723.9946239999,193768.5,1709.5991916656494,0.9773922386072166,0.8331140021382323,54811.164672,14.82770890725436,508.623713788102,Position(25)
69,4140,saved,saved,reconstructed_from_saved_mask,MD-Experiment-0004_Position(25)_t206.png,826135.281664,196966.0,1716.1849781274796,0.9792482847767724,0.8403746373403487,54811.164672,15.072390572390573,512.8031079068083,Position(25)
70,4200,saved,saved,reconstructed_from_saved_mask,MD-Experiment-0004_Position(25)_t209.png,840909.717504,200488.5,1734.7118874788284,0.9805420923669834,0.8372296908631098,54811.164672,15.34194214876033,517.368221356455,Position(25)
71,4260,saved,saved,reconstructed_from_saved_mask,MD-Experiment-0004_Position(25)_t212.png,853951.905792,203598.0,1748.6702570915222,0.9824949149597901,0.8366956768599024,54811.164672,15.579889807162536,521.3648760120715,Position(25)
72,4320,saved,saved,reconstructed_from_saved_mask,MD-Experiment-0004_Position(25)_t215.png,869397.4302719999,207280.5,1765.741327404976,0.9823301375770702,0.8354378510709208,54811.164672,15.861685032139576,526.0587391901787,Position(25)
73,4380,saved,saved,reconstructed_from_saved_mask,MD-Experiment-0004_Position(25)_t218.png,885505.654784,211121.0,1779.439806342125,0.979904896948487,0.8378662464745393,54811.164672,16.155570860116317,530.9097891256085,Position(25)
74,4440,saved,saved,reconstructed_from_saved_mask,MD-Experiment-0004_Position(25)_t221.png,901582.4220159999,214954.0,1792.1261019706726,0.9823302661313725,0.8410431240398679,54811.164672,16.448882767064585,535.7075677430918,Position(25)
75,4500,saved,saved,reconstructed_from_saved_mask,MD-Experiment-0004_Position(25)_t224.png,916405.092352,218488.0,1807.2976701259613,0.9816641131514272,0.8405781094576534,54811.164672,16.71931435567799,540.0933258658279,Position(25)
76,4560,saved,saved,reconstructed_from_saved_mask,MD-Experiment-0004_Position(25)_t227.png,929709.42464,221660.0,1843.7829540967941,0.9769534882695944,0.8193653642799436,54811.164672,16.962044689317416,543.9997253134931,Position(25)
77,4620,saved,saved,reconstructed_from_saved_mask,MD-Experiment-0004_Position(25)_t230.png,945985.4213119999,225540.5,1852.5108771324158,0.9756710048471976,0.825872242232859,54811.164672,17.258991429445974,548.7408421006659,Position(25)
78,4680,saved,saved,reconstructed_from_saved_mask,MD-Experiment-0004_Position(25)_t233.png,958085.9883519999,228425.5,1872.5941375494003,0.9748671123639382,0.8185913089332122,54811.164672,17.479759718396082,552.2392976840833,Position(25)
79,4740,saved,saved,reconstructed_from_saved_mask,MD-Experiment-0004_Position(25)_t236.png,971415.486464,231603.5,1891.2804261446,0.9738400084095449,0.8136603000846366,54811.164672,17.72294918885828,556.0675794663158,Position(25)
80,4800,saved,saved,reconstructed_from_saved_mask,MD-Experiment-0004_Position(25)_t239.png,984881.299456,234814.0,1909.8662158250809,0.9729976111597995,0.8089616949435725,54811.164672,17.968625650443833,559.908433883955,Position(25)
81,4860,saved,saved,reconstructed_from_saved_mask,MD-Experiment-0004_Position(25)_t242.png,998040.9282559999,237951.5,1921.9667204618454,0.9735452657849786,0.809480859242903,54811.164672,18.20871594735231,563.6366686793294,Position(25)
82,4920,saved,saved,reconstructed_from_saved_mask,MD-Experiment-0004_Position(25)_t245.png,1016602.8206079999,242377.0,1946.7779015302658,0.972228294768763,0.8036527852032715,54811.164672,18.547367615549433,568.8538723801157,Position(25)
83,4980,saved,saved,reconstructed_from_saved_mask,MD-Experiment-0004_Position(25)_t248.png,1035724.652544,246936.0,1962.9200375080109,0.9728190107372688,0.8053581469022388,54811.164672,18.89623507805326,574.1788887350585,Position(25)
0,0,saved,saved,reconstructed_from_saved_mask,MD-Experiment-0004_Position(27)_t001.png,56581.16096,13490.0,453.84775936603546,0.9748870822041553,0.8230030076192992,56581.16096,1.0,134.2026188467436,Position(27)
1,60,saved,saved,reconstructed_from_saved_mask,MD-Experiment-0004_Position(27)_t002.png,73039.609856,17414.0,509.8721445798874,0.978589491430177,0.841755246244998,56581.16096,1.2908821349147515,152.47698154204076,Position(27)
2,120,2,0.5,auto,MD-Experiment-0004_Position(27)_t005.png,113160.224768,26979.5,638.8254615068436,0.9790612015313991,0.8307671703592849,56581.16096,1.9999629355077835,189.78940504262678,Position(27)
3,180,saved,saved,reconstructed_from_saved_mask,MD-Experiment-0004_Position(27)_t008.png,146358.14092799998,34894.5,718.2224298715591,0.9816716367523772,0.8500586989080227,56581.16096,2.5866938472942915,215.84078201503735,Position(27)
4,240,saved,saved,reconstructed_from_saved_mask,MD-Experiment-0004_Position(27)_t011.png,177517.625344,42323.5,793.8792840242386,0.9793139353271244,0.8438835096836036,56581.16096,3.1373980726464046,237.70909767795055,Position(27)
5,300,saved,saved,reconstructed_from_saved_mask,MD-Experiment-0004_Position(27)_t014.png,196983.390208,46964.5,828.8498469591141,0.9845497521042316,0.8590685970296444,56581.16096,3.4814306893995552,250.40319590054298,Position(27)
6,360,saved,saved,reconstructed_from_saved_mask,MD-Experiment-0004_Position(27)_t017.png,214412.82048,51120.0,867.0924899578094,0.9801271174254408,0.8544169585653799,56581.16096,3.789473684210526,261.24647458546565,Position(27)
7,420,saved,saved,reconstructed_from_saved_mask,MD-Experiment-0004_Position(27)_t020.png,230646.874112,54990.5,901.4772644042969,0.9819030783515463,0.8503309297250429,56581.16096,4.0763899184581165,270.95604855259796,Position(27)
8,480,saved,saved,reconstructed_from_saved_mask,MD-Experiment-0004_Position(27)_t023.png,242816.647168,57892.0,925.0336135625839,0.9793363614064469,0.8501849032233684,56581.16096,4.291475166790215,278.01248051764827,Position(27)
9,540,saved,saved,reconstructed_from_saved_mask,MD-Experiment-0004_Position(27)_t026.png,254785.09363199997,60745.5,948.447826385498,0.9792449180275015,0.8485883867652663,56581.16096,4.503002223869532,284.7816956114426,Position(27)
10,600,saved,saved,reconstructed_from_saved_mask,MD-Experiment-0004_Position(27)_t029.png,262609.567744,62611.0,963.6610286235809,0.9770755305867665,0.8472506528353521,56581.16096,4.641289844329132,289.12146516536455,Position(27)
11,660,saved,saved,reconstructed_from_saved_mask,MD-Experiment-0004_Position(27)_t032.png,271304.35993599996,64684.0,975.6610313653946,0.9804171213774706,0.8539035397774352,56581.16096,4.794959229058561,293.8687801254062,Position(27)
12,720,saved,saved,reconstructed_from_saved_mask,MD-Experiment-0004_Position(27)_t035.png,285655.171072,68105.5,1006.3889508247375,0.979463136473786,0.8450070448807939,56581.16096,5.048591549295774,301.54081811877404,Position(27)
13,780,saved,saved,reconstructed_from_saved_mask,MD-Experiment-0004_Position(27)_t038.png,295914.438656,70551.5,1020.0458056926727,0.9821326651353797,0.8520729275646278,56581.16096,5.229911045218681,306.9079524690288,Position(27)
14,840,saved,saved,reconstructed_from_saved_mask,MD-Experiment-0004_Position(27)_t041.png,305198.53056,72765.0,1037.744290113449,0.9804687763172965,0.8490860246219458,56581.16096,5.393995552260933,311.68527319399254,Position(27)
15,900,saved,saved,reconstructed_from_saved_mask,MD-Experiment-0004_Position(27)_t044.png,315457.798144,75211.0,1059.259007692337,0.9795522329743035,0.8423389739927124,56581.16096,5.57531504818384,316.88063339845473,Position(27)
16,960,saved,saved,reconstructed_from_saved_mask,MD-Experiment-0004_Position(27)_t047.png,323582.164992,77148.0,1063.2590095996857,0.9840682679184153,0.8575439611744544,56581.16096,5.7189028910303925,320.9351992376469,Position(27)
17,1020,saved,saved,reconstructed_from_saved_mask,MD-Experiment-0004_Position(27)_t050.png,331836.55526399997,79116.0,1088.8569867610931,0.976933715301788,0.8385568317227842,56581.16096,5.8647887323943655,325.00285558392403,Position(27)
18,1080,saved,saved,reconstructed_from_saved_mask,MD-Experiment-0004_Position(27)_t053.png,339830.898688,81022.0,1093.6854135990143,0.9818408759035634,0.8511928823548658,56581.16096,6.006078576723499,328.89441266630325,Position(27)
19,1140,saved,saved,reconstructed_from_saved_mask,MD-Experiment-0004_Position(27)_t056.png,335357.673472,79955.5,1105.6437859535217,0.9748649670190327,0.8219165940360886,56581.16096,5.927020014825796,326.722608452083,Position(27)
20,1200,saved,saved,reconstructed_from_saved_mask,MD-Experiment-0004_Position(27)_t059.png,333237.45279999997,79450.0,1101.5432794094086,0.9741175316634175,0.8228120347881498,56581.16096,5.889547813194959,325.6881570965458,Position(27)
21,1260,saved,saved,reconstructed_from_saved_mask,MD-Experiment-0004_Position(27)_t062.png,338855.723008,80789.5,1105.3006403446198,0.9773948075201433,0.8310055821383627,56581.16096,5.9888435878428465,328.42217742321026,Position(27)
22,1320,saved,saved,reconstructed_from_saved_mask,MD-Experiment-0004_Position(27)_t065.png,337698.095104,80513.5,1114.9574941396713,0.9754659946570389,0.8138829458715653,56581.16096,5.9683839881393626,327.8607055092714,Position(27)
23,1380,saved,saved,reconstructed_from_saved_mask,MD-Experiment-0004_Position(27)_t068.png,344473.993216,82129.0,1127.0579977035522,0.9761747698598061,0.8124822252173036,56581.16096,6.088139362490733,331.13362495201363,Position(27)
24,1440,saved,saved,reconstructed_from_saved_mask,MD-Experiment-0004_Position(27)_t071.png,355014.279168,84642.0,1150.371704697609,0.9743973476388921,0.8037470626887894,56581.16096,6.274425500370644,336.16150106100275,Position(27)
25,1500,saved,saved,reconstructed_from_saved_mask,MD-Experiment-0004_Position(27)_t074.png,361609.822208,86214.5,1156.4722101688385,0.9770234128872872,0.8100648268843329,56581.16096,6.390993328391401,339.2697766526946,Position(27)
26,1560,saved,saved,reconstructed_from_saved_mask,MD-Experiment-0004_Position(27)_t077.png,368377.33171199996,87828.0,1169.057997226715,0.9758449812226395,0.8075524572224023,56581.16096,6.510600444773906,342.4297687554854,Position(27)
27,1620,saved,saved,reconstructed_from_saved_mask,MD-Experiment-0004_Position(27)_t080.png,375620.89472,89555.0,1178.5138411521912,0.9741015489035851,0.8102710591048569,56581.16096,6.638621200889547,345.78005183436596,Position(27)
28,1680,saved,saved,reconstructed_from_saved_mask,MD-Experiment-0004_Position(27)_t083.png,382686.199808,91239.5,1199.9280545711517,0.9698282276408937,0.7963103233871639,56581.16096,6.7634914751667905,349.01690604466694,Position(27)
29,1740,saved,saved,reconstructed_from_saved_mask,MD-Experiment-0004_Position(27)_t086.png,391309.68883199996,93295.5,1201.2417627573013,0.9731053257400338,0.8124744552703491,56581.16096,6.915900667160859,352.9273898618928,Position(27)
30,1800,saved,saved,reconstructed_from_saved_mask,MD-Experiment-0004_Position(27)_t089.png,398163.181568,94929.5,1242.070189833641,0.9666659878007801,0.7732479549952741,56581.16096,7.03702742772424,356.0046025088525,Position(27)
31,1860,saved,saved,reconstructed_from_saved_mask,MD-Experiment-0004_Position(27)_t092.png,407310.958592,97110.5,1237.7270451784134,0.9683693565676963,0.7965743042083302,56581.16096,7.198702742772424,360.0709719913981,Position(27)
32,1920,saved,saved,reconstructed_from_saved_mask,MD-Experiment-0004_Position(27)_t095.png,418694.299648,99824.5,1258.212324976921,0.968751364701658,0.7923902762510039,56581.16096,7.39988880652335,365.0678496755868,Position(27)
33,1980,saved,saved,reconstructed_from_saved_mask,MD-Experiment-0004_Position(27)_t098.png,425407.2832,101425.0,1278.7392356395721,0.9650838055274062,0.7794547332719723,56581.16096,7.5185322461082285,367.98280380630234,Position(27)
34,2040,saved,saved,reconstructed_from_saved_mask,MD-Experiment-0004_Position(27)_t101.png,434630.557696,103624.0,1293.9696842432022,0.9642895362525183,0.7777177541383059,56581.16096,7.681541882876204,371.95053885188986,Position(27)
35,2100,saved,saved,reconstructed_from_saved_mask,MD-Experiment-0004_Position(27)_t104.png,447150.555136,106609.0,1303.6265386343002,0.9701781846641064,0.7883105659507069,56581.16096,7.902816901408451,377.26972090582484,Position(27)
36,2160,saved,saved,reconstructed_from_saved_mask,MD-Experiment-0004_Position(27)_t107.png,461467.81184,110022.5,1311.1828887462616,0.9719731436900924,0.8042014043393609,56581.16096,8.1558561897702,383.26200785399186,Position(27)
37,2220,saved,saved,reconstructed_from_saved_mask,MD-Experiment-0004_Position(27)_t110.png,470212.93568,112107.5,1315.5260347127914,0.9754161119956845,0.8140397968469312,56581.16096,8.310415122312824,386.8764997236804,Position(27)
39,2340,saved,saved,reconstructed_from_saved_mask,MD-Experiment-0004_Position(27)_t116.png,492182.70003199996,117345.5,1357.6681699752808,0.9747234993375613,0.7999982395978301,56581.16096,8.698702742772424,395.8113429764447,Position(27)
40,2400,saved,saved,reconstructed_from_saved_mask,MD-Experiment-0004_Position(27)_t119.png,500950.892544,119436.0,1366.3960884809494,0.9743633671483988,0.8038812403140404,56581.16096,8.853669384729429,399.32145145152043,Position(27)
41,2460,saved,saved,reconstructed_from_saved_mask,MD-Experiment-0004_Position(27)_t122.png,515079.405568,122804.5,1378.354460120201,0.9779102314488547,0.8122735535425066,56581.16096,9.103372868791697,404.9134067451517,Position(27)
42,2520,saved,saved,reconstructed_from_saved_mask,MD-Experiment-0004_Position(27)_t125.png,525474.988032,125283.0,1384.3960919380188,0.9803550258815981,0.8214502745610076,56581.16096,9.287101556708674,408.97907481055154,Position(27)
43,2580,saved,saved,reconstructed_from_saved_mask,MD-Experiment-0004_Position(27)_t128.png,536011.07968,127795.0,1417.3666533231735,0.9760633625858289,0.7993910925827225,56581.16096,9.473313565604151,413.05886477134413,Position(27)
44,2640,saved,saved,reconstructed_from_saved_mask,MD-Experiment-0004_Position(27)_t131.png,548904.3701759999,130869.0,1424.5382251739502,0.9773600546674583,0.8103981356873945,56581.16096,9.701186063750926,417.99723395796275,Position(27)
45,2700,saved,saved,reconstructed_from_saved_mask,MD-Experiment-0004_Position(27)_t134.png,559358.672896,133361.5,1445.7514283657074,0.9768713512404866,0.801776043237824,56581.16096,9.885952557449963,421.9589974220741,Position(27)
48,2880,saved,saved,reconstructed_from_saved_mask,MD-Experiment-0004_Position(27)_t143.png,596690.075648,142262.0,1492.621486067772,0.97628965734952,0.8024156605527303,56581.16096,10.545737583395107,435.81228764975447,Position(27)
49,2940,saved,saved,reconstructed_from_saved_mask,MD-Experiment-0004_Position(27)_t146.png,609279.279104,145263.5,1499.0062625408173,0.9778136033037268,0.8123804685377106,56581.16096,10.768235730170495,440.38576042571617,Position(27)
50,3000,saved,saved,reconstructed_from_saved_mask,MD-Experiment-0004_Position(27)_t149.png,622854.144,148500.0,1537.5920494794846,0.9769768979503222,0.7893217467178917,56581.16096,11.00815418828762,445.2646759914179,Position(27)
51,3060,saved,saved,reconstructed_from_saved_mask,MD-Experiment-0004_Position(27)_t152.png,634178.7648,151200.0,1536.2194633483887,0.9779666443519516,0.8051098293667351,56581.16096,11.208302446256486,449.2943027055484,Position(27)
52,3120,saved,saved,reconstructed_from_saved_mask,MD-Experiment-0004_Position(27)_t155.png,649542.500352,154863.0,1543.7930586338043,0.9796557417493785,0.8165435722078742,56581.16096,11.479836916234248,454.7040788893145,Position(27)
53,3180,saved,saved,reconstructed_from_saved_mask,MD-Experiment-0004_Position(27)_t158.png,663882.825728,158282.0,1570.0773272514343,0.9792042364833724,0.8068620863058391,56581.16096,11.733283914010379,459.69605903994113,Position(27)
55,3300,saved,saved,reconstructed_from_saved_mask,MD-Experiment-0004_Position(27)_t164.png,685038.895104,163326.0,1607.0478917360306,0.9748652536454634,0.7947079382717361,56581.16096,12.107190511489993,466.9632241751206,Position(27)
62,3720,saved,saved,reconstructed_from_saved_mask,MD-Experiment-0004_Position(27)_t185.png,781524.66432,186330.0,1714.2194638252258,0.9779023357239012,0.7968192255580427,56581.16096,13.812453669384729,498.76550296659894,Position(27)
69,4140,saved,saved,reconstructed_from_saved_mask,MD-Experiment-0004_Position(27)_t206.png,887997.07136,211715.0,1823.4986861944199,0.9795611488323135,0.8001116304709667,56581.16096,15.694217939214232,531.6561357834038,Position(27)
0,0,saved,saved,reconstructed_from_saved_mask,MD-Experiment-0004_Position(28)_t001.png,99925.09849599999,23824.0,603.1269772052765,0.9814616462058169,0.823013645030719,99925.09849599999,1.0,178.3455823090828,Position(28)
1,60,saved,saved,reconstructed_from_saved_mask,MD-Experiment-0004_Position(28)_t002.png,119365.69753599999,28459.0,650.2396757602692,0.9845701435737761,0.8458289955172154,99925.09849599999,1.1945517125587644,194.9237840719622,Position(28)
2,120,saved,saved,reconstructed_from_saved_mask,MD-Experiment-0004_Position(28)_t005.png,167579.22201599999,39954.0,769.0092269182205,0.9841977559089061,0.8489987052122323,99925.09849599999,1.677048354600403,230.95913726605653,Position(28)
3,180,saved,saved,reconstructed_from_saved_mask,MD-Experiment-0004_Position(28)_t008.png,194666.03724799998,46412.0,831.2934995889664,0.9818801104329522,0.8439784908969156,99925.09849599999,1.9481195433176628,248.9259411155463,Position(28)
4,240,saved,saved,reconstructed_from_saved_mask,MD-Experiment-0004_Position(28)_t011.png,217403.359232,51833.0,884.5483323335648,0.9758728784042022,0.8324785913478007,99925.09849599999,2.17566319677636,263.0620431250234,Position(28)
5,300,saved,saved,reconstructed_from_saved_mask,MD-Experiment-0004_Position(28)_t014.png,233815.670784,55746.0,918.2051870822906,0.975731851398066,0.8308910688536039,99925.09849599999,2.3399093351242444,272.81099603066167,Position(28)
6,360,saved,saved,reconstructed_from_saved_mask,MD-Experiment-0004_Position(28)_t017.png,248260.85376,59190.0,952.48945581913,0.9777814487486578,0.8198565121546563,99925.09849599999,2.484469442578912,281.1118711549484,Position(28)
7,420,saved,saved,reconstructed_from_saved_mask,MD-Experiment-0004_Position(28)_t020.png,259698.720768,61917.0,966.2884471416473,0.9789713346087562,0.8333092361055763,99925.09849599999,2.598933848220282,287.51464353966065,Position(28)
8,480,saved,saved,reconstructed_from_saved_mask,MD-Experiment-0004_Position(28)_t023.png,274364.104704,65413.5,992.3889520168304,0.9750475125768586,0.8346673195694452,99925.09849599999,2.7456976158495636,295.52124617571553,Position(28)
9,540,saved,saved,reconstructed_from_saved_mask,MD-Experiment-0004_Position(28)_t026.png,285988.61824,68185.0,1014.0874372720718,0.9734664886820333,0.8331973953265337,99925.09849599999,2.8620298858294158,301.71676208297407,Position(28)
10,600,saved,saved,reconstructed_from_saved_mask,MD-Experiment-0004_Position(28)_t029.png,297369.862144,70898.5,1034.3889509439468,0.976200311179038,0.8326819779554854,99925.09849599999,2.975927635997314,307.6617736631351,Position(28)
11,660,saved,saved,reconstructed_from_saved_mask,MD-Experiment-0004_Position(28)_t032.png,308086.30886399996,73453.5,1044.1879436969757,0.9756659648936382,0.8465741620924647,99925.09849599999,3.0831724311618536,313.15637932075407,Position(28)
12,720,saved,saved,reconstructed_from_saved_mask,MD-Experiment-0004_Position(28)_t035.png,320736.329728,76469.5,1066.9574925899506,0.9794991674138593,0.8441193959065275,99925.09849599999,3.209767461383479,319.5208046602387,Position(28)
13,780,saved,saved,reconstructed_from_saved_mask,MD-Experiment-0004_Position(28)_t038.png,332801.245184,79346.0,1086.714851975441,0.9797132943980047,0.8443134289901051,99925.09849599999,3.330507051712559,325.47492449702304,Position(28)
14,840,saved,saved,reconstructed_from_saved_mask,MD-Experiment-0004_Position(28)_t041.png,344706.777088,82184.5,1110.6143478155136,0.9772525937156277,0.8372848283673,99925.09849599999,3.4496516118200136,331.2454905076635,Position(28)
15,900,saved,saved,reconstructed_from_saved_mask,MD-Experiment-0004_Position(28)_t044.png,352478.8224,84037.5,1124.413335800171,0.9786937938905517,0.8352779419415465,99925.09849599999,3.527430322364003,334.9589435144859,Position(28)
16,960,saved,saved,reconstructed_from_saved_mask,MD-Experiment-0004_Position(28)_t047.png,360905.179136,86046.5,1142.2712016105652,0.9731950484355296,0.8287138906201531,99925.09849599999,3.611757051712559,338.939060147869,Position(28)
17,1020,saved,saved,reconstructed_from_saved_mask,MD-Experiment-0004_Position(28)_t050.png,368320.70860799996,87814.5,1151.5849095582962,0.9762861669307096,0.8321165627622792,99925.09849599999,3.6859679314976495,342.40345038586514,Position(28)
18,1080,saved,saved,reconstructed_from_saved_mask,MD-Experiment-0004_Position(28)_t053.png,377074.221056,89901.5,1165.4427748918533,0.9755519263844956,0.8317539927606693,99925.09849599999,3.773568670248489,346.4483401420432,Position(28)
19,1140,saved,saved,reconstructed_from_saved_mask,MD-Experiment-0004_Position(28)_t056.png,385951.465472,92018.0,1180.8569856882095,0.9736684778295672,0.8292549020047234,99925.09849599999,3.862407656145064,350.5027347209427,Position(28)
20,1200,saved,saved,reconstructed_from_saved_mask,MD-Experiment-0004_Position(28)_t059.png,392477.80249599996,93574.0,1189.8275490999222,0.9760967188404588,0.8306097372577322,99925.09849599999,3.927719946272666,353.4537659187776,Position(28)
21,1260,saved,saved,reconstructed_from_saved_mask,MD-Experiment-0004_Position(28)_t062.png,399991.89811199997,95365.5,1211.0407520532608,0.970127769526561,0.8171158578212547,99925.09849599999,4.002917226326393,356.82120951881365,Position(28)
22,1320,saved,saved,reconstructed_from_saved_mask,MD-Experiment-0004_Position(28)_t065.png,407497.60511999996,97155.0,1212.2539570331573,0.9724933185189634,0.8307833790678602,99925.09849599999,4.078030557421088,360.15346216011096,Position(28)
23,1380,saved,saved,reconstructed_from_saved_mask,MD-Experiment-0004_Position(28)_t068.png,415932.35046399996,99166.0,1226.7392348051071,0.9723968190153067,0.8280720929973245,99925.09849599999,4.162441235728677,363.86175827689334,Position(28)
24,1440,saved,saved,reconstructed_from_saved_mask,MD-Experiment-0004_Position(28)_t071.png,421793.890304,100563.5,1233.3250225782394,0.9715388442606717,0.8307974566896036,99925.09849599999,4.221100570852922,366.41665521054654,Position(28)
25,1500,saved,saved,reconstructed_from_saved_mask,MD-Experiment-0004_Position(28)_t074.png,431983.951872,102993.0,1251.910810470581,0.9746710261712226,0.8257922319657268,99925.09849599999,4.323077568838147,370.8163461251411,Position(28)
26,1560,saved,saved,reconstructed_from_saved_mask,MD-Experiment-0004_Position(28)_t077.png,438569.00915199996,104563.0,1262.7392375469208,0.9729913321019303,0.8240632518602181,99925.09849599999,4.388977501678979,373.6319731860631,Position(28)
27,1620,saved,saved,reconstructed_from_saved_mask,MD-Experiment-0004_Position(28)_t080.png,449249.804288,107109.5,1274.638731122017,0.9751189202722079,0.8284449108316719,99925.09849599999,4.4958655137676296,378.1542728450963,Position(28)
28,1680,saved,saved,reconstructed_from_saved_mask,MD-Experiment-0004_Position(28)_t083.png,457948.79078399995,109183.5,1275.6681702136993,0.978846722788521,0.843123971538437,99925.09849599999,4.5829205842847545,381.79788825039304,Position(28)
29,1740,saved,saved,reconstructed_from_saved_mask,MD-Experiment-0004_Position(28)_t086.png,466943.475712,111328.0,1310.8813737630844,0.975107296137339,0.8141182414149751,99925.09849599999,4.6729348556077905,385.5291488437033,Position(28)
30,1800,saved,saved,reconstructed_from_saved_mask,MD-Experiment-0004_Position(28)_t089.png,478219.86201599997,114016.5,1305.467158794403,0.9780863164938106,0.8407089433998236,99925.09849599999,4.785783243787777,390.15651968042397,Position(28)
31,1860,saved,saved,reconstructed_from_saved_mask,MD-Experiment-0004_Position(28)_t092.png,488443.47801599995,116454.0,1329.3666546344757,0.9756616593637681,0.8280846087392818,99925.09849599999,4.888096037609134,394.30494277207305,Position(28)
32,1920,saved,saved,reconstructed_from_saved_mask,MD-Experiment-0004_Position(28)_t095.png,499942.162432,119195.5,1344.579857468605,0.9756727443878281,0.8285076479950565,99925.09849599999,5.003169073203493,398.9192058828556,Position(28)
33,1980,saved,saved,reconstructed_from_saved_mask,MD-Experiment-0004_Position(28)_t098.png,506952.94156799995,120867.0,1361.5087879896164,0.972839188193961,0.8193636799720779,99925.09849599999,5.073329415715245,401.70652612454273,Position(28)
34,2040,saved,saved,reconstructed_from_saved_mask,MD-Experiment-0004_Position(28)_t101.png,515276.53785599995,122851.5,1437.2072734832764,0.9708319339352391,0.7473972829014879,99925.09849599999,5.156627770315648,404.9908839938512,Position(28)
35,2100,saved,saved,reconstructed_from_saved_mask,MD-Experiment-0004_Position(28)_t104.png,524145.393664,124966.0,1395.3666543960571,0.9741696841662152,0.8065384055136292,99925.09849599999,5.24538280725319,408.4613330548511,Position(28)
36,2160,saved,saved,reconstructed_from_saved_mask,MD-Experiment-0004_Position(28)_t107.png,536902.36928,128007.5,1391.6092964410782,0.9758826264951856,0.8306357849991248,99925.09849599999,5.373048186702485,413.4021432664862,Position(28)
37,2220,saved,saved,reconstructed_from_saved_mask,MD-Experiment-0004_Position(28)_t110.png,545364.3776,130025.0,1390.5382279157639,0.9788975216068901,0.8450275358100504,99925.09849599999,5.457731699126931,416.6471804327372,Position(28)
38,2280,saved,saved,reconstructed_from_saved_mask,MD-Experiment-0004_Position(28)_t113.png,553897.689088,132059.5,1416.4377211332321,0.9782112725090926,0.8271505155835295,99925.09849599999,5.543128777703156,419.8941656787648,Position(28)
39,2340,saved,saved,reconstructed_from_saved_mask,MD-Experiment-0004_Position(28)_t116.png,566333.800448,135024.5,1428.2367109060287,0.9789456131256412,0.8318060179907021,99925.09849599999,5.667583109469443,424.5817324881471,Position(28)
40,2400,saved,saved,reconstructed_from_saved_mask,MD-Experiment-0004_Position(28)_t119.png,576161.05472,137367.5,1439.4082849025726,0.9788681208268903,0.8331551100378851,99925.09849599999,5.7659293149764945,428.24964652811565,Position(28)
41,2460,saved,saved,reconstructed_from_saved_mask,MD-Experiment-0004_Position(28)_t122.png,587798.151168,140142.0,1458.1950796842575,0.9791683406288975,0.8282222969769789,99925.09849599999,5.8823875083948955,432.55284370505376,Position(28)
42,2520,saved,saved,reconstructed_from_saved_mask,MD-Experiment-0004_Position(28)_t125.png,598546.0551679999,142704.5,1461.893567442894,0.9799484290074816,0.8391044455511233,99925.09849599999,5.989947112155809,436.4895493551741,Position(28)
43,2580,saved,saved,reconstructed_from_saved_mask,MD-Experiment-0004_Position(28)_t128.png,610149.597184,145471.0,1485.9940721988678,0.9776572544196566,0.8278509173161129,99925.09849599999,6.106069509738079,440.70018020727514,Position(28)
44,2640,saved,saved,reconstructed_from_saved_mask,MD-Experiment-0004_Position(28)_t131.png,621373.554688,148147.0,1493.3077783584595,0.9799507864900978,0.8348415791025765,99925.09849599999,6.2183932169241105,444.7351408089479,Position(28)
45,2700,saved,saved,reconstructed_from_saved_mask,MD-Experiment-0004_Position(28)_t134.png,629174.960128,150007.0,1512.4204783439636,0.9754649499284692,0.8240931257125587,99925.09849599999,6.2964657488247155,447.51827889823085,Position(28)
46,2760,saved,saved,reconstructed_from_saved_mask,MD-Experiment-0004_Position(28)_t137.png,644547.084288,153672.0,1519.7930566072464,0.9774204627851064,0.836056630491678,99925.09849599999,6.450302216252519,452.95221496291134,Position(28)
47,2820,saved,saved,reconstructed_from_saved_mask,MD-Experiment-0004_Position(28)_t140.png,654827.3233919999,156123.0,1539.1067694425583,0.9775007591576325,0.8282076835455173,99925.09849599999,6.553181665547347,456.55011858386786,Position(28)
48,2880,saved,saved,reconstructed_from_saved_mask,MD-Experiment-0004_Position(28)_t143.png,664889.458688,158522.0,1557.2489041090012,0.9759704478990303,0.8214541711118507,99925.09849599999,6.653878441907321,460.0444412442992,Position(28)
49,2940,saved,saved,reconstructed_from_saved_mask,MD-Experiment-0004_Position(28)_t146.png,671629.705216,160129.0,1583.592049241066,0.9717037234817224,0.8024042684653914,99925.09849599999,6.721331430490262,462.3703872708089,Position(28)
50,3000,saved,saved,reconstructed_from_saved_mask,MD-Experiment-0004_Position(28)_t149.png,687389.802496,163886.5,1592.1189613342285,0.9732699873802985,0.8124600500747703,99925.09849599999,6.879050537273338,467.7637970134073,Position(28)
51,3060,saved,saved,reconstructed_from_saved_mask,MD-Experiment-0004_Position(28)_t152.png,699825.9138559999,166851.5,1596.2610963582993,0.9753262505662804,0.8228716893625483,99925.09849599999,7.003504869039624,471.9761720552963,Position(28)
52,3120,saved,saved,reconstructed_from_saved_mask,MD-Experiment-0004_Position(28)_t155.png,708482.957312,168915.5,1613.0895221233368,0.9758965840976385,0.8157600381905034,99925.09849599999,7.090140194761585,474.88643853571784,Position(28)
53,3180,saved,saved,reconstructed_from_saved_mask,MD-Experiment-0004_Position(28)_t158.png,722653.413376,172294.0,1624.018455505371,0.9770473768228125,0.8209148221028719,99925.09849599999,7.231950973807925,479.6120575653227,Position(28)
54,3240,saved,saved,reconstructed_from_saved_mask,MD-Experiment-0004_Position(28)_t161.png,735991.300096,175474.0,1627.1900306940079,0.9800662410705808,0.8328103052895676,99925.09849599999,7.365429818670249,484.01787876670204,Position(28)
55,3300,saved,saved,reconstructed_from_saved_mask,MD-Experiment-0004_Position(28)_t164.png,749352.255488,178659.5,1645.5748049020767,0.9809368505722513,0.8290881723056783,99925.09849599999,7.499139523169913,488.3914732629473,Position(28)
56,3360,saved,saved,reconstructed_from_saved_mask,MD-Experiment-0004_Position(28)_t167.png,762084.06528,181695.0,1667.3321635723114,0.9812520083276403,0.8213127868681881,99925.09849599999,7.626553055742109,492.5229863486143,Position(28)
57,3420,saved,saved,reconstructed_from_saved_mask,MD-Experiment-0004_Position(28)_t170.png,773287.051264,184366.0,1677.9595798254013,0.9820204909410013,0.8228633272910203,99925.09849599999,7.738666890530558,496.12993587894186,Position(28)
58,3480,saved,saved,reconstructed_from_saved_mask,MD-Experiment-0004_Position(28)_t173.png,789286.223872,188180.5,1684.0600862503052,0.9810648419680678,0.8338142567833053,99925.09849599999,7.898778542646072,501.236080192887,Position(28)
59,3540,saved,saved,reconstructed_from_saved_mask,MD-Experiment-0004_Position(28)_t176.png,802429.0754559999,191314.0,1696.9890167713165,0.9820114619504822,0.8348309723576126,99925.09849599999,8.03030557421088,505.3920336520588,Position(28)
60,3600,saved,saved,reconstructed_from_saved_mask,MD-Experiment-0004_Position(28)_t179.png,815701.950464,194478.5,1720.7463755607605,0.979893585396208,0.8253682019063853,99925.09849599999,8.1631338146407,509.5547026689989,Position(28)
61,3660,saved,saved,reconstructed_from_saved_mask,MD-Experiment-0004_Position(28)_t182.png,828408.594432,197508.0,1732.9890166521072,0.9802202056145731,0.8264240263742614,99925.09849599999,8.290295500335796,513.508174625608,Position(28)
62,3720,saved,saved,reconstructed_from_saved_mask,MD-Experiment-0004_Position(28)_t185.png,837814.321152,199750.5,1734.486489892006,0.9819971732317335,0.8343646508597118,99925.09849599999,8.384423270651444,516.415124884083,Position(28)
63,3780,saved,saved,reconstructed_from_saved_mask,MD-Experiment-0004_Position(28)_t188.png,851640.8442879999,203047.0,1756.8712680339813,0.9818876409927826,0.8266593084373322,99925.09849599999,8.522792142377435,520.6589096661851,Position(28)
64,3840,saved,saved,reconstructed_from_saved_mask,MD-Experiment-0004_Position(28)_t191.png,864634.79808,206145.0,1762.3859841823578,0.9813437809429507,0.8340279575772946,99925.09849599999,8.65282907991941,524.6158634347513,Position(28)
65,3900,saved,saved,reconstructed_from_saved_mask,MD-Experiment-0004_Position(28)_t194.png,877771.358208,209277.0,1772.3859856128693,0.980562303942125,0.8371721075561496,99925.09849599999,8.784293149764943,528.5861340657545,Position(28)
66,3960,saved,saved,reconstructed_from_saved_mask,MD-Experiment-0004_Position(28)_t197.png,890970.832896,212424.0,1783.6996927261353,0.9810871101381403,0.8390154756721728,99925.09849599999,8.916386836803225,532.5456078235957,Position(28)
67,4020,saved,saved,reconstructed_from_saved_mask,MD-Experiment-0004_Position(28)_t200.png,902828.130304,215251.0,1808.1849740743637,0.9773385639432988,0.8273120116711441,99925.09849599999,9.03504869039624,536.0775311469329,Position(28)
68,4080,saved,saved,reconstructed_from_saved_mask,MD-Experiment-0004_Position(28)_t203.png,915511.7056,218275.0,1818.8712674379349,0.9780309887175259,0.8291057669122561,99925.09849599999,9.161979516453997,539.829998063709,Position(28)
69,4140,saved,saved,reconstructed_from_saved_mask,MD-Experiment-0004_Position(28)_t206.png,931638.8044799999,222120.0,1835.356549859047,0.9785690212327274,0.8286223378948754,99925.09849599999,9.323371390194762,544.5639005832388,Position(28)
70,4200,saved,saved,reconstructed_from_saved_mask,MD-Experiment-0004_Position(28)_t209.png,945794.58048,225495.0,1846.6702558994293,0.9768771728417792,0.830936951453277,99925.09849599999,9.465035258562795,548.6854884775383,Position(28)
71,4260,saved,saved,reconstructed_from_saved_mask,MD-Experiment-0004_Position(28)_t212.png,959329.5994879999,228722.0,1863.8418301343918,0.9772753006424102,0.8273698584201701,99925.09849599999,9.600486903962391,552.5975892326773,Position(28)
72,4320,saved,saved,reconstructed_from_saved_mask,MD-Experiment-0004_Position(28)_t215.png,975223.9144959999,232511.5,1875.0550309419632,0.9787567667685365,0.8310482996461578,99925.09849599999,9.759549194089994,557.1565428377671,Position(28)
73,4380,saved,saved,reconstructed_from_saved_mask,MD-Experiment-0004_Position(28)_t218.png,990105.3050879999,236059.5,1875.0550352334976,0.9821734680291582,0.8437296443071511,99925.09849599999,9.908474647414373,561.3914026528448,Position(28)
74,4440,saved,saved,reconstructed_from_saved_mask,MD-Experiment-0004_Position(28)_t221.png,1002818.2405119999,239090.5,1894.368742465973,0.9813692512606232,0.8372268465296094,99925.09849599999,10.035699294828744,564.9840351730338,Position(28)
75,4500,saved,saved,reconstructed_from_saved_mask,MD-Experiment-0004_Position(28)_t224.png,1019276.689408,243014.5,1907.1971718072891,0.9799386667580684,0.8395583076709041,99925.09849599999,10.20040715245131,569.6014808576707,Position(28)
76,4560,saved,saved,reconstructed_from_saved_mask,MD-Experiment-0004_Position(28)_t227.png,1034724.31104,246697.5,1921.1971687078476,0.9813318323484778,0.8399061021993703,99925.09849599999,10.35499916051041,573.9015400560828,Position(28)
77,4620,saved,saved,reconstructed_from_saved_mask,MD-Experiment-0004_Position(28)_t230.png,1050090.143744,250361.0,1939.782954454422,0.9799190971128198,0.8361231810031271,99925.09849599999,10.50877266621894,578.1471042372115,Position(28)
78,4680,saved,saved,reconstructed_from_saved_mask,MD-Experiment-0004_Position(28)_t233.png,1063021.182976,253444.0,1958.410373210907,0.9776498815760035,0.8303945241004472,99925.09849599999,10.638179986568167,581.6959272369448,Position(28)
79,4740,saved,saved,reconstructed_from_saved_mask,MD-Experiment-0004_Position(28)_t236.png,1076247.92064,256597.5,1975.623574256897,0.9778402324584385,0.8261404469314992,99925.09849599999,10.770546507723305,585.3036418171852,Position(28)
80,4800,saved,saved,reconstructed_from_saved_mask,MD-Experiment-0004_Position(28)_t239.png,1087031.4762239999,259168.5,2005.9078458547592,0.9782065919963766,0.8094129062962803,99925.09849599999,10.878462894560107,588.2285826743371,Position(28)
81,4860,saved,saved,reconstructed_from_saved_mask,MD-Experiment-0004_Position(28)_t242.png,1109963.833344,264636.0,1993.0377889871597,0.9806545330573841,0.8371971111882364,99925.09849599999,11.107958361316319,594.4009265301095,Position(28)
82,4920,saved,saved,reconstructed_from_saved_mask,MD-Experiment-0004_Position(28)_t245.png,1126260.8015359999,268521.5,2007.138293147087,0.9811083261476404,0.8375954995488178,99925.09849599999,11.271050201477502,598.7486513973864,Position(28)
83,4980,saved,saved,reconstructed_from_saved_mask,MD-Experiment-0004_Position(28)_t248.png,1140567.5724799999,271932.5,2011.7657128572464,0.9830170570490239,0.8443376886347533,99925.09849599999,11.414225151108125,602.5395706350174,Position(28)
0,0,saved,saved,reconstructed_from_saved_mask,MD-Experiment-0004_Position(29)_t001.png,106952.65484799999,25499.5,642.114785194397,0.9609036439687982,0.7771702881087057,106952.65484799999,1.0,184.51039914249043,Position(29)
1,60,saved,saved,reconstructed_from_saved_mask,MD-Experiment-0004_Position(29)_t002.png,125069.950976,29819.0,688.9848417043686,0.9615310202502257,0.7893754305073905,106952.65484799999,1.1693954783427127,199.52694519834367,Position(29)
2,120,saved,saved,reconstructed_from_saved_mask,MD-Experiment-0004_Position(29)_t005.png,159492.603904,38026.0,774.4406856298447,0.9712030852925025,0.7967355329325531,106952.65484799999,1.4912449263711054,225.31771478478706,Position(29)
3,180,saved,saved,reconstructed_from_saved_mask,MD-Experiment-0004_Position(29)_t008.png,184769.57696,44052.5,826.4234409332275,0.9703300697144241,0.8105413391291516,106952.65484799999,1.7275828937822313,242.51594383125567,Position(29)
4,240,saved,saved,reconstructed_from_saved_mask,MD-Experiment-0004_Position(29)_t011.png,208662.42969599998,49749.0,868.9503538608551,0.9757767142632983,0.8279503434897244,106952.65484799999,1.9509794309692345,257.71944871772286,Position(29)
5,300,saved,saved,reconstructed_from_saved_mask,MD-Experiment-0004_Position(29)_t014.png,230049.185792,54848.0,916.8914774656296,0.9727582292849035,0.8198507305491163,106952.65484799999,2.150944136159533,270.6047489349092,Position(29)
6,360,saved,saved,reconstructed_from_saved_mask,MD-Experiment-0004_Position(29)_t017.png,251461.107712,59953.0,951.3767585754395,0.9780979027824228,0.8323686376334006,106952.65484799999,2.3511441400811783,282.9179325802036,Position(29)
7,420,saved,saved,reconstructed_from_saved_mask,MD-Experiment-0004_Position(29)_t020.png,268485.787648,64012.0,979.6610295772552,0.9810719266786212,0.8381458439177796,106952.65484799999,2.5103237318378793,292.33829805244517,Position(29)
8,480,saved,saved,reconstructed_from_saved_mask,MD-Experiment-0004_Position(29)_t023.png,282301.82502399996,67306.0,1004.4894559383392,0.9804081513743427,0.8382486844197704,106952.65484799999,2.639502735347752,299.7656781435557,Position(29)
9,540,saved,saved,reconstructed_from_saved_mask,MD-Experiment-0004_Position(29)_t026.png,296891.711488,70784.5,1028.874230980873,0.9827495244838741,0.840278888959736,106952.65484799999,2.775917174846566,307.41432447538307,Position(29)
10,600,saved,saved,reconstructed_from_saved_mask,MD-Experiment-0004_Position(29)_t029.png,311890.542592,74360.5,1056.673222064972,0.9817280462607846,0.8368945925627471,106952.65484799999,2.916155218729779,315.0838667946365,Position(29)
11,660,saved,saved,reconstructed_from_saved_mask,MD-Experiment-0004_Position(29)_t032.png,325322.801152,77563.0,1082.7737267017365,0.9806804819764575,0.8313598452004916,106952.65484799999,3.0417459165865997,321.79724021141806,Position(29)
12,720,saved,saved,reconstructed_from_saved_mask,MD-Experiment-0004_Position(29)_t035.png,343534.46911999997,81905.0,1119.9452996253967,0.9781336581637528,0.820590823305754,106952.65484799999,3.212023765171866,330.6817469498372,Position(29)
13,780,saved,saved,reconstructed_from_saved_mask,MD-Experiment-0004_Position(29)_t038.png,353762.279424,84343.5,1131.5016499757767,0.9752328424996097,0.8278489452769555,106952.65484799999,3.3076530912370834,335.5682209321553,Position(29)
14,840,saved,saved,reconstructed_from_saved_mask,MD-Experiment-0004_Position(29)_t041.png,365745.405952,87200.5,1148.9574913978577,0.97700904736562,0.8300818478473981,106952.65484799999,3.4196945038138007,341.20430615809266,Position(29)
15,900,saved,saved,reconstructed_from_saved_mask,MD-Experiment-0004_Position(29)_t044.png,377237.79891199997,89940.5,1173.0996289253235,0.9748749437721186,0.821287790967283,106952.65484799999,3.527147591129238,346.5234780442769,Position(29)
16,960,saved,saved,reconstructed_from_saved_mask,MD-Experiment-0004_Position(29)_t047.png,387796.959232,92458.0,1184.5138437747955,0.9764335010745647,0.8280833970097263,106952.65484799999,3.6258750171571994,351.33973011254795,Position(29)
17,1020,saved,saved,reconstructed_from_saved_mask,MD-Experiment-0004_Position(29)_t050.png,396621.774848,94562.0,1204.0285602807999,0.9749262841000474,0.8196962259452563,106952.65484799999,3.7083864389497836,355.31483505460324,Position(29)
18,1080,saved,saved,reconstructed_from_saved_mask,MD-Experiment-0004_Position(29)_t053.png,405121.531904,96588.5,1236.756482720375,0.9691607633802252,0.7935364762989087,106952.65484799999,3.7878585854624602,359.1019196703983,Position(29)
19,1140,saved,saved,reconstructed_from_saved_mask,MD-Experiment-0004_Position(29)_t056.png,417289.207808,99489.5,1235.8691812753677,0.972417567917585,0.8185441470143803,106952.65484799999,3.90162552206906,364.4547711899086,Position(29)
20,1200,saved,saved,reconstructed_from_saved_mask,MD-Experiment-0004_Position(29)_t059.png,428739.65772799996,102219.5,1261.3250247240067,0.9720517124150687,0.8074015742668006,106952.65484799999,4.008686444832252,369.42126583871294,Position(29)
21,1260,saved,saved,reconstructed_from_saved_mask,MD-Experiment-0004_Position(29)_t062.png,440510.971904,105026.0,1254.4549667835236,0.9796973018353117,0.8386804869128603,106952.65484799999,4.118747426420126,374.4582718133935,Position(29)
22,1320,saved,saved,reconstructed_from_saved_mask,MD-Experiment-0004_Position(29)_t065.png,450048.81919999997,107300.0,1266.7981126308441,0.9796268653309779,0.8402233967459208,106952.65484799999,4.207925645600894,378.4904072981261,Position(29)
23,1380,saved,saved,reconstructed_from_saved_mask,MD-Experiment-0004_Position(29)_t068.png,461165.82195199997,109950.5,1276.8397451639175,0.9794839359129114,0.8474894235258416,106952.65484799999,4.311868860173729,383.13658177912924,Position(29)
24,1440,saved,saved,reconstructed_from_saved_mask,MD-Experiment-0004_Position(29)_t071.png,472888.901632,112745.5,1288.6976087093353,0.9806386800207008,0.8531139345460603,106952.65484799999,4.42147885252652,387.97578849209094,Position(29)
25,1500,saved,saved,reconstructed_from_saved_mask,MD-Experiment-0004_Position(29)_t074.png,485935.284224,115856.0,1298.5971003770828,0.9829467361240731,0.8633353752730927,106952.65484799999,4.543461636502677,393.2912470600247,Position(29)
26,1560,saved,saved,reconstructed_from_saved_mask,MD-Experiment-0004_Position(29)_t077.png,497274.585088,118559.5,1311.6681718826294,0.981497501955801,0.8659608586813011,106952.65484799999,4.649483323202416,397.85351146050357,Position(29)
27,1620,saved,saved,reconstructed_from_saved_mask,MD-Experiment-0004_Position(29)_t080.png,507619.835904,121026.0,1327.9108097553253,0.9822422776632526,0.8624833726015391,106952.65484799999,4.746210710013922,401.97066085877054,Position(29)
28,1680,saved,saved,reconstructed_from_saved_mask,MD-Experiment-0004_Position(29)_t083.png,516178.313216,123066.5,1346.9818770885468,0.9793375934045822,0.8523661776981952,106952.65484799999,4.826231886899743,405.34511237996446,Position(29)
29,1740,saved,saved,reconstructed_from_saved_mask,MD-Experiment-0004_Position(29)_t086.png,527628.763136,125796.5,1368.2367124557495,0.9802120994888418,0.8444150081867056,106952.65484799999,4.933292809662936,409.81636319346063,Position(29)
30,1800,saved,saved,reconstructed_from_saved_mask,MD-Experiment-0004_Position(29)_t089.png,537760.104448,128212.0,1370.4793527126312,0.9800304988744463,0.857814819884728,106952.65484799999,5.028020157257986,413.7322293960506,Position(29)
31,1860,saved,saved,reconstructed_from_saved_mask,MD-Experiment-0004_Position(29)_t092.png,547402.809344,130511.0,1381.9940692186356,0.9831596313273796,0.8587062478490745,106952.65484799999,5.118178787819369,417.4251141689679,Position(29)
32,1920,saved,saved,reconstructed_from_saved_mask,MD-Experiment-0004_Position(29)_t095.png,558213.627904,133088.5,1393.550419807434,0.9852495909861491,0.8612019834331341,106952.65484799999,5.219259201160807,421.5268868819202,Position(29)
33,1980,saved,saved,reconstructed_from_saved_mask,MD-Experiment-0004_Position(29)_t098.png,571417.2968959999,136236.5,1421.4915467500687,0.980489033627809,0.8472562457700207,106952.65484799999,5.342712602207886,426.48302983637586,Position(29)
34,2040,saved,saved,reconstructed_from_saved_mask,MD-Experiment-0004_Position(29)_t101.png,582383.304704,138851.0,1430.4204748868942,0.983158617710889,0.8527690698752486,106952.65484799999,5.445244024392636,430.55587725133904,Position(29)
35,2100,saved,saved,reconstructed_from_saved_mask,MD-Experiment-0004_Position(29)_t104.png,593074.5856,141400.0,1449.9351975917816,0.9786110505534966,0.8452050597663143,106952.65484799999,5.545206768760172,434.48993525838415,Position(29)
36,2160,saved,saved,reconstructed_from_saved_mask,MD-Experiment-0004_Position(29)_t107.png,603195.441152,143813.0,1467.2489029169083,0.9813103881216224,0.8394608042453675,106952.65484799999,5.639836075217161,438.18155166514543,Position(29)
37,2220,saved,saved,reconstructed_from_saved_mask,MD-Experiment-0004_Position(29)_t110.png,618758.406144,147523.5,1492.2610969543457,0.9770447613906927,0.8324946232147805,106952.65484799999,5.785348732328085,443.7982850743797,Position(29)
38,2280,saved,saved,reconstructed_from_saved_mask,MD-Experiment-0004_Position(29)_t113.png,631582.490624,150581.0,1520.0184544324875,0.9762265961309061,0.8189970162142749,106952.65484799999,5.905253044177337,448.37367307436824,Position(29)
39,2340,saved,saved,reconstructed_from_saved_mask,MD-Experiment-0004_Position(29)_t116.png,644326.883328,153619.5,1506.663117647171,0.9822658303120984,0.8504012640895618,106952.65484799999,6.024412243377322,452.8748357960423,Position(29)
40,2400,saved,saved,reconstructed_from_saved_mask,MD-Experiment-0004_Position(29)_t119.png,655068.495872,156180.5,1523.3494093418121,0.9806852467560194,0.8457414497226794,106952.65484799999,6.124845585207553,456.63418440104033,Position(29)
41,2460,saved,saved,reconstructed_from_saved_mask,MD-Experiment-0004_Position(29)_t122.png,666571.3745919999,158923.0,1533.592050075531,0.9813817633909274,0.8491353507614463,106952.65484799999,6.232396713661052,460.62594193092553,Position(29)
42,2520,saved,saved,reconstructed_from_saved_mask,MD-Experiment-0004_Position(29)_t125.png,676541.2352,161300.0,1552.5626114606857,0.981170409165701,0.8409031604028547,106952.65484799999,6.325614227729956,464.05793127060457,Position(29)
43,2580,saved,saved,reconstructed_from_saved_mask,MD-Experiment-0004_Position(29)_t128.png,690099.32288,164532.5,1562.9473863840103,0.9808109018399239,0.8463945213424523,106952.65484799999,6.452381419243515,468.68479484771404,Position(29)
44,2640,saved,saved,reconstructed_from_saved_mask,MD-Experiment-0004_Position(29)_t131.png,703936.331776,167831.5,1580.261095046997,0.9811092989132659,0.8445505395881097,106952.65484799999,6.581756505029511,473.3602155317382,Position(29)
45,2700,saved,saved,reconstructed_from_saved_mask,MD-Experiment-0004_Position(29)_t134.png,719096.643584,171446.0,1591.9595792293549,0.9824084897659814,0.850106130287548,106952.65484799999,6.723504382438872,478.43031966459745,Position(29)
46,2760,saved,saved,reconstructed_from_saved_mask,MD-Experiment-0004_Position(29)_t137.png,728810.651648,173762.0,1608.9301418066025,0.9815980725287327,0.843510115274641,106952.65484799999,6.814329692739074,481.65094786121745,Position(29)
47,2820,saved,saved,reconstructed_from_saved_mask,MD-Experiment-0004_Position(29)_t140.png,745512.3701759999,177744.0,1625.9007041454315,0.9821846956367977,0.8449223050211554,106952.65484799999,6.970489617443479,487.13854056041447,Position(29)
48,2880,saved,saved,reconstructed_from_saved_mask,MD-Experiment-0004_Position(29)_t143.png,758753.7879039999,180901.0,1643.5575569868088,0.9828664879152642,0.8415520775485865,106952.65484799999,7.0942959665875795,491.4456550517486,Position(29)
49,2940,saved,saved,reconstructed_from_saved_mask,MD-Experiment-0004_Position(29)_t146.png,770313.289728,183657.0,1669.2976759672165,0.9765664880040837,0.828227740246749,106952.65484799999,7.202376517186612,495.1750554896531,Position(29)
50,3000,saved,saved,reconstructed_from_saved_mask,MD-Experiment-0004_Position(29)_t149.png,783240.134656,186739.0,1709.2976727485657,0.972403971078716,0.8031737206271552,106952.65484799999,7.323241632188867,499.31260560587515,Position(29)
51,3060,saved,saved,reconstructed_from_saved_mask,MD-Experiment-0004_Position(29)_t152.png,796030.664704,189788.5,1687.9423345327377,0.979657202439484,0.8370753363682948,106952.65484799999,7.442832212396322,503.37305279557575,Position(29)
52,3120,saved,saved,reconstructed_from_saved_mask,MD-Experiment-0004_Position(29)_t155.png,787872.743424,187843.5,1717.5403150320053,0.973963653332642,0.800188224370386,106952.65484799999,7.366556206984451,500.7870638171521,Position(29)
53,3180,saved,saved,reconstructed_from_saved_mask,MD-Experiment-0004_Position(29)_t158.png,823610.3106559999,196364.0,1717.7829543352127,0.9838072907272691,0.8362481239422078,106952.65484799999,7.7007000137257595,512.0188514544243,Position(29)
54,3240,saved,saved,reconstructed_from_saved_mask,MD-Experiment-0004_Position(29)_t161.png,835272.572928,199144.5,1736.3687399625778,0.9812635811320197,0.8300309056754986,106952.65484799999,7.809741367477795,515.6311837167664,Position(29)
55,3300,saved,saved,reconstructed_from_saved_mask,MD-Experiment-0004_Position(29)_t164.png,850856.5094399999,202860.0,1743.4398107528687,0.9821897612309569,0.8386724323942959,106952.65484799999,7.95545010686484,520.4190990716845,Position(29)
56,3360,saved,saved,reconstructed_from_saved_mask,MD-Experiment-0004_Position(29)_t167.png,866341.8798079999,206552.0,1758.268238067627,0.9819700538877888,0.8395933820429232,106952.65484799999,8.10023725955411,525.1334927025086,Position(29)
57,3420,saved,saved,reconstructed_from_saved_mask,MD-Experiment-0004_Position(29)_t170.png,880818.5200639999,210003.5,1776.3687427043915,0.9819648789748457,0.8363155109967693,106952.65484799999,8.235592854761858,529.5028261210197,Position(29)
58,3480,saved,saved,reconstructed_from_saved_mask,MD-Experiment-0004_Position(29)_t173.png,896796.721152,213813.0,1782.6113830804825,0.982747803545123,0.845533113093206,106952.65484799999,8.38498794094002,534.2838779524326,Position(29)
59,3540,saved,saved,reconstructed_from_saved_mask,MD-Experiment-0004_Position(29)_t176.png,907777.4090239999,216431.0,1791.6408216953278,0.9819962885494036,0.8472809303974972,106952.65484799999,8.487656620718054,537.5449039351464,Position(29)
60,3600,saved,saved,reconstructed_from_saved_mask,MD-Experiment-0004_Position(29)_t179.png,927635.341312,221165.5,1898.9961565732956,0.9694841031530682,0.7706888468229188,106952.65484799999,8.67332692797898,543.3925836014737,Position(29)
61,3660,saved,saved,reconstructed_from_saved_mask,MD-Experiment-0004_Position(29)_t182.png,939024.973824,223881.0,1823.782955646515,0.9835821420098586,0.8458255441451308,106952.65484799999,8.779819212141415,546.7183301679709,Position(29)
62,3720,saved,saved,reconstructed_from_saved_mask,MD-Experiment-0004_Position(29)_t185.png,955045.117952,227700.5,1835.8245854377747,0.9844592403640373,0.8490074183654388,106952.65484799999,8.929606462871822,551.3622246723891,Position(29)
63,3780,saved,saved,reconstructed_from_saved_mask,MD-Experiment-0004_Position(29)_t188.png,971648.2703359999,231659.0,1855.925089597702,0.9842312439324384,0.8451584842619986,106952.65484799999,9.084844800878448,556.1342017367114,Position(29)
64,3840,saved,saved,reconstructed_from_saved_mask,MD-Experiment-0004_Position(29)_t191.png,985562.8738559999,234976.5,1876.3098685741425,0.9828075135829217,0.8387357779792645,106952.65484799999,9.214945391086099,560.102139081858,Position(29)
65,3900,saved,saved,reconstructed_from_saved_mask,MD-Experiment-0004_Position(29)_t194.png,997877.3504,237912.5,1893.2804265022278,0.9830363857233759,0.8340598864967447,106952.65484799999,9.330084903625561,563.5904770586587,Position(29)
66,3960,saved,saved,reconstructed_from_saved_mask,MD-Experiment-0004_Position(29)_t197.png,1013641.641984,241671.0,1906.4936326742172,0.9826880577078297,0.83553314909608,106952.65484799999,9.477479950587266,568.0247843986016,Position(29)
67,4020,saved,saved,reconstructed_from_saved_mask,MD-Experiment-0004_Position(29)_t200.png,1030756.4994559999,245751.5,1910.7362741231918,0.9839289253319614,0.8458717958009531,106952.65484799999,9.637502696131296,572.8001257201694,Position(29)
68,4080,saved,saved,reconstructed_from_saved_mask,MD-Experiment-0004_Position(29)_t203.png,1043064.684544,248686.0,1940.150484919548,0.9822594819839836,0.8302146022065461,106952.65484799999,9.752583383987922,576.2098584886692,Position(29)
69,4140,saved,saved,reconstructed_from_saved_mask,MD-Experiment-0004_Position(29)_t206.png,1058411.64288,252345.0,1948.4936332702637,0.9812018454036966,0.8352309631949565,106952.65484799999,9.896076393654777,580.4333636006219,Position(29)
70,4200,saved,saved,reconstructed_from_saved_mask,MD-Experiment-0004_Position(29)_t209.png,1074725.388288,256234.5,1962.8784079551697,0.981844830394007,0.8357197628049455,106952.65484799999,10.048608796250907,584.889490437966,Position(29)
71,4260,saved,saved,reconstructed_from_saved_mask,MD-Experiment-0004_Position(29)_t212.png,1090766.503936,260059.0,1980.6357655525208,0.9815232426699678,0.8330527800448939,106952.65484799999,10.198592129257436,589.2382894219955,Position(29)
72,4320,saved,saved,reconstructed_from_saved_mask,MD-Experiment-0004_Position(29)_t215.png,1125732.319232,268395.5,2123.044928908348,0.9683460271531088,0.748284456441822,106952.65484799999,10.525520108237417,598.608157652527,Position(29)
73,4380,saved,saved,reconstructed_from_saved_mask,MD-Experiment-0004_Position(29)_t218.png,1123484.172288,267859.5,2003.1626802682877,0.9837305514902337,0.8388503243654781,106952.65484799999,10.504500088237023,598.0101328658934,Position(29)
74,4440,saved,saved,reconstructed_from_saved_mask,MD-Experiment-0004_Position(29)_t221.png,1139068.1088,271575.0,2021.7484644651413,0.9830324419709515,0.8349210456878197,106952.65484799999,10.650208827624072,602.1433716879343,Position(29)
75,4500,saved,saved,reconstructed_from_saved_mask,MD-Experiment-0004_Position(29)_t224.png,1157961.351168,276079.5,2046.2753751277924,0.9821660129672617,0.8285445554241979,106952.65484799999,10.826859350183337,607.1165834463053,Position(29)
76,4560,saved,saved,reconstructed_from_saved_mask,MD-Experiment-0004_Position(29)_t227.png,1173237.006336,279721.5,2049.3048129081726,0.9811845919908238,0.8369944773586049,106952.65484799999,10.969685680111375,611.1079593275017,Position(29)
77,4620,saved,saved,reconstructed_from_saved_mask,MD-Experiment-0004_Position(29)_t230.png,1187975.790592,283235.5,2071.2459412813187,0.981473203456903,0.8296486464425987,106952.65484799999,11.107492303770663,614.9344995139224,Position(29)
78,4680,saved,saved,reconstructed_from_saved_mask,MD-Experiment-0004_Position(29)_t233.png,1200890.0526079999,286314.5,2076.7606570720673,0.9818859279861041,0.8342194500457603,106952.65484799999,11.228239769407244,618.2678836595824,Position(29)
79,4740,saved,saved,reconstructed_from_saved_mask,MD-Experiment-0004_Position(29)_t236.png,1216769.687552,290100.5,2106.5007724761963,0.9809242515435751,0.8215520731394258,106952.65484799999,11.376713268887626,622.3422055080016,Position(29)
80,4800,saved,saved,reconstructed_from_saved_mask,MD-Experiment-0004_Position(29)_t239.png,1236946.386944,294911.0,2132.826672434807,0.9768548038496382,0.8146849796525967,106952.65484799999,11.565364026745623,627.4808870743361,Position(29)
81,4860,saved,saved,reconstructed_from_saved_mask,MD-Experiment-0004_Position(29)_t242.png,1252412.882944,298598.5,2152.8439161777496,0.9768655739850165,0.8096035383776637,106952.65484799999,11.709974705386381,631.3916393372799,Position(29)
82,4920,saved,saved,reconstructed_from_saved_mask,MD-Experiment-0004_Position(29)_t245.png,1269362.065408,302639.5,2170.986054301262,0.975963662514149,0.8069031435411969,106952.65484799999,11.86844840094904,635.6496633886012,Position(29)
83,4980,saved,saved,reconstructed_from_saved_mask,MD-Experiment-0004_Position(29)_t248.png,1289494.724608,307439.5,2178.2997621297836,0.9770685353800194,0.8142058924499181,106952.65484799999,12.056687386027177,640.6706790735557,Position(29)
0,0,saved,saved,reconstructed_from_saved_mask,MD-Experiment-0004_Position(30)_t001.png,126032.543744,30048.5,677.91377556324,0.9787625608703441,0.8216441037795992,126032.543744,1.0,200.29329657930705,Position(30)
1,60,saved,saved,reconstructed_from_saved_mask,MD-Experiment-0004_Position(30)_t002.png,152353.89849599998,36324.0,733.8965290784836,0.9833376196212726,0.8474885971907995,126032.543744,1.2088456994525516,220.2175108612359,Position(30)
2,120,saved,saved,reconstructed_from_saved_mask,MD-Experiment-0004_Position(30)_t005.png,216526.74969599998,51624.0,868.6072068214417,0.9840171551107935,0.8598340893929658,126032.543744,1.718022530242774,262.5311506307011,Position(30)
3,180,saved,saved,reconstructed_from_saved_mask,MD-Experiment-0004_Position(30)_t008.png,257846.93555199998,61475.5,954.5899610519409,0.9817309304609586,0.8477703200786486,126032.543744,2.0458758340682563,286.4877461749391,Position(30)
4,240,saved,saved,reconstructed_from_saved_mask,MD-Experiment-0004_Position(30)_t011.png,293563.531264,69991.0,1024.6315916776657,0.9796829618224446,0.8377541320014323,126032.543744,2.3292676839110107,305.6863984942011,Position(30)
5,300,saved,saved,reconstructed_from_saved_mask,MD-Experiment-0004_Position(30)_t014.png,318924.3904,76037.5,1065.2173790931702,0.9809518280568671,0.8420952288974105,126032.543744,2.530492370667421,318.61699014562737,Position(30)
6,360,saved,saved,reconstructed_from_saved_mask,MD-Experiment-0004_Position(30)_t017.png,340839.6288,81262.5,1098.0458053350449,0.9833075191791099,0.8469526449504757,126032.543744,2.7043779223588533,329.38218447610893,Position(30)
7,420,saved,saved,reconstructed_from_saved_mask,MD-Experiment-0004_Position(30)_t020.png,357583.290368,85254.5,1131.986931681633,0.9828004588081364,0.8360732903597584,126032.543744,2.83722981180425,337.37560145669016,Position(30)
8,480,saved,saved,reconstructed_from_saved_mask,MD-Experiment-0004_Position(30)_t023.png,373232.238592,88985.5,1151.7859213352203,0.9825594876607961,0.8429184845070922,126032.543744,2.961395743547931,344.67885253717105,Position(30)
9,540,saved,saved,reconstructed_from_saved_mask,MD-Experiment-0004_Position(30)_t026.png,387140.550656,92301.5,1170.4133375883102,0.9818525117676781,0.8467205464663266,126032.543744,3.07175066975057,351.0422547449828,Position(30)
10,600,saved,saved,reconstructed_from_saved_mask,MD-Experiment-0004_Position(30)_t029.png,402038.718464,95853.5,1197.2417627573013,0.9800219819543491,0.8403382345926773,126032.543744,3.1899595653693193,357.73299919877803,Position(30)
11,660,saved,saved,reconstructed_from_saved_mask,MD-Experiment-0004_Position(30)_t032.png,415393.3824,99037.5,1220.0113167762756,0.9776894790098473,0.836145418694005,126032.543744,3.295921593423965,363.6259345443389,Position(30)
12,720,saved,saved,reconstructed_from_saved_mask,MD-Experiment-0004_Position(30)_t035.png,432285.94175999996,103065.0,1239.9108101129532,0.9817958390489254,0.8424423265222318,126032.543744,3.42995490623492,370.94593800239727,Position(30)
13,780,saved,saved,reconstructed_from_saved_mask,MD-Experiment-0004_Position(30)_t038.png,444011.118592,105860.5,1248.3544597625732,0.9842269680262559,0.8536266608090042,126032.543744,3.5229878363312643,375.9429858680131,Position(30)
14,840,saved,saved,reconstructed_from_saved_mask,MD-Experiment-0004_Position(30)_t041.png,456671.62521599996,108879.0,1264.5971024036407,0.9861736960568087,0.8555583272957781,126032.543744,3.6234421019352046,381.26512172748204,Position(30)
15,900,saved,saved,reconstructed_from_saved_mask,MD-Experiment-0004_Position(30)_t044.png,466945.572864,111328.5,1279.668167591095,0.9852689989645377,0.8543217990234208,126032.543744,3.7049603141587766,385.5300145933709,Position(30)
16,960,saved,saved,reconstructed_from_saved_mask,MD-Experiment-0004_Position(30)_t047.png,474908.459008,113227.0,1300.0529441833496,0.9824553792223794,0.8418559512515235,126032.543744,3.7681415045676157,388.8033661564106,Position(30)
17,1020,saved,saved,reconstructed_from_saved_mask,MD-Experiment-0004_Position(30)_t050.png,488206.49984,116397.5,1322.7808676958084,0.9787676848367635,0.8359450049016243,126032.543744,3.8736542589480343,394.2092786810798,Position(30)
18,1080,saved,saved,reconstructed_from_saved_mask,MD-Experiment-0004_Position(30)_t053.png,500760.051712,119390.5,1344.1534510850906,0.9777371037351874,0.8303896589816113,126032.543744,3.9732598965006574,399.2453820219288,Position(30)
19,1140,saved,saved,reconstructed_from_saved_mask,MD-Experiment-0004_Position(30)_t056.png,510033.657856,121601.5,1359.952439546585,0.9750155351093471,0.8262307521983615,126032.543744,4.046840940479559,402.92524813176675,Position(30)
20,1200,saved,saved,reconstructed_from_saved_mask,MD-Experiment-0004_Position(30)_t059.png,519196.114944,123786.0,1367.5087888240814,0.9786073427568542,0.8318042616979493,126032.543744,4.119540076875717,406.5282969916005,Position(30)
21,1260,saved,saved,reconstructed_from_saved_mask,MD-Experiment-0004_Position(30)_t062.png,528807.3625599999,126077.5,1381.1240111589432,0.9785662726348389,0.8305812087506961,126032.543744,4.195800123134266,410.2738248896999,Position(30)
22,1320,saved,saved,reconstructed_from_saved_mask,MD-Experiment-0004_Position(30)_t065.png,537267.273728,128094.5,1392.7808674573898,0.979559141223928,0.8298025446566402,126032.543744,4.262924938016873,413.5426033078517,Position(30)
23,1380,saved,saved,reconstructed_from_saved_mask,MD-Experiment-0004_Position(30)_t068.png,546920.4643839999,130396.0,1414.0529450178146,0.9763431681959934,0.8194883652666126,126032.543744,4.339517779589663,417.2411661972689,Position(30)
24,1440,saved,saved,reconstructed_from_saved_mask,MD-Experiment-0004_Position(30)_t071.png,556747.718656,132739.0,1423.3077818155289,0.972286619421707,0.823399801353311,126032.543744,4.417491721716559,420.9730430306393,Position(30)
25,1500,saved,saved,reconstructed_from_saved_mask,MD-Experiment-0004_Position(30)_t074.png,570773.4712319999,136083.0,1443.0478919744492,0.9733215080142762,0.8212062564999083,126032.543744,4.528778474799075,426.2426992507731,Position(30)
26,1560,saved,saved,reconstructed_from_saved_mask,MD-Experiment-0004_Position(30)_t077.png,581915.639808,138739.5,1456.8052526712418,0.9735422075643815,0.8214989102680251,126032.543744,4.617185550027456,430.3829702437728,Position(30)
27,1620,saved,saved,reconstructed_from_saved_mask,MD-Experiment-0004_Position(30)_t080.png,592894.2305279999,141357.0,1478.0184572935104,0.9705985347331415,0.8131440128264069,126032.543744,4.7042947235302925,434.42386564091277,Position(30)
28,1680,saved,saved,reconstructed_from_saved_mask,MD-Experiment-0004_Position(30)_t083.png,604940.271616,144229.0,1495.1311511993408,0.9723587430644042,0.8107815849086383,126032.543744,4.799873537780588,438.8148459271637,Position(30)
29,1740,saved,saved,reconstructed_from_saved_mask,MD-Experiment-0004_Position(30)_t086.png,615788.838912,146815.5,1497.716943025589,0.9747378344913209,0.8224742063684837,126032.543744,4.885951045809275,442.7320580524154,Position(30)
30,1800,saved,saved,reconstructed_from_saved_mask,MD-Experiment-0004_Position(30)_t089.png,624930.32448,148995.0,1509.6164336204529,0.9749896935550364,0.8215771060342887,126032.543744,4.958483784548314,446.0061663901388,Position(30)
31,1860,saved,saved,reconstructed_from_saved_mask,MD-Experiment-0004_Position(30)_t092.png,636345.122816,151716.5,1518.4032324552536,0.9768152333124085,0.826929413794296,126032.543744,5.049054029319268,450.06104432306876,Position(30)
32,1920,saved,saved,reconstructed_from_saved_mask,MD-Experiment-0004_Position(30)_t095.png,644637.2618239999,153693.5,1541.0306494235992,0.9734090390900109,0.8132850926524882,126032.543744,5.114847662944905,452.98389975917235,Position(30)
33,1980,saved,saved,reconstructed_from_saved_mask,MD-Experiment-0004_Position(30)_t098.png,656303.7184,156475.0,1547.4742993116379,0.9767661067310873,0.8211224655542537,126032.543744,5.207414679601311,457.0645051914474,Position(30)
34,2040,saved,saved,reconstructed_from_saved_mask,MD-Experiment-0004_Position(30)_t101.png,668555.2803839999,159396.0,1567.758568763733,0.9769605589776593,0.8149461576024878,126032.543744,5.304624190891392,461.3109094814508,Position(30)
35,2100,saved,saved,reconstructed_from_saved_mask,MD-Experiment-0004_Position(30)_t104.png,679485.6366079999,162002.0,1576.7291350364685,0.9752899495203379,0.8188720631835001,126032.543744,5.391350649782851,465.0666572140095,Position(30)
36,2160,saved,saved,reconstructed_from_saved_mask,MD-Experiment-0004_Position(30)_t107.png,690986.418176,164744.0,1594.2438524961472,0.9738168211924444,0.814535409132128,126032.543744,5.482603124948001,468.9859359555975,Position(30)
37,2220,saved,saved,reconstructed_from_saved_mask,MD-Experiment-0004_Position(30)_t110.png,706455.011328,168432.0,1614.1849751472473,0.9730891443757583,0.8123213512140602,126032.543744,5.6053380368404415,474.20629925148006,Position(30)
38,2280,saved,saved,reconstructed_from_saved_mask,MD-Experiment-0004_Position(30)_t113.png,722164.7769599999,172177.5,1666.7118873596191,0.9625065335453882,0.7788703936792912,126032.543744,5.7299865217897725,479.4498805506997,Position(30)
39,2340,saved,saved,reconstructed_from_saved_mask,MD-Experiment-0004_Position(30)_t116.png,730459.01312,174155.0,1642.4692491292953,0.9721074841475396,0.8112436623873451,126032.543744,5.795796795181124,482.19531865018274,Position(30)
40,2400,saved,saved,reconstructed_from_saved_mask,MD-Experiment-0004_Position(30)_t119.png,744604.30336,177527.5,1661.5403136014938,0.972953346578064,0.8080788413352383,126032.543744,5.908032014909231,486.84177209282524,Position(30)
41,2460,saved,saved,reconstructed_from_saved_mask,MD-Experiment-0004_Position(30)_t122.png,760326.651904,181276.0,1666.6113802194595,0.9758298073920955,0.8201277132504662,126032.543744,6.0327803384528345,491.95476421116695,Position(30)
42,2520,saved,saved,reconstructed_from_saved_mask,MD-Experiment-0004_Position(30)_t125.png,770795.634688,183772.0,1680.6113848686218,0.9745842934380543,0.8176258306672644,126032.543744,6.115846048887631,495.3300624316073,Position(30)
43,2580,saved,saved,reconstructed_from_saved_mask,MD-Experiment-0004_Position(30)_t128.png,786132.107264,187428.5,1715.8245856761932,0.9726717680058331,0.8000179302569029,126032.543744,6.23753265554021,500.2335670350675,Position(30)
44,2640,saved,saved,reconstructed_from_saved_mask,MD-Experiment-0004_Position(30)_t131.png,802003.3535999999,191212.5,1726.4520016908646,0.9750690331282524,0.8061523535987128,126032.543744,6.363462402449373,505.2579501635124,Position(30)
45,2700,saved,saved,reconstructed_from_saved_mask,MD-Experiment-0004_Position(30)_t134.png,816534.519808,194677.0,1746.292622089386,0.9733776996672525,0.8022144320527725,126032.543744,6.478759339068506,509.81468208087205,Position(30)
46,2760,saved,saved,reconstructed_from_saved_mask,MD-Experiment-0004_Position(30)_t137.png,834083.4877439999,198861.0,1765.9494751691818,0.9704631466448038,0.8013143773395481,126032.543744,6.618000898547348,515.2640294563281,Position(30)
47,2820,saved,saved,reconstructed_from_saved_mask,MD-Experiment-0004_Position(30)_t140.png,849080.221696,202436.5,1781.020541191101,0.9695165025155471,0.8019749946015465,126032.543744,6.736991863154567,519.8755896644518,Position(30)
48,2880,saved,saved,reconstructed_from_saved_mask,MD-Experiment-0004_Position(30)_t143.png,861977.7064959999,205511.5,1797.3636869192123,0.9689825074260927,0.7994182651310117,126032.543744,6.839326422283974,523.8091500228941,Position(30)
49,2940,saved,saved,reconstructed_from_saved_mask,MD-Experiment-0004_Position(30)_t146.png,879763.652608,209752.0,1822.0916106700897,0.9679327737297013,0.7939178335708771,126032.543744,6.980448275288284,529.1856650838989,Position(30)
50,3000,saved,saved,reconstructed_from_saved_mask,MD-Experiment-0004_Position(30)_t149.png,895681.036288,213547.0,1832.6357655525208,0.9693683469892644,0.7990078069577261,126032.543744,7.106744097043113,533.9514291748014,Position(30)
51,3060,saved,saved,reconstructed_from_saved_mask,MD-Experiment-0004_Position(30)_t152.png,909153.1407359999,216759.0,1843.807337641716,0.9693986847136535,0.8012276438468795,126032.543744,7.213637951977636,537.9520729129241,Position(30)
52,3120,saved,saved,reconstructed_from_saved_mask,MD-Experiment-0004_Position(30)_t155.png,923730.444288,220234.5,1858.9372817277908,0.96959377655289,0.8008768529983941,126032.543744,7.329300963442435,542.2476672018199,Position(30)
53,3180,saved,saved,reconstructed_from_saved_mask,MD-Experiment-0004_Position(30)_t158.png,941161.971712,224390.5,1870.795147061348,0.9699304507946936,0.8056786606569526,126032.543744,7.4676106960414,547.3400771879935,Position(30)
54,3240,saved,saved,reconstructed_from_saved_mask,MD-Experiment-0004_Position(30)_t161.png,953654.706176,227369.0,1872.694640994072,0.9725455809228466,0.8147177539326299,126032.543744,7.566733780388372,550.9607254437642,Position(30)
55,3300,saved,saved,reconstructed_from_saved_mask,MD-Experiment-0004_Position(30)_t164.png,969343.500288,231109.5,1895.6235755681992,0.9728386694841767,0.8082085851076659,126032.543744,7.691215867680583,555.4742291498955,Position(30)
56,3360,saved,saved,reconstructed_from_saved_mask,MD-Experiment-0004_Position(30)_t167.png,985468.502016,234954.0,1916.8367763757706,0.9680661050783979,0.8035676430081391,126032.543744,7.819159026240911,560.0753223580053,Position(30)
57,3420,saved,saved,reconstructed_from_saved_mask,MD-Experiment-0004_Position(30)_t170.png,1000645.59104,238572.5,1922.5941375494003,0.971255898026731,0.8110638001394128,126032.543744,7.93958101069937,564.3716720338241,Position(30)
58,3480,saved,saved,reconstructed_from_saved_mask,MD-Experiment-0004_Position(30)_t173.png,1015506.0101119999,242115.5,1937.907846212387,0.972091790746648,0.8101514530538212,126032.543744,8.057490390535301,568.5469219841983,Position(30)
59,3540,saved,saved,reconstructed_from_saved_mask,MD-Experiment-0004_Position(30)_t176.png,1035108.0898559999,246789.0,1960.1504868268967,0.9729566703528703,0.807154797975773,126032.543744,8.213022280646289,574.0079601102971,Position(30)
60,3600,saved,saved,reconstructed_from_saved_mask,MD-Experiment-0004_Position(30)_t179.png,1050845.118464,250541.0,1981.8073418140411,0.9716785569541214,0.8016149434989006,126032.543744,8.337887082549878,578.3548997415583,Position(30)
61,3660,saved,saved,reconstructed_from_saved_mask,MD-Experiment-0004_Position(30)_t182.png,1067135.7952,254425.0,1989.949475646019,0.9733260647098767,0.8073940551723974,126032.543744,8.467144782601462,582.8206186407281,Position(30)
62,3720,saved,saved,reconstructed_from_saved_mask,MD-Experiment-0004_Position(30)_t185.png,1082692.468736,258134.0,2004.0916093587875,0.9723604982079056,0.8076439343158174,126032.543744,8.590578564653809,587.0534187749897,Position(30)
63,3780,saved,saved,reconstructed_from_saved_mask,MD-Experiment-0004_Position(30)_t188.png,1099293.523968,262092.0,2010.719027042389,0.9748614936553959,0.8146308518635943,126032.543744,8.722298950030783,591.5369781314032,Position(30)
64,3840,saved,saved,reconstructed_from_saved_mask,MD-Experiment-0004_Position(30)_t191.png,1117219.979264,266366.0,2032.8611648082733,0.9743665717415916,0.8099779838213561,126032.543744,8.864535667337805,596.3406446334014,Position(30)
65,3900,saved,saved,reconstructed_from_saved_mask,MD-Experiment-0004_Position(30)_t194.png,1132898.287616,270104.0,2055.204306602478,0.9732197386650044,0.8035832527421901,126032.543744,8.988934555801455,600.5103870782423,Position(30)
66,3960,saved,saved,reconstructed_from_saved_mask,MD-Experiment-0004_Position(30)_t197.png,1149344.1535999998,274025.0,2074.375883102417,0.9735703322627405,0.8002490019268798,126032.543744,9.119423598515732,604.8533762147825,Position(30)
67,4020,saved,saved,reconstructed_from_saved_mask,MD-Experiment-0004_Position(30)_t200.png,1168625.369088,278622.0,2088.861162543297,0.9751404322337912,0.802428081672852,126032.543744,9.272409604472768,609.90573716427,Position(30)
68,4080,saved,saved,reconstructed_from_saved_mask,MD-Experiment-0004_Position(30)_t203.png,1186019.147776,282769.0,2096.861163020134,0.9758815561288319,0.8081692240369387,126032.543744,9.410419821288917,614.4278801782801,Position(30)
69,4140,saved,saved,reconstructed_from_saved_mask,MD-Experiment-0004_Position(30)_t206.png,1206776.758272,287718.0,2108.174872994423,0.9750937922573517,0.8135113776490027,126032.543744,9.57512022230727,619.7813909555563,Position(30)
70,4200,saved,saved,reconstructed_from_saved_mask,MD-Experiment-0004_Position(30)_t209.png,1225357.5249919998,292148.0,2136.03273665905,0.9731535687815928,0.8046313931827046,126032.543744,9.722548546516464,624.5345581428261,Position(30)
71,4260,saved,saved,reconstructed_from_saved_mask,MD-Experiment-0004_Position(30)_t212.png,1242872.938496,296324.0,2143.630714535713,0.9737842238700762,0.8103576741436682,126032.543744,9.861523869743914,628.9823078541838,Position(30)
72,4320,saved,saved,reconstructed_from_saved_mask,MD-Experiment-0004_Position(30)_t215.png,1253658.591232,298895.5,2186.3586324453354,0.9676657504621491,0.7857537049402733,126032.543744,9.947102184801238,631.7055670867475,Position(30)
73,4380,saved,saved,reconstructed_from_saved_mask,MD-Experiment-0004_Position(30)_t218.png,1269643.083776,302706.5,2195.3880759477615,0.9685151353236473,0.789239855820894,126032.543744,10.073930479058856,635.7200213071596,Position(30)
74,4440,saved,saved,reconstructed_from_saved_mask,MD-Experiment-0004_Position(30)_t221.png,1286948.78208,306832.5,2204.500772833824,0.9694442557507263,0.7933972883233001,126032.543744,10.211241825715094,640.0379053995574,Position(30)
75,4500,saved,saved,reconstructed_from_saved_mask,MD-Experiment-0004_Position(30)_t224.png,1303054.9094399998,310672.5,2210.1576260328293,0.9693082420333875,0.7992196991914818,126032.543744,10.339035226384011,644.0304805792006,Position(30)
76,4560,saved,saved,reconstructed_from_saved_mask,MD-Experiment-0004_Position(30)_t227.png,1320767.455232,314895.5,2218.5007714033127,0.9683758791311862,0.8040020393027318,126032.543744,10.479574687588398,648.3928888800006,Position(30)
77,4620,saved,saved,reconstructed_from_saved_mask,MD-Experiment-0004_Position(30)_t230.png,1338754.7279359999,319184.0,2240.0571205615997,0.9695025734719014,0.7993422918886253,126032.543744,10.62229395810107,652.7931257889591,Position(30)
78,4680,saved,saved,reconstructed_from_saved_mask,MD-Experiment-0004_Position(30)_t233.png,1355848.613888,323259.5,2249.530209183693,0.9705117216056731,0.8027448008005073,126032.543744,10.757924688420387,656.9475001620294,Position(30)
79,4740,saved,saved,reconstructed_from_saved_mask,MD-Experiment-0004_Position(30)_t236.png,1375121.440768,327854.5,2273.873353123665,0.9715603575624941,0.7968167747474406,126032.543744,10.910844135314575,661.6001430620706,Position(30)
80,4800,saved,saved,reconstructed_from_saved_mask,MD-Experiment-0004_Position(30)_t239.png,1391806.38208,331832.5,2276.0154880285263,0.9722234429980692,0.8049675194962409,126032.543744,11.043230111320032,665.601781149779,Position(30)
81,4860,saved,saved,reconstructed_from_saved_mask,MD-Experiment-0004_Position(30)_t242.png,1413218.304,336937.5,2296.9860546588898,0.9727464976795548,0.8024952973807897,126032.543744,11.21312211924056,670.7021376878783,Position(30)
82,4920,saved,saved,reconstructed_from_saved_mask,MD-Experiment-0004_Position(30)_t245.png,1433095.110656,341676.5,2314.642908811569,0.9723873652096454,0.8014140907965761,126032.543744,11.370833818659834,675.402355313822,Position(30)
83,4980,saved,saved,reconstructed_from_saved_mask,MD-Experiment-0004_Position(30)_t248.png,1448792.293376,345419.0,2326.1992555856705,0.9736173787061805,0.8021623269246929,126032.543744,11.495382465014892,679.0912383534834,Position(30)
0,0,saved,saved,reconstructed_from_saved_mask,MD-Experiment-0004_Position(31)_t001.png,63208.16128,15070.0,471.445739030838,0.982879504320887,0.8520394170032729,63208.16128,1.0,141.84421956119144,Position(31)
1,60,saved,saved,reconstructed_from_saved_mask,MD-Experiment-0004_Position(31)_t002.png,73406.611456,17501.5,515.3452332019806,0.9794610627640821,0.828111107231095,63208.16128,1.1613470471134704,152.85957653250614,Position(31)
2,120,2,0.8,auto,MD-Experiment-0004_Position(31)_t005.png,119464.26367999999,28482.5,647.8549004793167,0.9822229119249604,0.8527710995936831,63208.16128,1.8900132714001325,195.00424655635362,Position(31)
3,180,saved,saved,reconstructed_from_saved_mask,MD-Experiment-0004_Position(31)_t008.png,145324.244992,34648.0,732.2396764755249,0.9729031533428804,0.8120476610795916,63208.16128,2.2991373589913735,215.07706498636443,Position(31)
4,240,saved,saved,reconstructed_from_saved_mask,MD-Experiment-0004_Position(31)_t011.png,174785.036288,41672.0,793.2102377414703,0.9822278791307217,0.8322955769439855,63208.16128,2.7652289316522896,235.87243375914662,Position(31)
5,300,saved,saved,reconstructed_from_saved_mask,MD-Experiment-0004_Position(31)_t014.png,203914.477568,48617.0,872.9503517150879,0.971067901049625,0.8017130110524532,63208.16128,3.226078301260783,254.77047345777183,Position(31)
6,360,saved,saved,reconstructed_from_saved_mask,MD-Experiment-0004_Position(31)_t017.png,229306.793984,54671.0,941.8620394468307,0.9643852531310637,0.7744480572363434,63208.16128,3.6278035832780358,270.1677617596462,Position(31)
7,420,saved,saved,reconstructed_from_saved_mask,MD-Experiment-0004_Position(31)_t020.png,281012.076544,66998.5,1001.0752422809601,0.9804491142834146,0.8401203444734533,63208.16128,4.445819508958195,299.08012655639845,Position(31)
8,480,saved,saved,reconstructed_from_saved_mask,MD-Experiment-0004_Position(31)_t023.png,298848.354304,71251.0,1031.1168718338013,0.9800081150410223,0.8421414461193589,63208.16128,4.728002654280026,308.42565659283173,Position(31)
9,540,saved,saved,reconstructed_from_saved_mask,MD-Experiment-0004_Position(31)_t026.png,313847.18540799996,74827.0,1056.7737267017365,0.978181865718469,0.8419846670461183,63208.16128,4.965295288652952,316.07065961003644,Position(31)
10,600,saved,saved,reconstructed_from_saved_mask,MD-Experiment-0004_Position(31)_t029.png,329854.74662399996,78643.5,1082.8153578042984,0.9789870723190778,0.8428763799779451,63208.16128,5.218546781685467,324.0309041666682,Position(31)
11,660,saved,saved,reconstructed_from_saved_mask,MD-Experiment-0004_Position(31)_t032.png,341586.214912,81440.5,1108.5310860872269,0.9767741703347446,0.8328265132913927,63208.16128,5.404147312541473,329.7427318237516,Position(31)
12,720,saved,saved,reconstructed_from_saved_mask,MD-Experiment-0004_Position(31)_t035.png,361953.755136,86296.5,1133.9869289398193,0.9789899998298326,0.8433094146489286,63208.16128,5.726376907763769,339.43108078244074,Position(31)
13,780,saved,saved,reconstructed_from_saved_mask,MD-Experiment-0004_Position(31)_t038.png,375704.7808,89575.0,1160.5138413906097,0.9783095422723649,0.8357878079729738,63208.16128,5.943928334439283,345.818660594182,Position(31)
14,840,saved,saved,reconstructed_from_saved_mask,MD-Experiment-0004_Position(31)_t041.png,387654.35289599997,92424.0,1184.4549679756165,0.9783837571189634,0.8278611771328982,63208.16128,6.132979429329794,351.2751242957246,Position(31)
15,900,saved,saved,reconstructed_from_saved_mask,MD-Experiment-0004_Position(31)_t044.png,398354.02239999996,94975.0,1193.141257762909,0.9818414890702615,0.8383694402574204,63208.16128,6.30225613802256,356.0899093361102,Position(31)
16,960,saved,saved,reconstructed_from_saved_mask,MD-Experiment-0004_Position(31)_t047.png,409217.26976,97565.0,1219.283392548561,0.980084884100555,0.8246973441854126,63208.16128,6.474120769741208,360.91259684547884,Position(31)
17,1020,saved,saved,reconstructed_from_saved_mask,MD-Experiment-0004_Position(31)_t050.png,420149.723136,100171.5,1224.9818773269653,0.9809002957247214,0.8388700974684423,63208.16128,6.647080291970803,365.7018055076722,Position(31)
18,1080,saved,saved,reconstructed_from_saved_mask,MD-Experiment-0004_Position(31)_t053.png,432187.375616,103041.5,1254.6976063251495,0.9764745460748265,0.8225151334838746,63208.16128,6.837524883875249,370.9036456310455,Position(31)
19,1140,saved,saved,reconstructed_from_saved_mask,MD-Experiment-0004_Position(31)_t056.png,442928.98816,105602.5,1263.1828879117966,0.9794832791507636,0.8316710730043649,63208.16128,7.007465162574651,375.4845879776042,Position(31)
20,1200,saved,saved,reconstructed_from_saved_mask,MD-Experiment-0004_Position(31)_t059.png,448243.17132799997,106869.5,1268.6387310028076,0.9807060529310282,0.8344257722666147,63208.16128,7.091539482415394,377.73037056619773,Position(31)
21,1260,saved,saved,reconstructed_from_saved_mask,MD-Experiment-0004_Position(31)_t062.png,457885.876224,109168.5,1291.266150712967,0.9775335228671845,0.8227647445797895,63208.16128,7.244094226940942,381.77166100435835,Position(31)
22,1320,saved,saved,reconstructed_from_saved_mask,MD-Experiment-0004_Position(31)_t065.png,464257.024,110687.5,1312.2955857515335,0.9729486221597152,0.807690745211732,63208.16128,7.344890510948905,384.418522536916,Position(31)
23,1380,saved,saved,reconstructed_from_saved_mask,MD-Experiment-0004_Position(31)_t068.png,475852.177408,113452.0,1311.7097984552383,0.9761621028630428,0.8286029876055411,63208.16128,7.528334439283344,389.1894813982637,Position(31)
24,1440,saved,saved,reconstructed_from_saved_mask,MD-Experiment-0004_Position(31)_t071.png,485933.187072,115855.5,1340.2367104291916,0.9751736038045536,0.8105195615369836,63208.16128,7.687823490378235,393.29039839514894,Position(31)
25,1500,saved,saved,reconstructed_from_saved_mask,MD-Experiment-0004_Position(31)_t074.png,495131.295744,118048.5,1361.7514296770096,0.9709093600799438,0.7999717620546737,63208.16128,7.833344392833444,396.99519694110336,Position(31)
26,1560,saved,saved,reconstructed_from_saved_mask,MD-Experiment-0004_Position(31)_t077.png,499793.26463999995,119160.0,1361.3666529655457,0.9742178909114693,0.807960523826585,63208.16128,7.907100199071001,398.8597963984131,Position(31)
27,1620,saved,saved,reconstructed_from_saved_mask,MD-Experiment-0004_Position(31)_t080.png,508238.49574399996,121173.5,1382.7219916582108,0.9729255573264389,0.7964303030702164,63208.16128,8.040710019907099,402.21553641610313,Position(31)
28,1680,saved,saved,reconstructed_from_saved_mask,MD-Experiment-0004_Position(31)_t083.png,516190.896128,123069.5,1393.2072736024857,0.9707327654204133,0.7967624051357108,63208.16128,8.16652289316523,405.3500529118167,Position(31)
29,1740,saved,saved,reconstructed_from_saved_mask,MD-Experiment-0004_Position(31)_t086.png,532716.453888,127009.5,1400.8052535057068,0.9748627043124853,0.8133744886132035,63208.16128,8.427969475779694,411.78746193312134,Position(31)
30,1800,saved,saved,reconstructed_from_saved_mask,MD-Experiment-0004_Position(31)_t089.png,542692.605952,129388.0,1406.6214859485626,0.9771031566228666,0.8217682732509614,63208.16128,8.585799601857996,415.62533805503955,Position(31)
31,1860,saved,saved,reconstructed_from_saved_mask,MD-Experiment-0004_Position(31)_t092.png,556173.099008,132602.0,1429.734183549881,0.9731328387016285,0.8151721556305117,63208.16128,8.79907100199071,420.7557436847685,Position(31)
32,1920,saved,saved,reconstructed_from_saved_mask,MD-Experiment-0004_Position(31)_t095.png,567556.440064,135316.0,1439.7341847419739,0.9777026343549948,0.820340932871814,63208.16128,8.979163901791638,425.039793242526,Position(31)
33,1980,saved,saved,reconstructed_from_saved_mask,MD-Experiment-0004_Position(31)_t098.png,576140.0832,137362.5,1467.20727288723,0.9717451974263652,0.8018536458627106,63208.16128,9.114963503649635,428.2418525895288,Position(31)
34,2040,saved,saved,reconstructed_from_saved_mask,MD-Experiment-0004_Position(31)_t101.png,603273.035776,143831.5,1504.4621070623398,0.9702185211792521,0.7985486254282953,63208.16128,9.54422694094227,438.2097344372994,Position(31)
35,2100,saved,saved,reconstructed_from_saved_mask,MD-Experiment-0004_Position(31)_t104.png,606691.3935359999,144646.5,1515.4326676130295,0.972259844663196,0.7914883078090145,63208.16128,9.598307896483078,439.44950611546886,Position(31)
36,2160,saved,saved,reconstructed_from_saved_mask,MD-Experiment-0004_Position(31)_t107.png,615591.706624,146768.5,1528.947387099266,0.9736145569368342,0.788964818427282,63208.16128,9.739117451891174,442.66118654245133,Position(31)
37,2220,saved,saved,reconstructed_from_saved_mask,MD-Experiment-0004_Position(31)_t110.png,622793.326592,148485.5,1562.2610963582993,0.9736115664546587,0.7645161668710282,63208.16128,9.853052422030524,445.2429369496207,Position(31)
38,2280,saved,saved,reconstructed_from_saved_mask,MD-Experiment-0004_Position(31)_t113.png,636540.1579519999,151763.0,1540.4448598623276,0.974066692981865,0.8036805392305356,63208.16128,10.070537491705373,450.1300092518974,Position(31)
39,2340,saved,saved,reconstructed_from_saved_mask,MD-Experiment-0004_Position(31)_t116.png,640625.4100479999,152737.0,1555.1311548948288,0.9739793071564079,0.793633654852518,63208.16128,10.135169210351691,451.5721441351571,Position(31)
40,2400,saved,saved,reconstructed_from_saved_mask,MD-Experiment-0004_Position(31)_t119.png,647629.897728,154407.0,1593.2732862234116,0.9711345847235631,0.7643570928675972,63208.16128,10.245985401459853,454.03413862287897,Position(31)
41,2460,saved,saved,reconstructed_from_saved_mask,MD-Experiment-0004_Position(31)_t122.png,656622.485504,156551.0,1586.7880049943924,0.9722487027968663,0.7813181128376212,63208.16128,10.388254810882549,457.1754899669229,Position(31)
42,2520,saved,saved,reconstructed_from_saved_mask,MD-Experiment-0004_Position(31)_t125.png,667575.9103999999,159162.5,1588.829635977745,0.970260483659573,0.7923114864628537,63208.16128,10.56154611811546,460.97289731443476,Position(31)
43,2580,saved,saved,reconstructed_from_saved_mask,MD-Experiment-0004_Position(31)_t128.png,679445.7907199999,161992.5,1594.001208305359,0.9745023491406537,0.8011751665816246,63208.16128,10.749336429993363,465.05302096872657,Position(31)
44,2640,saved,saved,reconstructed_from_saved_mask,MD-Experiment-0004_Position(31)_t131.png,689377.902592,164360.5,1595.3149188756943,0.9759400282045573,0.811548472366551,63208.16128,10.906469807564697,468.43975248870566,Position(31)
45,2700,saved,saved,reconstructed_from_saved_mask,MD-Experiment-0004_Position(31)_t134.png,703118.442496,167636.5,1630.0012102127075,0.9733575264915082,0.7928711127192108,63208.16128,11.123855341738553,473.08514181342235,Position(31)
46,2760,saved,saved,reconstructed_from_saved_mask,MD-Experiment-0004_Position(31)_t137.png,713050.554368,170004.5,1632.08447098732,0.9744975021997265,0.8020196633716549,63208.16128,11.280988719309887,476.41477811269345,Position(31)
47,2820,saved,saved,reconstructed_from_saved_mask,MD-Experiment-0004_Position(31)_t140.png,723028.803584,172383.5,1639.4570546150208,0.9773803246528664,0.8059451172415518,63208.16128,11.43885202388852,479.73661125290965,Position(31)
48,2880,saved,saved,reconstructed_from_saved_mask,MD-Experiment-0004_Position(31)_t143.png,748354.0111359999,178421.5,1663.398179769516,0.9783865148083767,0.8103350168538667,63208.16128,11.839515593895154,488.0660612149582,Position(31)
49,2940,saved,saved,reconstructed_from_saved_mask,MD-Experiment-0004_Position(31)_t146.png,759687.020544,181123.5,1666.51087808609,0.9781893693090374,0.819536612243341,63208.16128,12.018812209688122,491.7477900760345,Position(31)
50,3000,saved,saved,reconstructed_from_saved_mask,MD-Experiment-0004_Position(31)_t149.png,772100.063232,184083.0,1678.753517627716,0.9799545910667373,0.8208233003251134,63208.16128,12.215195753151956,495.7490123539083,Position(31)
51,3060,saved,saved,reconstructed_from_saved_mask,MD-Experiment-0004_Position(31)_t152.png,784641.032192,187073.0,1685.5230712890625,0.981976992911003,0.8274686940623391,63208.16128,12.413603185136031,499.75893954202314,Position(31)
52,3120,saved,saved,reconstructed_from_saved_mask,MD-Experiment-0004_Position(31)_t155.png,792301.928448,188899.5,1705.1382944583893,0.9793983605792412,0.8164347030470508,63208.16128,12.534804246848042,502.1927286087292,Position(31)
53,3180,saved,saved,reconstructed_from_saved_mask,MD-Experiment-0004_Position(31)_t158.png,806581.436416,192304.0,1721.5819426774979,0.9791994459974845,0.8153475757924189,63208.16128,12.760716655607167,506.6979822572174,Position(31)
54,3240,saved,saved,reconstructed_from_saved_mask,MD-Experiment-0004_Position(31)_t161.png,817344.02048,194870.0,1739.1799249649048,0.9777035230841787,0.8095912796370516,63208.16128,12.930988719309886,510.0673309789509,Position(31)
55,3300,saved,saved,reconstructed_from_saved_mask,MD-Experiment-0004_Position(31)_t164.png,831927.615488,198347.0,1753.1799229383469,0.9782618881455158,0.8109284236981502,63208.16128,13.16171201061712,514.5976919877679,Position(31)
56,3360,saved,saved,reconstructed_from_saved_mask,MD-Experiment-0004_Position(31)_t167.png,841373.188096,200599.0,1767.3220603466034,0.9752823519688064,0.8070626158409077,63208.16128,13.31114797611148,517.5107764490812,Position(31)
57,3420,saved,saved,reconstructed_from_saved_mask,MD-Experiment-0004_Position(31)_t170.png,852972.535808,203364.5,1792.2509917020798,0.9749975429033054,0.7955863963698303,63208.16128,13.494658261446583,521.0658219370599,Position(31)
58,3480,saved,saved,reconstructed_from_saved_mask,MD-Experiment-0004_Position(31)_t173.png,864741.7528319999,206170.5,1798.3931249380112,0.9746815994251298,0.8010638267016026,63208.16128,13.68085600530856,524.6483097488502,Position(31)
59,3540,saved,saved,reconstructed_from_saved_mask,MD-Experiment-0004_Position(31)_t176.png,872813.69088,208095.0,1831.4641939401627,0.9702642529928079,0.7796050515919479,63208.16128,13.8085600530856,527.091288681256,Position(31)
60,3600,saved,saved,reconstructed_from_saved_mask,MD-Experiment-0004_Position(31)_t179.png,881669.963776,210206.5,1829.706836938858,0.9733179298880857,0.7890290323938575,63208.16128,13.948672859986727,529.7586864046737,Position(31)
61,3660,saved,saved,reconstructed_from_saved_mask,MD-Experiment-0004_Position(31)_t182.png,889750.290432,212133.0,1835.9494743347168,0.9717654657770509,0.7908546045217112,63208.16128,14.076509621765096,532.180715245681,Position(31)
62,3720,saved,saved,reconstructed_from_saved_mask,MD-Experiment-0004_Position(31)_t185.png,898459.762688,214209.5,1836.393127322197,0.9727951861943688,0.7982102015665756,63208.16128,14.214299933643,534.7790429718922,Position(31)
63,3780,saved,saved,reconstructed_from_saved_mask,MD-Experiment-0004_Position(31)_t188.png,910096.8591359999,216984.0,1858.9200357198715,0.9747161547532147,0.7890711378273838,63208.16128,14.398407431984072,538.2312027816722,Position(31)
64,3840,saved,saved,reconstructed_from_saved_mask,MD-Experiment-0004_Position(31)_t191.png,920421.138432,219445.5,1857.2215512990952,0.9757014456861729,0.7994827807458857,63208.16128,14.56174518911745,541.2754823705254,Position(31)
65,3900,saved,saved,reconstructed_from_saved_mask,MD-Experiment-0004_Position(31)_t194.png,937405.97248,223495.0,1868.008351802826,0.9753112010560653,0.8048594515615008,63208.16128,14.830457863304579,546.2468200439381,Position(31)
66,3960,saved,saved,reconstructed_from_saved_mask,MD-Experiment-0004_Position(31)_t197.png,913880.121344,217886.0,1867.5230687856674,0.9727683265211364,0.7850679352644662,63208.16128,14.458261446582615,539.3487530444819,Position(31)
67,4020,saved,saved,reconstructed_from_saved_mask,MD-Experiment-0004_Position(31)_t200.png,928885.2439039999,221463.5,1883.1382925510406,0.9740289442029129,0.7847793990910925,63208.16128,14.695653616456534,543.7585459235421,Position(31)
68,4080,saved,saved,reconstructed_from_saved_mask,MD-Experiment-0004_Position(31)_t203.png,943403.8271999999,224925.0,1903.322058081627,0.976084465968859,0.7802306945577775,63208.16128,14.925348374253483,547.9915737138524,Position(31)
69,4140,saved,saved,reconstructed_from_saved_mask,MD-Experiment-0004_Position(31)_t206.png,975590.916096,232599.0,1907.949475288391,0.9775572730825968,0.8029416155384211,63208.16128,15.43457199734572,557.2613690759999,Position(31)
70,4200,saved,saved,reconstructed_from_saved_mask,MD-Experiment-0004_Position(31)_t209.png,972810.092544,231936.0,1950.3514947891235,0.9753139632432251,0.7662178266957403,63208.16128,15.390577305905774,556.4665936389385,Position(31)
71,4260,saved,saved,reconstructed_from_saved_mask,MD-Experiment-0004_Position(31)_t212.png,1047238.017024,249681.0,1956.777902007103,0.9777454927084476,0.8194308092086203,63208.16128,16.568082282680823,577.361424071827,Position(31)
72,4320,saved,saved,reconstructed_from_saved_mask,MD-Experiment-0004_Position(31)_t215.png,1061173.592064,253003.5,1956.8195371627808,0.9793772330846859,0.8302996247388451,63208.16128,16.788553417385533,581.1901971911916,Position(31)
73,4380,saved,saved,reconstructed_from_saved_mask,MD-Experiment-0004_Position(31)_t218.png,1009610.9158399999,240710.0,1943.8073397874832,0.979499324511288,0.8005667739243383,63208.16128,15.972793629727935,566.8942897145314,Position(31)
74,4440,saved,saved,reconstructed_from_saved_mask,MD-Experiment-0004_Position(31)_t221.png,1037341.556736,247321.5,1976.7362698316574,0.9765228463975836,0.7953792814154205,63208.16128,16.41151293961513,574.6268988294512,Position(31)
75,4500,saved,saved,reconstructed_from_saved_mask,MD-Experiment-0004_Position(31)_t224.png,1053460.267008,251164.5,1972.04998087883,0.9790614182804752,0.8115817714282995,63208.16128,16.66652289316523,579.074103798868,Position(31)
76,4560,saved,saved,reconstructed_from_saved_mask,MD-Experiment-0004_Position(31)_t227.png,1063199.440896,253486.5,1978.535261631012,0.9782534448125686,0.8137239705393725,63208.16128,16.82060384870604,581.7446974595262,Position(31)
77,4620,saved,saved,reconstructed_from_saved_mask,MD-Experiment-0004_Position(31)_t230.png,1066468.900864,254266.0,2001.1210469007492,0.9755223559924189,0.797905457526258,63208.16128,16.87232913072329,582.6384766324416,Position(31)
78,4680,saved,saved,reconstructed_from_saved_mask,MD-Experiment-0004_Position(31)_t233.png,1068563.955712,254765.5,1991.7068330049515,0.9760531921414779,0.80704853494417,63208.16128,16.905474452554742,583.21048612211,Position(31)
79,4740,saved,saved,reconstructed_from_saved_mask,MD-Experiment-0004_Position(31)_t236.png,1081499.189248,257849.5,2021.848970413208,0.9757158479870737,0.792645019623792,63208.16128,17.110119442601196,586.7298218408476,Position(31)
80,4800,saved,saved,reconstructed_from_saved_mask,MD-Experiment-0004_Position(31)_t239.png,1098911.842304,262001.0,2038.0083475112915,0.9751015106572234,0.792685466948795,63208.16128,17.385600530856003,591.4342765259771,Position(31)
81,4860,saved,saved,reconstructed_from_saved_mask,MD-Experiment-0004_Position(31)_t242.png,1113474.465792,265473.0,2044.4347591400146,0.9769033613677303,0.7981485139048263,63208.16128,17.61599203715992,595.3401804639165,Position(31)
0,0,saved,saved,reconstructed_from_saved_mask,MD-Experiment-0004_Position(32)_t001.png,123555.80723199999,29458.0,673.6711341142654,0.9753658698099463,0.8156751738850451,123555.80723199999,1.0,198.31549343751308,Position(32)
1,60,saved,saved,reconstructed_from_saved_mask,MD-Experiment-0004_Position(32)_t002.png,149917.007872,35743.0,726.5828218460083,0.9835582889613517,0.8508061360131295,123555.80723199999,1.21335460655849,218.44922914203832,Position(32)
2,120,saved,saved,reconstructed_from_saved_mask,MD-Experiment-0004_Position(32)_t005.png,211875.26656,50515.0,862.8082171678543,0.9840744167924804,0.8527106285018715,123555.80723199999,1.7148143119016905,259.695960661451,Position(32)
3,180,saved,saved,reconstructed_from_saved_mask,MD-Experiment-0004_Position(32)_t008.png,251763.09759999998,60025.0,951.033613204956,0.9800880079027504,0.8339697518767493,123555.80723199999,2.037646819200217,283.08776544092217,Position(32)
4,240,saved,saved,reconstructed_from_saved_mask,MD-Experiment-0004_Position(32)_t011.png,286263.34515199997,68250.5,1017.2173768281937,0.9778709076581417,0.8288733194450608,123555.80723199999,2.316874872700115,301.8616451520867,Position(32)
5,300,saved,saved,reconstructed_from_saved_mask,MD-Experiment-0004_Position(32)_t014.png,312467.259392,74498.0,1061.4600179195404,0.9774652137688528,0.8308970121463918,123555.80723199999,2.528956480412791,315.37504304118374,Position(32)
6,360,saved,saved,reconstructed_from_saved_mask,MD-Experiment-0004_Position(32)_t017.png,334481.063936,79746.5,1094.7320959568024,0.98171287177467,0.836191585685058,123555.80723199999,2.707125398872972,326.295310098232,Position(32)
7,420,saved,saved,reconstructed_from_saved_mask,MD-Experiment-0004_Position(32)_t020.png,351392.49766399997,83778.5,1123.8447949886322,0.9813461245622049,0.833546375337163,123555.80723199999,2.8439982347749337,334.44238059382633,Position(32)
8,480,saved,saved,reconstructed_from_saved_mask,MD-Experiment-0004_Position(32)_t023.png,367121.137664,87528.5,1140.8153558969498,0.9814977825372707,0.8451399535389154,123555.80723199999,2.971298119356372,341.84541469133615,Position(32)
9,540,saved,saved,reconstructed_from_saved_mask,MD-Experiment-0004_Position(32)_t026.png,381419.51999999996,90937.5,1163.9280560016632,0.9807807419151311,0.8435301326089469,123555.80723199999,3.0870222010998707,348.4388095483568,Position(32)
10,600,saved,saved,reconstructed_from_saved_mask,MD-Experiment-0004_Position(32)_t029.png,396019.892224,94418.5,1191.2417637109756,0.979180926306183,0.8361171639656659,123555.80723199999,3.205190440627334,355.0451334976139,Position(32)
11,660,saved,saved,reconstructed_from_saved_mask,MD-Experiment-0004_Position(32)_t032.png,409762.52927999996,97695.0,1220.5971021652222,0.9764324907798867,0.8240195815124357,123555.80723199999,3.316416593115622,361.15296490199137,Position(32)
12,720,saved,saved,reconstructed_from_saved_mask,MD-Experiment-0004_Position(32)_t035.png,429737.90207999997,102457.5,1234.1534539461136,0.9823864153910321,0.8453086104211981,123555.80723199999,3.4780874465340483,369.8510817882594,Position(32)
13,780,saved,saved,reconstructed_from_saved_mask,MD-Experiment-0004_Position(32)_t038.png,441593.10233599995,105284.0,1245.9696850776672,0.9844640494457457,0.8522309235989374,123555.80723199999,3.5740376128725644,374.9179245436515,Position(32)
14,840,saved,saved,reconstructed_from_saved_mask,MD-Experiment-0004_Position(32)_t041.png,454094.225408,108264.5,1257.6681698560715,0.9863253936801636,0.860129413727425,123555.80723199999,3.6752155611378914,380.18769207634415,Position(32)
15,900,saved,saved,reconstructed_from_saved_mask,MD-Experiment-0004_Position(32)_t044.png,464361.88159999996,110712.5,1277.6681715250015,0.9847895216704841,0.8522565930250887,123555.80723199999,3.758316925792654,384.46193268018993,Position(32)
16,960,saved,saved,reconstructed_from_saved_mask,MD-Experiment-0004_Position(32)_t047.png,472343.642112,112615.5,1292.638732433319,0.9828376184741059,0.8469420652122385,123555.80723199999,3.822917373888248,387.7520482993067,Position(32)
17,1020,saved,saved,reconstructed_from_saved_mask,MD-Experiment-0004_Position(32)_t050.png,485952.06143999996,115860.0,1321.3666541576385,0.9785142393838046,0.8338668376477633,123555.80723199999,3.933057234028108,393.2980363131055,Position(32)
18,1080,saved,saved,reconstructed_from_saved_mask,MD-Experiment-0004_Position(32)_t053.png,498302.189568,118804.5,1342.153450012207,0.9777906718352634,0.8287783751454677,123555.80723199999,4.033013103401453,398.26437607012224,Position(32)
19,1140,saved,saved,reconstructed_from_saved_mask,MD-Experiment-0004_Position(32)_t056.png,506780.97510399995,120826.0,1355.2245178222656,0.9755636745322056,0.8266996660211846,123555.80723199999,4.10163622784982,401.6383877388523,Position(32)
20,1200,saved,saved,reconstructed_from_saved_mask,MD-Experiment-0004_Position(32)_t059.png,516838.916096,123224.0,1362.3372166156769,0.9785468392025444,0.8343262822281768,123555.80723199999,4.183040260710164,405.604408947772,Position(32)
21,1260,saved,saved,reconstructed_from_saved_mask,MD-Experiment-0004_Position(32)_t062.png,526687.141888,125572.0,1377.7097982168198,0.978363680277992,0.8313562788951276,123555.80723199999,4.262746961776088,409.4505149451338,Position(32)
22,1320,saved,saved,reconstructed_from_saved_mask,MD-Experiment-0004_Position(32)_t065.png,534903.783424,127531.0,1390.3960926532745,0.9788654828471537,0.8289885876902124,123555.80723199999,4.329248421481432,412.6319939376641,Position(32)
23,1380,saved,saved,reconstructed_from_saved_mask,MD-Experiment-0004_Position(32)_t068.png,544944.9471999999,129925.0,1410.0529444217682,0.9762227673858569,0.8211674949836912,123555.80723199999,4.410516667798221,416.4869315112586,Position(32)
24,1440,saved,saved,reconstructed_from_saved_mask,MD-Experiment-0004_Position(32)_t071.png,554560.38912,132217.5,1420.9230031967163,0.9729350861507555,0.8229201849926889,123555.80723199999,4.48833933057234,420.14527766336477,Position(32)
25,1500,saved,saved,reconstructed_from_saved_mask,MD-Experiment-0004_Position(32)_t074.png,568332.3863039999,135501.0,1445.7341833114624,0.9727349083625869,0.8146582593284143,123555.80723199999,4.599803109511847,425.33024486743045,Position(32)
26,1560,saved,saved,reconstructed_from_saved_mask,MD-Experiment-0004_Position(32)_t077.png,579631.8412799999,138195.0,1453.5331733226776,0.9732522025733663,0.8219630564533296,123555.80723199999,4.6912553465951525,429.5375948928543,Position(32)
27,1620,saved,saved,reconstructed_from_saved_mask,MD-Experiment-0004_Position(32)_t080.png,590411.20256,140765.0,1476.8468825817108,0.9709705566879464,0.8110238157586861,123555.80723199999,4.778498200828298,433.51323242608015,Position(32)
28,1680,saved,saved,reconstructed_from_saved_mask,MD-Experiment-0004_Position(32)_t083.png,602482.409472,143643.0,1489.9595832824707,0.9721372495939361,0.8131026099666413,123555.80723199999,4.876196618915065,437.92248993031666,Position(32)
29,1740,saved,saved,reconstructed_from_saved_mask,MD-Experiment-0004_Position(32)_t086.png,613521.8176,146275.0,1500.302726149559,0.9746208789744409,0.816624065067042,123555.80723199999,4.9655441645732905,441.9163494729838,Position(32)
30,1800,saved,saved,reconstructed_from_saved_mask,MD-Experiment-0004_Position(32)_t089.png,622415.8392319999,148395.5,1508.5453666448593,0.9745486665221874,0.8194337454955188,123555.80723199999,5.0375280059746075,445.1079812190818,Position(32)
31,1860,saved,saved,reconstructed_from_saved_mask,MD-Experiment-0004_Position(32)_t092.png,633163.7432319999,150958.0,1518.989018201828,0.9758964098353767,0.8221607302053789,123555.80723199999,5.1245162604385905,448.9346044179272,Position(32)
32,1920,saved,saved,reconstructed_from_saved_mask,MD-Experiment-0004_Position(32)_t095.png,642485.583872,153180.5,1543.0306478738785,0.9725344668315276,0.8084706205713722,123555.80723199999,5.199962658700523,452.2272803326029,Position(32)
33,1980,saved,saved,reconstructed_from_saved_mask,MD-Experiment-0004_Position(32)_t098.png,654303.035392,155998.0,1542.3027296066284,0.9767058919286119,0.8241184556835247,123555.80723199999,5.295607305316043,456.3673133840068,Position(32)
34,2040,saved,saved,reconstructed_from_saved_mask,MD-Experiment-0004_Position(32)_t101.png,666326.007808,158864.5,1561.1727855205536,0.976819186580953,0.8190959530626077,123555.80723199999,5.392915337090095,460.54115528002933,Position(32)
35,2100,saved,saved,reconstructed_from_saved_mask,MD-Experiment-0004_Position(32)_t104.png,677008.9000959999,161411.5,1576.143345117569,0.9748807909621581,0.8164938393336051,123555.80723199999,5.479377418697807,464.21829556251987,Position(32)
36,2160,saved,saved,reconstructed_from_saved_mask,MD-Experiment-0004_Position(32)_t107.png,688243.3433599999,164090.0,1592.586996436119,0.973674763316155,0.8129908323171929,123555.80723199999,5.570303482924842,468.05412111386556,Position(32)
37,2220,saved,saved,reconstructed_from_saved_mask,MD-Experiment-0004_Position(32)_t110.png,703785.336832,167795.5,1611.5991896390915,0.973365160946011,0.8118505568967104,123555.80723199999,5.696092742209247,473.30944472386636,Position(32)
38,2280,saved,saved,reconstructed_from_saved_mask,MD-Experiment-0004_Position(32)_t113.png,720434.62656,171765.0,1733.983964920044,0.9545124909350071,0.7178841813848936,123555.80723199999,5.830843913368185,478.8752071084651,Position(32)
39,2340,saved,saved,reconstructed_from_saved_mask,MD-Experiment-0004_Position(32)_t116.png,727493.640192,173448.0,1643.1555397510529,0.9720786863195651,0.8072755696891016,123555.80723199999,5.887976101568334,481.2155627252168,Position(32)
40,2400,saved,saved,reconstructed_from_saved_mask,MD-Experiment-0004_Position(32)_t119.png,741718.6222079999,176839.5,1660.025596022606,0.9729874717329944,0.8064168120919722,123555.80723199999,6.003106117183787,485.89748941049953,Position(32)
41,2460,saved,saved,reconstructed_from_saved_mask,MD-Experiment-0004_Position(32)_t122.png,757680.04608,180645.0,1666.4692475795746,0.9757737805866148,0.8174123629611911,123555.80723199999,6.132290040057031,491.0978000678216,Position(32)
42,2520,saved,saved,reconstructed_from_saved_mask,MD-Experiment-0004_Position(32)_t125.png,768421.6586239999,183206.0,1676.6113849878311,0.9744844497162279,0.819001571230186,123555.80723199999,6.21922737456718,494.5666898384535,Position(32)
43,2580,saved,saved,reconstructed_from_saved_mask,MD-Experiment-0004_Position(32)_t128.png,783466.627072,186793.0,1716.2682359218597,0.9726421136492629,0.7968932195616927,123555.80723199999,6.340993957498812,499.3847944141738,Position(32)
44,2640,saved,saved,reconstructed_from_saved_mask,MD-Experiment-0004_Position(32)_t131.png,799082.020864,190516.0,1722.20936191082,0.9745263330196015,0.8071782058167433,123555.80723199999,6.467377282911263,504.33689842478634,Position(32)
45,2700,saved,saved,reconstructed_from_saved_mask,MD-Experiment-0004_Position(32)_t134.png,813816.6108159999,194029.0,1743.1210501194,0.9726251942453256,0.8024563432230823,123555.80723199999,6.586631814787155,508.9654927038956,Position(32)
46,2760,saved,saved,reconstructed_from_saved_mask,MD-Experiment-0004_Position(32)_t137.png,831059.3945599999,198140.0,1763.9494769573212,0.969924223140334,0.8002206215025189,123555.80723199999,6.726186434924299,514.3290982380479,Position(32)
47,2820,saved,saved,reconstructed_from_saved_mask,MD-Experiment-0004_Position(32)_t140.png,845819.1503359999,201659.0,1778.4347604513168,0.9695656981859617,0.801219658892617,123555.80723199999,6.84564464661552,518.8762834005064,Position(32)
48,2880,saved,saved,reconstructed_from_saved_mask,MD-Experiment-0004_Position(32)_t143.png,858221.707264,204616.0,1795.4641942977905,0.9690207546499651,0.7976198565015179,123555.80723199999,6.94602484893747,522.6666757692348,Position(32)
49,2940,saved,saved,reconstructed_from_saved_mask,MD-Experiment-0004_Position(32)_t146.png,876318.031872,208930.5,1823.0205425024033,0.9672215766789655,0.7900027128567267,123555.80723199999,7.092487609477901,528.1483626652456,Position(32)
50,3000,saved,saved,reconstructed_from_saved_mask,MD-Experiment-0004_Position(32)_t149.png,892686.303232,212833.0,1831.9494750499725,0.9687371274206139,0.7969330670133832,123555.80723199999,7.224964356032317,533.0580414735405,Position(32)
51,3060,saved,saved,reconstructed_from_saved_mask,MD-Experiment-0004_Position(32)_t152.png,905736.8801279999,215944.5,1843.2215547561646,0.9696654692411316,0.7987243606898499,123555.80723199999,7.330589313599022,536.9404093807852,Position(32)
52,3120,saved,saved,reconstructed_from_saved_mask,MD-Experiment-0004_Position(32)_t155.png,919949.279232,219333.0,1858.8367774486542,0.9690785418733141,0.7976848244698219,123555.80723199999,7.4456174893068106,541.1367205865798,Position(32)
53,3180,saved,saved,reconstructed_from_saved_mask,MD-Experiment-0004_Position(32)_t158.png,937930.2604799999,223620.0,1865.8662148714066,0.9694158448032947,0.8071597647951468,123555.80723199999,7.59114671736031,546.3995556931959,Position(32)
54,3240,saved,saved,reconstructed_from_saved_mask,MD-Experiment-0004_Position(32)_t161.png,950532.0468479999,226624.5,1870.4520030021667,0.9718031732418525,0.8139984654188019,123555.80723199999,7.693139384886957,550.0579493528227,Position(32)
55,3300,saved,saved,reconstructed_from_saved_mask,MD-Experiment-0004_Position(32)_t164.png,965847.5479039999,230276.0,1890.6946412324905,0.9723754106529064,0.8094979521042373,123555.80723199999,7.817095525833389,554.471661173243,Position(32)
56,3360,saved,saved,reconstructed_from_saved_mask,MD-Experiment-0004_Position(32)_t167.png,981454.5530879999,233997.0,1916.6946449279785,0.9673554684189529,0.8004132965519295,123555.80723199999,7.943410957974065,558.9335265378204,Position(32)
57,3420,saved,saved,reconstructed_from_saved_mask,MD-Experiment-0004_Position(32)_t170.png,997046.878208,237714.5,1922.250993013382,0.9714964710305735,0.8084354508709904,123555.80723199999,8.06960757688913,563.3559073288327,Position(32)
58,3480,saved,saved,reconstructed_from_saved_mask,MD-Experiment-0004_Position(32)_t173.png,1011485.7697279999,241157.0,1943.0377898216248,0.9715395322323006,0.8026888719761397,123555.80723199999,8.18646887093489,567.420408725879,Position(32)
59,3540,saved,saved,reconstructed_from_saved_mask,MD-Experiment-0004_Position(32)_t176.png,1031358.38208,245895.0,1957.4641947746277,0.9722321068488601,0.8064397164791225,123555.80723199999,8.347308031774052,572.9673369526254,Position(32)
60,3600,saved,saved,reconstructed_from_saved_mask,MD-Experiment-0004_Position(32)_t179.png,1047433.05216,249727.5,1980.878407239914,0.971262054360572,0.799761691490713,123555.80723199999,8.47740851381628,577.4151847831766,Position(32)
61,3660,saved,saved,reconstructed_from_saved_mask,MD-Experiment-0004_Position(32)_t182.png,1063893.598208,253652.0,1985.1210474967957,0.9724279646071982,0.8088615045840952,123555.80723199999,8.610632086360242,581.9345754956067,Position(32)
62,3720,saved,saved,reconstructed_from_saved_mask,MD-Experiment-0004_Position(32)_t185.png,1079049.715712,257265.5,2006.5352619886398,0.9717280987193603,0.8029672299936141,123555.80723199999,8.733298255142914,586.0650067995344,Position(32)
63,3780,saved,saved,reconstructed_from_saved_mask,MD-Experiment-0004_Position(32)_t188.png,1095600.439296,261211.5,2009.7900960445404,0.974491604147003,0.8126447867368135,123555.80723199999,8.867251680358477,590.5425057819469,Position(32)
64,3840,saved,saved,reconstructed_from_saved_mask,MD-Experiment-0004_Position(32)_t191.png,1113816.3015679999,265554.5,2032.96166908741,0.9745673607122607,0.8074304968961157,123555.80723199999,9.014681920021726,595.4315579323628,Position(32)
65,3900,saved,saved,reconstructed_from_saved_mask,MD-Experiment-0004_Position(32)_t194.png,1129282.797568,269242.0,2055.8905996084213,0.9728479728570061,0.8004840271618026,123555.80723199999,9.13986013986014,599.5513979328067,Position(32)
66,3960,saved,saved,reconstructed_from_saved_mask,MD-Experiment-0004_Position(32)_t197.png,1145575.571456,273126.5,2081.162677168846,0.9726380826893629,0.7924313448493698,123555.80723199999,9.271725846968566,603.8609357833062,Position(32)
67,4020,saved,saved,reconstructed_from_saved_mask,MD-Experiment-0004_Position(32)_t200.png,1165653.704704,277913.5,2090.8195317983627,0.9745213102624838,0.7988889436877582,123555.80723199999,9.434228392966258,609.1297875445299,Position(32)
68,4080,saved,saved,reconstructed_from_saved_mask,MD-Experiment-0004_Position(32)_t203.png,1182560.944128,281944.5,2099.304812669754,0.9752153159697001,0.8039378726364746,123555.80723199999,9.571067282232331,613.5314495042448,Position(32)
69,4140,saved,saved,reconstructed_from_saved_mask,MD-Experiment-0004_Position(32)_t206.png,1204553.777152,287188.0,2117.5474519729614,0.9748768623404133,0.8048405530784746,123555.80723199999,9.749066467513071,619.2102839161413,Position(32)
70,4200,saved,saved,reconstructed_from_saved_mask,MD-Experiment-0004_Position(32)_t209.png,1223541.39136,291715.0,2140.0327352285385,0.973741703009031,0.8004381727872624,123555.80723199999,9.902742888179782,624.0715672300402,Position(32)
71,4260,saved,saved,reconstructed_from_saved_mask,MD-Experiment-0004_Position(32)_t212.png,1241230.86848,295932.5,2146.902794122696,0.9739812005081655,0.8068220609127662,123555.80723199999,10.04591282503904,628.5666682808408,Position(32)
72,4320,saved,saved,reconstructed_from_saved_mask,MD-Experiment-0004_Position(32)_t215.png,1253058.80576,298752.5,2185.0449281930923,0.9676742811333436,0.7863224401481373,123555.80723199999,10.14164233824428,631.554436167669,Position(32)
73,4380,saved,saved,reconstructed_from_saved_mask,MD-Experiment-0004_Position(32)_t218.png,1269351.579648,302637.0,2193.1454347372055,0.9687623541312215,0.7906732079857002,123555.80723199999,10.273508045352706,635.647037942418,Position(32)
74,4440,saved,saved,reconstructed_from_saved_mask,MD-Experiment-0004_Position(32)_t221.png,1287110.262784,306871.0,2209.772850036621,0.969258126871423,0.7897151066236088,123555.80723199999,10.417238101704122,640.0780587184378,Position(32)
75,4500,saved,saved,reconstructed_from_saved_mask,MD-Experiment-0004_Position(32)_t224.png,1302392.2094079999,310514.5,2208.8439195156097,0.968176390071121,0.7997637051629007,123555.80723199999,10.540922669563447,643.8666911273763,Position(32)
76,4560,saved,saved,reconstructed_from_saved_mask,MD-Experiment-0004_Position(32)_t227.png,1320891.1872,314925.0,2219.571842312813,0.9683072878632978,0.8033015199308837,123555.80723199999,10.690644307149162,648.4232594986119,Position(32)
77,4620,saved,saved,reconstructed_from_saved_mask,MD-Experiment-0004_Position(32)_t230.png,1339490.8282879998,319359.5,2239.3291959762573,0.9687571096193339,0.8003018464662166,123555.80723199999,10.841180663996198,652.9725668790265,Position(32)
78,4680,saved,saved,reconstructed_from_saved_mask,MD-Experiment-0004_Position(32)_t233.png,1355871.6825599999,323265.0,2255.2875660657883,0.9705063811774031,0.7986650849351662,123555.80723199999,10.97375925045828,656.9530888545227,Position(32)
79,4740,saved,saved,reconstructed_from_saved_mask,MD-Experiment-0004_Position(32)_t236.png,1375178.063872,327868.0,2275.2875682115555,0.971529827306238,0.7958593221676582,123555.80723199999,11.130015615452509,661.6137642110705,Position(32)
80,4800,saved,saved,reconstructed_from_saved_mask,MD-Experiment-0004_Position(32)_t239.png,1392041.263104,331888.5,2272.8439185619354,0.9720927371699962,0.8073518463603397,123555.80723199999,11.266498065041754,665.6579422058858,Position(32)
81,4860,saved,saved,reconstructed_from_saved_mask,MD-Experiment-0004_Position(32)_t242.png,1413853.7410559999,337089.0,2293.5718405246735,0.972409048228274,0.8052481745022102,123555.80723199999,11.443037544979292,670.8529074216359,Position(32)
82,4920,saved,saved,reconstructed_from_saved_mask,MD-Experiment-0004_Position(32)_t245.png,1432931.5328,341637.5,2312.5007704496384,0.9721767710541668,0.8028078805726508,123555.80723199999,11.597443818317604,675.3638079692549,Position(32)
83,4980,saved,saved,reconstructed_from_saved_mask,MD-Experiment-0004_Position(32)_t248.png,1450990.108672,345943.0,2326.5424016714096,0.9737851014479699,0.8031422394042678,123555.80723199999,11.74360105913504,679.6061332457134,Position(32)
0,0,saved,saved,reconstructed_from_saved_mask,MD-Experiment-0004_Position(33)_t001.png,92759.130112,22115.5,577.1442240476608,0.979276905705493,0.8343301142566758,92759.130112,1.0,171.83174371593321,Position(33)
1,60,saved,saved,reconstructed_from_saved_mask,MD-Experiment-0004_Position(33)_t002.png,107237.86752,25567.5,621.4873685836792,0.9807249712313003,0.8318279639193319,92759.130112,1.1560896204019806,184.75625403456206,Position(33)
2,120,2,0.5,auto,MD-Experiment-0004_Position(33)_t005.png,174034.25587199998,41493.0,779.5533841848373,0.9861675579322638,0.8580112408379474,92759.130112,1.87619542854559,235.36529943621048,Position(33)
3,180,saved,saved,reconstructed_from_saved_mask,MD-Experiment-0004_Position(33)_t008.png,199455.932416,47554.0,847.3523743152618,0.9793741182770233,0.8322787688346962,92759.130112,2.150256607356831,251.96982983289647,Position(33)
4,240,saved,saved,reconstructed_from_saved_mask,MD-Experiment-0004_Position(33)_t011.png,230344.88422399998,54918.5,908.8498462438583,0.9801711598354438,0.8354957683748312,92759.130112,2.4832583482173134,270.77860676272024,Position(33)
5,300,saved,saved,reconstructed_from_saved_mask,MD-Experiment-0004_Position(33)_t014.png,257299.57888,61345.0,968.2051875591278,0.978396956913532,0.8223453184764234,92759.130112,2.7738463973231444,286.1835069818491,Position(33)
6,360,saved,saved,reconstructed_from_saved_mask,MD-Experiment-0004_Position(33)_t017.png,282622.68928,67382.5,1004.8742332458496,0.9798810458656895,0.8385588821506113,92759.130112,3.0468449729827496,299.9359865999304,Position(33)
7,420,saved,saved,reconstructed_from_saved_mask,MD-Experiment-0004_Position(33)_t020.png,304963.649536,72709.0,1053.2590098381042,0.9800773720463154,0.8236214903061432,92759.130112,3.28769415116095,311.5653134962196,Position(33)
8,480,saved,saved,reconstructed_from_saved_mask,MD-Experiment-0004_Position(33)_t023.png,325488.47615999996,77602.5,1079.5016503334045,0.9800894176486189,0.8368333030366902,92759.130112,3.50896430105582,321.8791695661977,Position(33)
9,540,saved,saved,reconstructed_from_saved_mask,MD-Experiment-0004_Position(33)_t026.png,341636.54656,81452.5,1104.472212433815,0.981142643764003,0.8390825605194773,92759.130112,3.6830503493025253,329.7670242030529,Position(33)
10,600,saved,saved,reconstructed_from_saved_mask,MD-Experiment-0004_Position(33)_t029.png,353143.619584,84196.0,1130.2295721769333,0.976247760726771,0.8282624845997284,92759.130112,3.807103615111573,335.2746715102632,Position(33)
11,660,saved,saved,reconstructed_from_saved_mask,MD-Experiment-0004_Position(33)_t032.png,370419.95775999996,88315.0,1157.3422688245773,0.9762662775530057,0.8285537887883401,92759.130112,3.9933530781578526,343.3778306687695,Position(33)
12,720,saved,saved,reconstructed_from_saved_mask,MD-Experiment-0004_Position(33)_t035.png,391500.529664,93341.0,1184.655977845192,0.9794695558645296,0.8357912359925587,92759.130112,4.220614501141733,353.0134403082149,Position(33)
13,780,saved,saved,reconstructed_from_saved_mask,MD-Experiment-0004_Position(33)_t038.png,406618.89843199996,96945.5,1209.5849077701569,0.9789953092890216,0.8326544359142211,92759.130112,4.383599737740498,359.7649444846847,Position(33)
14,840,saved,saved,reconstructed_from_saved_mask,MD-Experiment-0004_Position(33)_t041.png,419675.766784,100058.5,1222.5554720163345,0.9793238785956876,0.8412531517598082,92759.130112,4.524360742465691,365.49547953307183,Position(33)
15,900,saved,saved,reconstructed_from_saved_mask,MD-Experiment-0004_Position(33)_t044.png,434133.532672,103505.5,1234.697605252266,0.9807787063884625,0.8532024228006357,92759.130112,4.680224277090728,371.73780460613807,Position(33)
16,960,saved,saved,reconstructed_from_saved_mask,MD-Experiment-0004_Position(33)_t047.png,444613.001216,106004.0,1255.9696862697601,0.98002126380992,0.8444497324074227,92759.130112,4.793199339829531,376.1977057517743,Position(33)
17,1020,saved,saved,reconstructed_from_saved_mask,MD-Experiment-0004_Position(33)_t050.png,454773.702656,108426.5,1275.8103061914444,0.9799848157554614,0.8370918059638423,92759.130112,4.902737898758789,380.47202989419924,Position(33)
18,1080,saved,saved,reconstructed_from_saved_mask,MD-Experiment-0004_Position(33)_t053.png,463999.07430399995,110626.0,1288.739236831665,0.9809226131098845,0.8370221891262719,92759.130112,5.002193032036354,384.31171271650106,Position(33)
19,1140,saved,saved,reconstructed_from_saved_mask,MD-Experiment-0004_Position(33)_t056.png,474503.708672,113130.5,1319.266147017479,0.9758560159407226,0.8168169358681384,92759.130112,5.11543939770749,388.63764807487564,Position(33)
20,1200,saved,saved,reconstructed_from_saved_mask,MD-Experiment-0004_Position(33)_t059.png,483401.924608,115252.0,1323.2245194911957,0.9768029223063167,0.8271632957910562,92759.130112,5.2113675928647325,392.2647213336905,Position(33)
21,1260,saved,saved,reconstructed_from_saved_mask,MD-Experiment-0004_Position(33)_t062.png,496368.61542399996,118343.5,1348.0945765972137,0.9742410833727798,0.8183018826051602,92759.130112,5.351156428749067,397.4909275452953,Position(33)
22,1320,saved,saved,reconstructed_from_saved_mask,MD-Experiment-0004_Position(33)_t065.png,505757.564928,120582.0,1360.2783418893814,0.9739356589585572,0.8189111421871675,92759.130112,5.452375031086794,401.2326419034508,Position(33)
23,1380,saved,saved,reconstructed_from_saved_mask,MD-Experiment-0004_Position(33)_t068.png,515662.413824,122943.5,1379.2072743177414,0.969559199864357,0.8121876071662641,92759.130112,5.559155343537338,405.14249870085985,Position(33)
24,1440,saved,saved,reconstructed_from_saved_mask,MD-Experiment-0004_Position(33)_t071.png,526781.513728,125594.5,1396.0357011556625,0.9687943535945696,0.8098180189175632,92759.130112,5.679026022472926,409.4871959884517,Position(33)
25,1500,saved,saved,reconstructed_from_saved_mask,MD-Experiment-0004_Position(33)_t074.png,537411.977216,128129.0,1412.1362026929855,0.9696678447369018,0.8074285961667906,92759.130112,5.793628902805724,413.59828977092116,Position(33)
26,1560,saved,saved,reconstructed_from_saved_mask,MD-Experiment-0004_Position(33)_t077.png,549036.490752,130900.5,1428.2367116212845,0.9700177477741179,0.8064004943468381,92759.130112,5.918948248965658,418.0475366295285,Position(33)
27,1620,saved,saved,reconstructed_from_saved_mask,MD-Experiment-0004_Position(33)_t080.png,560864.428032,133720.5,1437.3494077920914,0.9711495863987276,0.8133606302680242,92759.130112,6.046460627161945,422.5265580426901,Position(33)
28,1680,saved,saved,reconstructed_from_saved_mask,MD-Experiment-0004_Position(33)_t083.png,572021.276672,136380.5,1447.8935627937317,0.9732600667249469,0.8175020827495519,92759.130112,6.1667382604960315,426.70836348983244,Position(33)
29,1740,saved,saved,reconstructed_from_saved_mask,MD-Experiment-0004_Position(33)_t086.png,583222.1655039999,139051.0,1463.5920497179031,0.9722690309543621,0.8157252338150135,92759.130112,6.2874906739617,430.86585049344785,Position(33)
30,1800,saved,saved,reconstructed_from_saved_mask,MD-Experiment-0004_Position(33)_t089.png,589178.0771839999,140471.0,1471.4499135017395,0.9726460395439737,0.8152777134940246,92759.130112,6.351699034613731,433.0602806658949,Position(33)
31,1860,saved,saved,reconstructed_from_saved_mask,MD-Experiment-0004_Position(33)_t092.png,598455.877632,142683.0,1483.5920481681824,0.973364031721668,0.8146163121234218,92759.130112,6.451719382333658,436.4566671447035,Position(33)
32,1920,saved,saved,reconstructed_from_saved_mask,MD-Experiment-0004_Position(33)_t095.png,605850.435584,144446.0,1513.533174276352,0.9715161991108481,0.7923763322563038,92759.130112,6.531437227284031,439.1448316844262,Position(33)
33,1980,saved,saved,reconstructed_from_saved_mask,MD-Experiment-0004_Position(33)_t098.png,617560.9323519999,147238.0,1522.018455862999,0.973281332628239,0.7987114976468614,92759.130112,6.657683525129433,443.36863904489314,Position(33)
34,2040,saved,saved,reconstructed_from_saved_mask,MD-Experiment-0004_Position(33)_t101.png,630668.132352,150363.0,1527.8763200044632,0.9747816898212677,0.8094209596954369,92759.130112,6.798987135719292,448.0489944511749,Position(33)
35,2100,saved,saved,reconstructed_from_saved_mask,MD-Experiment-0004_Position(33)_t104.png,640707.198976,152756.5,1540.8885114192963,0.9766196651823532,0.8084759937715611,92759.130112,6.907214397142275,451.60096942232735,Position(33)
36,2160,saved,saved,reconstructed_from_saved_mask,MD-Experiment-0004_Position(33)_t107.png,651815.81312,155405.0,1563.8174452781677,0.975270716775811,0.7985511591999851,92759.130112,7.0269720331893915,455.4990859343432,Position(33)
37,2220,saved,saved,reconstructed_from_saved_mask,MD-Experiment-0004_Position(33)_t110.png,663358.537728,158157.0,1575.47429895401,0.9757296827090955,0.8007107087669766,92759.130112,7.151409644819244,459.5145053676168,Position(33)
38,2280,saved,saved,reconstructed_from_saved_mask,MD-Experiment-0004_Position(33)_t113.png,677843.566592,161610.5,1589.5748044252396,0.9746169780996807,0.8037435434244744,92759.130112,7.307567090954308,464.50436869023554,Position(33)
39,2340,saved,saved,reconstructed_from_saved_mask,MD-Experiment-0004_Position(33)_t116.png,687924.576256,164014.0,1600.9890187978745,0.9736513260414656,0.8041074358658497,92759.130112,7.4162465239311794,467.9457164790375,Position(33)
40,2400,saved,saved,reconstructed_from_saved_mask,MD-Experiment-0004_Position(33)_t119.png,702961.156096,167599.0,1606.5869997739792,0.9723521954926914,0.8159673667921823,92759.130112,7.578350025999864,473.0322246829952,Position(33)
41,2460,saved,saved,reconstructed_from_saved_mask,MD-Experiment-0004_Position(33)_t122.png,713629.36832,170142.5,1624.3443574905396,0.9728599282973772,0.8103384858055857,92759.130112,7.693359860731162,476.6081021209665,Position(33)
42,2520,saved,saved,reconstructed_from_saved_mask,MD-Experiment-0004_Position(33)_t125.png,727296.507904,173401.0,1674.3859857320786,0.9678906635929524,0.7772313342499211,92759.130112,7.840699961565418,481.1503597138743,Position(33)
43,2580,saved,saved,reconstructed_from_saved_mask,MD-Experiment-0004_Position(33)_t128.png,739030.0733439999,176198.5,1679.5991880893707,0.9668751886300656,0.7848754749141957,92759.130112,7.967194953765458,485.0160600769083,Position(33)
44,2640,saved,saved,reconstructed_from_saved_mask,MD-Experiment-0004_Position(33)_t131.png,750157.561856,178851.5,1714.368742465973,0.9666107296404087,0.764705073170751,92759.130112,8.087156067011824,488.6538326200801,Position(33)
45,2700,saved,saved,reconstructed_from_saved_mask,MD-Experiment-0004_Position(33)_t134.png,762167.95136,181715.0,1716.1849755048752,0.9682042811663314,0.7753047616899764,92759.130112,8.216635391467522,492.5500927320332,Position(33)
46,2760,saved,saved,reconstructed_from_saved_mask,MD-Experiment-0004_Position(33)_t137.png,772209.115136,184109.0,1728.9545294046402,0.9692982802509207,0.7739586166833697,92759.130112,8.3248852614682,495.78402107069354,Position(33)
47,2820,saved,saved,reconstructed_from_saved_mask,MD-Experiment-0004_Position(33)_t140.png,787119.865856,187664.0,1716.1261031627655,0.9739924743739458,0.8007416867723491,92759.130112,8.485632248875223,500.54773490010314,Position(33)
48,2880,saved,saved,reconstructed_from_saved_mask,MD-Experiment-0004_Position(33)_t143.png,798440.292352,190363.0,1735.7829537391663,0.9746685406058558,0.7939653807006717,92759.130112,8.607673351269472,504.13434576818673,Position(33)
49,2940,saved,saved,reconstructed_from_saved_mask,MD-Experiment-0004_Position(33)_t146.png,811297.931264,193428.5,1757.197170138359,0.9738744068372626,0.7872077075219623,92759.130112,8.7462865411137,508.17728418514406,Position(33)
50,3000,saved,saved,reconstructed_from_saved_mask,MD-Experiment-0004_Position(33)_t149.png,824214.290432,196508.0,1751.7829537391663,0.9762965833494801,0.8046916736435572,92759.130112,8.885532771133368,512.206556945988,Position(33)
51,3060,saved,saved,reconstructed_from_saved_mask,MD-Experiment-0004_Position(33)_t152.png,833009.74592,198605.0,1762.9545283317566,0.9771055085027195,0.8030042067725488,92759.130112,8.980353145983587,514.9322648793564,Position(33)
52,3120,saved,saved,reconstructed_from_saved_mask,MD-Experiment-0004_Position(33)_t155.png,847907.913728,202157.0,1780.2682369947433,0.9764647067205399,0.8015447268519386,92759.130112,9.140964481924442,519.5165748203758,Position(33)
53,3180,saved,saved,reconstructed_from_saved_mask,MD-Experiment-0004_Position(33)_t158.png,861516.333056,205401.5,1777.5403156280518,0.9807574314274595,0.8169106458019499,92759.130112,9.287671542583256,523.6689468743895,Position(33)
54,3240,saved,saved,reconstructed_from_saved_mask,MD-Experiment-0004_Position(33)_t161.png,874900.35712,208592.5,1797.197169303894,0.9795351501874849,0.8115533997949396,92759.130112,9.431959485428772,527.7209803456984,Position(33)
55,3300,saved,saved,reconstructed_from_saved_mask,MD-Experiment-0004_Position(33)_t164.png,890327.007232,212270.5,1805.8245841264725,0.9808175693783442,0.817990735018078,92759.130112,9.59826818294861,532.353161292739,Position(33)
56,3360,saved,saved,reconstructed_from_saved_mask,MD-Experiment-0004_Position(33)_t167.png,906351.3456639999,216091.0,1814.0672253370285,0.9826181657788176,0.825163081936368,92759.130112,9.771020325111346,537.1225127294828,Position(33)
57,3420,saved,saved,reconstructed_from_saved_mask,MD-Experiment-0004_Position(33)_t170.png,917438.988288,218734.5,1834.3098670244217,0.9808172187657642,0.8169241734125263,92759.130112,9.89055187538152,540.397908899105,Position(33)
58,3480,saved,saved,reconstructed_from_saved_mask,MD-Experiment-0004_Position(33)_t173.png,934404.947968,222779.5,1846.594138622284,0.979896635144051,0.8209981594462761,92759.130112,10.073455268929031,545.3717380257845,Position(33)
59,3540,saved,saved,reconstructed_from_saved_mask,MD-Experiment-0004_Position(33)_t176.png,947304.52992,225855.0,1881.322058558464,0.9768688122558963,0.8018871945059012,92759.130112,10.212520630327147,549.1232986317594,Position(33)
60,3600,saved,saved,reconstructed_from_saved_mask,MD-Experiment-0004_Position(33)_t179.png,961391.099904,229213.5,1880.7362722158432,0.9779671683502043,0.8143184143524449,92759.130112,10.364382446700278,553.1910082318326,Position(33)
61,3660,saved,saved,reconstructed_from_saved_mask,MD-Experiment-0004_Position(33)_t182.png,972571.017216,231879.0,1883.5230674743652,0.9769352463730259,0.8213521457415657,92759.130112,10.484908774389003,556.3982115317037,Position(33)
62,3720,saved,saved,reconstructed_from_saved_mask,MD-Experiment-0004_Position(33)_t185.png,983654.465536,234521.5,1926.3931294679642,0.9743736224471778,0.7941502665025726,92759.130112,10.604395107503787,559.5595955471961,Position(33)
63,3780,saved,saved,reconstructed_from_saved_mask,MD-Experiment-0004_Position(33)_t188.png,999020.2982399999,238185.0,1923.3809328079224,0.9758960617532819,0.8090840858523841,92759.130112,10.770048156270489,563.9131470608493,Position(33)
64,3840,saved,saved,reconstructed_from_saved_mask,MD-Experiment-0004_Position(33)_t191.png,1012630.8147199999,241430.0,1937.8073385953903,0.9770854580480145,0.8079414806003083,92759.130112,10.916777825506996,567.7414899227662,Position(33)
65,3900,saved,saved,reconstructed_from_saved_mask,MD-Experiment-0004_Position(33)_t194.png,1024494.403584,244258.5,1952.2509915828705,0.977061357718016,0.8053566435225551,92759.130112,11.044674549524089,571.057525124005,Position(33)
66,3960,saved,saved,reconstructed_from_saved_mask,MD-Experiment-0004_Position(33)_t197.png,1041311.465472,248268.0,1960.4347556829453,0.9786486758158264,0.811756590054679,92759.130112,11.2259727340553,575.7253981337532,Position(33)
67,4020,saved,saved,reconstructed_from_saved_mask,MD-Experiment-0004_Position(33)_t200.png,1056777.961472,251955.5,1973.90784573555,0.9785572663913017,0.8126058801883567,92759.130112,11.392710994551333,579.9852348445525,Position(33)
68,4080,saved,saved,reconstructed_from_saved_mask,MD-Experiment-0004_Position(33)_t203.png,1073047.6666879999,255834.5,1983.9078454971313,0.9791152792953464,0.8168192875538514,92759.130112,11.56810834030431,584.432785402427,Position(33)
69,4140,saved,saved,reconstructed_from_saved_mask,MD-Experiment-0004_Position(33)_t206.png,1087417.352192,259260.5,2005.8489714860916,0.9804133262743912,0.8097477651145459,92759.130112,11.723022314666185,588.3329785168553,Position(33)
70,4200,saved,saved,reconstructed_from_saved_mask,MD-Experiment-0004_Position(33)_t209.png,1104068.739072,263230.5,2016.3342512845993,0.9778413829354503,0.8136188798093413,92759.130112,11.902534421559539,592.8203730246537,Position(33)
71,4260,saved,saved,reconstructed_from_saved_mask,MD-Experiment-0004_Position(33)_t212.png,1120097.271808,267052.0,2034.4347537755966,0.979094715384559,0.8108082639632741,92759.130112,12.075331780877665,597.1080598216531,Position(33)
72,4320,saved,saved,reconstructed_from_saved_mask,MD-Experiment-0004_Position(33)_t215.png,1134699.741184,270533.5,2067.1038011312485,0.9770908690336666,0.7956211950298498,92759.130112,12.232755307363613,600.9876416941165,Position(33)
73,4380,saved,saved,reconstructed_from_saved_mask,MD-Experiment-0004_Position(33)_t218.png,1151497.9287039998,274538.5,2080.074366092682,0.9775619569861843,0.7973617465611116,92759.130112,12.413850014695575,605.4198333608182,Position(33)
74,4440,saved,saved,reconstructed_from_saved_mask,MD-Experiment-0004_Position(33)_t221.png,1167690.039296,278399.0,2089.4885778427124,0.9769551455261329,0.8013044086147695,92759.130112,12.588410843073863,609.66161393535,Position(33)
75,4500,saved,saved,reconstructed_from_saved_mask,MD-Experiment-0004_Position(33)_t224.png,1184085.573632,282308.0,2101.9738599061966,0.9771638130807478,0.8029313732629724,92759.130112,12.765164703488503,613.9268231431744,Position(33)
76,4560,saved,saved,reconstructed_from_saved_mask,MD-Experiment-0004_Position(33)_t227.png,1198220.378112,285678.0,2114.6601502895355,0.9759978954812635,0.8027965513226208,92759.130112,12.917546517148606,617.580271851303,Position(33)
77,4620,saved,saved,reconstructed_from_saved_mask,MD-Experiment-0004_Position(33)_t230.png,1217069.580288,290172.0,2145.689589858055,0.9750354080876609,0.7920116663350686,92759.130112,13.120752413465668,622.418893976739,Position(33)
78,4680,saved,saved,reconstructed_from_saved_mask,MD-Experiment-0004_Position(33)_t233.png,1233674.829824,294131.0,2151.630714774132,0.9731815978546602,0.7983901917445605,92759.130112,13.299767131649746,626.6505363191551,Position(33)
79,4740,saved,saved,reconstructed_from_saved_mask,MD-Experiment-0004_Position(33)_t236.png,1245309.82912,296905.0,2167.973861217499,0.9733792312105565,0.7938149832703165,92759.130112,13.425199520698152,629.5986260870834,Position(33)
80,4800,saved,saved,reconstructed_from_saved_mask,MD-Experiment-0004_Position(33)_t239.png,1256663.810048,299612.0,2198.660150051117,0.9705462667372844,0.7788482664228137,92759.130112,13.54760236033551,632.4622631807115,Position(33)
81,4860,saved,saved,reconstructed_from_saved_mask,MD-Experiment-0004_Position(33)_t242.png,1275588.509696,304124.0,2198.4591414928436,0.9704376516687754,0.7907218879678836,92759.130112,13.751622165449572,637.2067430109987,Position(33)
82,4920,saved,saved,reconstructed_from_saved_mask,MD-Experiment-0004_Position(33)_t245.png,1292921.470976,308256.5,2217.044928431511,0.972575986319544,0.7880851038832388,92759.130112,13.9384820600936,641.5213841104206,Position(33)
83,4980,saved,saved,reconstructed_from_saved_mask,MD-Experiment-0004_Position(33)_t248.png,1308845.1461119999,312053.0,2210.8855476379395,0.9744971808400176,0.8022425720323626,92759.130112,14.110148990527005,645.4597969595919,Position(33)
0,0,saved,saved,reconstructed_from_saved_mask,MD-Experiment-0004_Position(4)_t001.png,84802.535424,20218.5,565.4873685836792,0.9660057333970378,0.7945349020804365,84802.535424,1.0,164.2969427558234,Position(4)
1,60,saved,saved,reconstructed_from_saved_mask,MD-Experiment-0004_Position(4)_t002.png,87451.2384,20850.0,576.215289235115,0.9640726869191288,0.7891260279927643,84802.535424,1.031233771051265,166.84302125571674,Position(4)
2,120,saved,saved,reconstructed_from_saved_mask,MD-Experiment-0004_Position(4)_t005.png,113256.69376,27002.5,638.3990571498871,0.9710509754562618,0.8325865003374097,84802.535424,1.3355342879046417,189.87028545904184,Position(4)
3,180,saved,saved,reconstructed_from_saved_mask,MD-Experiment-0004_Position(4)_t008.png,128479.920128,30632.0,688.9259686470032,0.9698428026405357,0.8110359520908184,84802.535424,1.5150480995128224,202.22865462848284,Position(4)
4,240,saved,saved,reconstructed_from_saved_mask,MD-Experiment-0004_Position(4)_t011.png,147679.346688,35209.5,742.7665877342224,0.9650272025873292,0.8019827056248189,84802.535424,1.7414496624378661,216.8128133574071,Position(4)
5,300,saved,saved,reconstructed_from_saved_mask,MD-Experiment-0004_Position(4)_t014.png,162357.313536,38709.0,774.322935461998,0.9680880330123797,0.8112927023606347,84802.535424,1.914533719118629,227.3322194339161,Position(4)
6,360,saved,saved,reconstructed_from_saved_mask,MD-Experiment-0004_Position(4)_t017.png,184320.786432,43945.5,831.1929943561554,0.9671104753521127,0.7993197168252908,84802.535424,2.173529193560353,242.2212388509247,Position(4)
7,420,saved,saved,reconstructed_from_saved_mask,MD-Experiment-0004_Position(4)_t020.png,194991.09580799998,46489.5,856.5067015886307,0.9664975780129311,0.7963485774299073,84802.535424,2.2993545515245937,249.13368602719524,Position(4)
8,480,saved,saved,reconstructed_from_saved_mask,MD-Experiment-0004_Position(4)_t023.png,206309.42515199998,49188.0,890.7493405342102,0.961416676439545,0.7790368647877558,84802.535424,2.432821425921804,256.2622282716991,Position(4)
9,540,saved,saved,reconstructed_from_saved_mask,MD-Experiment-0004_Position(4)_t026.png,216832.933888,51697.0,902.2640610933304,0.969415691569157,0.798009180628319,84802.535424,2.5569156960209707,262.7167038975381,Position(4)
10,600,saved,saved,reconstructed_from_saved_mask,MD-Experiment-0004_Position(4)_t029.png,221731.88095999998,52865.0,929.8620398044586,0.9635029844625689,0.7683180979427026,84802.535424,2.6146845710611566,265.6679314326353,Position(4)
11,660,saved,saved,reconstructed_from_saved_mask,MD-Experiment-0004_Position(4)_t032.png,229751.390208,54777.0,931.7199057340622,0.9666813729815583,0.7929345823738906,84802.535424,2.7092514281474886,270.4295451086589,Position(4)
12,720,saved,saved,reconstructed_from_saved_mask,MD-Experiment-0004_Position(4)_t035.png,246560.06348799999,58784.5,958.0214196443558,0.9701933471418787,0.804863539406439,84802.535424,2.907460988698469,280.14729294843005,Position(4)
13,780,saved,saved,reconstructed_from_saved_mask,MD-Experiment-0004_Position(4)_t038.png,254963.35155199998,60788.0,975.0924875736237,0.9671378682173626,0.8034078998565598,84802.535424,3.006553404060637,284.88130056842084,Position(4)
14,840,saved,saved,reconstructed_from_saved_mask,MD-Experiment-0004_Position(4)_t041.png,267311.382528,63732.0,997.2346214056015,0.9716280700684524,0.8053278461701282,84802.535424,3.15216262334001,291.6982271939948,Position(4)
15,900,saved,saved,reconstructed_from_saved_mask,MD-Experiment-0004_Position(4)_t044.png,275584.647168,65704.5,1015.4772635698318,0.9709761558184384,0.8006903063042164,84802.535424,3.249721789450256,296.1778480474969,Position(4)
16,960,saved,saved,reconstructed_from_saved_mask,MD-Experiment-0004_Position(4)_t047.png,284367.519744,67798.5,1022.9331086874008,0.9744103824429785,0.8142082127543894,84802.535424,3.3532903034349726,300.8604208666861,Position(4)
17,1020,saved,saved,reconstructed_from_saved_mask,MD-Experiment-0004_Position(4)_t050.png,294396.100608,70189.5,1029.5605245828629,0.9805604839272991,0.8321052224448547,84802.535424,3.4715483344461755,306.1195669627871,Position(4)
18,1080,saved,saved,reconstructed_from_saved_mask,MD-Experiment-0004_Position(4)_t053.png,301476.08576,71877.5,1046.3889520168304,0.9793775803572645,0.8249289331073915,84802.535424,3.555036229196033,309.7786605713833,Position(4)
19,1140,saved,saved,reconstructed_from_saved_mask,MD-Experiment-0004_Position(4)_t056.png,310632.251392,74060.5,1061.21737742424,0.9792606010921736,0.8263952226761351,84802.535424,3.663006652323367,314.4476372714576,Position(4)
20,1200,saved,saved,reconstructed_from_saved_mask,MD-Experiment-0004_Position(4)_t059.png,321615.036416,76679.0,1083.9452996253967,0.9788787683430461,0.8201089879524502,84802.535424,3.792516754457551,319.9581935762431,Position(4)
21,1260,saved,saved,reconstructed_from_saved_mask,MD-Experiment-0004_Position(4)_t062.png,329582.116864,78578.5,1095.6437848806381,0.9761243718983111,0.8225737368492904,84802.535424,3.886465365877785,323.8969683513457,Position(4)
22,1320,saved,saved,reconstructed_from_saved_mask,MD-Experiment-0004_Position(4)_t065.png,338199.314432,80633.0,1118.371705532074,0.9745818023593116,0.8101218396963368,84802.535424,3.9880802235576325,328.1039245182629,Position(4)
23,1380,saved,saved,reconstructed_from_saved_mask,MD-Experiment-0004_Position(4)_t068.png,349492.477952,83325.5,1158.61434674263,0.9683719362673887,0.7800276337065323,84802.535424,4.121250340035116,333.5369707828385,Position(4)
24,1440,saved,saved,reconstructed_from_saved_mask,MD-Experiment-0004_Position(4)_t071.png,357134.49984,85147.5,1166.271202325821,0.9681353041500853,0.7866520178772645,84802.535424,4.211365828325543,337.1638207109052,Position(4)
25,1500,saved,saved,reconstructed_from_saved_mask,MD-Experiment-0004_Position(4)_t074.png,363193.171968,86592.0,1168.5727171897888,0.9734524217709253,0.7968492156092998,84802.535424,4.282810297499815,340.0117310209517,Position(4)
26,1560,saved,saved,reconstructed_from_saved_mask,MD-Experiment-0004_Position(4)_t077.png,373152.54681599996,88966.5,1183.3006386756897,0.9729654357847077,0.79844714376061,84802.535424,4.400252244231767,344.64205301470764,Position(4)
27,1620,saved,saved,reconstructed_from_saved_mask,MD-Experiment-0004_Position(4)_t080.png,382338.072576,91156.5,1188.6143462657928,0.9748941221765913,0.8108034171022438,84802.535424,4.508568884932116,348.85812068145475,Position(4)
28,1680,saved,saved,reconstructed_from_saved_mask,MD-Experiment-0004_Position(4)_t083.png,385836.12211199995,91990.5,1194.8153567314148,0.9767727070016352,0.8097505500361002,84802.535424,4.5498182357741666,350.4503561348823,Position(4)
29,1740,saved,saved,reconstructed_from_saved_mask,MD-Experiment-0004_Position(4)_t086.png,393192.931328,93744.5,1204.9574922323227,0.9779211566747686,0.8113574126226648,84802.535424,4.636570467641022,353.77563118350406,Position(4)
30,1800,saved,saved,reconstructed_from_saved_mask,MD-Experiment-0004_Position(4)_t089.png,403456.393216,96191.5,1214.9574918746948,0.9800458481915435,0.8188877876179024,84802.535424,4.7575982392363425,358.36316580350115,Position(4)
31,1860,saved,saved,reconstructed_from_saved_mask,MD-Experiment-0004_Position(4)_t092.png,413648.551936,98621.5,1237.3006378412247,0.9754026614973024,0.8095263585036047,84802.535424,4.877785196725771,362.8614384125682,Position(4)
32,1920,saved,saved,reconstructed_from_saved_mask,MD-Experiment-0004_Position(4)_t095.png,427466.68646399997,101916.0,1289.7686738967896,0.9687280193144878,0.769889834157909,84802.535424,5.040730024482528,368.87243366198834,Position(4)
33,1980,saved,saved,reconstructed_from_saved_mask,MD-Experiment-0004_Position(4)_t098.png,434104.172544,103498.5,1300.4965963363647,0.9701407896216865,0.768998477301918,84802.535424,5.118999925810519,371.7252342179493,Position(4)
34,2040,saved,saved,reconstructed_from_saved_mask,MD-Experiment-0004_Position(4)_t101.png,445363.781632,106183.0,1390.0529453754425,0.9508386091535107,0.6905611958947023,84802.535424,5.251774365061701,376.51519842054785,Position(4)
35,2100,saved,saved,reconstructed_from_saved_mask,MD-Experiment-0004_Position(4)_t104.png,453869.830144,108211.0,1394.5382256507874,0.9521928126429904,0.6992306036672249,84802.535424,5.352078541929421,380.09374366778655,Position(4)
36,2160,saved,saved,reconstructed_from_saved_mask,MD-Experiment-0004_Position(4)_t107.png,464894.558208,110839.5,1443.8103038072586,0.9472611432307357,0.6681656550360952,84802.535424,5.482083240596483,384.6823805565471,Position(4)
37,2220,saved,saved,reconstructed_from_saved_mask,MD-Experiment-0004_Position(4)_t110.png,478419.091456,114064.0,1426.6803632974625,0.9557821704192189,0.7042147122862072,84802.535424,5.641565892623093,390.23778206308,Position(4)
38,2280,saved,saved,reconstructed_from_saved_mask,MD-Experiment-0004_Position(4)_t113.png,486484.73804799997,115987.0,1420.195080757141,0.9593035998593966,0.7226419540240918,84802.535424,5.73667680589559,393.5135341995369,Position(4)
39,2340,saved,saved,reconstructed_from_saved_mask,MD-Experiment-0004_Position(4)_t116.png,494378.418176,117869.0,1432.1950792074203,0.9568570466012087,0.7221129085754944,84802.535424,5.829759873383288,396.69325431789866,Position(4)
40,2400,saved,saved,reconstructed_from_saved_mask,MD-Experiment-0004_Position(4)_t119.png,507802.288128,121069.5,1429.3250247240067,0.9645281305269195,0.7447021676812636,84802.535424,5.988055493730989,402.0428939029916,Position(4)
41,2460,saved,saved,reconstructed_from_saved_mask,MD-Experiment-0004_Position(4)_t122.png,522442.50623999996,124560.0,1489.3666545152664,0.9590575734827048,0.7056432819747042,84802.535424,6.160694413532161,407.797271568642,Position(4)
42,2520,saved,saved,reconstructed_from_saved_mask,MD-Experiment-0004_Position(4)_t125.png,534245.277696,127374.0,1487.7097997665405,0.9606389477574231,0.7231929834501257,84802.535424,6.2998738778841155,412.37792561877194,Position(4)
43,2580,saved,saved,reconstructed_from_saved_mask,MD-Experiment-0004_Position(4)_t128.png,543627.935744,129611.0,1475.7097989320755,0.961309821809349,0.7479107977464297,84802.535424,6.4105151222889925,415.983348648719,Position(4)
44,2640,saved,saved,reconstructed_from_saved_mask,MD-Experiment-0004_Position(4)_t131.png,552305.95072,131680.0,1453.2245181798935,0.9692508694772096,0.7835455508381609,84802.535424,6.512847144941514,419.2904057002896,Position(4)
45,2700,saved,saved,reconstructed_from_saved_mask,MD-Experiment-0004_Position(4)_t134.png,562818.973696,134186.5,1456.6387318372726,0.970418073866225,0.7947215361224024,84802.535424,6.63681776590746,423.2621450818058,Position(4)
46,2760,saved,saved,reconstructed_from_saved_mask,MD-Experiment-0004_Position(4)_t137.png,575177.490432,137133.0,1466.8813716173172,0.9755426083616109,0.8008696840264585,84802.535424,6.782550634320054,427.8839580013351,Position(4)
47,2820,saved,saved,reconstructed_from_saved_mask,MD-Experiment-0004_Position(4)_t140.png,587749.916672,140130.5,1484.9230009317398,0.9757372140793092,0.7986098581864058,84802.535424,6.9308059450503245,432.53509577882437,Position(4)
48,2880,saved,saved,reconstructed_from_saved_mask,MD-Experiment-0004_Position(4)_t143.png,598323.757056,142651.5,1485.893564939499,0.9775504959654623,0.8119154448470485,84802.535424,7.055493730988945,436.4084864087239,Position(4)
49,2940,saved,saved,reconstructed_from_saved_mask,MD-Experiment-0004_Position(4)_t146.png,608090.19392,144980.0,1500.0773292779922,0.9792836058819159,0.8096375914476275,84802.535424,7.1706605336696585,439.95581643632624,Position(4)
50,3000,saved,saved,reconstructed_from_saved_mask,MD-Experiment-0004_Position(4)_t149.png,618351.558656,147426.5,1519.2905349731445,0.9793242947010409,0.8026084999488009,84802.535424,7.291663575438336,443.65235743469333,Position(4)
51,3060,saved,saved,reconstructed_from_saved_mask,MD-Experiment-0004_Position(4)_t152.png,630852.6817279999,150407.0,1574.8468834161758,0.9729790922734565,0.7620811900318142,84802.535424,7.439078072062714,448.1145448650142,Position(4)
52,3120,saved,saved,reconstructed_from_saved_mask,MD-Experiment-0004_Position(4)_t155.png,645782.306816,153966.5,1609.7169412374496,0.9674331367676304,0.7466843895955965,84802.535424,7.615129707940747,453.3860304223177,Position(4)
53,3180,saved,saved,reconstructed_from_saved_mask,MD-Experiment-0004_Position(4)_t158.png,661544.501248,157724.5,1614.7463756799698,0.9687225535417063,0.7601519019591438,84802.535424,7.8009990849964135,458.8857754362881,Position(4)
54,3240,saved,saved,reconstructed_from_saved_mask,MD-Experiment-0004_Position(4)_t161.png,676033.724416,161179.0,1619.4742999076843,0.9723900564385496,0.7722718419345199,84802.535424,7.971857457279223,463.8838409292364,Position(4)
55,3300,saved,saved,reconstructed_from_saved_mask,MD-Experiment-0004_Position(4)_t164.png,684418.138112,163178.0,1636.6458704471588,0.9720092686907676,0.7655296776120611,84802.535424,8.070727304201597,466.75160379430156,Position(4)
56,3360,saved,saved,reconstructed_from_saved_mask,MD-Experiment-0004_Position(4)_t167.png,697317.720064,166253.5,1653.0306468009949,0.9747079601917129,0.7645728113837872,84802.535424,8.22284046788832,471.12962558887364,Position(4)
57,3420,saved,saved,reconstructed_from_saved_mask,MD-Experiment-0004_Position(4)_t170.png,710909.362176,169494.0,1661.9595811367035,0.974064261782572,0.7711223272491141,84802.535424,8.383114474367535,475.6989364726747,Position(4)
58,3480,saved,saved,reconstructed_from_saved_mask,MD-Experiment-0004_Position(4)_t173.png,730884.7349759999,174256.5,1774.7707624435425,0.948871742373915,0.695207293626939,84802.535424,8.618666073150827,482.3358133123442,Position(4)
59,3540,saved,saved,reconstructed_from_saved_mask,MD-Experiment-0004_Position(4)_t176.png,740745.54368,176607.5,1788.6286268234253,0.9519337016574586,0.6937111137075765,84802.535424,8.734945718030517,485.57865449371945,Position(4)
60,3600,saved,saved,reconstructed_from_saved_mask,MD-Experiment-0004_Position(4)_t179.png,756929.265664,180466.0,1781.8418295383453,0.956435559606966,0.7142774778531032,84802.535424,8.92578579024161,490.8544268952742,Position(4)
61,3660,saved,saved,reconstructed_from_saved_mask,MD-Experiment-0004_Position(4)_t182.png,770420.24448,183682.5,1800.2854797840118,0.9510994089366296,0.7121883879431479,84802.535424,9.084872765041917,495.2094307806718,Position(4)
62,3720,saved,saved,reconstructed_from_saved_mask,MD-Experiment-0004_Position(4)_t185.png,783890.251776,186894.0,1886.3271092176437,0.9337393489594392,0.6600414515199352,84802.535424,9.243712441575784,499.51978621812526,Position(4)
63,3780,saved,saved,reconstructed_from_saved_mask,MD-Experiment-0004_Position(4)_t188.png,800011.0592,190737.5,1886.3687410354614,0.9372711950192381,0.6735855590650026,84802.535424,9.433810618987561,504.6299923703761,Position(4)
64,3840,saved,saved,reconstructed_from_saved_mask,MD-Experiment-0004_Position(4)_t191.png,814231.846912,194128.0,1887.2976719141006,0.9398823500932,0.6848843397076451,84802.535424,9.601503573459949,509.0953216420049,Position(4)
65,3900,saved,saved,reconstructed_from_saved_mask,MD-Experiment-0004_Position(4)_t194.png,828591.046656,197551.5,1885.3393050432205,0.9437436552770181,0.6984111308618358,84802.535424,9.770828696490836,513.5647201219914,Position(4)
66,3960,saved,saved,reconstructed_from_saved_mask,MD-Experiment-0004_Position(4)_t197.png,844755.894272,201405.5,1876.3687418699265,0.9473559190489069,0.7188608154040398,84802.535424,9.961446200262136,518.5500482680593,Position(4)
67,4020,saved,saved,reconstructed_from_saved_mask,MD-Experiment-0004_Position(4)_t200.png,863575.7363199999,205892.5,1868.0844700336456,0.9553888165786183,0.7414081759054862,84802.535424,10.18337166456463,524.2944729244267,Position(4)
68,4080,saved,saved,reconstructed_from_saved_mask,MD-Experiment-0004_Position(4)_t203.png,876919.9144959999,209074.0,1885.2976747751236,0.9572568958767819,0.7391796950134152,84802.535424,10.340727551499864,528.3297059370419,Position(4)
69,4140,saved,saved,reconstructed_from_saved_mask,MD-Experiment-0004_Position(4)_t206.png,890356.3673599999,212277.5,1895.6824469566345,0.9597000788909158,0.7423054528009769,84802.535424,10.499171550807427,532.3619388699524,Position(4)
70,4200,saved,saved,reconstructed_from_saved_mask,MD-Experiment-0004_Position(4)_t209.png,903398.555648,215387.0,1898.209359407425,0.9631723104785967,0.7511750082846532,84802.535424,10.652966342705938,536.2468567991012,Position(4)
71,4260,saved,saved,reconstructed_from_saved_mask,MD-Experiment-0004_Position(4)_t212.png,920398.06976,219440.0,1887.581945180893,0.9662916400625289,0.773952004417543,84802.535424,10.853426317481514,541.2686992881504,Position(4)
72,4320,saved,saved,reconstructed_from_saved_mask,MD-Experiment-0004_Position(4)_t215.png,933266.1944319999,222508.0,1881.5819438695908,0.9691579300402022,0.7897856171590469,84802.535424,11.005168533768577,545.0393161312579,Position(4)
73,4380,saved,saved,reconstructed_from_saved_mask,MD-Experiment-0004_Position(4)_t218.png,947329.6957439999,225861.0,1905.6408179998398,0.9697788101734869,0.7815720451836798,84802.535424,11.171006751242672,549.1305925103769,Position(4)
74,4440,saved,saved,reconstructed_from_saved_mask,MD-Experiment-0004_Position(4)_t221.png,959604.3263999999,228787.5,1906.3687399625778,0.9700160476894083,0.7910944556645709,84802.535424,11.315750426589508,552.6767083185767,Position(4)
75,4500,saved,saved,reconstructed_from_saved_mask,MD-Experiment-0004_Position(4)_t224.png,973623.78752,232130.0,1933.782955288887,0.9722274575831061,0.780055816451362,84802.535424,11.481069317704083,556.6992697959306,Position(4)
76,4560,saved,saved,reconstructed_from_saved_mask,MD-Experiment-0004_Position(4)_t227.png,988224.159744,235611.0,1927.7240781784058,0.9731729077346286,0.7967382780818005,84802.535424,11.65323837079902,560.8578427838776,Position(4)
77,4620,saved,saved,reconstructed_from_saved_mask,MD-Experiment-0004_Position(4)_t230.png,1004009.422848,239374.5,1940.7951480150223,0.9746141741260008,0.798598247135238,84802.535424,11.83937977594777,565.3194894165601,Position(4)
78,4680,saved,saved,reconstructed_from_saved_mask,MD-Experiment-0004_Position(4)_t233.png,1020350.431232,243270.5,1952.510877251625,0.9756420848305954,0.8018855505375573,84802.535424,12.032074585157158,569.9014209782598,Position(4)
79,4740,saved,saved,reconstructed_from_saved_mask,MD-Experiment-0004_Position(4)_t236.png,1036777.422848,247187.0,2015.380932688713,0.9664897412588096,0.7647530185646236,84802.535424,12.225783317258946,574.4706288964395,Position(4)
80,4800,saved,saved,reconstructed_from_saved_mask,MD-Experiment-0004_Position(4)_t239.png,1050656.374784,250496.0,2020.3514943122864,0.9694342747896623,0.771181837902194,84802.535424,12.389445309988377,578.3029578653124,Position(4)
81,4860,saved,saved,reconstructed_from_saved_mask,MD-Experiment-0004_Position(4)_t242.png,1063824.392192,253635.5,2026.1088559627533,0.9698234411295179,0.7764157804171702,84802.535424,12.544723891485521,581.9156478375331,Position(4)
82,4920,saved,saved,reconstructed_from_saved_mask,MD-Experiment-0004_Position(4)_t245.png,1079137.796096,257286.5,2040.8784086704254,0.9693762021291226,0.7762338917143308,84802.535424,12.725301085639389,586.0889258908962,Position(4)
83,4980,saved,saved,reconstructed_from_saved_mask,MD-Experiment-0004_Position(4)_t248.png,1118008.508416,266554.0,2184.802286028862,0.9505374887001671,0.7017311978632598,84802.535424,13.18366842248436,596.5510548699135,Position(4)
0,0,saved,saved,reconstructed_from_saved_mask,MD-Experiment-0004_Position(43)_t001.png,49434.066944,11786.0,424.61731112003326,0.9736874716014705,0.8214495747208382,49434.066944,1.0,125.44063226302126,Position(43)
1,60,saved,saved,reconstructed_from_saved_mask,MD-Experiment-0004_Position(43)_t002.png,69482.840064,16566.0,499.87214601039886,0.9757045675413022,0.8331240008241262,49434.066944,1.4055659256745292,148.71810553022243,Position(43)
2,120,saved,saved,reconstructed_from_saved_mask,MD-Experiment-0004_Position(43)_t005.png,98633.252864,23516.0,603.2691135406494,0.9656305178006817,0.8119908477963063,49434.066944,1.9952486000339384,177.18899371314484,Position(43)
3,180,saved,saved,reconstructed_from_saved_mask,MD-Experiment-0004_Position(43)_t008.png,118034.006016,28141.5,649.1686078310013,0.9805059057175708,0.839154805593994,49434.066944,2.387705752587816,193.83341048634992,Position(43)
4,240,saved,saved,reconstructed_from_saved_mask,MD-Experiment-0004_Position(43)_t011.png,134624.575488,32097.0,697.0092270374298,0.9786715045812815,0.830227761819915,49434.066944,2.7233157984048875,207.00805129541803,Position(43)
5,300,saved,saved,reconstructed_from_saved_mask,MD-Experiment-0004_Position(43)_t014.png,149499.674624,35643.5,724.7665891647339,0.9852802963290579,0.852695316262046,49434.066944,3.024223655184117,218.1449619268783,Position(43)
6,360,saved,saved,reconstructed_from_saved_mask,MD-Experiment-0004_Position(43)_t017.png,158955.732992,37898.0,754.5239458084106,0.9805179684872319,0.8365272659144988,49434.066944,3.215509927032072,224.93817212057306,Position(43)
7,420,saved,saved,reconstructed_from_saved_mask,MD-Experiment-0004_Position(43)_t020.png,168625.70086399998,40203.5,769.5950140953064,0.9829466272218284,0.8530004029788993,49434.066944,3.4111233667062613,231.6791480683615,Position(43)
8,480,saved,saved,reconstructed_from_saved_mask,MD-Experiment-0004_Position(43)_t023.png,176265.6256,42025.0,790.3229367733002,0.9812047630165772,0.8454898799093942,49434.066944,3.565671135245206,236.86935475669,Position(43)
9,540,saved,saved,reconstructed_from_saved_mask,MD-Experiment-0004_Position(43)_t026.png,186027.86815999998,44352.5,813.3940049409866,0.9799383568453729,0.8424148894797081,49434.066944,3.763151196334634,243.3403163082986,Position(43)
10,600,saved,saved,reconstructed_from_saved_mask,MD-Experiment-0004_Position(43)_t029.png,194447.93344,46360.0,825.293498635292,0.9811432562273814,0.8553353937631785,49434.066944,3.93348040047514,248.78645373484406,Position(43)
11,660,saved,saved,reconstructed_from_saved_mask,MD-Experiment-0004_Position(43)_t032.png,202421.305344,48261.0,841.2934973239899,0.9813634283971329,0.8568624599637638,49434.066944,4.094773460037333,253.83597590811075,Position(43)
12,720,saved,saved,reconstructed_from_saved_mask,MD-Experiment-0004_Position(43)_t035.png,213899.01823999998,50997.5,867.1929923295975,0.9800897498726782,0.8521719426961946,49434.066944,4.326955710164602,260.93327145229864,Position(43)
13,780,saved,saved,reconstructed_from_saved_mask,MD-Experiment-0004_Position(43)_t038.png,223503.97439999998,53287.5,882.3056931495667,0.9833456357261487,0.8601952629037808,49434.066944,4.521254030205328,266.72743513348763,Position(43)
14,840,saved,saved,reconstructed_from_saved_mask,MD-Experiment-0004_Position(43)_t041.png,231909.359616,55291.5,895.4772661924362,0.9871543089750228,0.8664811248220164,49434.066944,4.6912862718479555,271.696598919318,Position(43)
15,900,saved,saved,reconstructed_from_saved_mask,MD-Experiment-0004_Position(43)_t044.png,237504.56115199998,56625.5,910.4478261470795,0.9840297508884429,0.8584436397537119,49434.066944,4.804471406753775,274.9546323094489,Position(43)
16,960,saved,saved,reconstructed_from_saved_mask,MD-Experiment-0004_Position(43)_t047.png,241556.258816,57591.5,919.962544798851,0.9841588557464733,0.8551217686101927,49434.066944,4.886433056168335,277.29000207490935,Position(43)
17,1020,saved,saved,reconstructed_from_saved_mask,MD-Experiment-0004_Position(43)_t050.png,247268.900864,58953.5,940.1046792268753,0.9831154320781776,0.8382373905268407,49434.066944,5.001993891057187,280.5497027102521,Position(43)
18,1080,saved,saved,reconstructed_from_saved_mask,MD-Experiment-0004_Position(43)_t053.png,254269.19423999998,60622.5,947.0752444267273,0.9825922053925263,0.8493266210786918,49434.066944,5.14360257933141,284.4932306375295,Position(43)
19,1140,saved,saved,reconstructed_from_saved_mask,MD-Experiment-0004_Position(43)_t056.png,260069.916672,62005.5,960.1046826839447,0.9821486556052746,0.8452844938135524,49434.066944,5.2609451892075345,287.72004722593147,Position(43)
20,1200,saved,saved,reconstructed_from_saved_mask,MD-Experiment-0004_Position(43)_t059.png,266334.109696,63499.0,975.3767597675323,0.9778178150432325,0.8387488602473169,49434.066944,5.387663329373834,291.1645241855453,Position(43)
21,1260,saved,saved,reconstructed_from_saved_mask,MD-Experiment-0004_Position(43)_t062.png,274701.746176,65494.0,993.0336116552353,0.9763711444714441,0.8346098049656174,49434.066944,5.556931953164772,295.70302933817084,Position(43)
22,1320,saved,saved,reconstructed_from_saved_mask,MD-Experiment-0004_Position(43)_t065.png,282371.03104,67322.5,1009.0752432346344,0.977892206349091,0.8308507121781279,49434.066944,5.712073646699474,299.802419523162,Position(43)
23,1380,saved,saved,reconstructed_from_saved_mask,MD-Experiment-0004_Position(43)_t068.png,289226.62092799996,68957.0,1018.1463117599487,0.9754845098316594,0.835926009567752,49434.066944,5.850755133208891,303.41999404936064,Position(43)
24,1440,saved,saved,reconstructed_from_saved_mask,MD-Experiment-0004_Position(43)_t071.png,296002.51904,70572.5,1033.2173788547516,0.9750411030823858,0.8307339541424421,49434.066944,5.987824537586968,306.9536253992413,Position(43)
25,1500,saved,saved,reconstructed_from_saved_mask,MD-Experiment-0004_Position(43)_t074.png,304313.532416,72554.0,1037.8031651973724,0.9797775872197052,0.8465278349701797,49434.066944,6.155947734600373,311.23304109224046,Position(43)
26,1560,saved,saved,reconstructed_from_saved_mask,MD-Experiment-0004_Position(43)_t077.png,309948.57983999996,73897.5,1049.8447954654694,0.9784314114913308,0.8425378323197886,49434.066944,6.269938910571865,314.1014122408525,Position(43)
27,1620,saved,saved,reconstructed_from_saved_mask,MD-Experiment-0004_Position(43)_t080.png,317835.968512,75778.0,1055.6021556854248,0.9805514938988885,0.8545794909050414,49434.066944,6.429492618360767,318.07283908276355,Position(43)
28,1680,saved,saved,reconstructed_from_saved_mask,MD-Experiment-0004_Position(43)_t083.png,324867.719168,77454.5,1067.844795703888,0.9803250262628308,0.8535721721990084,49434.066944,6.571737654844731,321.5720863401451,Position(43)
29,1740,saved,saved,reconstructed_from_saved_mask,MD-Experiment-0004_Position(43)_t086.png,330764.910592,78860.5,1082.1879402399063,0.9824772322374077,0.8461824437512858,49434.066944,6.691031732564059,324.47764336565814,Position(43)
30,1800,saved,saved,reconstructed_from_saved_mask,MD-Experiment-0004_Position(43)_t089.png,337178.001408,80389.5,1083.1585067510605,0.9833758417585644,0.8610436371445656,49434.066944,6.82076192092313,327.6081367302383,Position(43)
31,1860,saved,saved,reconstructed_from_saved_mask,MD-Experiment-0004_Position(43)_t092.png,346510.327808,82614.5,1109.501648902893,0.9810241947454357,0.8433546401803761,49434.066944,7.009545223146105,332.1109197332609,Position(43)
32,1920,saved,saved,reconstructed_from_saved_mask,MD-Experiment-0004_Position(43)_t095.png,352992.62464,84160.0,1111.8864246606827,0.9845981059121512,0.855450205869851,49434.066944,7.1406753775666045,335.202986521415,Position(43)
33,1980,saved,saved,reconstructed_from_saved_mask,MD-Experiment-0004_Position(43)_t098.png,361156.837376,86106.5,1127.3006372451782,0.985623122048934,0.8514640098630287,49434.066944,7.3058289496012225,339.05721021628835,Position(43)
34,2040,saved,saved,reconstructed_from_saved_mask,MD-Experiment-0004_Position(43)_t101.png,370413.66630399995,88313.5,1137.928054690361,0.984877801259068,0.8570523526739771,49434.066944,7.493085016120821,343.3749145790165,Position(43)
35,2100,saved,saved,reconstructed_from_saved_mask,MD-Experiment-0004_Position(43)_t104.png,378605.142016,90266.5,1152.7564805746078,0.9850926254331159,0.8536135937853196,49434.066944,7.658790089937214,347.15091770541363,Position(43)
36,2160,saved,saved,reconstructed_from_saved_mask,MD-Experiment-0004_Position(43)_t107.png,387186.68799999997,92312.5,1173.5260336399078,0.9798380248800578,0.8423351419891529,49434.066944,7.832385881554386,351.0631717927115,Position(43)
37,2220,saved,saved,reconstructed_from_saved_mask,MD-Experiment-0004_Position(43)_t110.png,401459.904512,95715.5,1190.2123273611069,0.9836900387965366,0.8490695150194998,49434.066944,8.121118275920583,357.4753928770065,Position(43)
38,2280,saved,saved,reconstructed_from_saved_mask,MD-Experiment-0004_Position(43)_t113.png,409785.597952,97700.5,1207.0407518148422,0.9843234448121786,0.842680190085112,49434.066944,8.289538435431869,361.16313079252393,Position(43)
39,2340,saved,saved,reconstructed_from_saved_mask,MD-Experiment-0004_Position(43)_t116.png,418755.117056,99839.0,1220.2539545297623,0.9833545095489958,0.8425770756114631,49434.066944,8.47098252163584,365.09436266392186,Position(43)
40,2400,saved,saved,reconstructed_from_saved_mask,MD-Experiment-0004_Position(43)_t119.png,428913.72134399996,102261.0,1232.3960905075073,0.9831606778031486,0.8460952861241181,49434.066944,8.676480570167996,369.4962487274732,Position(43)
41,2460,saved,saved,reconstructed_from_saved_mask,MD-Experiment-0004_Position(43)_t122.png,437872.75468799996,104397.0,1242.2539551258087,0.9845615557274082,0.8501138789122792,49434.066944,8.857712540302053,373.3352738594629,Position(43)
42,2520,saved,saved,reconstructed_from_saved_mask,MD-Experiment-0004_Position(43)_t125.png,446471.077888,106447.0,1262.0529450178146,0.9832396558333295,0.8398237283908341,49434.066944,9.031647717631088,376.9829677676216,Position(43)
43,2580,saved,saved,reconstructed_from_saved_mask,MD-Experiment-0004_Position(43)_t128.png,454840.81152,108442.5,1263.8103042840958,0.9871601139704879,0.853189694673418,49434.066944,9.20095876463601,380.5001011125676,Position(43)
44,2640,saved,saved,reconstructed_from_saved_mask,MD-Experiment-0004_Position(43)_t131.png,461474.103296,110024.0,1281.5676636695862,0.9847398616294785,0.841810255590787,49434.066944,9.335143390463262,383.264620460742,Position(43)
45,2700,saved,saved,reconstructed_from_saved_mask,MD-Experiment-0004_Position(43)_t134.png,472318.476288,112609.5,1295.668169260025,0.9838069943999371,0.8429412658082636,49434.066944,9.554513829967759,387.7417187119987,Position(43)
46,2760,saved,saved,reconstructed_from_saved_mask,MD-Experiment-0004_Position(43)_t137.png,483471.130624,115268.5,1309.6681698560715,0.983486058496297,0.8444967072828856,49434.066944,9.78012048192771,392.2927995287117,Position(43)
47,2820,saved,saved,reconstructed_from_saved_mask,MD-Experiment-0004_Position(43)_t140.png,493036.240896,117549.0,1325.5676634311676,0.9802121378896282,0.8406689374797099,49434.066944,9.973612760902766,396.1544013690745,Position(43)
48,2880,saved,saved,reconstructed_from_saved_mask,MD-Experiment-0004_Position(43)_t143.png,501508.734976,119569.0,1345.7098001241684,0.9788502077321382,0.8297086748252299,49434.066944,10.145002545392838,399.5437252046232,Position(43)
49,2940,saved,saved,reconstructed_from_saved_mask,MD-Experiment-0004_Position(43)_t146.png,513223.426048,122362.0,1363.3666529655457,0.9787785465744111,0.8272391818706551,49434.066944,10.381978618700153,404.1832385591886,Position(43)
50,3000,saved,saved,reconstructed_from_saved_mask,MD-Experiment-0004_Position(43)_t149.png,522530.586624,124581.0,1367.1656441688538,0.9813816274041018,0.8375667030329413,49434.066944,10.570252842355337,407.8316460941142,Position(43)
51,3060,saved,saved,reconstructed_from_saved_mask,MD-Experiment-0004_Position(43)_t152.png,530610.91328,126507.5,1377.0651372671127,0.9814581353400958,0.8383341744259128,49434.066944,10.733709485830646,410.9728694379156,Position(43)
52,3120,saved,saved,reconstructed_from_saved_mask,MD-Experiment-0004_Position(43)_t155.png,543839.7480959999,129661.5,1389.5504196882248,0.9828387991707441,0.8438636621952984,49434.066944,11.001315119633462,416.0643800166738,Position(43)
53,3180,saved,saved,reconstructed_from_saved_mask,MD-Experiment-0004_Position(43)_t158.png,554761.7157119999,132265.5,1405.4082831144333,0.982575718180535,0.8414947763259452,49434.066944,11.222255218055318,420.2215351304728,Position(43)
54,3240,saved,saved,reconstructed_from_saved_mask,MD-Experiment-0004_Position(43)_t161.png,563565.559808,134364.5,1431.834690451622,0.9795936965737969,0.8235854089166935,49434.066944,11.400347870354658,423.54278319856746,Position(43)
55,3300,saved,saved,reconstructed_from_saved_mask,MD-Experiment-0004_Position(43)_t164.png,574095.36,136875.0,1440.4204765558243,0.9800692403255082,0.8290017038110715,49434.066944,11.613354827761752,427.48126122701836,Position(43)
56,3360,saved,saved,reconstructed_from_saved_mask,MD-Experiment-0004_Position(43)_t167.png,587143.839744,139986.0,1440.562611937523,0.9846623501317118,0.8476765910268396,49434.066944,11.877312065162057,432.3120271313608,Position(43)
57,3420,saved,saved,reconstructed_from_saved_mask,MD-Experiment-0004_Position(43)_t170.png,595100.4344319999,141883.0,1458.219465970993,0.9834853100706683,0.8384833515676503,49434.066944,12.038265739012386,435.23137703062525,Position(43)
58,3480,saved,saved,reconstructed_from_saved_mask,MD-Experiment-0004_Position(43)_t173.png,607930.810368,144942.0,1463.047893166542,0.985654685603343,0.8509166616052655,49434.066944,12.297810962158492,439.898155322181,Position(43)
59,3540,saved,saved,reconstructed_from_saved_mask,MD-Experiment-0004_Position(43)_t176.png,619045.715968,147592.0,1475.5331753492355,0.984767306088407,0.851872747727999,49434.066944,12.522653996266758,443.90130816695876,Position(43)
60,3600,saved,saved,reconstructed_from_saved_mask,MD-Experiment-0004_Position(43)_t179.png,629934.129152,150188.0,1487.5331735610962,0.9851978916917304,0.8529268350629852,49434.066944,12.74291532326489,447.78818759951497,Position(43)
61,3660,saved,saved,reconstructed_from_saved_mask,MD-Experiment-0004_Position(43)_t182.png,637844.586496,152074.0,1510.7880065441132,0.9813631729069062,0.8372550512185325,49434.066944,12.902935686407602,450.59098718293154,Position(43)
62,3720,saved,saved,reconstructed_from_saved_mask,MD-Experiment-0004_Position(43)_t185.png,650605.756416,155116.5,1517.574806213379,0.9841949145821106,0.8463843895741419,49434.066944,13.161080943492278,455.0760862485481,Position(43)
63,3780,saved,saved,reconstructed_from_saved_mask,MD-Experiment-0004_Position(43)_t188.png,663931.060224,158293.5,1554.6875032186508,0.9794632222136282,0.822975166604609,49434.066944,13.4306380451383,459.7127583761244,Position(43)
64,3840,saved,saved,reconstructed_from_saved_mask,MD-Experiment-0004_Position(43)_t191.png,675542.9908479999,161062.0,1589.415426492691,0.9742114797777718,0.8011763189036278,49434.066944,13.66553538096046,463.71544348779713,Position(43)
65,3900,saved,saved,reconstructed_from_saved_mask,MD-Experiment-0004_Position(43)_t194.png,692697.694208,165152.0,1654.5281213521957,0.9652846576247213,0.7581329899138325,49434.066944,14.012557271338876,469.5663150217685,Position(43)
66,3960,saved,saved,reconstructed_from_saved_mask,MD-Experiment-0004_Position(43)_t197.png,700958.375936,167121.5,1620.7707617282867,0.9727705843148554,0.7994641652988004,49434.066944,14.179662311216699,472.3578948887834,Position(43)
67,4020,saved,saved,reconstructed_from_saved_mask,MD-Experiment-0004_Position(43)_t200.png,714948.476928,170457.0,1658.6702556610107,0.9701842107509868,0.7785824164495477,49434.066944,14.462667571695231,477.0483920088466,Position(43)
68,4080,saved,saved,reconstructed_from_saved_mask,MD-Experiment-0004_Position(43)_t203.png,727344.7424,173412.5,1665.256042957306,0.9688850523657473,0.7858293163283658,49434.066944,14.71343118954692,481.1663144586522,Position(43)
69,4140,saved,saved,reconstructed_from_saved_mask,MD-Experiment-0004_Position(43)_t206.png,739149.611008,176227.0,1680.126099705696,0.9684558189122203,0.7845101292354474,49434.066944,14.95223146105549,485.05528401693516,Position(43)
70,4200,saved,saved,reconstructed_from_saved_mask,MD-Experiment-0004_Position(43)_t209.png,751101.280256,179076.5,1690.0844695568085,0.9695717027664303,0.7878284132537023,49434.066944,15.194001357542849,488.96110584665814,Position(43)
71,4260,saved,saved,reconstructed_from_saved_mask,MD-Experiment-0004_Position(43)_t212.png,764168.634368,182192.0,1697.1555383205414,0.9694002968985277,0.7948695786519587,49434.066944,15.458340403868997,493.196138499584,Position(43)
72,4320,saved,saved,reconstructed_from_saved_mask,MD-Experiment-0004_Position(43)_t215.png,776543.92832,185142.5,1706.0255970954895,0.9719633773092612,0.7993645820107631,49434.066944,15.708679789580858,497.1736210221263,Position(43)
73,4380,saved,saved,reconstructed_from_saved_mask,MD-Experiment-0004_Position(43)_t218.png,787790.954496,187824.0,1695.0134035348892,0.9768864293590197,0.8215134453092544,49434.066944,15.936195486170032,500.76106983494793,Position(43)
74,4440,saved,saved,reconstructed_from_saved_mask,MD-Experiment-0004_Position(43)_t221.png,806239.60064,192222.5,1719.0550323724747,0.9757363485234959,0.8173997964243224,49434.066944,16.309392499575768,506.59059951462115,Position(43)
75,4500,saved,saved,reconstructed_from_saved_mask,MD-Experiment-0004_Position(43)_t224.png,818503.745536,195146.5,1729.7413249015808,0.9772056374985291,0.819611999724463,49434.066944,16.557483454946546,510.4290686104883,Position(43)
76,4560,saved,saved,reconstructed_from_saved_mask,MD-Experiment-0004_Position(43)_t227.png,831623.528448,198274.5,1734.9128984212875,0.9789737968627334,0.8277922873170132,49434.066944,16.822883081622262,514.5036352525075,Position(43)
77,4620,saved,saved,reconstructed_from_saved_mask,MD-Experiment-0004_Position(43)_t230.png,843698.9296639999,201153.5,1744.8540208339691,0.9800390254834945,0.8302698365385007,49434.066944,17.067155947734598,518.2255399676225,Position(43)
78,4680,saved,saved,reconstructed_from_saved_mask,MD-Experiment-0004_Position(43)_t233.png,856917.27872,204305.0,1745.4986840486526,0.9831833089107529,0.8426550113224474,49434.066944,17.334549465467504,522.269318894272,Position(43)
79,4740,saved,saved,reconstructed_from_saved_mask,MD-Experiment-0004_Position(43)_t236.png,867480.633344,206823.5,1758.2266070842743,0.9828776318572043,0.8407367885353008,49434.066944,17.54823519429832,525.478507330577,Position(43)
80,4800,saved,saved,reconstructed_from_saved_mask,MD-Experiment-0004_Position(43)_t239.png,879103.049728,209594.5,1791.197169303894,0.9799241193425546,0.8209240094821649,49434.066944,17.783344646190397,528.9869485183382,Position(43)
81,4860,saved,saved,reconstructed_from_saved_mask,MD-Experiment-0004_Position(43)_t242.png,895897.042944,213598.5,1814.3687422275543,0.9767472168682136,0.8153741747212577,49434.066944,18.12306974376379,534.0158104137922,Position(43)
82,4920,saved,saved,reconstructed_from_saved_mask,MD-Experiment-0004_Position(43)_t245.png,908708.5445119999,216653.0,1820.4692467451096,0.9780423172939323,0.8215005859955132,49434.066944,18.382233157984047,537.8205215291183,Position(43)
83,4980,saved,saved,reconstructed_from_saved_mask,MD-Experiment-0004_Position(43)_t248.png,923386.51136,220152.5,1836.0844690799713,0.9755916520613931,0.8206314775591528,49434.066944,18.679153232648908,542.146710157545,Position(43)
0,0,saved,saved,reconstructed_from_saved_mask,MD-Experiment-0004_Position(44)_t001.png,188984.85248,45057.5,861.5361382961273,0.9515739010147728,0.7628338512957462,188984.85248,1.0,245.26668522930152,Position(44)
1,60,saved,saved,reconstructed_from_saved_mask,MD-Experiment-0004_Position(44)_t002.png,208268.16512,49655.0,944.0630511045456,0.9410950855713284,0.7001173645345159,188984.85248,1.1020362869666536,257.47585505257405,Position(44)
2,120,saved,saved,reconstructed_from_saved_mask,MD-Experiment-0004_Position(44)_t005.png,283402.829824,67568.5,1069.3595122098923,0.9570337950766267,0.742517455897725,188984.85248,1.4996060589247073,300.3496670639767,Position(44)
3,180,saved,saved,reconstructed_from_saved_mask,MD-Experiment-0004_Position(44)_t008.png,346661.322752,82650.5,1258.0701903104782,0.9286573033707866,0.6562141717996652,188984.85248,1.8343339066748043,332.18327198929126,Position(44)
4,240,saved,saved,reconstructed_from_saved_mask,MD-Experiment-0004_Position(44)_t011.png,383975.94828799996,91547.0,1286.9402477741241,0.9374532794019763,0.6946038954969911,188984.85248,2.0317816123841754,349.60454859293003,Position(44)
5,300,saved,saved,reconstructed_from_saved_mask,MD-Experiment-0004_Position(44)_t014.png,412587.393024,98368.5,1340.1534502506256,0.9327211181066525,0.6882668545994683,188984.85248,2.1831770515452478,362.3957037746672,Position(44)
6,360,saved,saved,reconstructed_from_saved_mask,MD-Experiment-0004_Position(44)_t017.png,436199.227392,103998.0,1435.3077783584595,0.9296741608188441,0.6343731229591835,188984.85248,2.3081174055373688,372.6211567055807,Position(44)
7,420,saved,saved,reconstructed_from_saved_mask,MD-Experiment-0004_Position(44)_t020.png,457470.640128,109069.5,1450.5798553228378,0.9417684466836768,0.6513732243707075,188984.85248,2.420673583754092,381.59851597139306,Position(44)
8,480,saved,saved,reconstructed_from_saved_mask,MD-Experiment-0004_Position(44)_t023.png,475529.21599999996,113375.0,1427.7930603027344,0.954379201057288,0.6988703739760482,188984.85248,2.5162292626088885,389.0573873119841,Position(44)
9,540,saved,saved,reconstructed_from_saved_mask,MD-Experiment-0004_Position(44)_t026.png,492946.06336,117527.5,1421.349407672882,0.9649933082083241,0.7310509678523073,188984.85248,2.608389280363979,396.1181709072045,Position(44)
10,600,saved,saved,reconstructed_from_saved_mask,MD-Experiment-0004_Position(44)_t029.png,512262.93043199996,122133.0,1424.2194640636444,0.9660089930831564,0.7566395798153287,188984.85248,2.710603118237807,403.8048477692968,Position(44)
11,660,saved,saved,reconstructed_from_saved_mask,MD-Experiment-0004_Position(44)_t032.png,528692.0192,126050.0,1451.8763202428818,0.9646363768548492,0.7514385475879497,188984.85248,2.7975364811629584,410.2290780257178,Position(44)
12,720,saved,saved,reconstructed_from_saved_mask,MD-Experiment-0004_Position(44)_t035.png,549537.71008,131020.0,1476.1605923175812,0.9664522601203824,0.7555796363706989,188984.85248,2.907839982244909,418.2383123881237,Position(44)
13,780,saved,saved,reconstructed_from_saved_mask,MD-Experiment-0004_Position(44)_t038.png,562504.400896,134111.5,1495.8590738773346,0.9675281810803499,0.753172619698381,188984.85248,2.976452310936026,423.14384295070056,Position(44)
14,840,saved,saved,reconstructed_from_saved_mask,MD-Experiment-0004_Position(44)_t041.png,573371.84256,136702.5,1509.1727820634842,0.9650008294478701,0.7542379714534582,188984.85248,3.0339566109970595,427.21180454929373,Position(44)
15,900,saved,saved,reconstructed_from_saved_mask,MD-Experiment-0004_Position(44)_t044.png,587863.16288,140157.5,1522.8296393156052,0.9661503570739239,0.7594926307134057,188984.85248,3.110636409032902,432.5767636708842,Position(44)
16,960,saved,saved,reconstructed_from_saved_mask,MD-Experiment-0004_Position(44)_t047.png,598237.7738239999,142631.0,1548.586995959282,0.9637913500619977,0.7473991078161484,188984.85248,3.1655329301448143,436.37712783412667,Position(44)
17,1020,saved,saved,reconstructed_from_saved_mask,MD-Experiment-0004_Position(44)_t050.png,609839.218688,145397.0,1555.1311523914337,0.9656086149473188,0.7554944308589231,188984.85248,3.226921156300283,440.588075520649,Position(44)
18,1080,saved,saved,reconstructed_from_saved_mask,MD-Experiment-0004_Position(44)_t053.png,619534.352384,147708.5,1573.8590737581253,0.9633278223978765,0.7493481982078991,188984.85248,3.2782222715419183,444.0764677330916,Position(44)
19,1140,saved,saved,reconstructed_from_saved_mask,MD-Experiment-0004_Position(44)_t056.png,629263.040512,150028.0,1597.131155371666,0.9626651865778185,0.7390962872235939,188984.85248,3.3297009376907285,447.54960261968813,Position(44)
20,1200,saved,saved,reconstructed_from_saved_mask,MD-Experiment-0004_Position(44)_t059.png,640491.1923199999,152705.0,1605.8174452781677,0.9611735122597538,0.7441676350249272,188984.85248,3.3891139100038834,451.52483711209015,Position(44)
21,1260,saved,saved,reconstructed_from_saved_mask,MD-Experiment-0004_Position(44)_t062.png,652648.382464,155603.5,1625.2316600084305,0.9587222663783171,0.7402845362809317,188984.85248,3.453442823059424,455.7898993397626,Position(44)
22,1320,saved,saved,reconstructed_from_saved_mask,MD-Experiment-0004_Position(44)_t065.png,666888.044544,158998.5,1628.2610946893692,0.9604722668567494,0.7536241361835091,188984.85248,3.5287909892914606,460.7353443747629,Position(44)
23,1380,saved,saved,reconstructed_from_saved_mask,MD-Experiment-0004_Position(44)_t068.png,673932.378112,160678.0,1638.302726149559,0.9629394349822009,0.7522773282833765,188984.85248,3.566065582866337,463.1623242151741,Position(44)
24,1440,saved,saved,reconstructed_from_saved_mask,MD-Experiment-0004_Position(44)_t071.png,688937.500672,164255.5,1653.6580656766891,0.9610305647218517,0.7548112382034072,188984.85248,3.645464129168285,468.2900996462017,Position(44)
25,1500,saved,saved,reconstructed_from_saved_mask,MD-Experiment-0004_Position(44)_t074.png,704655.6549119999,168003.0,1720.385984301567,0.9552056356126142,0.7133047390511394,188984.85248,3.7286356322476832,473.60200729494716,Position(44)
26,1560,saved,saved,reconstructed_from_saved_mask,MD-Experiment-0004_Position(44)_t077.png,714361.274368,170317.0,1720.6702558994293,0.9572269604192719,0.7228905707911321,188984.85248,3.779992232147811,476.8524467151089,Position(44)
27,1620,saved,saved,reconstructed_from_saved_mask,MD-Experiment-0004_Position(44)_t080.png,728909.2177919999,173785.5,1719.8001991510391,0.9607406834100848,0.7383587263031942,188984.85248,3.85697164733951,481.68351658914736,Position(44)
28,1680,saved,saved,reconstructed_from_saved_mask,MD-Experiment-0004_Position(44)_t083.png,743115.3254399999,177172.5,1750.6875026226044,0.9609877145879099,0.7264218759233438,188984.85248,3.9321422626643727,486.35476214614874,Position(44)
29,1740,saved,saved,reconstructed_from_saved_mask,MD-Experiment-0004_Position(44)_t086.png,752342.79424,179372.5,1766.687502861023,0.9607782747261576,0.7221813208816643,188984.85248,3.9809687621372687,489.3650469799917,Position(44)
30,1800,saved,saved,reconstructed_from_saved_mask,MD-Experiment-0004_Position(44)_t089.png,767868.010496,183074.0,1782.2438501119614,0.9620081553724567,0.7242729824492776,188984.85248,4.0631193475004155,494.3884899804561,Position(44)
31,1860,saved,saved,reconstructed_from_saved_mask,MD-Experiment-0004_Position(44)_t092.png,783707.799552,186850.5,1786.6286244392395,0.9685212014088486,0.7355895533164705,188984.85248,4.146934472618321,499.46165065673074,Position(44)
32,1920,saved,saved,reconstructed_from_saved_mask,MD-Experiment-0004_Position(44)_t095.png,797075.0464,190037.5,1807.2560406923294,0.9670602843105076,0.7311555862106998,188984.85248,4.21766631526383,503.70315395034373,Position(44)
33,1980,saved,saved,reconstructed_from_saved_mask,MD-Experiment-0004_Position(44)_t098.png,810245.16096,193177.5,1782.5697491168976,0.969515913305546,0.7639647866852574,188984.85248,4.28735504632969,507.8474623015702,Position(44)
34,2040,saved,saved,reconstructed_from_saved_mask,MD-Experiment-0004_Position(44)_t101.png,822748.3811839999,196158.5,1847.8245841264725,0.9615471341107729,0.7219307061747411,188984.85248,4.3535149531154635,511.75086084204787,Position(44)
35,2100,saved,saved,reconstructed_from_saved_mask,MD-Experiment-0004_Position(44)_t104.png,836459.5609599999,199427.5,1831.3393043279648,0.9664573126111587,0.7472351213840702,188984.85248,4.426066692559507,515.9974298836391,Position(44)
36,2160,saved,saved,reconstructed_from_saved_mask,MD-Experiment-0004_Position(44)_t107.png,851479.3635839999,203008.5,1851.7413229942322,0.9677601580767645,0.7439837498065985,188984.85248,4.505542917383343,520.6095459269543,Position(44)
37,2220,saved,saved,reconstructed_from_saved_mask,MD-Experiment-0004_Position(44)_t110.png,868575.3466879999,207084.5,1865.9423348903656,0.9692494190386816,0.7474136436663444,188984.85248,4.59600510458858,525.8099654307664,Position(44)
38,2280,saved,saved,reconstructed_from_saved_mask,MD-Experiment-0004_Position(44)_t113.png,880923.3776639999,210028.5,1897.5403141975403,0.9671980161315947,0.7330035395524763,188984.85248,4.661343838428674,529.5343426831429,Position(44)
39,2340,saved,saved,reconstructed_from_saved_mask,MD-Experiment-0004_Position(44)_t116.png,895441.9609599999,213490.0,1915.096661567688,0.9677455911117356,0.7314859735685441,188984.85248,4.738167896576596,533.8801632177093,Position(44)
40,2400,saved,saved,reconstructed_from_saved_mask,MD-Experiment-0004_Position(44)_t119.png,919030.726656,219114.0,2013.0377880334854,0.9567941801286852,0.679479152404523,188984.85248,4.862986184320036,540.8664955432882,Position(44)
41,2460,saved,saved,reconstructed_from_saved_mask,MD-Experiment-0004_Position(44)_t122.png,932664.311808,222364.5,1983.907844543457,0.9624231485869728,0.7099574632893172,188984.85248,4.935127337291239,544.8635342352138,Position(44)
42,2520,saved,saved,reconstructed_from_saved_mask,MD-Experiment-0004_Position(44)_t125.png,947929.4812159999,226004.0,1984.0083501338959,0.9674269680476514,0.7215044241106794,188984.85248,5.015901903123786,549.3044012895989,Position(44)
43,2580,saved,saved,reconstructed_from_saved_mask,MD-Experiment-0004_Position(44)_t128.png,965465.86624,230185.0,2014.1504845619202,0.9687961649670243,0.7130222020871828,188984.85248,5.108694445985685,554.3620928573573,Position(44)
44,2640,saved,saved,reconstructed_from_saved_mask,MD-Experiment-0004_Position(44)_t131.png,979883.7862399999,233622.5,1982.1088552474976,0.9705981940136976,0.7472562006858836,188984.85248,5.184985851412084,558.4860754498685,Position(44)
45,2700,saved,saved,reconstructed_from_saved_mask,MD-Experiment-0004_Position(44)_t134.png,999076.9213439999,238198.5,2006.3098647594452,0.9684578370565526,0.7436230948102678,188984.85248,5.286544970315707,563.9291277473267,Position(44)
46,2760,saved,saved,reconstructed_from_saved_mask,MD-Experiment-0004_Position(44)_t137.png,1021839.409152,243625.5,2032.9961582422256,0.9695533994492113,0.7407292450569842,188984.85248,5.406991066969983,570.3170925242247,Position(44)
47,2820,saved,saved,reconstructed_from_saved_mask,MD-Experiment-0004_Position(44)_t140.png,1037593.2149759999,247381.5,2040.5108761787415,0.9698382828579829,0.746619372995815,188984.85248,5.490351217888254,574.6965966178014,Position(44)
48,2880,saved,saved,reconstructed_from_saved_mask,MD-Experiment-0004_Position(44)_t143.png,1055263.817728,251594.5,2134.9961570501328,0.9588990713797053,0.6936123410502276,188984.85248,5.583853964378849,579.569586602741,Position(44)
49,2940,saved,saved,reconstructed_from_saved_mask,MD-Experiment-0004_Position(44)_t146.png,1075780.255744,256486.0,2196.978915452957,0.9554526168351373,0.6677620759903453,188984.85248,5.692415247184154,585.1764612188719,Position(44)
50,3000,saved,saved,reconstructed_from_saved_mask,MD-Experiment-0004_Position(44)_t149.png,1095099.219968,261092.0,2186.1504850387573,0.9565158456412352,0.6865043949146779,188984.85248,5.79464018198968,590.4074085476673,Position(44)
51,3060,saved,saved,reconstructed_from_saved_mask,MD-Experiment-0004_Position(44)_t152.png,1114856.48896,265802.5,2223.162677049637,0.9562083708816065,0.6758128415138283,188984.85248,5.899184375520169,595.7095283039529,Position(44)
52,3120,saved,saved,reconstructed_from_saved_mask,MD-Experiment-0004_Position(44)_t155.png,1130788.552704,269601.0,2252.8611619472504,0.9551648149197891,0.6675172705144211,188984.85248,5.983487765632802,599.950977588289,Position(44)
53,3180,saved,saved,reconstructed_from_saved_mask,MD-Experiment-0004_Position(44)_t158.png,1147662.237696,273624.0,2292.576893925667,0.9573448605831384,0.6542085706389963,188984.85248,6.072773678078011,604.4106520061077,Position(44)
54,3240,saved,saved,reconstructed_from_saved_mask,MD-Experiment-0004_Position(44)_t161.png,1168809.9184639999,278666.0,2302.518015027046,0.9559922331162906,0.6605227404888587,188984.85248,6.184675137324529,609.9538934352017,Position(44)
55,3300,saved,saved,reconstructed_from_saved_mask,MD-Experiment-0004_Position(44)_t164.png,1192050.556928,284207.0,2378.6601518392563,0.9462054500357898,0.6312186761215977,188984.85248,6.307651334406036,615.9882118198984,Position(44)
56,3360,saved,saved,reconstructed_from_saved_mask,MD-Experiment-0004_Position(44)_t167.png,1212189.507584,289008.5,2348.642907500267,0.9509673916620052,0.6583949610851383,188984.85248,6.414215169505631,621.1697869280574,Position(44)
57,3420,saved,saved,reconstructed_from_saved_mask,MD-Experiment-0004_Position(44)_t170.png,1226737.451008,292477.0,2386.6256605386734,0.9498905510123219,0.6452573674004503,188984.85248,6.491194584697331,624.8861163506115,Position(44)
58,3480,saved,saved,reconstructed_from_saved_mask,MD-Experiment-0004_Position(44)_t173.png,1243770.5195519999,296538.0,2343.8561087846756,0.9543453354102033,0.6783101647714743,188984.85248,6.581323863951616,629.2093868636666,Position(44)
59,3540,saved,saved,reconstructed_from_saved_mask,MD-Experiment-0004_Position(44)_t176.png,1257324.4129279999,299769.5,2344.2997572422028,0.9566007540618982,0.6854424898732424,188984.85248,6.653043333518282,632.6284776827653,Position(44)
60,3600,saved,saved,reconstructed_from_saved_mask,MD-Experiment-0004_Position(44)_t179.png,1275072.6103039999,304001.0,2309.6307150125504,0.9595945726267079,0.7161430529285763,188984.85248,6.746956666481717,637.0778739384496,Position(44)
61,3660,saved,saved,reconstructed_from_saved_mask,MD-Experiment-0004_Position(44)_t182.png,1292678.201344,308198.5,2326.441896557808,0.9627397294507015,0.7155763258306754,188984.85248,6.8401154080896625,641.4610285450519,Position(44)
62,3720,saved,saved,reconstructed_from_saved_mask,MD-Experiment-0004_Position(44)_t185.png,1313490.337792,313160.5,2358.1576243638992,0.963646378408152,0.7076706434599513,188984.85248,6.9502413582644404,646.6041756175723,Position(44)
63,3780,saved,saved,reconstructed_from_saved_mask,MD-Experiment-0004_Position(44)_t188.png,1337181.863936,318809.0,2347.630714893341,0.9661303299690441,0.7269103813477663,188984.85248,7.0756033956610995,652.4095392592733,Position(44)
64,3840,saved,saved,reconstructed_from_saved_mask,MD-Experiment-0004_Position(44)_t191.png,1355269.799936,323121.5,2431.270324230194,0.9634977621264122,0.6869248410690993,188984.85248,7.171314431559674,656.8072592214226,Position(44)
65,3900,saved,saved,reconstructed_from_saved_mask,MD-Experiment-0004_Position(44)_t194.png,1376417.480704,328163.5,2457.9566148519516,0.9591063127729935,0.6825770988094504,188984.85248,7.283215890806192,661.9118458105053,Position(44)
66,3960,saved,saved,reconstructed_from_saved_mask,MD-Experiment-0004_Position(44)_t197.png,1395285.5572479998,332662.0,2466.542402267456,0.9606179613052267,0.6871252162035978,188984.85248,7.383054985296565,666.4331826383631,Position(44)
67,4020,saved,saved,reconstructed_from_saved_mask,MD-Experiment-0004_Position(44)_t200.png,1426191.2862719998,340030.5,2573.5545946359634,0.951693302359428,0.6451503938339255,188984.85248,7.54659046773567,673.7735420818736,Position(44)
68,4080,saved,saved,reconstructed_from_saved_mask,MD-Experiment-0004_Position(44)_t203.png,1446726.5986559999,344926.5,2587.093697309494,0.9514990682977089,0.6476078579530498,188984.85248,7.65525162292626,678.6069399565952,Position(44)
69,4140,saved,saved,reconstructed_from_saved_mask,MD-Experiment-0004_Position(44)_t206.png,1464732.7457279998,349219.5,2519.4124596118927,0.9563504615119188,0.6913688441638325,188984.85248,7.750529878488597,682.8168960873411,Position(44)
70,4200,saved,saved,reconstructed_from_saved_mask,MD-Experiment-0004_Position(44)_t209.png,1489755.963392,355185.5,2643.8388656377792,0.9464079925712466,0.6385503197761091,188984.85248,7.882938467513732,688.6247535116139,Position(44)
71,4260,saved,saved,reconstructed_from_saved_mask,MD-Experiment-0004_Position(44)_t212.png,1512111.603712,360515.5,2627.4368451833725,0.9458823745480687,0.6562498752571162,188984.85248,8.00123175941852,693.7723491713662,Position(44)
72,4320,saved,saved,reconstructed_from_saved_mask,MD-Experiment-0004_Position(44)_t215.png,1531988.410368,365254.5,2624.8338121175766,0.9478094906932871,0.6661956852719186,188984.85248,8.106408478055817,698.3173036228764,Position(44)
73,4380,saved,saved,reconstructed_from_saved_mask,MD-Experiment-0004_Position(44)_t218.png,1548467.830784,369183.5,2640.549540877342,0.9481718240153482,0.6653704462180452,188984.85248,8.19360816734173,702.0631160915066,Position(44)
74,4440,saved,saved,reconstructed_from_saved_mask,MD-Experiment-0004_Position(44)_t221.png,1567358.976,373687.5,2662.549543261528,0.9464768077564558,0.6624041421452223,188984.85248,8.293569328080785,706.3326817157073,Position(44)
75,4500,saved,saved,reconstructed_from_saved_mask,MD-Experiment-0004_Position(44)_t224.png,1589827.862528,379044.5,2682.8926889896393,0.9495804424425152,0.6617492524291434,188984.85248,8.412461854297288,711.3774848651783,Position(44)
76,4560,saved,saved,reconstructed_from_saved_mask,MD-Experiment-0004_Position(44)_t227.png,1610950.377472,384080.5,2663.152573943138,0.9543024678704756,0.680518640861591,188984.85248,8.524230150363424,716.0875863334365,Position(44)
77,4620,saved,saved,reconstructed_from_saved_mask,MD-Experiment-0004_Position(44)_t230.png,1636374.151168,390142.0,2662.5667876005173,0.9555055662432542,0.6915626809203876,188984.85248,8.65875825334295,721.7160589957682,Position(44)
78,4680,saved,saved,reconstructed_from_saved_mask,MD-Experiment-0004_Position(44)_t233.png,1652834.697216,394066.5,2664.2652727365494,0.9583305974450451,0.697628882639233,188984.85248,8.745858070243576,725.3369040324952,Position(44)
79,4740,saved,saved,reconstructed_from_saved_mask,MD-Experiment-0004_Position(44)_t236.png,1677706.919936,399996.5,2633.2947078943253,0.9619624687058846,0.7248816777418227,188984.85248,8.877467680186427,730.7740408187651,Position(44)
80,4800,saved,saved,reconstructed_from_saved_mask,MD-Experiment-0004_Position(44)_t239.png,1700163.223552,405350.5,2667.093700528145,0.9634502576486471,0.7160840985409072,188984.85248,8.99629362481274,735.6485316934329,Position(44)
81,4860,saved,saved,reconstructed_from_saved_mask,MD-Experiment-0004_Position(44)_t242.png,1727721.897984,411921.0,2777.194203853607,0.9495533707541407,0.6711371769496908,188984.85248,9.142118404261222,741.5867856862943,Position(44)
82,4920,saved,saved,reconstructed_from_saved_mask,MD-Experiment-0004_Position(44)_t245.png,1750446.6370559998,417339.0,2776.507910847664,0.9501464473011692,0.6803008360689804,188984.85248,9.262364756144924,746.4479016060628,Position(44)
83,4980,saved,saved,reconstructed_from_saved_mask,MD-Experiment-0004_Position(44)_t248.png,1773345.4397439999,422798.5,2793.8632534742355,0.946999849930901,0.6806643590043462,188984.85248,9.383532153359596,751.3144382277349,Position(44)
0,0,saved,saved,reconstructed_from_saved_mask,MD-Experiment-0004_Position(47)_t001.png,148241.383424,35343.5,779.4528781175613,0.954004993589311,0.7310375557892915,148241.383424,1.0,217.22499369414447,Position(47)
1,60,saved,saved,reconstructed_from_saved_mask,MD-Experiment-0004_Position(47)_t002.png,166629.21216,39727.5,824.7665868997574,0.9578892800308627,0.7339035416774491,148241.383424,1.1240397810064084,230.30355090085848,Position(47)
2,120,saved,saved,reconstructed_from_saved_mask,MD-Experiment-0004_Position(47)_t005.png,211684.425728,50469.5,917.5361378192902,0.9580572903813664,0.7533425707022597,148241.383424,1.4279711969669104,259.5789773081803,Position(47)
3,180,saved,saved,reconstructed_from_saved_mask,MD-Experiment-0004_Position(47)_t008.png,263679.11526399996,62866.0,1025.0336117744446,0.9509302677355922,0.7518816384884984,148241.383424,1.7787146151343243,289.70962905765913,Position(47)
4,240,saved,saved,reconstructed_from_saved_mask,MD-Experiment-0004_Position(47)_t011.png,296965.11180799996,70802.0,1129.1168723106384,0.9324027128465134,0.6978749272407363,148241.383424,2.0032537807517645,307.4523230358833,Position(47)
5,300,saved,saved,reconstructed_from_saved_mask,MD-Experiment-0004_Position(47)_t014.png,328720.187392,78373.0,1155.6021534204483,0.9488945928275662,0.7374959680207679,148241.383424,2.21746572920056,323.47316030091565,Position(47)
6,360,saved,saved,reconstructed_from_saved_mask,MD-Experiment-0004_Position(47)_t017.png,351570.75558399997,83821.0,1153.1168740987778,0.9714040689083714,0.7921657236689797,148241.383424,2.37161005559721,334.52719948532183,Position(47)
7,420,saved,saved,reconstructed_from_saved_mask,MD-Experiment-0004_Position(47)_t020.png,374287.106048,89237.0,1187.7442898750305,0.974203056768559,0.79489345884184,148241.383424,2.5248489821324993,345.1655923266386,Position(47)
8,480,saved,saved,reconstructed_from_saved_mask,MD-Experiment-0004_Position(47)_t023.png,415821.20140799996,99139.5,1253.7270449399948,0.9734160063624849,0.7925936698525812,148241.383424,2.805027798605118,363.8131378784823,Position(47)
9,540,saved,saved,reconstructed_from_saved_mask,MD-Experiment-0004_Position(47)_t026.png,433531.650048,103362.0,1280.3960925340652,0.9747178031553237,0.7922861934852288,148241.383424,2.9244981396862224,371.4800266284176,Position(47)
10,600,saved,saved,reconstructed_from_saved_mask,MD-Experiment-0004_Position(47)_t029.png,435939.180544,103936.0,1282.1118185520172,0.9789951585253283,0.7945551662612813,148241.383424,2.940738749699379,372.510068242478,Position(47)
11,660,saved,saved,reconstructed_from_saved_mask,MD-Experiment-0004_Position(47)_t032.png,447666.454528,106732.0,1283.1412571668625,0.9832157267350812,0.814620946893216,148241.383424,3.019848062585765,377.4872954009297,Position(47)
12,720,saved,saved,reconstructed_from_saved_mask,MD-Experiment-0004_Position(47)_t035.png,471819.354112,112490.5,1329.6681710481644,0.977315673557686,0.7995381026999762,148241.383424,3.1827775970121803,387.53679168138393,Position(47)
13,780,saved,saved,reconstructed_from_saved_mask,MD-Experiment-0004_Position(47)_t038.png,489863.24992,116792.5,1422.2955861091614,0.9568214774337842,0.725512825621937,148241.383424,3.304497290873852,394.8775953731194,Position(47)
14,840,saved,saved,reconstructed_from_saved_mask,MD-Experiment-0004_Position(47)_t041.png,506111.983616,120666.5,1435.8935652971268,0.9555736815638698,0.7354481864816196,148241.383424,3.4141072615898254,401.3732027690208,Position(47)
15,900,saved,saved,reconstructed_from_saved_mask,MD-Experiment-0004_Position(47)_t044.png,520978.69414399995,124211.0,1454.7636232376099,0.9564624802679705,0.7375391127426744,148241.383424,3.5143944431083507,407.2255748809946,Position(47)
16,960,saved,saved,reconstructed_from_saved_mask,MD-Experiment-0004_Position(47)_t047.png,531644.809216,126754.0,1471.1067683696747,0.9534246987498683,0.7360090426190656,148241.383424,3.586345438340855,411.3730651267145,Position(47)
17,1020,saved,saved,reconstructed_from_saved_mask,MD-Experiment-0004_Position(47)_t050.png,541922.951168,129204.5,1465.349407672882,0.9618654477506383,0.756145057147341,148241.383424,3.655679262099113,415.3305104451996,Position(47)
18,1080,saved,saved,reconstructed_from_saved_mask,MD-Experiment-0004_Position(47)_t053.png,555627.839488,132472.0,1484.4204732179642,0.9616842105263158,0.7554749804267397,148241.383424,3.7481290760677353,420.54944340466176,Position(47)
19,1140,saved,saved,reconstructed_from_saved_mask,MD-Experiment-0004_Position(47)_t056.png,568456.118272,135530.5,1487.6336810588837,0.965481991223571,0.7695819968199769,148241.383424,3.8346654971918457,425.3765417928447,Position(47)
20,1200,saved,saved,reconstructed_from_saved_mask,MD-Experiment-0004_Position(47)_t059.png,577327.071232,137645.5,1524.4621068239212,0.9614130055179158,0.7442838823890742,148241.383424,3.8945067692786512,428.68276654733756,Position(47)
21,1260,saved,saved,reconstructed_from_saved_mask,MD-Experiment-0004_Position(47)_t062.png,588584.583168,140329.5,1526.3199707269669,0.9633152220548006,0.7569508281960439,148241.383424,3.970447182650275,432.84210940912385,Position(47)
22,1320,saved,saved,reconstructed_from_saved_mask,MD-Experiment-0004_Position(47)_t065.png,596694.269952,142263.0,1539.8763182163239,0.9625502374862989,0.7539284755485522,148241.383424,4.025153139898426,435.8138193712324,Position(47)
23,1380,saved,saved,reconstructed_from_saved_mask,MD-Experiment-0004_Position(47)_t068.png,609556.103168,145329.5,1558.1778362989426,0.9627530605755472,0.752193538116894,148241.383424,4.111915910987876,440.4857929854731,Position(47)
24,1440,saved,saved,reconstructed_from_saved_mask,MD-Experiment-0004_Position(47)_t071.png,619964.268544,147811.0,1558.136204957962,0.9652522007157224,0.7650781186193318,148241.383424,4.1821268408618275,444.2305209666009,Position(47)
25,1500,saved,saved,reconstructed_from_saved_mask,MD-Experiment-0004_Position(47)_t074.png,628319.322112,149803.0,1555.6509261131287,0.970361805562303,0.7778682959731742,148241.383424,4.238487982231527,447.2138771421871,Position(47)
26,1560,saved,saved,reconstructed_from_saved_mask,MD-Experiment-0004_Position(47)_t077.png,641816.592384,153021.0,1573.2489031553268,0.9668931919209152,0.7769016154932298,148241.383424,4.3295372557896075,451.9917769966832,Position(47)
27,1620,saved,saved,reconstructed_from_saved_mask,MD-Experiment-0004_Position(47)_t080.png,653946.519552,155913.0,1580.0773322582245,0.9703534742168269,0.7847575571821412,148241.383424,4.4113627682600765,456.24296401027726,Position(47)
28,1680,saved,saved,reconstructed_from_saved_mask,MD-Experiment-0004_Position(47)_t083.png,665577.324544,158686.0,1596.3027279376984,0.9673793107652542,0.782560576479749,148241.383424,4.489821324996109,460.28235076104374,Position(47)
29,1740,saved,saved,reconstructed_from_saved_mask,MD-Experiment-0004_Position(47)_t086.png,679418.527744,161986.0,1621.131153702736,0.9688795315481281,0.7745528239656221,148241.383424,4.583190685698926,465.0436906757808,Position(47)
30,1800,saved,saved,reconstructed_from_saved_mask,MD-Experiment-0004_Position(47)_t089.png,691451.98592,164855.0,1629.4742993116379,0.9726016082690754,0.7802197825955105,148241.383424,4.664365442019042,469.1439042977658,Position(47)
31,1860,saved,saved,reconstructed_from_saved_mask,MD-Experiment-0004_Position(47)_t092.png,701834.985472,167330.5,1641.0895229578018,0.9708423263477918,0.7807651625979353,148241.383424,4.734406609418988,472.65316495861396,Position(47)
32,1920,saved,saved,reconstructed_from_saved_mask,MD-Experiment-0004_Position(47)_t095.png,712868.102144,169961.0,1648.1017155647278,0.9716526745159917,0.7863051475721491,148241.383424,4.8088333073974,476.3538227594185,Position(47)
33,1980,saved,saved,reconstructed_from_saved_mask,MD-Experiment-0004_Position(47)_t098.png,722422.726656,172239.0,1671.959580898285,0.9686660798996685,0.7742653262524417,148241.383424,4.873286460028011,479.5355001441031,Position(47)
34,2040,saved,saved,reconstructed_from_saved_mask,MD-Experiment-0004_Position(47)_t101.png,732684.091392,174685.5,1693.5159281492233,0.9659110701933364,0.7653994572239355,148241.383424,4.942507108803599,482.92917673263605,Position(47)
35,2100,saved,saved,reconstructed_from_saved_mask,MD-Experiment-0004_Position(47)_t104.png,748880.3962879999,178547.0,1720.871267080307,0.9657949754017001,0.7576448138051611,148241.383424,5.0517634076987274,488.23768157292545,Position(47)
36,2160,saved,saved,reconstructed_from_saved_mask,MD-Experiment-0004_Position(47)_t107.png,760486.035456,181314.0,1777.0133998394012,0.964407956150219,0.7215389793014092,148241.383424,5.130052201960757,492.00632454305054,Position(47)
37,2220,saved,saved,reconstructed_from_saved_mask,MD-Experiment-0004_Position(47)_t110.png,772657.905664,184216.0,1797.01340341568,0.9658242216274455,0.7168603817394968,148241.383424,5.2121606518879,495.92806939203786,Position(47)
38,2280,saved,saved,reconstructed_from_saved_mask,MD-Experiment-0004_Position(47)_t113.png,789074.41152,188130.0,1875.2976726293564,0.9589369272017372,0.672244859948396,148241.383424,5.322902372430574,501.1688199813241,Position(47)
39,2340,saved,saved,reconstructed_from_saved_mask,MD-Experiment-0004_Position(47)_t116.png,804922.5891839999,191908.5,1919.540315270424,0.9597776455231531,0.6544999221579533,148241.383424,5.429810290435299,506.1766665403702,Position(47)
40,2400,saved,saved,reconstructed_from_saved_mask,MD-Experiment-0004_Position(47)_t119.png,823276.863488,196284.5,1913.7657115459442,0.9577633508262154,0.6734701194575369,148241.383424,5.5536237214763675,511.91519289293757,Position(47)
41,2460,saved,saved,reconstructed_from_saved_mask,MD-Experiment-0004_Position(47)_t122.png,837420.056576,199656.5,1944.9372843503952,0.9602170938567824,0.6632574151128947,148241.383424,5.649030231867245,516.2936014485654,Position(47)
42,2520,saved,saved,reconstructed_from_saved_mask,MD-Experiment-0004_Position(47)_t125.png,849191.370752,202463.0,1910.3271135091782,0.9598086668784163,0.6971721858319988,148241.383424,5.728436629083141,519.9096157721324,Position(47)
43,2580,saved,saved,reconstructed_from_saved_mask,MD-Experiment-0004_Position(47)_t128.png,861841.391616,205479.0,1979.3809324502945,0.9590282720558206,0.6590502707810532,148241.383424,5.813770566016382,523.7677302715095,Position(47)
44,2640,saved,saved,reconstructed_from_saved_mask,MD-Experiment-0004_Position(47)_t131.png,880118.0712959999,209836.5,1919.5403143167496,0.9647411214888819,0.7156429915942392,148241.383424,5.937060562762601,529.2922473478401,Position(47)
45,2700,saved,saved,reconstructed_from_saved_mask,MD-Experiment-0004_Position(47)_t134.png,891277.017088,212497.0,1999.5230704545975,0.9642190282803762,0.6678975161883501,148241.383424,6.0123360731110385,532.637105229733,Position(47)
46,2760,saved,saved,reconstructed_from_saved_mask,MD-Experiment-0004_Position(47)_t137.png,912154.165248,217474.5,1920.8540223836899,0.9690599684517285,0.7406780632266103,148241.383424,6.15316819217112,538.8392047004018,Position(47)
47,2820,saved,saved,reconstructed_from_saved_mask,MD-Experiment-0004_Position(47)_t140.png,925775.167488,220722.0,1998.611381649971,0.9660599667799533,0.694382511245035,148241.383424,6.245052131226393,542.8474815220985,Position(47)
48,2880,saved,saved,reconstructed_from_saved_mask,MD-Experiment-0004_Position(47)_t143.png,944334.9626879999,225147.0,1952.4103721380234,0.967895449562582,0.742221988375078,148241.383424,6.370251955805169,548.2619396717153,Position(47)
49,2940,saved,saved,reconstructed_from_saved_mask,MD-Experiment-0004_Position(47)_t146.png,963723.132928,229769.5,1993.9078441858292,0.9670352101413288,0.7262599231639949,148241.383424,6.5010397951532815,553.8615357244064,Position(47)
50,3000,saved,saved,reconstructed_from_saved_mask,MD-Experiment-0004_Position(47)_t149.png,983509.762048,234487.0,1961.322057723999,0.971904395779753,0.7660035973521278,148241.383424,6.634515540339808,559.5184361735955,Position(47)
51,3060,saved,saved,reconstructed_from_saved_mask,MD-Experiment-0004_Position(47)_t152.png,1000379.252736,238509.0,1989.1210483312607,0.9700259070518426,0.7575166964173792,148241.383424,6.748312985414574,564.2965586276614,Position(47)
52,3120,saved,saved,reconstructed_from_saved_mask,MD-Experiment-0004_Position(47)_t155.png,1012175.732736,241321.5,2003.9078431129456,0.9707689027628044,0.7551798440678492,148241.383424,6.827889145104474,567.6139024770192,Position(47)
53,3180,saved,saved,reconstructed_from_saved_mask,MD-Experiment-0004_Position(47)_t158.png,1028409.786368,245192.0,2006.8956515789032,0.9713324763249791,0.7650090559671348,148241.383424,6.9374000877106115,572.1477099920043,Position(47)
54,3240,saved,saved,reconstructed_from_saved_mask,MD-Experiment-0004_Position(47)_t161.png,1047711.973376,249794.0,2015.665204167366,0.9687776935323422,0.7726006496111933,148241.383424,7.067607905272539,577.4920596845546,Position(47)
55,3300,saved,saved,reconstructed_from_saved_mask,MD-Experiment-0004_Position(47)_t164.png,1059078.537216,252504.0,2179.4641958475113,0.9604929818555289,0.6680033626309186,148241.383424,7.1442839560315194,580.61619736356,Position(47)
56,3360,saved,saved,reconstructed_from_saved_mask,MD-Experiment-0004_Position(47)_t167.png,1086184.226816,258966.5,2169.8489689826965,0.948341652232187,0.6911852140201271,148241.383424,7.327132287407868,587.9993006904257,Position(47)
57,3420,saved,saved,reconstructed_from_saved_mask,MD-Experiment-0004_Position(47)_t170.png,1101281.6240639999,262566.0,2242.091610312462,0.9482819644185694,0.6563593026023875,148241.383424,7.428975624938107,592.0716412834785,Position(47)
58,3480,saved,saved,reconstructed_from_saved_mask,MD-Experiment-0004_Position(47)_t173.png,1117303.865344,266386.0,2271.8317258358,0.9504959680296867,0.6485880465823917,148241.383424,7.537057733388035,596.3630322298307,Position(47)
59,3540,saved,saved,reconstructed_from_saved_mask,MD-Experiment-0004_Position(47)_t176.png,1135425.3557759998,270706.5,2212.4175115823746,0.9549184881819769,0.6949833069600847,148241.383424,7.659300861544555,601.1797699251435,Position(47)
60,3600,saved,saved,reconstructed_from_saved_mask,MD-Experiment-0004_Position(47)_t179.png,1149071.52384,273960.0,2257.1454350948334,0.9532259579753865,0.6757373675984369,148241.383424,7.751354563073832,604.78163494814,Position(47)
61,3660,saved,saved,reconstructed_from_saved_mask,MD-Experiment-0004_Position(47)_t182.png,1160987.5415039998,276801.0,2217.4885778427124,0.9560785722427353,0.7073831910372732,148241.383424,7.8317370945152565,607.9093782768425,Position(47)
62,3720,saved,saved,reconstructed_from_saved_mask,MD-Experiment-0004_Position(47)_t185.png,1179740.2746879999,281272.0,2218.5180164575577,0.9594062209002876,0.7181421960128024,148241.383424,7.958238431394739,612.7993085524585,Position(47)
63,3780,saved,saved,reconstructed_from_saved_mask,MD-Experiment-0004_Position(47)_t188.png,1198228.76672,285680.0,2217.5474574565887,0.9614129081327024,0.7300352916089773,148241.383424,8.08295726229717,617.5824336530202,Position(47)
64,3840,saved,saved,reconstructed_from_saved_mask,MD-Experiment-0004_Position(47)_t191.png,1217306.558464,290228.5,2222.0743666887283,0.9638348357872399,0.7386398635266171,148241.383424,8.211651364465885,622.4794872728401,Position(47)
65,3900,saved,saved,reconstructed_from_saved_mask,MD-Experiment-0004_Position(47)_t194.png,1233041.4899199998,293980.0,2234.233746290207,0.9621448781118422,0.7400659707349815,148241.383424,8.317795351337585,626.4896617792881,Position(47)
66,3960,saved,saved,reconstructed_from_saved_mask,MD-Experiment-0004_Position(47)_t197.png,1255738.966016,299391.5,2292.2753779888153,0.9628795224702388,0.7160044988409802,148241.383424,8.470906956017371,632.2294894649441,Position(47)
67,4020,saved,saved,reconstructed_from_saved_mask,MD-Experiment-0004_Position(47)_t200.png,1277610.164224,304606.0,2256.719026684761,0.9647001444171375,0.7516113619817449,148241.383424,8.618444692800656,637.7114911630459,Position(47)
68,4080,saved,saved,reconstructed_from_saved_mask,MD-Experiment-0004_Position(47)_t203.png,1302163.6198399998,310460.0,2436.7434129714966,0.9469083500321777,0.6570462117364037,148241.383424,8.784076279938319,643.8101844673967,Position(47)
69,4140,saved,saved,reconstructed_from_saved_mask,MD-Experiment-0004_Position(47)_t206.png,1324691.226624,315831.0,2440.1748712062836,0.9471671744919747,0.6665346303870998,148241.383424,8.93604198791857,649.3553061116476,Position(47)
70,4200,saved,saved,reconstructed_from_saved_mask,MD-Experiment-0004_Position(47)_t209.png,1345587.2491519998,320813.0,2438.518017411232,0.9484619898860444,0.6779690758745213,148241.383424,9.077001428834155,654.4568160909726,Position(47)
71,4260,saved,saved,reconstructed_from_saved_mask,MD-Experiment-0004_Position(47)_t212.png,1368112.7587839998,326183.5,2456.9027913808823,0.948912637147649,0.6790408554611824,148241.383424,9.228952989941572,659.911976353761,Position(47)
72,4320,saved,saved,reconstructed_from_saved_mask,MD-Experiment-0004_Position(47)_t215.png,1386859.200512,330653.0,2563.086558699608,0.9361477438095616,0.6324930899953555,148241.383424,9.355411886202555,664.4177859358656,Position(47)
73,4380,saved,saved,reconstructed_from_saved_mask,MD-Experiment-0004_Position(47)_t218.png,1406926.848,335437.5,2635.8977394104004,0.9413807619448538,0.6066865422590744,148241.383424,9.490783312348805,669.2075349663954,Position(47)
74,4440,saved,saved,reconstructed_from_saved_mask,MD-Experiment-0004_Position(47)_t221.png,1427925.6309759999,340444.0,2550.4002664089203,0.9478578508346975,0.6577166837977603,148241.383424,9.632435950033244,674.183094622587,Position(47)
75,4500,saved,saved,reconstructed_from_saved_mask,MD-Experiment-0004_Position(47)_t224.png,1448928.6082559999,345451.5,2520.9271767139435,0.9488158050136368,0.6830875130973627,148241.383424,9.774116881463351,679.1231849837005,Position(47)
76,4560,saved,saved,reconstructed_from_saved_mask,MD-Experiment-0004_Position(47)_t227.png,1474222.3585279998,351482.0,2497.6550986766815,0.9513320684344576,0.7080240665623885,148241.383424,9.944742314711332,685.0252193552052,Position(47)
77,4620,saved,saved,reconstructed_from_saved_mask,MD-Experiment-0004_Position(47)_t230.png,1498157.1543039999,357188.5,2581.495719075203,0.9488451847611408,0.6735417385596068,148241.383424,10.106200574363037,690.5637068887547,Position(47)
78,4680,saved,saved,reconstructed_from_saved_mask,MD-Experiment-0004_Position(47)_t233.png,1517060.882432,361695.5,2564.584028482437,0.9522362164922941,0.6910653261874599,148241.383424,10.23372048608655,694.9068116091618,Position(47)
79,4740,saved,saved,reconstructed_from_saved_mask,MD-Experiment-0004_Position(47)_t236.png,1532896.477184,365471.0,2662.4246513843536,0.9440316579208733,0.6479002298872711,148241.383424,10.340543522854272,698.5242323527314,Position(47)
80,4800,saved,saved,reconstructed_from_saved_mask,MD-Experiment-0004_Position(47)_t239.png,1554969.001984,370733.5,2676.8094269037247,0.9454098722269186,0.6501847652401403,148241.383424,10.489439359429598,703.5353623243466,Position(47)
81,4860,saved,saved,reconstructed_from_saved_mask,MD-Experiment-0004_Position(47)_t242.png,1574969.540608,375502.0,2639.6550998687744,0.9501208203129942,0.6772168386946343,148241.383424,10.624358085645168,708.0454612621068,Position(47)
82,4920,saved,saved,reconstructed_from_saved_mask,MD-Experiment-0004_Position(47)_t245.png,1594347.2250879998,380122.0,2603.797232747078,0.9584312993796149,0.7045609151437574,148241.383424,10.75507519062911,712.3878745144416,Position(47)
83,4980,saved,saved,reconstructed_from_saved_mask,MD-Experiment-0004_Position(47)_t248.png,1616415.555584,385383.5,2606.9271771907806,0.9579136274888738,0.7125989554793615,148241.383424,10.903942733458768,717.3012278838311,Position(47)
0,0,saved,saved,reconstructed_from_saved_mask,MD-Experiment-0004_Position(50)_t001.png,49197.088767999994,11729.5,420.4335457086563,0.9706235260043857,0.8338628828805318,49197.088767999994,1.0,125.139600951561,Position(50)
1,60,saved,saved,reconstructed_from_saved_mask,MD-Experiment-0004_Position(50)_t002.png,49935.286272,11905.5,421.11983823776245,0.9757406876203746,0.8436185133425038,49197.088767999994,1.015004902169743,126.07495901167418,Position(50)
2,120,saved,saved,reconstructed_from_saved_mask,MD-Experiment-0004_Position(50)_t005.png,45013.270528,10732.0,556.9015815258026,0.8175204722909922,0.43484414371014357,49197.088767999994,0.9149580118504627,119.70033006858361,Position(50)
3,180,saved,saved,reconstructed_from_saved_mask,MD-Experiment-0004_Position(50)_t008.png,60781.756416,14491.5,520.5168060064316,0.90563384682686,0.6721306384709522,49197.088767999994,1.2354746579138072,139.09505371086294,Position(50)
4,240,saved,saved,reconstructed_from_saved_mask,MD-Experiment-0004_Position(50)_t011.png,62767.75936,14965.0,546.7005708217621,0.8965372633596933,0.6291982854375705,49197.088767999994,1.2758429600579735,141.34920706496078,Position(50)
5,300,saved,saved,reconstructed_from_saved_mask,MD-Experiment-0004_Position(50)_t014.png,72404.1728,17262.5,563.6295040845871,0.9161713193928458,0.68285126434441,49197.088767999994,1.4717166119612943,151.8122656546549,Position(50)
6,360,saved,saved,reconstructed_from_saved_mask,MD-Experiment-0004_Position(50)_t017.png,81004.593152,19313.0,600.8427064418793,0.9232056215492722,0.6722611547200621,49197.088767999994,1.6465322477513962,160.57572302990695,Position(50)
7,420,saved,saved,reconstructed_from_saved_mask,MD-Experiment-0004_Position(50)_t020.png,91775.56582399999,21881.0,664.4406869411469,0.9107596253902185,0.6228229296435593,49197.088767999994,1.8654674112281,170.91831356496127,Position(50)
8,480,saved,saved,reconstructed_from_saved_mask,MD-Experiment-0004_Position(50)_t023.png,98056.536064,23378.5,665.3696184158325,0.9242523078139516,0.6635911319588959,49197.088767999994,1.993136962359862,176.67021490366906,Position(50)
9,540,saved,saved,reconstructed_from_saved_mask,MD-Experiment-0004_Position(50)_t026.png,107193.827328,25557.0,705.2102388143539,0.9260453656062033,0.6457769191700913,49197.088767999994,2.1788652542734135,184.71831250956305,Position(50)
10,600,saved,saved,reconstructed_from_saved_mask,MD-Experiment-0004_Position(50)_t029.png,121569.804288,28984.5,662.9675974845886,0.9775548060708263,0.8286880407693742,49197.088767999994,2.471077198516561,196.71520166550167,Position(50)
11,660,saved,saved,reconstructed_from_saved_mask,MD-Experiment-0004_Position(50)_t032.png,127737.52832,30455.0,676.3818120956421,0.9809163378693937,0.8365359819979319,49197.088767999994,2.596444861247283,201.64354217514116,Position(50)
12,720,saved,saved,reconstructed_from_saved_mask,MD-Experiment-0004_Position(50)_t035.png,136551.85817599998,32556.5,697.595016002655,0.9788190373109648,0.8406995898528341,49197.088767999994,2.775608508461571,208.48454723117413,Position(50)
13,780,saved,saved,reconstructed_from_saved_mask,MD-Experiment-0004_Position(50)_t038.png,146595.11910399998,34951.0,722.66608273983,0.9802964645827198,0.840996378481724,49197.088767999994,2.9797519075834433,216.0154524035109,Position(50)
14,840,saved,saved,reconstructed_from_saved_mask,MD-Experiment-0004_Position(50)_t041.png,153243.090944,36536.0,741.151363492012,0.981833817048264,0.8358282367183483,49197.088767999994,3.1148812822370946,220.85921044148674,Position(50)
15,900,saved,saved,reconstructed_from_saved_mask,MD-Experiment-0004_Position(50)_t044.png,161568.784384,38521.0,754.8082171678543,0.9819145817667376,0.849638489118621,49197.088767999994,3.2841127072765253,226.77949944411742,Position(50)
16,960,saved,saved,reconstructed_from_saved_mask,MD-Experiment-0004_Position(50)_t047.png,168799.76447999998,40245.0,777.2934987545013,0.9792923885536305,0.8370506252591116,49197.088767999994,3.4310925444392346,231.7986924455776,Position(50)
17,1020,saved,saved,reconstructed_from_saved_mask,MD-Experiment-0004_Position(50)_t050.png,175368.044544,41811.0,790.4650719165802,0.9796736061482948,0.8408819874010122,49197.088767999994,3.5646020716995612,236.2654911303692,Position(50)
18,1080,saved,saved,reconstructed_from_saved_mask,MD-Experiment-0004_Position(50)_t053.png,183737.778176,43806.5,803.8792859315872,0.9800879263477006,0.8518570926004457,49197.088767999994,3.7347286755616182,241.83786150821203,Position(50)
19,1140,saved,saved,reconstructed_from_saved_mask,MD-Experiment-0004_Position(50)_t056.png,191318.98265599998,45614.0,821.0924857854843,0.98267913309492,0.8502054152871085,49197.088767999994,3.888827315742359,246.77666744250757,Position(50)
20,1200,saved,saved,reconstructed_from_saved_mask,MD-Experiment-0004_Position(50)_t059.png,196024.991744,46736.0,835.5777690410614,0.9803658331934888,0.841177504648445,49197.088767999994,3.984483567074471,249.79330017278517,Position(50)
21,1260,saved,saved,reconstructed_from_saved_mask,MD-Experiment-0004_Position(50)_t062.png,204879.16748799998,48847.0,854.5483309030533,0.9787997194669873,0.8405711878103117,49197.088767999994,4.164457137985422,255.3724035296983,Position(50)
22,1320,saved,saved,reconstructed_from_saved_mask,MD-Experiment-0004_Position(50)_t065.png,210694.569984,50233.5,861.477263212204,0.9849223077300132,0.8505809721791752,49197.088767999994,4.28266337013513,258.97135863093,Position(50)
23,1380,saved,saved,reconstructed_from_saved_mask,MD-Experiment-0004_Position(50)_t068.png,218831.519744,52173.5,870.4478269815445,0.9862665406427221,0.8653152248527676,49197.088767999994,4.44805831450616,263.924678920215,Position(50)
24,1440,saved,saved,reconstructed_from_saved_mask,MD-Experiment-0004_Position(50)_t071.png,224758.07129599998,53586.5,892.3056902885437,0.9812759801497921,0.8457420635005221,49197.088767999994,4.568523807493926,267.47470178152935,Position(50)
25,1500,saved,saved,reconstructed_from_saved_mask,MD-Experiment-0004_Position(50)_t074.png,235245.928448,56087.0,906.690467953682,0.9824398532129376,0.8573417536487121,49197.088767999994,4.78170424996803,273.6441205461631,Position(50)
26,1560,saved,saved,reconstructed_from_saved_mask,MD-Experiment-0004_Position(50)_t077.png,242676.137984,57858.5,923.4183887243271,0.9852363964546917,0.8526680633219822,49197.088767999994,4.932733705614051,277.9320310097577,Position(50)
27,1620,saved,saved,reconstructed_from_saved_mask,MD-Experiment-0004_Position(50)_t080.png,248919.359488,59347.0,940.1463112831116,0.9846529068224051,0.8437576849268543,49197.088767999994,5.059635960612132,281.4844453741047,Position(50)
28,1680,saved,saved,reconstructed_from_saved_mask,MD-Experiment-0004_Position(50)_t083.png,256404.094976,61131.5,952.0458039045334,0.983905104496109,0.8475380988039694,49197.088767999994,5.211773732895691,285.68506836876935,Position(50)
29,1740,saved,saved,reconstructed_from_saved_mask,MD-Experiment-0004_Position(50)_t086.png,264859.81184,63147.5,974.7320969104767,0.9843725643024163,0.8352096264480839,49197.088767999994,5.383648066840019,290.3575322967369,Position(50)
30,1800,saved,saved,reconstructed_from_saved_mask,MD-Experiment-0004_Position(50)_t089.png,275825.819648,65762.0,988.0874359607697,0.9845200311395892,0.8464359932515162,49197.088767999994,5.606547593674071,296.3074168135277,Position(50)
31,1860,saved,saved,reconstructed_from_saved_mask,MD-Experiment-0004_Position(50)_t092.png,283207.794688,67522.0,997.4011439085007,0.9852623591898675,0.8529340214155932,49197.088767999994,5.7565966153715,300.24630038270186,Position(50)
32,1920,saved,saved,reconstructed_from_saved_mask,MD-Experiment-0004_Position(50)_t095.png,290472.329216,69254.0,1011.5432815551758,0.9842668523756058,0.8505224602092961,49197.088767999994,5.904258493541924,304.07271178500304,Position(50)
33,1980,saved,saved,reconstructed_from_saved_mask,MD-Experiment-0004_Position(50)_t098.png,301945.847808,71989.5,1031.9869306087494,0.9833489280616322,0.8494359290695693,49197.088767999994,6.137473890617674,310.0199162141566,Position(50)
34,2040,saved,saved,reconstructed_from_saved_mask,MD-Experiment-0004_Position(50)_t101.png,312123.326464,74416.0,1050.0285594463348,0.9834085487931388,0.8481525325498551,49197.088767999994,6.3443454537704085,315.20142848988166,Position(50)
35,2100,saved,saved,reconstructed_from_saved_mask,MD-Experiment-0004_Position(50)_t104.png,322441.314304,76876.0,1074.0285614728928,0.9784520612455294,0.8374694643651066,49197.088767999994,6.554073063642952,320.3689405311603,Position(50)
36,2160,saved,saved,reconstructed_from_saved_mask,MD-Experiment-0004_Position(50)_t107.png,332627.181568,79304.5,1094.4133368730545,0.9773063367263944,0.8320414106245769,49197.088767999994,6.761115137047616,325.38979748379506,Position(50)
37,2220,saved,saved,reconstructed_from_saved_mask,MD-Experiment-0004_Position(50)_t110.png,342177.611776,81581.5,1108.0701913833618,0.9800403637543097,0.8349625684680505,49197.088767999994,6.9552410588686655,330.0280543515352,Position(50)
38,2280,saved,saved,reconstructed_from_saved_mask,MD-Experiment-0004_Position(50)_t113.png,351688.19609599997,83849.0,1125.3422684669495,0.9794585754752796,0.8320290474930478,49197.088767999994,7.148557056993052,334.5830684172473,Position(50)
39,2340,saved,saved,reconstructed_from_saved_mask,MD-Experiment-0004_Position(50)_t116.png,359758.036992,85773.0,1130.655976176262,0.9817438879223515,0.8431396226920341,49197.088767999994,7.312587919348652,338.39997016641047,Position(50)
40,2400,saved,saved,reconstructed_from_saved_mask,MD-Experiment-0004_Position(50)_t119.png,369310.56435199996,88050.5,1148.8397439718246,0.9803649765070034,0.8383450173025287,49197.088767999994,7.506756468732682,342.86324344460814,Position(50)
41,2460,saved,saved,reconstructed_from_saved_mask,MD-Experiment-0004_Position(50)_t122.png,381018.96396799997,90842.0,1168.1118199825287,0.9800308545413354,0.8366189822249962,49197.088767999994,7.744746152862441,348.25580117855884,Position(50)
42,2520,saved,saved,reconstructed_from_saved_mask,MD-Experiment-0004_Position(50)_t125.png,390670.05747199996,93143.0,1177.9108110666275,0.9830707040856175,0.8435974730726145,49197.088767999994,7.940918197706637,352.63882589602537,Position(50)
43,2580,saved,saved,reconstructed_from_saved_mask,MD-Experiment-0004_Position(50)_t128.png,400786.71872,95555.0,1192.739236831665,0.9817630740778793,0.8440579571229752,49197.088767999994,8.146553561532889,357.17555182254307,Position(50)
44,2640,saved,saved,reconstructed_from_saved_mask,MD-Experiment-0004_Position(50)_t131.png,410723.024896,97924.0,1214.5382307767868,0.9779588738752235,0.8342123776610454,49197.088767999994,8.348522954942666,361.57599382108873,Position(50)
45,2700,saved,saved,reconstructed_from_saved_mask,MD-Experiment-0004_Position(50)_t134.png,424513.896448,101212.0,1232.1950823068619,0.9785839287613486,0.8376892234775445,49197.088767999994,8.628841809113773,367.5962051787265,Position(50)
46,2760,saved,saved,reconstructed_from_saved_mask,MD-Experiment-0004_Position(50)_t137.png,432483.074048,103112.0,1244.6803661584854,0.9785568203926109,0.83637953322967,49197.088767999994,8.790826548446226,371.03050828285643,Position(50)
47,2820,saved,saved,reconstructed_from_saved_mask,MD-Experiment-0004_Position(50)_t140.png,442543.112192,105510.5,1261.0651378631592,0.9783940170900542,0.8337397457983348,49197.088767999994,8.995310968071955,375.3209928491291,Position(50)
48,2880,saved,saved,reconstructed_from_saved_mask,MD-Experiment-0004_Position(50)_t143.png,452624.121856,107914.0,1284.4793524742126,0.976354300965823,0.8219272885927504,49197.088767999994,9.200221663327508,379.5717754417754,Position(50)
49,2940,saved,saved,reconstructed_from_saved_mask,MD-Experiment-0004_Position(50)_t146.png,466505.17094399995,111223.5,1301.2072739601135,0.9762184792816831,0.8254931173755765,49197.088767999994,9.482373502706851,385.348164479,Position(50)
50,3000,saved,saved,reconstructed_from_saved_mask,MD-Experiment-0004_Position(50)_t149.png,478798.67596799997,114154.5,1319.2072730064392,0.9745092431737956,0.8242839170556177,49197.088767999994,9.73225627690865,390.3925614715574,Position(50)
51,3060,saved,saved,reconstructed_from_saved_mask,MD-Experiment-0004_Position(50)_t152.png,490272.19456,116890.0,1342.4204767942429,0.9752251594575315,0.8150984859701802,49197.088767999994,9.9654716739844,395.0423856366186,Position(50)
52,3120,saved,saved,reconstructed_from_saved_mask,MD-Experiment-0004_Position(50)_t155.png,501202.55078399996,119496.0,1359.3910378217697,0.9742289473898759,0.8125955267283906,49197.088767999994,10.187646532247753,399.42174063899,Position(50)
53,3180,saved,saved,reconstructed_from_saved_mask,MD-Experiment-0004_Position(50)_t158.png,511535.218688,121959.5,1380.8052518367767,0.9734642891350851,0.8038233890985588,49197.088767999994,10.397672535061172,403.5179267883619,Position(50)
54,3240,saved,saved,reconstructed_from_saved_mask,MD-Experiment-0004_Position(50)_t161.png,524808.0936959999,125124.0,1381.1900290250778,0.9764441929882748,0.824220884485535,49197.088767999994,10.667462381175667,408.71946928511477,Position(50)
55,3300,saved,saved,reconstructed_from_saved_mask,MD-Experiment-0004_Position(50)_t164.png,537325.993984,128108.5,1432.2610975503922,0.9697548900865984,0.7847718533469823,49197.088767999994,10.921906304616565,413.5652016171564,Position(50)
56,3360,saved,saved,reconstructed_from_saved_mask,MD-Experiment-0004_Position(50)_t167.png,548654.809088,130809.5,1447.917952299118,0.9720446008255834,0.7840815667509284,49197.088767999994,11.152180399846541,417.90220128038413,Position(50)
57,3420,saved,saved,reconstructed_from_saved_mask,MD-Experiment-0004_Position(50)_t170.png,562275.8113279999,134057.0,1449.474299788475,0.9739753994144101,0.8018226525741988,49197.088767999994,11.429046421416087,423.05785598155984,Position(50)
58,3480,saved,saved,reconstructed_from_saved_mask,MD-Experiment-0004_Position(50)_t173.png,575074.729984,137108.5,1460.6042399406433,0.9776843651506725,0.8076238387389363,49197.088767999994,11.689202438296604,427.84573370361096,Position(50)
59,3540,saved,saved,reconstructed_from_saved_mask,MD-Experiment-0004_Position(50)_t176.png,587718.459392,140123.0,1469.8174455165863,0.9777239726338044,0.8150654710396344,49197.088767999994,11.946204015516434,432.523520651976,Position(50)
60,3600,saved,saved,reconstructed_from_saved_mask,MD-Experiment-0004_Position(50)_t179.png,599733.0432,142987.5,1486.8885140419006,0.9793832086165859,0.8127390440343152,49197.088767999994,12.190417323841597,436.922140342705,Position(50)
61,3660,saved,saved,reconstructed_from_saved_mask,MD-Experiment-0004_Position(50)_t182.png,612609.55648,146057.5,1505.5748040676117,0.9787211943738985,0.8097091563616055,49197.088767999994,12.452150560552456,441.5876789475124,Position(50)
62,3720,saved,saved,reconstructed_from_saved_mask,MD-Experiment-0004_Position(50)_t185.png,624483.631104,148888.5,1508.5453666448593,0.9779532989589149,0.8221560708795722,49197.088767999994,12.693507822157809,445.8467377253697,Position(50)
63,3780,saved,saved,reconstructed_from_saved_mask,MD-Experiment-0004_Position(50)_t188.png,638551.32672,152242.5,1529.1727854013443,0.976445499150178,0.8181494643355904,49197.088767999994,12.97945351464257,450.8405484544971,Position(50)
64,3840,saved,saved,reconstructed_from_saved_mask,MD-Experiment-0004_Position(50)_t191.png,655469.051904,156276.0,1568.7291342020035,0.9706915453633509,0.7980061274571315,49197.088767999994,13.323330065220173,456.77377257079837,Position(50)
65,3900,saved,saved,reconstructed_from_saved_mask,MD-Experiment-0004_Position(50)_t194.png,670488.854528,159857.0,1595.3565500974655,0.9690446674567404,0.7892707400741181,49197.088767999994,13.628628671298863,461.9775221504915,Position(50)
66,3960,saved,saved,reconstructed_from_saved_mask,MD-Experiment-0004_Position(50)_t197.png,689432.428544,164373.5,1621.2560460567474,0.9651004741145214,0.7858478138204966,49197.088767999994,14.013683447717296,468.45827760992233,Position(50)
67,4020,saved,saved,reconstructed_from_saved_mask,MD-Experiment-0004_Position(50)_t200.png,705655.996416,168241.5,1645.7413266897202,0.9640738979204749,0.7805843608048935,49197.088767999994,14.343450274947783,473.93805492288374,Position(50)
68,4080,saved,saved,reconstructed_from_saved_mask,MD-Experiment-0004_Position(50)_t203.png,721409.80224,171997.5,1650.2854799032211,0.968888100247577,0.7936222613344397,49197.088767999994,14.663668528070252,479.1991987085176,Position(50)
69,4140,saved,saved,reconstructed_from_saved_mask,MD-Experiment-0004_Position(50)_t206.png,735919.996928,175457.0,1686.042839050293,0.9682763492278104,0.7756099171551525,49197.088767999994,14.958608636344263,483.9944322639748,Position(50)
70,4200,saved,saved,reconstructed_from_saved_mask,MD-Experiment-0004_Position(50)_t209.png,751239.692288,179109.5,1670.1433458328247,0.97389755858844,0.8069023687564414,49197.088767999994,15.27000298392941,489.0061563507552,Position(50)
71,4260,saved,saved,reconstructed_from_saved_mask,MD-Experiment-0004_Position(50)_t212.png,765449.9942399999,182497.5,1702.4276161193848,0.9690278526314112,0.7912786944047289,49197.088767999994,15.558847350696961,493.609461564421,Position(50)
72,4320,saved,saved,reconstructed_from_saved_mask,MD-Experiment-0004_Position(50)_t215.png,780832.60416,186165.0,1717.3565508127213,0.9701095877561868,0.7932077642747433,49197.088767999994,15.871520525171578,498.54461922556385,Position(50)
73,4380,saved,saved,reconstructed_from_saved_mask,MD-Experiment-0004_Position(50)_t218.png,795596.55424,189685.0,1712.1849774122238,0.9739947984462091,0.813095370609949,49197.088767999994,16.171618568566437,503.23577836671194,Position(50)
74,4440,saved,saved,reconstructed_from_saved_mask,MD-Experiment-0004_Position(50)_t221.png,805539.151872,192055.5,1724.711888551712,0.9740925678434396,0.8113411416742223,49197.088767999994,16.37371584466516,506.37049257333666,Position(50)
75,4500,saved,saved,reconstructed_from_saved_mask,MD-Experiment-0004_Position(50)_t224.png,818329.68192,195105.0,1742.8123923540115,0.97398123973502,0.8071922520808321,49197.088767999994,16.633701351293748,510.3747916117849,Position(50)
76,4560,saved,saved,reconstructed_from_saved_mask,MD-Experiment-0004_Position(50)_t227.png,831000.674304,198126.0,1757.2976733446121,0.976865958642724,0.8062331804701189,49197.088767999994,16.891257086832347,514.310927412941,Position(50)
77,4620,saved,saved,reconstructed_from_saved_mask,MD-Experiment-0004_Position(50)_t230.png,846500.724736,201821.5,1773.6824502944946,0.9761809176477416,0.8061680010323925,49197.088767999994,17.206317404833968,519.0853006445208,Position(50)
78,4680,saved,saved,reconstructed_from_saved_mask,MD-Experiment-0004_Position(50)_t233.png,862680.252416,205679.0,1792.8956546783447,0.9768027222191881,0.8040624610350486,49197.088767999994,17.53518905324183,524.0225691318465,Position(50)
79,4740,saved,saved,reconstructed_from_saved_mask,MD-Experiment-0004_Position(50)_t236.png,875078.61504,208635.0,1793.179924607277,0.9785055670721984,0.8153597972186806,49197.088767999994,17.787203205592736,527.7747382693221,Position(50)
80,4800,saved,saved,reconstructed_from_saved_mask,MD-Experiment-0004_Position(50)_t239.png,889058.230272,211968.0,1809.3220573663712,0.9796008910168129,0.8136702002495158,49197.088767999994,18.071358540432243,531.97370620045,Position(50)
81,4860,saved,saved,reconstructed_from_saved_mask,MD-Experiment-0004_Position(50)_t242.png,906462.49472,216117.5,1835.505822300911,0.9784340889438204,0.806098784352326,49197.088767999994,18.425124685621725,537.1554463320633,Position(50)
82,4920,saved,saved,reconstructed_from_saved_mask,MD-Experiment-0004_Position(50)_t245.png,921457.1315199999,219692.5,1842.8784062862396,0.9787078121101964,0.8128899091148631,49197.088767999994,18.729911760944628,541.5800168556567,Position(50)
83,4980,saved,saved,reconstructed_from_saved_mask,MD-Experiment-0004_Position(50)_t248.png,937980.592128,223632.0,1861.523069024086,0.9761220414443317,0.8109740668038464,49197.088767999994,19.065774329681574,546.4142160695202,Position(50)
0,0,saved,saved,reconstructed_from_saved_mask,MD-Experiment-0004_Position(54)_t001.png,144583.95033599998,34471.5,772.0559102296829,0.944541107807812,0.7267290853212182,144583.95033599998,1.0,214.52855468551266,Position(54)
1,60,saved,saved,reconstructed_from_saved_mask,MD-Experiment-0004_Position(54)_t002.png,170399.89145599998,40626.5,822.3401812314987,0.9588506018409252,0.7549466296360566,144583.95033599998,1.1785532976516833,232.89476175966183,Position(54)
2,120,saved,saved,reconstructed_from_saved_mask,MD-Experiment-0004_Position(54)_t005.png,230053.38009599998,54849.0,926.7249573469162,0.9781974800032102,0.8025587978331049,144583.95033599998,1.5911405073756582,270.6072157843432,Position(54)
3,180,saved,saved,reconstructed_from_saved_mask,MD-Experiment-0004_Position(54)_t008.png,274234.08128,65382.5,1010.9919819831848,0.9766891235827495,0.8038517543734631,144583.95033599998,1.8967117763949932,295.4512128930142,Position(54)
4,240,saved,saved,reconstructed_from_saved_mask,MD-Experiment-0004_Position(54)_t011.png,311192.190976,74194.0,1075.2346225976944,0.9789741052284348,0.806440201116333,144583.95033599998,2.152328735332086,314.73091823151884,Position(54)
5,300,saved,saved,reconstructed_from_saved_mask,MD-Experiment-0004_Position(54)_t014.png,342678.831104,81701.0,1124.1463092565536,0.9746905663753765,0.8124404879378322,144583.95033599998,2.3701028385767957,330.26967727344976,Position(54)
6,360,saved,saved,reconstructed_from_saved_mask,MD-Experiment-0004_Position(54)_t017.png,375243.40736,89465.0,1178.7148514986038,0.9727681459614329,0.8091807063801322,144583.95033599998,2.5953323760207714,345.6062590405148,Position(54)
7,420,saved,saved,reconstructed_from_saved_mask,MD-Experiment-0004_Position(54)_t020.png,402565.103616,95979.0,1216.655975818634,0.9762446027798545,0.8147990192882456,144583.95033599998,2.7843000739741526,357.9671106590309,Position(54)
8,480,saved,saved,reconstructed_from_saved_mask,MD-Experiment-0004_Position(54)_t023.png,430075.54355199996,102538.0,1243.827549815178,0.980507092893719,0.832864521960535,144583.95033599998,2.9745731981491956,369.9963477096349,Position(54)
9,540,saved,saved,reconstructed_from_saved_mask,MD-Experiment-0004_Position(54)_t026.png,450835.2512,107487.5,1270.2123267650604,0.9795590104847787,0.8371729356730329,144583.95033599998,3.1181555777961507,378.8209570458222,Position(54)
10,600,saved,saved,reconstructed_from_saved_mask,MD-Experiment-0004_Position(54)_t029.png,472066.818048,112549.5,1309.4671565294266,0.979053128330035,0.8248295545041978,144583.95033599998,3.265001522997259,387.6384076997571,Position(54)
11,660,saved,saved,reconstructed_from_saved_mask,MD-Experiment-0004_Position(54)_t032.png,491190.74713599996,117109.0,1329.023508310318,0.9820296514943145,0.8331722765878689,144583.95033599998,3.3972702087231483,395.4122795455286,Position(54)
12,720,saved,saved,reconstructed_from_saved_mask,MD-Experiment-0004_Position(54)_t035.png,515670.802432,122945.5,1366.0945748090744,0.9813853245794336,0.8278677567072424,144583.95033599998,3.566583989672629,405.14579404263094,Position(54)
13,780,saved,saved,reconstructed_from_saved_mask,MD-Experiment-0004_Position(54)_t038.png,535168.0245759999,127594.0,1382.4793518781662,0.9833076448828607,0.8389243679439639,144583.95033599998,3.701434518370248,412.7339009482873,Position(54)
14,840,saved,saved,reconstructed_from_saved_mask,MD-Experiment-0004_Position(54)_t041.png,552423.391232,131708.0,1409.4499126672745,0.9821039759000209,0.8331490911902522,144583.95033599998,3.8207794845016902,419.3349815938584,Position(54)
15,900,saved,saved,reconstructed_from_saved_mask,MD-Experiment-0004_Position(54)_t044.png,569095.749632,135683.0,1428.7636231184006,0.9824697329548746,0.8352462465918594,144583.95033599998,3.936092134081778,425.61579304936623,Position(54)
16,960,saved,saved,reconstructed_from_saved_mask,MD-Experiment-0004_Position(54)_t047.png,587466.801152,140063.0,1443.2489051818848,0.9833916666959212,0.8449885319415734,144583.95033599998,4.063153619656818,432.43090848301847,Position(54)
17,1020,saved,saved,reconstructed_from_saved_mask,MD-Experiment-0004_Position(54)_t050.png,602264.305664,143591.0,1461.734182715416,0.983489895651757,0.8445012133948898,144583.95033599998,4.16549903543507,437.84321690357103,Position(54)
18,1080,saved,saved,reconstructed_from_saved_mask,MD-Experiment-0004_Position(54)_t053.png,615356.8256,146712.5,1489.9768246412277,0.9816926901240226,0.8304585387655447,144583.95033599998,4.25605210101098,442.5767290754844,Position(54)
19,1140,saved,saved,reconstructed_from_saved_mask,MD-Experiment-0004_Position(54)_t056.png,627514.015744,149611.0,1503.5331728458405,0.9815159238593832,0.8316629622633503,144583.95033599998,4.3401360544217695,446.92719197896884,Position(54)
20,1200,saved,saved,reconstructed_from_saved_mask,MD-Experiment-0004_Position(54)_t059.png,640350.683136,152671.5,1517.7758158445358,0.9795645353257644,0.8328227487937369,144583.95033599998,4.428919542230538,451.4753072613526,Position(54)
21,1260,saved,saved,reconstructed_from_saved_mask,MD-Experiment-0004_Position(54)_t062.png,656247.095296,156461.5,1540.8052524328232,0.9788356809274014,0.8281744978555426,144583.95033599998,4.538865439566019,457.04478797171834,Position(54)
22,1320,saved,saved,reconstructed_from_saved_mask,MD-Experiment-0004_Position(54)_t065.png,666346.979328,158869.5,1553.917948961258,0.9800467601046242,0.8267881176058604,144583.95033599998,4.608720247160699,460.54840261237297,Position(54)
23,1380,saved,saved,reconstructed_from_saved_mask,MD-Experiment-0004_Position(54)_t068.png,678235.734016,161704.0,1579.4743003845215,0.9795849134327634,0.8145270268399157,144583.95033599998,4.690947594389568,464.6387191145532,Position(54)
24,1440,saved,saved,reconstructed_from_saved_mask,MD-Experiment-0004_Position(54)_t071.png,685475.10272,163430.0,1606.1017175912857,0.9737597864556645,0.7961511956308934,144583.95033599998,4.74101794235818,467.11187303324397,Position(54)
25,1500,saved,saved,reconstructed_from_saved_mask,MD-Experiment-0004_Position(54)_t074.png,702413.799424,167468.5,1610.5453659296036,0.9756365405285741,0.8113291302217248,144583.95033599998,4.8581726933843905,472.84802690566175,Position(54)
26,1560,saved,saved,reconstructed_from_saved_mask,MD-Experiment-0004_Position(54)_t077.png,714872.9794559999,170439.0,1619.6164343357086,0.9761683848797251,0.8164968086693476,144583.95033599998,4.944345328749837,477.02320355146946,Position(54)
27,1620,saved,saved,reconstructed_from_saved_mask,MD-Experiment-0004_Position(54)_t080.png,729976.66816,174040.0,1636.9301429986954,0.9753992473217713,0.8162038642932067,144583.95033599998,5.0488084359543395,482.03608802540117,Position(54)
28,1680,saved,saved,reconstructed_from_saved_mask,MD-Experiment-0004_Position(54)_t083.png,744895.807488,177597.0,1663.3321623802185,0.9743301367157498,0.8066544221885509,144583.95033599998,5.1519951264087736,486.9370592800348,Position(54)
29,1740,saved,saved,reconstructed_from_saved_mask,MD-Experiment-0004_Position(54)_t086.png,759636.6888959999,181111.5,1664.001210808754,0.9774488639430082,0.8219560862489814,144583.95033599998,5.253948914320526,491.731499889439,Position(54)
30,1800,saved,saved,reconstructed_from_saved_mask,MD-Experiment-0004_Position(54)_t089.png,774115.426304,184563.5,1669.1727840900421,0.980193103301769,0.832440289533589,144583.95033599998,5.354089610257749,496.39560155176923,Position(54)
31,1860,saved,saved,reconstructed_from_saved_mask,MD-Experiment-0004_Position(54)_t092.png,788927.6108799999,188095.0,1684.7880091667175,0.9787235149648253,0.8327153863262202,144583.95033599998,5.456536559186575,501.12219869654814,Position(54)
32,1920,saved,saved,reconstructed_from_saved_mask,MD-Experiment-0004_Position(54)_t095.png,804610.113536,191834.0,1713.2144140005112,0.9788822411307709,0.8213192601308916,144583.95033599998,5.565002973470839,506.07840663475366,Position(54)
33,1980,saved,saved,reconstructed_from_saved_mask,MD-Experiment-0004_Position(54)_t098.png,819596.361728,195407.0,1707.6164370775223,0.9814638556486144,0.8421109763975329,144583.95033599998,5.668653815470752,510.7696394836802,Position(54)
34,2040,saved,saved,reconstructed_from_saved_mask,MD-Experiment-0004_Position(54)_t101.png,832573.5383039999,198501.0,1722.5869985818863,0.9822964837921897,0.8406403520525314,144583.95033599998,5.758409120577869,514.7974244469199,Position(54)
35,2100,saved,saved,reconstructed_from_saved_mask,MD-Experiment-0004_Position(54)_t104.png,845420.691456,201564.0,1742.3271114826202,0.9805961980515927,0.8343791502467464,144583.95033599998,5.84726513206562,518.754049694825,Position(54)
36,2160,saved,saved,reconstructed_from_saved_mask,MD-Experiment-0004_Position(54)_t107.png,856093.097984,204108.5,1772.2266063690186,0.9803670579646103,0.8166433886414837,144583.95033599998,5.9210797325326725,522.0180998605467,Position(54)
37,2220,saved,saved,reconstructed_from_saved_mask,MD-Experiment-0004_Position(54)_t110.png,875600.805888,208759.5,1768.2266066074371,0.9832606028349586,0.8390353711892965,144583.95033599998,6.056002784909273,527.9321858578473,Position(54)
38,2280,saved,saved,reconstructed_from_saved_mask,MD-Experiment-0004_Position(54)_t113.png,889177.7679359999,211996.5,1807.339304447174,0.9797099640921128,0.8155661051138411,144583.95033599998,6.149906444454114,532.0094680631776,Position(54)
39,2340,saved,saved,reconstructed_from_saved_mask,MD-Experiment-0004_Position(54)_t116.png,907395.7273599999,216340.0,1801.4986851215363,0.9828565717232246,0.8376812418953152,144583.95033599998,6.275909084316029,537.4318847069082,Position(54)
40,2400,saved,saved,reconstructed_from_saved_mask,MD-Experiment-0004_Position(54)_t119.png,919221.5674879999,219159.5,1825.7413232326508,0.9819018006353075,0.8262123345165264,144583.95033599998,6.357701289471013,540.9226492991312,Position(54)
41,2460,saved,saved,reconstructed_from_saved_mask,MD-Experiment-0004_Position(54)_t122.png,935763.9024639999,223103.5,1829.1971672773361,0.982934394233777,0.8379058203437268,144583.95033599998,6.472114645431734,545.768175408035,Position(54)
42,2520,saved,saved,reconstructed_from_saved_mask,MD-Experiment-0004_Position(54)_t125.png,948120.322048,226049.5,1838.1677315235138,0.9829542613259584,0.8407040487092258,144583.95033599998,6.557576548743165,549.3596925509167,Position(54)
43,2580,saved,saved,reconstructed_from_saved_mask,MD-Experiment-0004_Position(54)_t128.png,962030.731264,229366.0,1852.0672271251678,0.9823712320435837,0.8402826785699288,144583.95033599998,6.6537864612796085,553.3750017609692,Position(54)
44,2640,saved,saved,reconstructed_from_saved_mask,MD-Experiment-0004_Position(54)_t131.png,975362.326528,232544.5,1876.1677323579788,0.9805157158187005,0.8301806595486532,144583.95033599998,6.74599306673629,557.1960796210657,Position(54)
45,2700,saved,saved,reconstructed_from_saved_mask,MD-Experiment-0004_Position(54)_t134.png,990348.5747199999,236117.5,1897.5647033452988,0.9787172748826952,0.8240334728845035,144583.95033599998,6.849643908736203,561.4603655659075,Position(54)
46,2760,saved,saved,reconstructed_from_saved_mask,MD-Experiment-0004_Position(54)_t137.png,1003908.759552,239350.5,1911.6235748529434,0.9778647987792547,0.8230750698953679,144583.95033599998,6.943431530394674,565.291148871011,Position(54)
47,2820,saved,saved,reconstructed_from_saved_mask,MD-Experiment-0004_Position(54)_t140.png,1016091.11552,242255.0,1917.464193701744,0.9786499151652258,0.8279957123480747,144583.95033599998,7.027689540635018,568.7106886049638,Position(54)
48,2880,saved,saved,reconstructed_from_saved_mask,MD-Experiment-0004_Position(54)_t143.png,1034883.694592,246735.5,1943.7068351507187,0.981463470905406,0.8206915842444447,144583.95033599998,7.157666478105102,573.9457387584999,Position(54)
49,2940,saved,saved,reconstructed_from_saved_mask,MD-Experiment-0004_Position(54)_t146.png,1050589.26592,250480.0,1967.9494745731354,0.980780262227939,0.8127463549715014,144583.95033599998,7.266292444483124,578.2844885183307,Position(54)
50,3000,saved,saved,reconstructed_from_saved_mask,MD-Experiment-0004_Position(54)_t149.png,1067014.160384,254396.0,1979.3220582008362,0.9819092723181374,0.8159944655977778,144583.95033599998,7.379893535239257,582.7874020157985,Position(54)
51,3060,saved,saved,reconstructed_from_saved_mask,MD-Experiment-0004_Position(54)_t152.png,1083766.21056,258390.0,1981.8073379993439,0.9832266607812845,0.826728104573981,144583.95033599998,7.495757364779601,587.3444467543655,Position(54)
52,3120,saved,saved,reconstructed_from_saved_mask,MD-Experiment-0004_Position(54)_t155.png,1099448.713216,262129.0,2001.6063294410706,0.9828295686114241,0.8221813162711789,144583.95033599998,7.604223779063865,591.5787308285348,Position(54)
53,3180,saved,saved,reconstructed_from_saved_mask,MD-Experiment-0004_Position(54)_t158.png,1112943.886336,265346.5,2010.1088560819626,0.9811713199119209,0.8252472268165457,144583.95033599998,7.6975617539126535,595.1983213925909,Position(54)
54,3240,saved,saved,reconstructed_from_saved_mask,MD-Experiment-0004_Position(54)_t161.png,1136025.1412479999,270849.5,2015.3636893033981,0.9827987227403027,0.8379749629335687,144583.95033599998,7.857200876086043,601.338534781013,Position(54)
55,3300,saved,saved,reconstructed_from_saved_mask,MD-Experiment-0004_Position(54)_t164.png,1157023.924224,275856.0,2033.9494758844376,0.9830162995060971,0.8379381761892613,144583.95033599998,8.002436795613768,606.870788250402,Position(54)
56,3360,saved,saved,reconstructed_from_saved_mask,MD-Experiment-0004_Position(54)_t167.png,1173922.77504,279885.0,2056.576893091202,0.9825973697699075,0.8315714757635938,144583.95033599998,8.11931595665985,611.2865325782518,Position(54)
57,3420,saved,saved,reconstructed_from_saved_mask,MD-Experiment-0004_Position(54)_t170.png,1193338.208256,284514.0,2067.8906033039093,0.9834362232376791,0.8361003129744886,144583.95033599998,8.253600800661417,616.3208168224858,Position(54)
58,3480,saved,saved,reconstructed_from_saved_mask,MD-Experiment-0004_Position(54)_t173.png,1211331.772416,288804.0,2105.0032958984375,0.9792605125788136,0.8190445177036735,144583.95033599998,8.378051433793134,620.9499807621758,Position(54)
59,3540,saved,saved,reconstructed_from_saved_mask,MD-Experiment-0004_Position(54)_t176.png,1232382.984192,293823.0,2122.8022861480713,0.9789988204953919,0.8193633975958036,144583.95033599998,8.523649971715766,626.3223510565433,Position(54)
60,3600,saved,saved,reconstructed_from_saved_mask,MD-Experiment-0004_Position(54)_t179.png,1249504.13312,297905.0,2158.258132815361,0.979081079304565,0.8036757870870174,144583.95033599998,8.64206663475625,630.6580043094698,Position(54)
61,3660,saved,saved,reconstructed_from_saved_mask,MD-Experiment-0004_Position(54)_t182.png,1267428.4912639998,302178.5,2167.1281893253326,0.9784337470332438,0.8085450495063013,144583.95033599998,8.766038611606689,635.1653476066979,Position(54)
62,3720,saved,saved,reconstructed_from_saved_mask,MD-Experiment-0004_Position(54)_t185.png,1281255.0144,305475.0,2176.258131504059,0.9796642891961926,0.8105218439657947,144583.95033599998,8.861668334711284,638.6204959176264,Position(54)
63,3780,saved,saved,reconstructed_from_saved_mask,MD-Experiment-0004_Position(54)_t188.png,1295618.408448,308899.5,2190.2997624874115,0.9810475534114403,0.809133080578167,144583.95033599998,8.961011270179714,642.1901183689351,Position(54)
64,3840,saved,saved,reconstructed_from_saved_mask,MD-Experiment-0004_Position(54)_t191.png,1319664.35328,314632.5,2190.7017792463303,0.9832311713961159,0.8238476802543939,144583.95033599998,9.127322570819373,648.1220641926661,Position(54)
65,3900,saved,saved,reconstructed_from_saved_mask,MD-Experiment-0004_Position(54)_t194.png,1342363.926528,320044.5,2221.1281863451004,0.9822257209148161,0.8152165454629348,144583.95033599998,9.284321831077849,653.6724781343896,Position(54)
66,3960,saved,saved,reconstructed_from_saved_mask,MD-Experiment-0004_Position(54)_t197.png,1361454.301184,324596.0,2234.684539079666,0.9811505537553804,0.8168091218354464,144583.95033599998,9.416358441030997,658.3041574031804,Position(54)
67,4020,saved,saved,reconstructed_from_saved_mask,MD-Experiment-0004_Position(54)_t200.png,1380230.10304,329072.5,2254.0987503528595,0.981005771455146,0.8138710079596764,144583.95033599998,9.546219340614712,662.8279467600202,Position(54)
68,4080,saved,saved,reconstructed_from_saved_mask,MD-Experiment-0004_Position(54)_t203.png,1398362.079232,333395.5,2254.927177429199,0.9815435525349279,0.8239570153191179,144583.95033599998,9.671627286308981,667.1675009201713,Position(54)
69,4140,saved,saved,reconstructed_from_saved_mask,MD-Experiment-0004_Position(54)_t206.png,1420281.5119359998,338621.5,2262.584032535553,0.9841044956130791,0.8312180346672501,144583.95033599998,9.823230784851255,672.3761197523974,Position(54)
70,4200,saved,saved,reconstructed_from_saved_mask,MD-Experiment-0004_Position(54)_t209.png,1438149.246976,342881.5,2294.2408888339996,0.9818144073074527,0.8186078148238187,144583.95033599998,9.9468111338352,676.5922872160419,Position(54)
71,4260,saved,saved,reconstructed_from_saved_mask,MD-Experiment-0004_Position(54)_t212.png,1458107.84256,347640.0,2305.454088807106,0.981317314898584,0.8219145132285404,144583.95033599998,10.084852704407991,681.27097502313,Position(54)
72,4320,saved,saved,reconstructed_from_saved_mask,MD-Experiment-0004_Position(54)_t215.png,1488755.6218879998,354947.0,2317.2530769109726,0.9825971290038161,0.8306660080163137,144583.95033599998,10.296824913334204,688.3935157732441,Position(54)
73,4380,saved,saved,reconstructed_from_saved_mask,MD-Experiment-0004_Position(54)_t218.png,1504591.21664,358722.5,2348.2652693986893,0.9820157572572079,0.8174744196980268,144583.95033599998,10.406350173331594,692.0449833080286,Position(54)
74,4440,saved,saved,reconstructed_from_saved_mask,MD-Experiment-0004_Position(54)_t221.png,1524719.681536,363521.5,2371.495718598366,0.9803271968750042,0.812260391074215,144583.95033599998,10.54556662750388,696.6587028753102,Position(54)
75,4500,saved,saved,reconstructed_from_saved_mask,MD-Experiment-0004_Position(54)_t224.png,1544577.613824,368256.0,2383.7383601665497,0.9802332824037351,0.8144089257149072,144583.95033599998,10.682911970758454,701.1806646352625,Position(54)
76,4560,saved,saved,reconstructed_from_saved_mask,MD-Experiment-0004_Position(54)_t227.png,1565249.241088,373184.5,2403.1525716781616,0.9800939689676545,0.8120275665815102,144583.95033599998,10.825885151501966,705.8571440312735,Position(54)
77,4620,saved,saved,reconstructed_from_saved_mask,MD-Experiment-0004_Position(54)_t230.png,1584547.233792,377785.5,2427.6378548145294,0.9803201862108963,0.8055404386003181,144583.95033599998,10.959357730298944,710.1950785813514,Position(54)
78,4680,saved,saved,reconstructed_from_saved_mask,MD-Experiment-0004_Position(54)_t233.png,1603232.858112,382240.5,2442.1231331825256,0.9813871986443811,0.8053996739703742,144583.95033599998,11.08859492624342,714.3702601534754,Position(54)
79,4740,saved,saved,reconstructed_from_saved_mask,MD-Experiment-0004_Position(54)_t236.png,1622449.061888,386822.0,2448.851058602333,0.9814043584763726,0.8105807516364257,144583.95033599998,11.221501820344344,718.6386965844291,Position(54)
80,4800,saved,saved,reconstructed_from_saved_mask,MD-Experiment-0004_Position(54)_t239.png,1639960.281088,390997.0,2467.5373488664627,0.9800921945460334,0.8069670823034307,144583.95033599998,11.342616364242927,722.5064500882041,Position(54)
81,4860,saved,saved,reconstructed_from_saved_mask,MD-Experiment-0004_Position(54)_t242.png,1657039.486976,395069.0,2471.0520675182343,0.9812977445271157,0.8130533135487263,144583.95033599998,11.460742932567484,726.2589417703423,Position(54)
82,4920,saved,saved,reconstructed_from_saved_mask,MD-Experiment-0004_Position(54)_t245.png,1679397.2244479998,400399.5,2510.5495438575745,0.9822404136993762,0.798299390973844,144583.95033599998,11.615377920891172,731.1420787859339,Position(54)
83,4980,saved,saved,reconstructed_from_saved_mask,MD-Experiment-0004_Position(54)_t248.png,1703302.660096,406099.0,2502.9931979179382,0.9803566083102386,0.8145588101799195,144583.95033599998,11.780717404232483,736.3274243648036,Position(54)
0,0,saved,saved,reconstructed_from_saved_mask,MD-Experiment-0004_Position(55)_t001.png,86815.80134399999,20698.5,560.6000654697418,0.978005103005103,0.8276418626459171,86815.80134399999,1.0,166.2357598255057,Position(55)
1,60,saved,saved,reconstructed_from_saved_mask,MD-Experiment-0004_Position(55)_t002.png,109481.82015999999,26102.5,623.3696185350418,0.9795661800577926,0.844113224657412,86815.80134399999,1.2610817208976495,186.67925892911575,Position(55)
2,120,saved,saved,reconstructed_from_saved_mask,MD-Experiment-0004_Position(55)_t005.png,157269.622784,37496.0,753.151362657547,0.9783692106979778,0.8306733398249276,86815.80134399999,1.8115322366355053,223.74198472468848,Position(55)
3,180,saved,saved,reconstructed_from_saved_mask,MD-Experiment-0004_Position(55)_t008.png,192805.86342399998,45968.5,819.8204115629196,0.9853489668181429,0.8594739983304663,86815.80134399999,2.2208614150783874,247.73375313441028,Position(55)
4,240,saved,saved,reconstructed_from_saved_mask,MD-Experiment-0004_Position(55)_t011.png,219311.76755199998,52288.0,889.3767577409744,0.9814090111395779,0.8306926025549204,86815.80134399999,2.5261733942073095,264.21412484619947,Position(55)
5,300,saved,saved,reconstructed_from_saved_mask,MD-Experiment-0004_Position(55)_t014.png,244578.25484799998,58312.0,930.9747370481491,0.9848835441755198,0.8454579437033225,86815.80134399999,2.8172089764958814,279.0191327914576,Position(55)
6,360,saved,saved,reconstructed_from_saved_mask,MD-Experiment-0004_Position(55)_t017.png,267393.171456,63751.5,969.9036704301834,0.9819782352533444,0.8516145366171377,86815.80134399999,3.08000579752156,291.7428490511502,Position(55)
7,420,saved,saved,reconstructed_from_saved_mask,MD-Experiment-0004_Position(55)_t020.png,285409.804288,68047.0,1007.4600195884705,0.9814801459664508,0.8424869962102347,86815.80134399999,3.2875329130130204,301.4112843253405,Position(55)
8,480,saved,saved,reconstructed_from_saved_mask,MD-Experiment-0004_Position(55)_t023.png,302350.598144,72086.0,1033.2590094804764,0.9833574332251112,0.848481524215785,86815.80134399999,3.482667826170979,310.22763333207064,Position(55)
9,540,saved,saved,reconstructed_from_saved_mask,MD-Experiment-0004_Position(55)_t026.png,316898.541568,75554.5,1061.6437845230103,0.9791481723872038,0.842388747404828,86815.80134399999,3.6502403555813223,317.60342992215834,Position(55)
10,600,saved,saved,reconstructed_from_saved_mask,MD-Experiment-0004_Position(55)_t029.png,331622.64576,79065.0,1094.3717069625854,0.9801405779314961,0.8295917530185476,86815.80134399999,3.819842017537503,324.89808652534896,Position(55)
11,660,saved,saved,reconstructed_from_saved_mask,MD-Experiment-0004_Position(55)_t032.png,344293.63814399997,82086.0,1111.8275512456894,0.9800377277394399,0.8344572530470733,86815.80134399999,3.9657946227987537,331.04692835218975,Position(55)
12,720,saved,saved,reconstructed_from_saved_mask,MD-Experiment-0004_Position(55)_t035.png,361989.40671999997,86305.0,1131.6854140758514,0.9832078287517516,0.8468263907208531,86815.80134399999,4.169625818296012,339.4477969478976,Position(55)
13,780,saved,saved,reconstructed_from_saved_mask,MD-Experiment-0004_Position(55)_t038.png,374322.75763199996,89245.5,1150.6143476963043,0.983432324323133,0.8471037818951271,86815.80134399999,4.311689252844409,345.18203078643097,Position(55)
14,840,saved,saved,reconstructed_from_saved_mask,MD-Experiment-0004_Position(55)_t041.png,387979.411456,92501.5,1174.0701916217804,0.9836765511264243,0.8432775051764448,86815.80134399999,4.468995337826413,351.4223702358936,Position(55)
15,900,saved,saved,reconstructed_from_saved_mask,MD-Experiment-0004_Position(55)_t044.png,397261.406208,94714.5,1188.413337111473,0.9823219489934556,0.8427355232364531,86815.80134399999,4.575911297920139,355.60122749405843,Position(55)
16,960,saved,saved,reconstructed_from_saved_mask,MD-Experiment-0004_Position(55)_t047.png,407101.243392,97060.5,1204.2123265266418,0.9819067466539874,0.8410973243546774,86815.80134399999,4.689252844409015,359.97826385684345,Position(55)
17,1020,saved,saved,reconstructed_from_saved_mask,MD-Experiment-0004_Position(55)_t050.png,406044.27878399997,96808.5,1199.8691803216934,0.9821942199698671,0.8449977616416053,86815.80134399999,4.677078049133995,359.5106509761768,Position(55)
18,1080,saved,saved,reconstructed_from_saved_mask,MD-Experiment-0004_Position(55)_t053.png,427533.795328,101932.0,1242.3960934877396,0.9799080963642306,0.8298512552809987,86815.80134399999,4.924608063386236,368.90138754222613,Position(55)
19,1140,saved,saved,reconstructed_from_saved_mask,MD-Experiment-0004_Position(55)_t056.png,439430.938624,104768.5,1265.7514289617538,0.9757661555082634,0.8217576151826396,86815.80134399999,5.061646979249705,373.9989466015135,Position(55)
20,1200,saved,saved,reconstructed_from_saved_mask,MD-Experiment-0004_Position(55)_t059.png,447878.26687999995,106782.5,1252.9818764925003,0.9843292696978775,0.8547131187072864,86815.80134399999,5.158948716090538,377.57658846221676,Position(55)
21,1260,saved,saved,reconstructed_from_saved_mask,MD-Experiment-0004_Position(55)_t062.png,459246.927872,109493.0,1299.9940699338913,0.971177683659667,0.8141669648613038,86815.80134399999,5.289900234316496,382.33864222857704,Position(55)
22,1320,saved,saved,reconstructed_from_saved_mask,MD-Experiment-0004_Position(55)_t065.png,467966.88588799996,111572.0,1285.0235084295273,0.9818583428302393,0.849068905694473,86815.80134399999,5.390342295335411,385.95140391607885,Position(55)
23,1380,saved,saved,reconstructed_from_saved_mask,MD-Experiment-0004_Position(55)_t068.png,481023.75424,114685.0,1365.9351961612701,0.9577275422348785,0.7724249467478033,86815.80134399999,5.540739667125638,391.2986282416974,Position(55)
24,1440,saved,saved,reconstructed_from_saved_mask,MD-Experiment-0004_Position(55)_t071.png,489101.98374399997,116611.0,1338.136206150055,0.9753875879836224,0.81836819082968,86815.80134399999,5.633789888156147,394.57064865220127,Position(55)
25,1500,saved,saved,reconstructed_from_saved_mask,MD-Experiment-0004_Position(55)_t074.png,498730.008576,118906.5,1340.1189631223679,0.9811617343086654,0.8320103993953123,86815.80134399999,5.744691644322053,398.43530499476014,Position(55)
26,1560,saved,saved,reconstructed_from_saved_mask,MD-Experiment-0004_Position(55)_t077.png,512162.267136,122109.0,1411.9351967573166,0.9684119531770453,0.7697115611061335,86815.80134399999,5.899413000942098,403.7651705629057,Position(55)
27,1620,saved,saved,reconstructed_from_saved_mask,MD-Experiment-0004_Position(55)_t080.png,521849.01222399995,124418.5,1354.2367086410522,0.9843041079092582,0.8525221303156871,86815.80134399999,6.010991134623282,407.5655771604675,Position(55)
28,1680,saved,saved,reconstructed_from_saved_mask,MD-Experiment-0004_Position(55)_t083.png,533964.259328,127307.0,1385.7930591106415,0.9771349185637751,0.8330390967999123,86815.80134399999,6.150542309829215,412.26945389260624,Position(55)
29,1740,saved,saved,reconstructed_from_saved_mask,MD-Experiment-0004_Position(55)_t086.png,544510.836736,129821.5,1376.236711859703,0.9851418467971118,0.8613312604218745,86815.80134399999,6.27202454284127,416.3210089189312,Position(55)
30,1800,saved,saved,reconstructed_from_saved_mask,MD-Experiment-0004_Position(55)_t089.png,554799.464448,132274.5,1393.8935675621033,0.9842072367686778,0.8555132982871322,86815.80134399999,6.390535546054062,420.23583186500275,Position(55)
31,1860,saved,saved,reconstructed_from_saved_mask,MD-Experiment-0004_Position(55)_t092.png,565264.252928,134769.5,1408.579855799675,0.9841032812083551,0.8535688049132194,86815.80134399999,6.511075681812692,424.18062192098915,Position(55)
32,1920,saved,saved,reconstructed_from_saved_mask,MD-Experiment-0004_Position(55)_t095.png,575215.239168,137142.0,1424.13620531559,0.983886704737854,0.8497228316735318,86815.80134399999,6.625697514312631,427.897998722532,Position(55)
33,1980,saved,saved,reconstructed_from_saved_mask,MD-Experiment-0004_Position(55)_t098.png,585845.7026559999,139676.5,1442.5209828615189,0.9826131918845147,0.8435074637786609,86815.80134399999,6.748146000917941,431.83385570574967,Position(55)
34,2040,saved,saved,reconstructed_from_saved_mask,MD-Experiment-0004_Position(55)_t101.png,595983.3354239999,142093.5,1456.0357007980347,0.9816815779474248,0.8422480778184371,86815.80134399999,6.864917747662874,435.5541156575717,Position(55)
35,2100,saved,saved,reconstructed_from_saved_mask,MD-Experiment-0004_Position(55)_t104.png,606987.0919679999,144717.0,1472.7636229991913,0.9799695276790249,0.8384232590077056,86815.80134399999,6.991666062758171,439.5565858446033,Position(55)
36,2160,saved,saved,reconstructed_from_saved_mask,MD-Experiment-0004_Position(55)_t107.png,627694.3708159999,149654.0,1591.6753096580505,0.961496206158808,0.7423167056633653,86815.80134399999,7.230185762253303,446.99141348872354,Position(55)
37,2220,saved,saved,reconstructed_from_saved_mask,MD-Experiment-0004_Position(55)_t110.png,629911.06048,150182.5,1504.4621076583862,0.9821980386450366,0.8338092062125293,86815.80134399999,7.2557190134550815,447.77998835064045,Position(55)
38,2280,saved,saved,reconstructed_from_saved_mask,MD-Experiment-0004_Position(55)_t113.png,643141.992448,153337.0,1524.0773311853409,0.9816520809459486,0.8295504803121647,86815.80134399999,7.408121361451314,452.4582349964903,Position(55)
39,2340,saved,saved,reconstructed_from_saved_mask,MD-Experiment-0004_Position(55)_t116.png,651106.9757439999,155236.0,1526.2194675207138,0.9807806517646167,0.8374682092703132,86815.80134399999,7.499867140130927,455.2513452396871,Position(55)
40,2400,saved,saved,reconstructed_from_saved_mask,MD-Experiment-0004_Position(55)_t119.png,663463.395328,158182.0,1541.876319527626,0.9789338185238821,0.8361185319083287,86815.80134399999,7.64219629441747,459.55082184016055,Position(55)
41,2460,saved,saved,reconstructed_from_saved_mask,MD-Experiment-0004_Position(55)_t122.png,675526.2136319999,161058.0,1558.0184545516968,0.9786476435845709,0.8337713555181945,86815.80134399999,7.781143561127617,463.7096852292056,Position(55)
42,2520,saved,saved,reconstructed_from_saved_mask,MD-Experiment-0004_Position(55)_t125.png,689738.612736,164446.5,1576.5453703403473,0.9773472880932853,0.8314220756289336,86815.80134399999,7.94485107616494,468.56228968682683,Position(55)
43,2580,saved,saved,reconstructed_from_saved_mask,MD-Experiment-0004_Position(55)_t128.png,700346.007552,166975.5,1591.1727831363678,0.978946627854825,0.8287583811449765,86815.80134399999,8.067033843032105,472.1515201216124,Position(55)
44,2640,saved,saved,reconstructed_from_saved_mask,MD-Experiment-0004_Position(55)_t131.png,713102.983168,170017.0,1588.160589337349,0.9832772824933419,0.8470584580359518,86815.80134399999,8.213976858226442,476.43229257631947,Position(55)
45,2700,saved,saved,reconstructed_from_saved_mask,MD-Experiment-0004_Position(55)_t134.png,725964.816384,173083.5,1605.2316590547562,0.9832502045082713,0.8440926132643637,86815.80134399999,8.362127690412349,480.70966089379516,Position(55)
46,2760,saved,saved,reconstructed_from_saved_mask,MD-Experiment-0004_Position(55)_t137.png,739225.1084799999,176245.0,1628.1605929136276,0.9838010125762642,0.8354725604642876,86815.80134399999,8.51486822716622,485.08005539752827,Position(55)
47,2820,saved,saved,reconstructed_from_saved_mask,MD-Experiment-0004_Position(55)_t140.png,752909.02528,179507.5,1622.5453672409058,0.9841392978637669,0.8568380912372436,86815.80134399999,8.672488344566032,489.54916621686283,Position(55)
48,2880,saved,saved,reconstructed_from_saved_mask,MD-Experiment-0004_Position(55)_t143.png,767362.596864,182953.5,1643.5159305334091,0.9858391057298276,0.8511434279929756,86815.80134399999,8.838973838683962,494.22575901047276,Position(55)
49,2940,saved,saved,reconstructed_from_saved_mask,MD-Experiment-0004_Position(55)_t146.png,782214.6273279999,186494.5,1656.6875022649765,0.9840593513459321,0.8538757903361173,86815.80134399999,9.010049037369857,498.98562002934705,Position(55)
50,3000,saved,saved,reconstructed_from_saved_mask,MD-Experiment-0004_Position(55)_t149.png,798259.93728,190320.0,1671.4742988348007,0.9854017432995322,0.8560416330170677,86815.80134399999,9.194869193419814,504.0774045527896,Position(55)
51,3060,saved,saved,reconstructed_from_saved_mask,MD-Experiment-0004_Position(55)_t152.png,811144.8391679999,193392.0,1692.4448615312576,0.9837751772165743,0.8484364370930702,86815.80134399999,9.343285745343865,508.12933534104803,Position(55)
52,3120,saved,saved,reconstructed_from_saved_mask,MD-Experiment-0004_Position(55)_t155.png,827922.0551679999,197392.0,1714.9890178442001,0.9836132558968111,0.8433672353644678,86815.80134399999,9.536536463994976,513.3573561853148,Position(55)
53,3180,saved,saved,reconstructed_from_saved_mask,MD-Experiment-0004_Position(55)_t158.png,842365.140992,200835.5,1733.0306479930878,0.9834031093157057,0.840306764467719,86815.80134399999,9.70290117641375,517.8157511647905,Position(55)
54,3240,saved,saved,reconstructed_from_saved_mask,MD-Experiment-0004_Position(55)_t161.png,856449.613824,204193.5,1769.0306471586227,0.9818175261449693,0.8199380933279456,86815.80134399999,9.865135154721358,522.1267845058985,Position(55)
55,3300,saved,saved,reconstructed_from_saved_mask,MD-Experiment-0004_Position(55)_t164.png,872509.60384,208022.5,1773.373794078827,0.9827285246257886,0.8312269253665155,86815.80134399999,10.050124405150132,526.9994617573861,Position(55)
56,3360,saved,saved,reconstructed_from_saved_mask,MD-Experiment-0004_Position(55)_t167.png,886910.7466239999,211456.0,1789.1311521530151,0.9828374355387093,0.8301288765420283,86815.80134399999,10.216005990772278,531.3308374384704,Position(55)
57,3420,saved,saved,reconstructed_from_saved_mask,MD-Experiment-0004_Position(55)_t170.png,901913.772032,215033.0,1805.9595781564713,0.9824219151546163,0.8285122364404892,86815.80134399999,10.388820445926035,535.8060004545481,Position(55)
58,3480,saved,saved,reconstructed_from_saved_mask,MD-Experiment-0004_Position(55)_t173.png,916300.234752,218463.0,1805.6164356470108,0.9826864946561589,0.84204782560088,86815.80134399999,10.55453293716936,540.0624254973584,Position(55)
59,3540,saved,saved,reconstructed_from_saved_mask,MD-Experiment-0004_Position(55)_t176.png,932274.2415359999,222271.5,1816.2022222280502,0.9835914319661739,0.8467695628863883,86815.80134399999,10.738531777665049,544.7495825747862,Position(55)
60,3600,saved,saved,reconstructed_from_saved_mask,MD-Experiment-0004_Position(55)_t179.png,946874.61376,225752.5,1843.5159287452698,0.9800157148066471,0.8347350383145217,86815.80134399999,10.906708215571177,548.9986799039378,Position(55)
61,3660,saved,saved,reconstructed_from_saved_mask,MD-Experiment-0004_Position(55)_t182.png,962095.742976,229381.5,1840.4864933490753,0.9840581730820794,0.8509479239777007,86815.80134399999,11.082034930067397,553.3936993177642,Position(55)
62,3720,saved,saved,reconstructed_from_saved_mask,MD-Experiment-0004_Position(55)_t185.png,979070.0912639999,233428.5,1856.9717725515366,0.9845212011041824,0.8506543730559862,86815.80134399999,11.277556344662656,558.254144020622,Position(55)
63,3780,saved,saved,reconstructed_from_saved_mask,MD-Experiment-0004_Position(55)_t188.png,994058.436608,237002.0,1876.3859856128693,0.9862159794768938,0.8458970564550881,86815.80134399999,11.450201705437593,562.511002396157,Position(55)
64,3840,saved,saved,reconstructed_from_saved_mask,MD-Experiment-0004_Position(55)_t191.png,1006878.3267839999,240058.5,1896.2854807376862,0.9838261511034609,0.8389179994146929,86815.80134399999,11.597869410826872,566.1265985621419,Position(55)
65,3900,saved,saved,reconstructed_from_saved_mask,MD-Experiment-0004_Position(55)_t194.png,1023120.7690239999,243931.0,1901.9839639663696,0.9853329670951115,0.8473506330185012,86815.80134399999,11.784960262820977,570.6745618479081,Position(55)
66,3960,saved,saved,reconstructed_from_saved_mask,MD-Experiment-0004_Position(55)_t197.png,1041760.2559999999,248375.0,1923.782955646515,0.9846226422574073,0.8433456299471174,86815.80134399999,11.99966181124236,575.8494495249228,Position(55)
67,4020,saved,saved,reconstructed_from_saved_mask,MD-Experiment-0004_Position(55)_t200.png,1056727.629824,251943.5,1944.3098652362823,0.9842792542021936,0.8374946912942094,86815.80134399999,12.172065608618983,579.9714230688822,Position(55)
68,4080,saved,saved,reconstructed_from_saved_mask,MD-Experiment-0004_Position(55)_t203.png,1074809.274368,256254.5,1958.7951461076736,0.9836987190068368,0.8392731440502423,86815.80134399999,12.380341570645216,584.9123163290039,Position(55)
69,4140,saved,saved,reconstructed_from_saved_mask,MD-Experiment-0004_Position(55)_t206.png,1090684.715008,260039.5,1968.1088584661484,0.9843642351516069,0.8436279389718617,86815.80134399999,12.563205063168828,589.2161975850602,Position(55)
70,4200,saved,saved,reconstructed_from_saved_mask,MD-Experiment-0004_Position(55)_t209.png,1107724.075008,264102.0,1990.067225933075,0.982229991074085,0.8380039374085893,86815.80134399999,12.759475324298863,593.8009129656516,Position(55)
71,4260,saved,saved,reconstructed_from_saved_mask,MD-Experiment-0004_Position(55)_t212.png,1125549.867008,268352.0,2009.3809325695038,0.9832913173477165,0.8351993482267999,86815.80134399999,12.964804212865667,598.5596462020281,Position(55)
72,4320,saved,saved,reconstructed_from_saved_mask,MD-Experiment-0004_Position(55)_t215.png,1144409.554944,272848.5,2029.7657122612,0.9830979013798036,0.832222801829753,86815.80134399999,13.182042176969347,603.5535396150594,Position(55)
73,4380,saved,saved,reconstructed_from_saved_mask,MD-Experiment-0004_Position(55)_t218.png,1162361.176064,277128.5,2050.0499811172485,0.9816634491064629,0.8286328688032063,86815.80134399999,13.388820445926035,608.2688991370419,Position(55)
74,4440,saved,saved,reconstructed_from_saved_mask,MD-Experiment-0004_Position(55)_t221.png,1183940.870144,282273.5,2159.5058240890503,0.9659474137178778,0.7606260812744523,86815.80134399999,13.637389182791026,613.8893089343345,Position(55)
75,4500,saved,saved,reconstructed_from_saved_mask,MD-Experiment-0004_Position(55)_t224.png,1192287.535104,284263.5,2095.0794163942337,0.9811900052810886,0.8138230437434291,86815.80134399999,13.733531415319952,616.0494376243732,Position(55)
76,4560,saved,saved,reconstructed_from_saved_mask,MD-Experiment-0004_Position(55)_t227.png,1205470.232576,287406.5,2079.2215517759323,0.9825796062932903,0.8354200878020476,86815.80134399999,13.885378167500063,619.4457946658564,Position(55)
77,4620,saved,saved,reconstructed_from_saved_mask,MD-Experiment-0004_Position(55)_t230.png,1233385.422848,294062.0,2223.003299355507,0.9633338738659053,0.7477708928573858,86815.80134399999,14.206923206995677,626.5770292370232,Position(55)
78,4680,saved,saved,reconstructed_from_saved_mask,MD-Experiment-0004_Position(55)_t233.png,1238917.709824,295381.0,2122.1504871845245,0.9804120717267016,0.8242141482866115,86815.80134399999,14.270647631470881,627.9806965227197,Position(55)
79,4740,saved,saved,reconstructed_from_saved_mask,MD-Experiment-0004_Position(55)_t236.png,1260719.702016,300579.0,2135.949476838112,0.980821095326743,0.8279165185237456,86815.80134399999,14.521776940357997,633.4820793506123,Position(55)
80,4800,saved,saved,reconstructed_from_saved_mask,MD-Experiment-0004_Position(55)_t239.png,1278373.527552,304788.0,2147.949474096298,0.9811441015562755,0.8301557981509309,86815.80134399999,14.72512500905863,637.9019768392697,Position(55)
81,4860,saved,saved,reconstructed_from_saved_mask,MD-Experiment-0004_Position(55)_t242.png,1296088.170496,309011.5,2163.5058245658875,0.9803042319649768,0.829599284335464,86815.80134399999,14.929173611614369,642.3065296528903,Position(55)
82,4920,saved,saved,reconstructed_from_saved_mask,MD-Experiment-0004_Position(55)_t245.png,1311875.530752,312775.5,2189.505826115608,0.9802001607679254,0.8198801666805335,86815.80134399999,15.111022537865063,646.2065852968144,Position(55)
83,4980,saved,saved,reconstructed_from_saved_mask,MD-Experiment-0004_Position(55)_t248.png,1329128.800256,316889.0,2216.091610789299,0.9790239388776208,0.8108520306580601,86815.80134399999,15.309756745657898,650.4420321082315,Position(55)
0,0,saved,saved,reconstructed_from_saved_mask,MD-Experiment-0004_Position(57)_t001.png,26287.80032,6267.5,307.3208477497101,0.9735166200683442,0.8339118813675349,26287.80032,1.0,91.47495136856547,Position(57)
1,60,saved,saved,reconstructed_from_saved_mask,MD-Experiment-0004_Position(57)_t002.png,37920.702464,9041.0,371.50461316108704,0.9771941201902291,0.8231858778661452,26287.80032,1.4425209413641804,109.86598420496324,Position(57)
2,120,saved,saved,reconstructed_from_saved_mask,MD-Experiment-0004_Position(57)_t005.png,56576.966656,13489.0,465.4457383155823,0.9605839416058394,0.7824408249471502,26287.80032,2.1522138013562024,134.1976446026363,Position(57)
3,180,saved,saved,reconstructed_from_saved_mask,MD-Experiment-0004_Position(57)_t008.png,70357.35244799999,16774.5,509.0609631538391,0.9741572054937716,0.8134293870280667,26287.80032,2.676426007179896,149.65106364445168,Position(57)
4,240,saved,saved,reconstructed_from_saved_mask,MD-Experiment-0004_Position(57)_t011.png,83586.187264,19928.5,547.8305143117905,0.9787343761510694,0.83443408752268,26287.80032,3.1796569605105702,163.11440694966478,Position(57)
5,300,saved,saved,reconstructed_from_saved_mask,MD-Experiment-0004_Position(57)_t014.png,93931.43807999999,22395.0,580.9015820026398,0.9760509054457496,0.8339803391111169,26287.80032,3.573195053849222,172.91415605532296,Position(57)
6,360,saved,saved,reconstructed_from_saved_mask,MD-Experiment-0004_Position(57)_t017.png,102789.80812799999,24507.0,607.2447283267975,0.9764523069567296,0.8351654281056486,26287.80032,3.9101715197447144,180.88397421020292,Position(57)
7,420,saved,saved,reconstructed_from_saved_mask,MD-Experiment-0004_Position(57)_t020.png,110427.63571199999,26328.0,628.0142794847488,0.9782814677194612,0.8388584739987394,26287.80032,4.200717989629038,187.48388772113677,Position(57)
8,480,saved,saved,reconstructed_from_saved_mask,MD-Experiment-0004_Position(57)_t023.png,119269.228544,28436.0,650.499560713768,0.9777197084307523,0.8444702500214027,26287.80032,4.537056242520942,194.84500138076203,Position(57)
9,540,saved,saved,reconstructed_from_saved_mask,MD-Experiment-0004_Position(57)_t026.png,129056.63692799999,30769.5,677.0264729261398,0.9777873111206444,0.8435658729072301,26287.80032,4.909373753490227,202.6820253791995,Position(57)
10,600,saved,saved,reconstructed_from_saved_mask,MD-Experiment-0004_Position(57)_t029.png,135010.45145599998,32189.0,697.7543946504593,0.9775274074523976,0.8308300346150047,26287.80032,5.13585959313921,207.30451378728236,Position(57)
11,660,saved,saved,reconstructed_from_saved_mask,MD-Experiment-0004_Position(57)_t032.png,145013.866496,34574.0,723.0681042671204,0.9776194313667275,0.8310001126727959,26287.80032,5.516394096529718,214.8472651429689,Position(57)
12,720,saved,saved,reconstructed_from_saved_mask,MD-Experiment-0004_Position(57)_t035.png,153924.66534399998,36698.5,749.1097321510315,0.9705901799764616,0.8218021986901799,26287.80032,5.855364978061427,221.34981975715883,Position(57)
13,780,saved,saved,reconstructed_from_saved_mask,MD-Experiment-0004_Position(57)_t038.png,163061.95660799998,38877.0,774.6660810709,0.9731292474437115,0.8140920753720933,26287.80032,6.202951735141603,227.82500488049746,Position(57)
14,840,saved,saved,reconstructed_from_saved_mask,MD-Experiment-0004_Position(57)_t041.png,170408.280064,40628.5,797.7371493577957,0.9651621332699846,0.8022708610879934,26287.80032,6.4824092540885525,232.90049427158235,Position(57)
15,900,saved,saved,reconstructed_from_saved_mask,MD-Experiment-0004_Position(57)_t044.png,175682.617344,41886.0,807.6366424560547,0.967478172495034,0.8069501805775073,26287.80032,6.683047467092142,236.47730109090617,Position(57)
16,960,saved,saved,reconstructed_from_saved_mask,MD-Experiment-0004_Position(57)_t047.png,183658.0864,43787.5,824.1635546684265,0.967893457117595,0.810089872876641,26287.80032,6.986437973673714,241.78541018580256,Position(57)
17,1020,saved,saved,reconstructed_from_saved_mask,MD-Experiment-0004_Position(57)_t050.png,192952.66406399998,46003.5,846.7909713983536,0.9660846099730147,0.8062102230365569,26287.80032,7.340007977662545,247.82804630846573,Position(57)
18,1080,saved,saved,reconstructed_from_saved_mask,MD-Experiment-0004_Position(57)_t053.png,206498.168832,49233.0,875.8620396852493,0.9641052755257902,0.8064821431215301,26287.80032,7.855285201435979,256.3794231565301,Position(57)
19,1140,saved,saved,reconstructed_from_saved_mask,MD-Experiment-0004_Position(57)_t056.png,219993.341952,52450.5,897.2762528657913,0.971539444681127,0.8186667438770209,26287.80032,8.368647786198643,264.6243670524936,Position(57)
20,1200,saved,saved,reconstructed_from_saved_mask,MD-Experiment-0004_Position(57)_t059.png,233805.18502399998,55743.5,925.418389081955,0.972869908199239,0.817952053847239,26287.80032,8.894056641404068,272.8048786846921,Position(57)
21,1260,saved,saved,reconstructed_from_saved_mask,MD-Experiment-0004_Position(57)_t062.png,247956.76671999999,59117.5,933.903669834137,0.9809428201639399,0.851768862970336,26287.80032,9.43238930993219,280.93965578597823,Position(57)
22,1320,saved,saved,reconstructed_from_saved_mask,MD-Experiment-0004_Position(57)_t065.png,258511.73273599998,61634.0,960.8326032161713,0.976774776345296,0.8389474446717048,26287.80032,9.833905065815715,286.8568287915954,Position(57)
23,1380,saved,saved,reconstructed_from_saved_mask,MD-Experiment-0004_Position(57)_t068.png,268854.88639999996,64100.0,974.4894565343857,0.9788575922546556,0.8482299528119541,26287.80032,10.227363382528917,292.5391739407561,Position(57)
24,1440,saved,saved,reconstructed_from_saved_mask,MD-Experiment-0004_Position(57)_t071.png,275899.21996799996,65779.5,999.359513759613,0.9766380116698588,0.8276694580975021,26287.80032,10.495333067411247,296.34683954145805,Position(57)
25,1500,saved,saved,reconstructed_from_saved_mask,MD-Experiment-0004_Position(57)_t074.png,288717.012992,68835.5,1025.785921573639,0.9735591542323739,0.822070127044624,26287.80032,10.982927802153968,303.1525680986515,Position(57)
26,1560,saved,saved,reconstructed_from_saved_mask,MD-Experiment-0004_Position(57)_t077.png,297655.074816,70966.5,1067.7859205007553,0.9652482607128527,0.7821586824743516,26287.80032,11.322935779816515,307.80928021537727,Position(57)
27,1620,saved,saved,reconstructed_from_saved_mask,MD-Experiment-0004_Position(57)_t080.png,305519.394816,72841.5,1043.9869315624237,0.9773971499879237,0.8398439923990786,26287.80032,11.622098125249304,311.8490721339757,Position(57)
28,1680,saved,saved,reconstructed_from_saved_mask,MD-Experiment-0004_Position(57)_t083.png,314971.25888,75095.0,1089.8864246606827,0.964580456632735,0.7944350547773658,26287.80032,11.98165137614679,316.6361722312504,Position(57)
29,1740,saved,saved,reconstructed_from_saved_mask,MD-Experiment-0004_Position(57)_t086.png,323760.422912,77190.5,1081.9869315624237,0.9712184503887868,0.8285709209290892,26287.80032,12.315995213402473,321.0235869339427,Position(57)
30,1800,saved,saved,reconstructed_from_saved_mask,MD-Experiment-0004_Position(57)_t089.png,330966.23718399997,78908.5,1097.016367673874,0.973734220171033,0.823962481876322,26287.80032,12.590107698444355,324.57637820506363,Position(57)
31,1860,saved,saved,reconstructed_from_saved_mask,MD-Experiment-0004_Position(57)_t092.png,341093.38419199997,81323.0,1114.0285594463348,0.9766827399431931,0.8234374334070397,26287.80032,12.975349022736339,329.5047743207972,Position(57)
32,1920,saved,saved,reconstructed_from_saved_mask,MD-Experiment-0004_Position(57)_t095.png,350488.625152,83563.0,1115.5432773828506,0.9822678570379034,0.8438223817502655,26287.80032,13.33274830474671,334.01196742159766,Position(57)
33,1980,saved,saved,reconstructed_from_saved_mask,MD-Experiment-0004_Position(57)_t098.png,359722.385408,85764.5,1136.8986175060272,0.9814275497067658,0.8338231476269572,26287.80032,13.684004786597527,338.3832022382053,Position(57)
34,2040,saved,saved,reconstructed_from_saved_mask,MD-Experiment-0004_Position(57)_t101.png,368337.485824,87818.5,1151.8691798448563,0.9821999776311374,0.8317437813120055,26287.80032,14.011727163940964,342.4112486321982,Position(57)
35,2100,saved,saved,reconstructed_from_saved_mask,MD-Experiment-0004_Position(57)_t104.png,377736.921088,90059.5,1151.2417656183243,0.9857705000574652,0.8538986397815662,26287.80032,14.369285999202235,346.75264434310634,Position(57)
36,2160,saved,saved,reconstructed_from_saved_mask,MD-Experiment-0004_Position(57)_t107.png,389055.250432,92758.0,1171.6854156255722,0.9822001503616091,0.8490615844055175,26287.80032,14.799840446749103,351.909267403142,Position(57)
37,2220,saved,saved,reconstructed_from_saved_mask,MD-Experiment-0004_Position(57)_t110.png,396542.083072,94543.0,1177.9696871042252,0.9859269494486013,0.8561916999875154,26287.80032,15.084642999601119,355.2791372002184,Position(57)
38,2280,saved,saved,reconstructed_from_saved_mask,MD-Experiment-0004_Position(57)_t113.png,407174.643712,97078.0,1190.7981142997742,0.9885189729699457,0.8603088845540321,26287.80032,15.489110490626247,360.01071441957424,Position(57)
39,2340,saved,saved,reconstructed_from_saved_mask,MD-Experiment-0004_Position(57)_t116.png,419585.589248,100037.0,1210.4549667835236,0.9867236124399554,0.8579722664144921,26287.80032,15.961228560031913,365.4562096310441,Position(57)
40,2400,saved,saved,reconstructed_from_saved_mask,MD-Experiment-0004_Position(57)_t119.png,428821.446656,102239.0,1226.4549663066864,0.9866248492159228,0.8541285616530934,26287.80032,16.31256481850818,369.4565006577091,Position(57)
41,2460,saved,saved,reconstructed_from_saved_mask,MD-Experiment-0004_Position(57)_t122.png,435840.61439999996,103912.5,1239.5260356664658,0.9842435780859287,0.8498971067982736,26287.80032,16.57957718388512,372.46795347242613,Position(57)
42,2520,saved,saved,reconstructed_from_saved_mask,MD-Experiment-0004_Position(57)_t125.png,444394.89740799996,105952.0,1247.0823831558228,0.9862330239874897,0.8561083533445463,26287.80032,16.904986039090545,376.1054230061005,Position(57)
43,2580,saved,saved,reconstructed_from_saved_mask,MD-Experiment-0004_Position(57)_t128.png,453578.326016,108141.5,1316.5798572301865,0.9732876126703838,0.7839851571993185,26287.80032,17.254327881930596,379.9716638508551,Position(57)
44,2640,saved,saved,reconstructed_from_saved_mask,MD-Experiment-0004_Position(57)_t131.png,474489.02860799996,113127.0,1619.3321633338928,0.9008648149327897,0.5421310108175763,26287.80032,18.049780614280017,388.63163624654885,Position(57)
45,2700,saved,saved,reconstructed_from_saved_mask,MD-Experiment-0004_Position(57)_t134.png,486168.068096,115911.5,1629.0306479930878,0.9047139584528506,0.5488805986135444,26287.80032,18.494056641404068,393.38543748063574,Position(57)
46,2760,saved,saved,reconstructed_from_saved_mask,MD-Experiment-0004_Position(57)_t137.png,491585.011712,117203.0,1606.6458719968796,0.9063302298246156,0.5705691251755443,26287.80032,18.700119664938175,395.5709407017964,Position(57)
47,2820,saved,saved,reconstructed_from_saved_mask,MD-Experiment-0004_Position(57)_t140.png,500365.787136,119296.5,1619.2316596508026,0.9074530476255677,0.5717676672315649,26287.80032,19.034144395692064,399.08818167608393,Position(57)
48,2880,saved,saved,reconstructed_from_saved_mask,MD-Experiment-0004_Position(57)_t143.png,506711.769088,120809.5,1619.7169377803802,0.9074483027994983,0.578672312620829,26287.80032,19.275548464299963,401.6109629310292,Position(57)
49,2940,saved,saved,reconstructed_from_saved_mask,MD-Experiment-0004_Position(57)_t146.png,513900.806144,122523.5,1622.0600862503052,0.9120912660748516,0.5851879608290437,26287.80032,19.54902273633825,404.44988207867596,Position(57)
50,3000,saved,saved,reconstructed_from_saved_mask,MD-Experiment-0004_Position(57)_t149.png,518126.56742399995,123531.0,1493.935197353363,0.9565628133699343,0.6955403063057247,26287.80032,19.70977263661747,406.1093555996114,Position(57)
51,3060,saved,saved,reconstructed_from_saved_mask,MD-Experiment-0004_Position(57)_t152.png,533217.673216,127129.0,1630.7880084514618,0.9189605320225531,0.6007025509062568,26287.80032,20.28384523334663,411.9811365494428,Position(57)
52,3120,saved,saved,reconstructed_from_saved_mask,MD-Experiment-0004_Position(57)_t155.png,538550.730752,128400.5,1501.1483972072601,0.9630567181194966,0.7160268782042039,26287.80032,20.486717191862784,414.0362566368632,Position(57)
53,3180,saved,saved,reconstructed_from_saved_mask,MD-Experiment-0004_Position(57)_t158.png,553446.8014079999,131952.0,1630.7880091667175,0.9249663526244953,0.6234919092233311,26287.80032,21.053370562425208,419.72322828855147,Position(57)
54,3240,saved,saved,reconstructed_from_saved_mask,MD-Experiment-0004_Position(57)_t161.png,562445.6806399999,134097.5,1634.2022205591202,0.9258287564596919,0.6309848802809146,26287.80032,21.395692062225766,423.12175622281944,Position(57)
55,3300,saved,saved,reconstructed_from_saved_mask,MD-Experiment-0004_Position(57)_t164.png,574151.983104,136888.5,1651.6580662727356,0.9281425757611713,0.6305747019089966,26287.80032,21.841005185480654,427.50234197490886,Position(57)
56,3360,saved,saved,reconstructed_from_saved_mask,MD-Experiment-0004_Position(57)_t167.png,581722.701824,138693.5,1631.6580647230148,0.9329106899625003,0.6546477329075836,26287.80032,22.12899880335062,430.3116161668479,Position(57)
57,3420,saved,saved,reconstructed_from_saved_mask,MD-Experiment-0004_Position(57)_t170.png,589926.7604479999,140649.5,1628.3443590402603,0.9341323131894771,0.6665850184483386,26287.80032,22.441084962106103,433.3353435562061,Position(57)
58,3480,saved,saved,reconstructed_from_saved_mask,MD-Experiment-0004_Position(57)_t173.png,594423.054336,141721.5,1483.633680820465,0.9792468474693384,0.8090814357504809,26287.80032,22.61212604706821,434.983602875687,Position(57)
59,3540,saved,saved,reconstructed_from_saved_mask,MD-Experiment-0004_Position(57)_t176.png,612915.740672,146130.5,1606.68750166893,0.9426740293000122,0.7113574817736682,26287.80032,23.31559633027523,441.6980186208198,Position(57)
60,3600,saved,saved,reconstructed_from_saved_mask,MD-Experiment-0004_Position(57)_t179.png,620270.452736,147884.0,1630.8712669610977,0.9433994762577629,0.6987015237462849,26287.80032,23.595372955723974,444.3402043632384,Position(57)
61,3660,saved,saved,reconstructed_from_saved_mask,MD-Experiment-0004_Position(57)_t182.png,622315.175936,148371.5,1513.2316598892212,0.9818254608981061,0.8142345249343405,26287.80032,23.673155165536496,445.07198611307115,Position(57)
62,3720,saved,saved,reconstructed_from_saved_mask,MD-Experiment-0004_Position(57)_t185.png,640300.351488,152659.5,1666.6286264657974,0.9477953410981698,0.6906468341823716,26287.80032,24.357319505384925,451.4575639033933,Position(57)
63,3780,saved,saved,reconstructed_from_saved_mask,MD-Experiment-0004_Position(57)_t188.png,644343.660544,153623.5,1528.3443595170975,0.981544546105091,0.8264661724211417,26287.80032,24.5111288392501,452.88073181689646,Position(57)
64,3840,saved,saved,reconstructed_from_saved_mask,MD-Experiment-0004_Position(57)_t191.png,663478.075392,158185.5,1663.9423364400864,0.956826938780448,0.7179595752169141,26287.80032,25.239010769844437,459.55590591729754,Position(57)
65,3900,saved,saved,reconstructed_from_saved_mask,MD-Experiment-0004_Position(57)_t194.png,675031.28576,160940.0,1679.2144144773483,0.9585067924505828,0.7172351312628628,26287.80032,25.678500199441565,463.53978442067245,Position(57)
66,3960,saved,saved,reconstructed_from_saved_mask,MD-Experiment-0004_Position(57)_t197.png,687668.723712,163953.0,1689.6996949911118,0.9594768181884683,0.7216226902448367,26287.80032,26.159234144395693,467.8586893250133,Position(57)
67,4020,saved,saved,reconstructed_from_saved_mask,MD-Experiment-0004_Position(57)_t200.png,696722.128896,166111.5,1684.4276176691055,0.9610264509858373,0.735706947261624,26287.80032,26.503629836457918,470.9283826131252,Position(57)
68,4080,saved,saved,reconstructed_from_saved_mask,MD-Experiment-0004_Position(57)_t203.png,706652.143616,168479.0,1705.2144137620926,0.9611251985954984,0.7281110971381677,26287.80032,26.881372157957717,474.272456933713,Position(57)
69,4140,saved,saved,reconstructed_from_saved_mask,MD-Experiment-0004_Position(57)_t206.png,718031.2903679999,171192.0,1688.1849740743637,0.9619906044190699,0.7548371545731708,26287.80032,27.3142401276426,478.0757872068386,Position(57)
70,4200,saved,saved,reconstructed_from_saved_mask,MD-Experiment-0004_Position(57)_t209.png,731136.3932159999,174316.5,1707.3149197101593,0.9638893650433792,0.7514863394551191,26287.80032,27.8127642600718,482.41884510185974,Position(57)
71,4260,saved,saved,reconstructed_from_saved_mask,MD-Experiment-0004_Position(57)_t212.png,740584.062976,176569.0,1709.9007054567337,0.9654910323709537,0.7588964799972483,26287.80032,28.17215795771839,485.52572413356205,Position(57)
72,4320,saved,saved,reconstructed_from_saved_mask,MD-Experiment-0004_Position(57)_t215.png,754658.050048,179924.5,1707.6580646038055,0.9677626695640014,0.7753509825243301,26287.80032,28.707538891104907,490.1174532889645,Position(57)
73,4380,saved,saved,reconstructed_from_saved_mask,MD-Experiment-0004_Position(57)_t218.png,767152.881664,182903.5,1718.7707625627518,0.9664011624067103,0.7780293228684402,26287.80032,29.18284802552852,494.1582200551104,Position(57)
74,4440,saved,saved,reconstructed_from_saved_mask,MD-Experiment-0004_Position(57)_t221.png,780461.4082559999,186076.5,1724.1433435678482,0.9683994410573072,0.7866012876955302,26287.80032,29.689110490626245,498.42610488698153,Position(57)
75,4500,saved,saved,reconstructed_from_saved_mask,MD-Experiment-0004_Position(57)_t224.png,790766.813184,188533.5,1715.9423325061798,0.9735635389072207,0.8046240642670799,26287.80032,30.081132828081373,501.7059839213779,Position(57)
76,4560,saved,saved,reconstructed_from_saved_mask,MD-Experiment-0004_Position(57)_t227.png,801174.97856,191015.0,1730.184977531433,0.9728687697996353,0.8018483927447344,26287.80032,30.477064220183486,504.99694676179433,Position(57)
77,4620,saved,saved,reconstructed_from_saved_mask,MD-Experiment-0004_Position(57)_t230.png,814410.104832,194170.5,1735.883459687233,0.9723986137959355,0.8097519134800996,26287.80032,30.98053450339051,509.15104613071645,Position(57)
78,4680,saved,saved,reconstructed_from_saved_mask,MD-Experiment-0004_Position(57)_t233.png,823142.64576,196252.5,1743.8834619522095,0.973919149611926,0.8109426532419175,26287.80032,31.312724371759074,511.873462766815,Position(57)
79,4740,saved,saved,reconstructed_from_saved_mask,MD-Experiment-0004_Position(57)_t236.png,837329.8790399999,199635.0,1754.126099705696,0.9756139279169211,0.8153140513910938,26287.80032,31.852413242919823,516.2658021751098,Position(57)
80,4800,saved,saved,reconstructed_from_saved_mask,MD-Experiment-0004_Position(57)_t239.png,847389.9171839999,202033.5,1757.8245850801468,0.978197558300833,0.8216411524540351,26287.80032,32.235101715197445,519.3578612980946,Position(57)
81,4860,saved,saved,reconstructed_from_saved_mask,MD-Experiment-0004_Position(57)_t242.png,854092.414976,203631.5,1758.510878443718,0.9795014743161146,0.827493718733598,26287.80032,32.490067810131634,521.4077669170737,Position(57)
82,4920,saved,saved,reconstructed_from_saved_mask,MD-Experiment-0004_Position(57)_t245.png,859266.08896,204865.0,1761.439810037613,0.9808934885602726,0.8297399808307045,26287.80032,32.68687674511368,522.984599179028,Position(57)
83,4980,saved,saved,reconstructed_from_saved_mask,MD-Experiment-0004_Position(57)_t248.png,870508.920832,207545.5,1775.3393045663834,0.9800445291269128,0.8274856083584744,26287.80032,33.114559234144394,526.394904527018,Position(57)
0,0,saved,saved,reconstructed_from_saved_mask,MD-Experiment-0004_Position(7)_t001.png,149887.647744,35736.0,785.9209144115448,0.9614722341799398,0.7270396751520181,149887.647744,1.0,218.42783726839568,Position(7)
1,60,saved,saved,reconstructed_from_saved_mask,MD-Experiment-0004_Position(7)_t002.png,160268.55014399998,38211.0,805.2346225976944,0.9716719643992371,0.740548297213475,149887.647744,1.069257891202149,225.86514550761873,Position(7)
2,120,saved,saved,reconstructed_from_saved_mask,MD-Experiment-0004_Position(7)_t005.png,204327.61651199998,48715.5,903.2762538194656,0.9740956989462318,0.7503015470261581,149887.647744,1.3632051712558764,255.02843048597532,Position(7)
3,180,saved,saved,reconstructed_from_saved_mask,MD-Experiment-0004_Position(7)_t008.png,229940.13388799998,54822.0,946.4894568920135,0.9780560907728538,0.7690121084554103,149887.647744,1.5340832773673607,270.5406029544823,Position(7)
4,240,saved,saved,reconstructed_from_saved_mask,MD-Experiment-0004_Position(7)_t011.png,252065.087488,60097.0,992.9158626794815,0.9743589743589743,0.7660158553218251,149887.647744,1.6816935303335572,283.2574964748727,Position(7)
5,300,saved,saved,reconstructed_from_saved_mask,MD-Experiment-0004_Position(7)_t014.png,270037.680128,64382.0,1012.7148535251617,0.9777069096431283,0.7888600596395157,149887.647744,1.8016006268188942,293.1819626560927,Position(7)
6,360,saved,saved,reconstructed_from_saved_mask,MD-Experiment-0004_Position(7)_t017.png,285762.125824,68131.0,1040.0285601615906,0.97652252433029,0.7915240154302908,149887.647744,1.906508842623685,301.5972641564832,Position(7)
7,420,saved,saved,reconstructed_from_saved_mask,MD-Experiment-0004_Position(7)_t020.png,300169.56006399996,71566.0,1061.685415148735,0.9756450018745101,0.7978567168088367,149887.647744,2.0026304007163644,309.10667818701415,Position(7)
8,480,saved,saved,reconstructed_from_saved_mask,MD-Experiment-0004_Position(7)_t023.png,312783.929344,74573.5,1076.1290645599365,0.9821089922562293,0.8092182491634059,149887.647744,2.086789232146855,315.534810994932,Position(7)
9,540,saved,saved,reconstructed_from_saved_mask,MD-Experiment-0004_Position(7)_t026.png,324523.78624,77372.5,1094.9574936628342,0.9833008203440234,0.810964742763982,149887.647744,2.165113610924558,321.40181931965975,Position(7)
10,600,saved,saved,reconstructed_from_saved_mask,MD-Experiment-0004_Position(7)_t029.png,333398.93350399996,79488.5,1112.9574925899506,0.9793626445384933,0.806412053446847,149887.647744,2.2243256100291022,325.7670587666215,Position(7)
11,660,saved,saved,reconstructed_from_saved_mask,MD-Experiment-0004_Position(7)_t032.png,342829.82604799996,81737.0,1123.2001359462738,0.9818140322638768,0.8141684389445379,149887.647744,2.287245354824267,330.3424328023084,Position(7)
12,720,saved,saved,reconstructed_from_saved_mask,MD-Experiment-0004_Position(7)_t035.png,358610.89484799997,85499.5,1149.300638794899,0.9777517296586425,0.8134036985865502,149887.647744,2.3925313409447058,337.8600200132212,Position(7)
13,780,saved,saved,reconstructed_from_saved_mask,MD-Experiment-0004_Position(7)_t038.png,372636.64742399997,88843.5,1167.5849106311798,0.9796826412015085,0.8189522414222056,149887.647744,2.486106447280054,344.4037294069894,Position(7)
14,840,saved,saved,reconstructed_from_saved_mask,MD-Experiment-0004_Position(7)_t041.png,384678.49420799996,91714.5,1193.5849070549011,0.978032407530832,0.8089864170071488,149887.647744,2.5664456010745464,349.9242313825958,Position(7)
15,900,saved,saved,reconstructed_from_saved_mask,MD-Experiment-0004_Position(7)_t044.png,392396.013568,93554.5,1207.4427752494812,0.9784244515909745,0.8063831264070083,149887.647744,2.617934295948064,353.41693566919406,Position(7)
16,960,saved,saved,reconstructed_from_saved_mask,MD-Experiment-0004_Position(7)_t047.png,400495.214592,95485.5,1220.7564828395844,0.9759751011897461,0.8051730163758036,149887.647744,2.6719694425789124,357.0456359821981,Position(7)
17,1020,saved,saved,reconstructed_from_saved_mask,MD-Experiment-0004_Position(7)_t050.png,411832.418304,98188.5,1245.3838984966278,0.9729388274813093,0.7955436189119992,149887.647744,2.747607454667562,362.0639863299601,Position(7)
18,1080,saved,saved,reconstructed_from_saved_mask,MD-Experiment-0004_Position(7)_t053.png,420472.68454399996,100248.5,1254.697605729103,0.973631432497924,0.8002203814715418,149887.647744,2.8052524065368254,365.84233265246047,Position(7)
19,1140,saved,saved,reconstructed_from_saved_mask,MD-Experiment-0004_Position(7)_t056.png,431482.73254399997,102873.5,1261.7270449399948,0.9771836752140811,0.8120495975149616,149887.647744,2.8787077456906203,370.6011595858162,Position(7)
20,1200,saved,saved,reconstructed_from_saved_mask,MD-Experiment-0004_Position(7)_t059.png,441232.392192,105198.0,1271.1412580013275,0.9812056373760645,0.8181439385322716,149887.647744,2.943754197447952,374.7647696078664,Position(7)
21,1260,saved,saved,reconstructed_from_saved_mask,MD-Experiment-0004_Position(7)_t062.png,451546.18572799995,107657.0,1282.454966187477,0.9799873470149424,0.8225605751171087,149887.647744,3.0125643608685917,379.1195259885785,Position(7)
22,1320,saved,saved,reconstructed_from_saved_mask,MD-Experiment-0004_Position(7)_t065.png,462413.627392,110248.0,1305.2833940982819,0.9760044618156225,0.8131505458783214,149887.647744,3.0850682784866805,383.65457003010056,Position(7)
23,1380,saved,saved,reconstructed_from_saved_mask,MD-Experiment-0004_Position(7)_t068.png,475002.83084799995,113249.5,1322.1534531116486,0.9752630853757255,0.8141087641411915,149887.647744,3.1690592119991043,388.84199493393874,Position(7)
24,1440,saved,saved,reconstructed_from_saved_mask,MD-Experiment-0004_Position(7)_t071.png,484404.363264,115491.0,1336.052947640419,0.9747885683418018,0.8130376677123847,149887.647744,3.2317830758898594,392.6712336516331,Position(7)
25,1500,saved,saved,reconstructed_from_saved_mask,MD-Experiment-0004_Position(7)_t074.png,497721.278464,118666.0,1355.0235075950623,0.9744252979746347,0.8121617056631034,149887.647744,3.32062905753302,398.032163900264,Position(7)
26,1560,saved,saved,reconstructed_from_saved_mask,MD-Experiment-0004_Position(7)_t077.png,507609.35014399997,121023.5,1365.2661485671997,0.9751898632179046,0.8159150205456537,149887.647744,3.3865989478397136,401.9665091399588,Position(7)
27,1620,saved,saved,reconstructed_from_saved_mask,MD-Experiment-0004_Position(7)_t080.png,519919.632384,123958.5,1384.9230037927628,0.9745011870882533,0.8121475120988232,149887.647744,3.468729012760242,406.81145388111844,Position(7)
28,1680,saved,saved,reconstructed_from_saved_mask,MD-Experiment-0004_Position(7)_t083.png,529593.79456,126265.0,1398.6214874982834,0.9725222883330445,0.8111337176245849,149887.647744,3.533271770763376,410.5787871651864,Position(7)
29,1740,saved,saved,reconstructed_from_saved_mask,MD-Experiment-0004_Position(7)_t086.png,541153.296384,129021.0,1414.4793524742126,0.9717924769895907,0.8103582222317446,149887.647744,3.6103928811282744,415.03547339953263,Position(7)
30,1800,saved,saved,reconstructed_from_saved_mask,MD-Experiment-0004_Position(7)_t089.png,554738.64704,132260.0,1424.0773286819458,0.9754262788365096,0.8195420416756862,149887.647744,3.7010297738974702,420.21279799769593,Position(7)
31,1860,saved,saved,reconstructed_from_saved_mask,MD-Experiment-0004_Position(7)_t092.png,567210.409984,135233.5,1436.5209805965424,0.9782409768412524,0.8235125189060064,149887.647744,3.784237183792255,424.91020350689195,Position(7)
32,1920,saved,saved,reconstructed_from_saved_mask,MD-Experiment-0004_Position(7)_t095.png,582924.36992,138980.0,1463.935197353363,0.9757364711168525,0.8149265479318856,149887.647744,3.889075442131184,430.7558355298197,Position(7)
33,1980,saved,saved,reconstructed_from_saved_mask,MD-Experiment-0004_Position(7)_t098.png,594630.6723839999,141771.0,1499.7341845035553,0.9711173901875161,0.7920793392400087,149887.647744,3.967175957018133,435.05956103497135,Position(7)
34,2040,saved,saved,reconstructed_from_saved_mask,MD-Experiment-0004_Position(7)_t101.png,610388.672512,145528.0,1498.4204761981964,0.9775311842980259,0.8144961327859603,149887.647744,4.072308036713678,440.7865116756294,Position(7)
35,2100,saved,saved,reconstructed_from_saved_mask,MD-Experiment-0004_Position(7)_t104.png,621413.400576,148156.5,1505.8346893787384,0.9765609293894703,0.8210620488758376,149887.647744,4.145861316319678,444.7494000113197,Position(7)
36,2160,saved,saved,reconstructed_from_saved_mask,MD-Experiment-0004_Position(7)_t107.png,636829.564928,151832.0,1545.5920490026474,0.9720047373643609,0.7986995264608522,149887.647744,4.2487127826281625,450.23232483985936,Position(7)
37,2220,saved,saved,reconstructed_from_saved_mask,MD-Experiment-0004_Position(7)_t110.png,653082.4929279999,155707.0,1559.533174276352,0.9722602942875251,0.804505034722096,149887.647744,4.357146854712335,455.94145895338136,Position(7)
38,2280,saved,saved,reconstructed_from_saved_mask,MD-Experiment-0004_Position(7)_t113.png,665657.0163199999,158705.0,1581.047894358635,0.9743855793021728,0.7978301075928593,149887.647744,4.441039847772554,460.30990550091457,Position(7)
39,2340,saved,saved,reconstructed_from_saved_mask,MD-Experiment-0004_Position(7)_t116.png,681339.518976,162444.0,1585.5331749916077,0.9762347617316262,0.8120127941820049,149887.647744,4.5456682337139025,465.7006600143157,Position(7)
40,2400,saved,saved,reconstructed_from_saved_mask,MD-Experiment-0004_Position(7)_t119.png,696317.37856,166015.0,1597.0478918552399,0.9765099980295103,0.817939749356308,149887.647744,4.645595477949407,470.7915733286112,Position(7)
41,2460,saved,saved,reconstructed_from_saved_mask,MD-Experiment-0004_Position(7)_t122.png,710166.970368,169317.0,1612.3027292490005,0.9769209021619345,0.818497299131346,149887.647744,4.737995298858294,475.45048901996677,Position(7)
42,2520,saved,saved,reconstructed_from_saved_mask,MD-Experiment-0004_Position(7)_t125.png,724127.7112319999,172645.5,1633.3737961053848,0.9770322120608476,0.8131936130585724,149887.647744,4.831136668905305,480.1010407661982,Position(7)
43,2580,saved,saved,reconstructed_from_saved_mask,MD-Experiment-0004_Position(7)_t128.png,738640.003072,176105.5,1649.3737934827805,0.9766439104466024,0.8134757369335789,149887.647744,4.927957801656593,484.8880440974423,Position(7)
44,2640,saved,saved,reconstructed_from_saved_mask,MD-Experiment-0004_Position(7)_t131.png,752126.7875839999,179321.0,1666.4448622465134,0.9731479521786085,0.811445056326249,149887.647744,5.017937094246698,489.2947906442936,Position(7)
45,2700,saved,saved,reconstructed_from_saved_mask,MD-Experiment-0004_Position(7)_t134.png,767779.930112,183053.0,1688.4448609352112,0.9753671220614251,0.8068874295566967,149887.647744,5.122369599283636,494.3601340805602,Position(7)
46,2760,saved,saved,reconstructed_from_saved_mask,MD-Experiment-0004_Position(7)_t137.png,780528.51712,186092.5,1700.8885111808777,0.9755269683006484,0.8083269134656805,149887.647744,5.207423886277144,498.44753329479937,Position(7)
47,2820,saved,saved,reconstructed_from_saved_mask,MD-Experiment-0004_Position(7)_t140.png,792943.6569599999,189052.5,1712.0012097358704,0.979145841857478,0.8105581079434954,149887.647744,5.290253525856279,502.3960640740494,Position(7)
48,2880,saved,saved,reconstructed_from_saved_mask,MD-Experiment-0004_Position(7)_t143.png,811279.0568959999,193424.0,1716.1017163991928,0.9791736273527119,0.825342431109252,149887.647744,5.412581150660398,508.171372928325,Position(7)
49,2940,saved,saved,reconstructed_from_saved_mask,MD-Experiment-0004_Position(7)_t146.png,825701.1712,196862.5,1741.3149173259735,0.977310073324629,0.8158648429341553,149887.647744,5.508800649205283,512.6683585189305,Position(7)
50,3000,saved,saved,reconstructed_from_saved_mask,MD-Experiment-0004_Position(7)_t149.png,840219.754496,200324.0,1756.1849752664566,0.9771759437666766,0.8162107922356383,149887.647744,5.605663756436088,517.1559285389604,Position(7)
51,3060,saved,saved,reconstructed_from_saved_mask,MD-Experiment-0004_Position(7)_t152.png,857816.956928,204519.5,1790.2854820489883,0.979051726820348,0.801862690055287,149887.647744,5.723066375643609,522.5434124800324,Position(7)
52,3120,saved,saved,reconstructed_from_saved_mask,MD-Experiment-0004_Position(7)_t155.png,874386.55488,208470.0,1779.013401389122,0.979804198959425,0.8277419981967146,149887.647744,5.833613163196777,527.5660003871456,Position(7)
53,3180,saved,saved,reconstructed_from_saved_mask,MD-Experiment-0004_Position(7)_t158.png,890599.6369919999,212335.5,1813.5991879701614,0.9779637988209285,0.8112409180680717,149887.647744,5.941781396910678,532.4346618001581,Position(7)
54,3240,saved,saved,reconstructed_from_saved_mask,MD-Experiment-0004_Position(7)_t161.png,909165.7236479999,216762.0,1827.0134019851685,0.9788215956505247,0.8160364300626034,149887.647744,6.065648085963734,537.9557955971834,Position(7)
55,3300,saved,saved,reconstructed_from_saved_mask,MD-Experiment-0004_Position(7)_t164.png,921834.61888,219782.5,1856.226610302925,0.9778128260284424,0.8015691322974446,149887.647744,6.1501706962167,541.6909382812037,Position(7)
56,3360,saved,saved,reconstructed_from_saved_mask,MD-Experiment-0004_Position(7)_t167.png,941851.9347199999,224555.0,1845.0134032964706,0.9812794147850672,0.8289599384029022,149887.647744,6.283719498544885,547.5406671131435,Position(7)
57,3420,saved,saved,reconstructed_from_saved_mask,MD-Experiment-0004_Position(7)_t170.png,957813.358592,228360.5,1874.025597691536,0.9799554995783831,0.8171086572018946,149887.647744,6.390208753078129,552.1607204055118,Position(7)
58,3480,saved,saved,reconstructed_from_saved_mask,MD-Experiment-0004_Position(7)_t173.png,975307.800576,232531.5,1892.368740439415,0.9803926942179423,0.8159811501265005,149887.647744,6.506925789120215,557.1805048595202,Position(7)
59,3540,saved,saved,reconstructed_from_saved_mask,MD-Experiment-0004_Position(7)_t176.png,992150.0282879999,236547.0,1916.7535177469254,0.979028533114803,0.8090861567417397,149887.647744,6.619291470785762,561.9707844555604,Position(7)
60,3600,saved,saved,reconstructed_from_saved_mask,MD-Experiment-0004_Position(7)_t179.png,1007996.1087999999,240325.0,1915.096663594246,0.9808843366658708,0.8234313842606618,149887.647744,6.725011193194538,566.4407530058478,Position(7)
61,3660,saved,saved,reconstructed_from_saved_mask,MD-Experiment-0004_Position(7)_t182.png,1022202.2164479999,243712.0,1938.8367775678635,0.9784113742249272,0.814712311707139,149887.647744,6.819789567942691,570.4183299775538,Position(7)
62,3720,saved,saved,reconstructed_from_saved_mask,MD-Experiment-0004_Position(7)_t185.png,1036993.429504,247238.5,1959.966719031334,0.9799036102556785,0.8087765864134432,149887.647744,6.918471569285875,574.5304696173711,Position(7)
63,3780,saved,saved,reconstructed_from_saved_mask,MD-Experiment-0004_Position(7)_t188.png,1057105.1171839999,252033.5,1974.2509912252426,0.9805053210630844,0.8125749037689362,149887.647744,7.052649988806805,580.075003370376,Position(7)
64,3840,saved,saved,reconstructed_from_saved_mask,MD-Experiment-0004_Position(7)_t191.png,1072502.407168,255704.5,1985.2215542793274,0.9798759177792424,0.815324084217214,149887.647744,7.155375531676741,584.284279403004,Position(7)
65,3900,saved,saved,reconstructed_from_saved_mask,MD-Experiment-0004_Position(7)_t194.png,1088847.609856,259601.5,2000.8784075975418,0.9790574928956514,0.8148462409481925,149887.647744,7.264425229460488,588.7197625056898,Position(7)
66,3960,saved,saved,reconstructed_from_saved_mask,MD-Experiment-0004_Position(7)_t197.png,1105354.2932479999,263537.0,2023.606328845024,0.9789545045086877,0.8087222723507074,149887.647744,7.374552272218491,593.1654063383461,Position(7)
67,4020,saved,saved,reconstructed_from_saved_mask,MD-Experiment-0004_Position(7)_t200.png,1119520.555008,266914.5,2048.677398085594,0.9789297640463656,0.7991620992297717,149887.647744,7.469064808596374,596.9543202331403,Position(7)
68,4080,saved,saved,reconstructed_from_saved_mask,MD-Experiment-0004_Position(7)_t203.png,1136165.650432,270883.0,2064.920037984848,0.9791453176819295,0.7983349402642916,149887.647744,7.5801152899037385,601.3757218868603,Position(7)
69,4140,saved,saved,reconstructed_from_saved_mask,MD-Experiment-0004_Position(7)_t206.png,1160394.047488,276659.5,2048.677397608757,0.981571986865517,0.8283393629599769,149887.647744,7.741759010521603,607.7539775141365,Position(7)
70,4200,saved,saved,reconstructed_from_saved_mask,MD-Experiment-0004_Position(7)_t209.png,1179824.160768,281292.0,2063.2631882429123,0.9815838740689431,0.8303438729766097,149887.647744,7.871390194761585,612.8210948808374,Position(7)
71,4260,saved,saved,reconstructed_from_saved_mask,MD-Experiment-0004_Position(7)_t212.png,1195045.289984,284921.0,2072.292623281479,0.9827183317438775,0.8337429255316292,149887.647744,7.9729404522050595,616.7614856970903,Position(7)
72,4320,saved,saved,reconstructed_from_saved_mask,MD-Experiment-0004_Position(7)_t215.png,1215177.949184,289721.0,2089.121048092842,0.9826580380824463,0.8341854878816758,149887.647744,8.107258786657713,621.9350084195383,Position(7)
73,4380,saved,saved,reconstructed_from_saved_mask,MD-Experiment-0004_Position(7)_t218.png,1234352.20992,294292.5,2106.0499819517136,0.9823093034705475,0.8337804552368696,149887.647744,8.235183008730694,626.8225518042134,Position(7)
74,4440,saved,saved,reconstructed_from_saved_mask,MD-Experiment-0004_Position(7)_t221.png,1252077.3386239999,298518.5,2123.363689184189,0.9816974914826166,0.8320172719534641,149887.647744,8.353439109021714,631.3070529866659,Position(7)
75,4500,saved,saved,reconstructed_from_saved_mask,MD-Experiment-0004_Position(7)_t224.png,1268235.894784,302371.0,2144.091608643532,0.9812270408494399,0.8265389534731143,149887.647744,8.461243563913142,635.367628482041,Position(7)
76,4560,saved,saved,reconstructed_from_saved_mask,MD-Experiment-0004_Position(7)_t227.png,1289941.417984,307546.0,2153.1210511922836,0.9821028546976613,0.8336486528719321,149887.647744,8.606055518244908,640.7816367080478,Position(7)
77,4620,saved,saved,reconstructed_from_saved_mask,MD-Experiment-0004_Position(7)_t230.png,1307939.176448,311837.0,2166.4347578287125,0.9822844380884581,0.8349227178137437,149887.647744,8.726130512648309,645.2363678455235,Position(7)
78,4680,saved,saved,reconstructed_from_saved_mask,MD-Experiment-0004_Position(7)_t233.png,1325374.898176,315994.0,2183.405319571495,0.9828021901976061,0.8329519942639227,149887.647744,8.842455786881576,649.5228502441279,Position(7)
79,4740,saved,saved,reconstructed_from_saved_mask,MD-Experiment-0004_Position(7)_t236.png,1340812.034048,319674.5,2196.4763879776,0.9824515304201644,0.8326543986514413,149887.647744,8.945447168121781,653.2945170072038,Position(7)
80,4800,saved,saved,reconstructed_from_saved_mask,MD-Experiment-0004_Position(7)_t239.png,1351308.279808,322177.0,2223.1454359292984,0.9817171831054583,0.8191598310388479,149887.647744,9.0154745914484,655.8466167823834,Position(7)
81,4860,saved,saved,reconstructed_from_saved_mask,MD-Experiment-0004_Position(7)_t242.png,1372225.273856,327164.0,2228.861162185669,0.9809529663449934,0.827578767762194,149887.647744,9.155025744347437,660.9030721214907,Position(7)
82,4920,saved,saved,reconstructed_from_saved_mask,MD-Experiment-0004_Position(7)_t245.png,1389486.931968,331279.5,2244.2165031433105,0.9822630214240285,0.8265610242609547,149887.647744,9.270189724647416,665.0469360643642,Position(7)
83,4980,saved,saved,reconstructed_from_saved_mask,MD-Experiment-0004_Position(7)_t248.png,1408176.7505919999,335735.5,2261.0449291467667,0.9820718442540831,0.8252561026582974,149887.647744,9.394881911797627,669.504728293684,Position(7)
0,0,saved,saved,reconstructed_from_saved_mask,MD-Experiment-0004_Position(8)_t001.png,31385.976832,7483.0,338.8771971464157,0.970494779845665,0.8188435198458116,31385.976832,1.0,99.95232219994196,Position(8)
1,60,saved,saved,reconstructed_from_saved_mask,MD-Experiment-0004_Position(8)_t002.png,31977.373696,7624.0,345.5634889602661,0.9653076728285642,0.8023004786258352,31385.976832,1.0188427101429907,100.88961384419261,Position(8)
2,120,2,0.8,auto,MD-Experiment-0004_Position(8)_t005.png,49467.621375999996,11794.0,435.9898946285248,0.9637983165808613,0.7796831360124669,31385.976832,1.5761058399037817,125.48319779945604,Position(8)
3,180,saved,saved,reconstructed_from_saved_mask,MD-Experiment-0004_Position(8)_t008.png,62314.774527999994,14857.0,479.2447284460068,0.9752847343026881,0.8128797381410461,31385.976832,1.985433649605773,140.8382362413569,Position(8)
4,240,saved,saved,reconstructed_from_saved_mask,MD-Experiment-0004_Position(8)_t011.png,73513.566208,17527.0,515.5289982557297,0.9750222518914108,0.8287265495393629,31385.976832,2.3422424161432582,152.97089557374318,Position(8)
5,300,saved,saved,reconstructed_from_saved_mask,MD-Experiment-0004_Position(8)_t014.png,84112.572416,20054.0,550.499559879303,0.9761725119867598,0.8315663796836315,31385.976832,2.679941200053454,163.6272084720717,Position(8)
6,360,saved,saved,reconstructed_from_saved_mask,MD-Experiment-0004_Position(8)_t017.png,95466.553344,22761.0,586.2985501289368,0.9795365050674585,0.8320770859044436,31385.976832,3.0416945075504476,174.3213920587127,Position(8)
7,420,saved,saved,reconstructed_from_saved_mask,MD-Experiment-0004_Position(8)_t020.png,106721.968128,25444.5,619.8548994064331,0.975988185880593,0.8321923297637515,31385.976832,3.400307363356942,184.31130602362356,Position(8)
8,480,saved,saved,reconstructed_from_saved_mask,MD-Experiment-0004_Position(8)_t023.png,115750.207488,27597.0,650.097540974617,0.9721189918452895,0.8205682161107333,31385.976832,3.6879593745823867,191.94904368413884,Position(8)
9,540,saved,saved,reconstructed_from_saved_mask,MD-Experiment-0004_Position(8)_t026.png,127999.67232,30517.5,711.251867890358,0.9544175136825646,0.7580746557329928,31385.976832,4.078244019778164,201.8503433926772,Position(8)
10,600,saved,saved,reconstructed_from_saved_mask,MD-Experiment-0004_Position(8)_t029.png,134555.369472,32080.5,702.8254631757736,0.9716799684996441,0.8161237520991901,31385.976832,4.2871174662568485,206.95483647900144,Position(8)
11,660,saved,saved,reconstructed_from_saved_mask,MD-Experiment-0004_Position(8)_t032.png,145173.250048,34612.0,725.0681011676788,0.9745329635521518,0.8273303585830066,31385.976832,4.625417613256714,214.96530115279037,Position(8)
12,720,saved,saved,reconstructed_from_saved_mask,MD-Experiment-0004_Position(8)_t035.png,165503.041536,39459.0,782.8082156181335,0.9704981738135937,0.8091800911116819,31385.976832,5.273152478952292,229.5239732890561,Position(8)
13,780,saved,saved,reconstructed_from_saved_mask,MD-Experiment-0004_Position(8)_t038.png,174655.012864,41641.0,820.5239459276199,0.9584652035308605,0.7772281016813029,31385.976832,5.564746759321127,235.78468412127268,Position(8)
14,840,saved,saved,reconstructed_from_saved_mask,MD-Experiment-0004_Position(8)_t041.png,183161.061376,43669.0,839.8376542329788,0.9604759600580653,0.7780229826139281,31385.976832,5.835761058399037,241.45802243847035,Position(8)
15,900,saved,saved,reconstructed_from_saved_mask,MD-Experiment-0004_Position(8)_t044.png,191608.389632,45683.0,859.6366453170776,0.9599386419273159,0.7768454723753252,31385.976832,6.104904450086864,246.96324563712176,Position(8)
16,960,saved,saved,reconstructed_from_saved_mask,MD-Experiment-0004_Position(8)_t047.png,203306.303488,48472.0,909.0924866199493,0.9487013876656294,0.7370291529582711,31385.976832,6.477615929440065,254.39026381469964,Position(8)
17,1020,saved,saved,reconstructed_from_saved_mask,MD-Experiment-0004_Position(8)_t050.png,211862.68364799998,50512.0,889.9209151268005,0.9673292734306178,0.8014964461247092,31385.976832,6.75023386342376,259.6882490960793,Position(8)
18,1080,saved,saved,reconstructed_from_saved_mask,MD-Experiment-0004_Position(8)_t053.png,222354.735104,53013.5,897.6782728433609,0.9774866551733675,0.8267132803056415,31385.976832,7.084524923159161,266.0408059365728,Position(8)
19,1140,saved,saved,reconstructed_from_saved_mask,MD-Experiment-0004_Position(8)_t056.png,229443.10886399998,54703.5,908.8498512506485,0.9754112245352828,0.8322248834495904,31385.976832,7.310370172390751,270.2480524780057,Position(8)
20,1200,saved,saved,reconstructed_from_saved_mask,MD-Experiment-0004_Position(8)_t059.png,236969.787392,56498.0,927.0336129665375,0.9719667971270053,0.8261368142809206,31385.976832,7.5501804089269005,274.6449090257174,Position(8)
21,1260,saved,saved,reconstructed_from_saved_mask,MD-Experiment-0004_Position(8)_t062.png,245001.879552,58413.0,934.7493418455124,0.9794101373216412,0.8400962370694842,31385.976832,7.806093812641988,279.26066746860704,Position(8)
22,1320,saved,saved,reconstructed_from_saved_mask,MD-Experiment-0004_Position(8)_t065.png,255204.524032,60845.5,958.7320977449417,0.980619842702424,0.8318476484978385,31385.976832,8.131163971669116,285.0160048106323,Position(8)
23,1380,saved,saved,reconstructed_from_saved_mask,MD-Experiment-0004_Position(8)_t068.png,263265.97632,62767.5,968.9331076145172,0.9793878777003675,0.8401505267455589,31385.976832,8.388012829079246,289.4825779878363,Position(8)
24,1440,saved,saved,reconstructed_from_saved_mask,MD-Experiment-0004_Position(8)_t071.png,274307.4816,65400.0,1004.9747387170792,0.969176052163604,0.8137243678720759,31385.976832,8.73981023653615,295.49074985091875,Position(8)
25,1500,saved,saved,reconstructed_from_saved_mask,MD-Experiment-0004_Position(8)_t074.png,279990.76352,66755.0,1005.8031668663025,0.9727575428600572,0.8292159875773859,31385.976832,8.920887344647868,298.5361419804373,Position(8)
26,1560,saved,saved,reconstructed_from_saved_mask,MD-Experiment-0004_Position(8)_t077.png,287098.011648,68449.5,1024.3889513015747,0.9714109332425068,0.819691389022107,31385.976832,9.14733395696913,302.3013982952568,Position(8)
27,1620,saved,saved,reconstructed_from_saved_mask,MD-Experiment-0004_Position(8)_t080.png,291460.087808,69489.5,1025.903669834137,0.9769022598671493,0.8296900542292859,31385.976832,9.286315648803955,304.58927653035016,Position(8)
28,1680,saved,saved,reconstructed_from_saved_mask,MD-Experiment-0004_Position(8)_t083.png,298529.5872,71175.0,1047.661029100418,0.9739659950053026,0.8148839447366328,31385.976832,9.511559534945878,308.2611213308062,Position(8)
29,1740,saved,saved,reconstructed_from_saved_mask,MD-Experiment-0004_Position(8)_t086.png,305257.250816,72779.0,1059.8031650781631,0.9730072996604188,0.8142645424291799,31385.976832,9.725912067352665,311.71525590515745,Position(8)
30,1800,saved,saved,reconstructed_from_saved_mask,MD-Experiment-0004_Position(8)_t089.png,312630.83724799997,74537.0,1065.2590078115463,0.9782913992466302,0.8254130721385933,31385.976832,9.96084458105038,315.45758228635754,Position(8)
31,1860,saved,saved,reconstructed_from_saved_mask,MD-Experiment-0004_Position(8)_t092.png,323894.64064,77222.5,1131.442775607109,0.9585593525403111,0.7580337354576775,31385.976832,10.319724709341173,321.0901216133224,Position(8)
32,1920,saved,saved,reconstructed_from_saved_mask,MD-Experiment-0004_Position(8)_t095.png,329886.203904,78651.0,1120.5138419866562,0.9631933771347045,0.7871901679682725,31385.976832,10.510624081250835,324.0463547369188,Position(8)
33,1980,saved,saved,reconstructed_from_saved_mask,MD-Experiment-0004_Position(8)_t098.png,337391.910912,80440.5,1102.4722120761871,0.9799181376311077,0.8316667174312502,31385.976832,10.74976613657624,327.71203939088105,Position(8)
34,2040,saved,saved,reconstructed_from_saved_mask,MD-Experiment-0004_Position(8)_t101.png,345598.066688,82397.0,1154.6559773683548,0.9613183607991833,0.7766333705431574,31385.976832,11.011225444340505,331.67345578564976,Position(8)
35,2100,saved,saved,reconstructed_from_saved_mask,MD-Experiment-0004_Position(8)_t104.png,352701.120512,84090.5,1162.5554707050323,0.9612649893117206,0.7818607836342921,31385.976832,11.237538420419618,335.0645512838835,Position(8)
36,2160,saved,saved,reconstructed_from_saved_mask,MD-Experiment-0004_Position(8)_t107.png,355788.128256,84826.5,1166.6976101398468,0.9634886019013869,0.783113652909334,31385.976832,11.335894694641187,336.52767881811934,Position(8)
37,2220,saved,saved,reconstructed_from_saved_mask,MD-Experiment-0004_Position(8)_t110.png,365875.42937599996,87231.5,1167.8691798448563,0.9682598705753072,0.8037015566200183,31385.976832,11.65728985700922,341.264950269025,Position(8)
38,2280,saved,saved,reconstructed_from_saved_mask,MD-Experiment-0004_Position(8)_t113.png,372699.56198399997,88858.5,1176.1534515619278,0.9713965564361847,0.8071994679239427,31385.976832,11.874716022985433,344.432802090445,Position(8)
39,2340,saved,saved,reconstructed_from_saved_mask,MD-Experiment-0004_Position(8)_t116.png,380545.00761599996,90729.0,1205.2245178222656,0.9667190538344743,0.7849103798863953,31385.976832,12.124682613924895,348.0391329463667,Position(8)
40,2400,saved,saved,reconstructed_from_saved_mask,MD-Experiment-0004_Position(8)_t119.png,385892.745216,92004.0,1191.425531387329,0.9733709969213191,0.8144843958399746,31385.976832,12.295068822664707,350.4760702371212,Position(8)
41,2460,saved,saved,reconstructed_from_saved_mask,MD-Experiment-0004_Position(8)_t122.png,395548.033024,94306.0,1214.1118202209473,0.9719813036913357,0.8039551360504972,31385.976832,12.602699452091407,354.83355164371324,Position(8)
42,2520,saved,saved,reconstructed_from_saved_mask,MD-Experiment-0004_Position(8)_t125.png,407118.020608,97064.5,1228.4965958595276,0.9695058306489874,0.8082065596181432,31385.976832,12.971335026059068,359.9856813862221,Position(8)
43,2580,saved,saved,reconstructed_from_saved_mask,MD-Experiment-0004_Position(8)_t128.png,410114.85081599996,97779.0,1213.4844039678574,0.9811061387489716,0.8344245194973532,31385.976832,13.066818121074434,361.30819460056983,Position(8)
44,2640,saved,saved,reconstructed_from_saved_mask,MD-Experiment-0004_Position(8)_t131.png,420533.50195199996,100263.0,1271.626538515091,0.9637105494600556,0.7791685117668284,31385.976832,13.398770546572228,365.86878951724213,Position(8)
45,2700,saved,saved,reconstructed_from_saved_mask,MD-Experiment-0004_Position(8)_t134.png,429232.488448,102337.0,1301.5676651000977,0.9624380472298765,0.7591175706839338,31385.976832,13.675932112788988,369.6335273541459,Position(8)
46,2760,saved,saved,reconstructed_from_saved_mask,MD-Experiment-0004_Position(8)_t137.png,439577.739264,104803.5,1290.4965963363647,0.9721986447187165,0.7908095834120676,31385.976832,14.005545904049177,374.06141227618207,Position(8)
47,2820,saved,saved,reconstructed_from_saved_mask,MD-Experiment-0004_Position(8)_t140.png,444231.319552,105913.0,1283.0235089063644,0.9735769274962657,0.8085183957163544,31385.976832,14.153815314713349,376.0361960847283,Position(8)
48,2880,saved,saved,reconstructed_from_saved_mask,MD-Experiment-0004_Position(8)_t143.png,455031.652352,108488.0,1313.3077795505524,0.9689975794710564,0.7904211148746229,31385.976832,14.497928638246693,380.57991732379594,Position(8)
49,2940,saved,saved,reconstructed_from_saved_mask,MD-Experiment-0004_Position(8)_t146.png,462944.206848,110374.5,1307.124013543129,0.9744371854860069,0.8117924851598936,31385.976832,14.750033409060537,383.87461206913923,Position(8)
50,3000,saved,saved,reconstructed_from_saved_mask,MD-Experiment-0004_Position(8)_t149.png,469139.19385599997,111851.5,1305.0651376247406,0.9778767638264761,0.8252533571773728,31385.976832,14.947414138714418,386.4345266674015,Position(8)
51,3060,saved,saved,reconstructed_from_saved_mask,MD-Experiment-0004_Position(8)_t152.png,482911.19104,115135.0,1329.6509261131287,0.9775262773598682,0.8183553925317686,31385.976832,15.386208739810236,392.0655637222188,Position(8)
52,3120,saved,saved,reconstructed_from_saved_mask,MD-Experiment-0004_Position(8)_t155.png,492883.14879999997,117512.5,1373.3494081497192,0.9706041471361964,0.7829460552777181,31385.976832,15.703928905519176,396.09289187820116,Position(8)
53,3180,saved,saved,reconstructed_from_saved_mask,MD-Experiment-0004_Position(8)_t158.png,500374.17574399995,119298.5,1348.2367116212845,0.9803073256912773,0.824731438556332,31385.976832,15.942603233997058,399.09152700900665,Position(8)
54,3240,saved,saved,reconstructed_from_saved_mask,MD-Experiment-0004_Position(8)_t161.png,509201.088512,121403.0,1405.9351954460144,0.9645224976860771,0.7718069354993555,31385.976832,16.223840705599358,402.5962500184485,Position(8)
55,3300,saved,saved,reconstructed_from_saved_mask,MD-Experiment-0004_Position(8)_t164.png,521479.913472,124330.5,1397.7514313459396,0.9694083615325838,0.7997010253952703,31385.976832,16.615060804490177,407.4214180727436,Position(8)
56,3360,saved,saved,reconstructed_from_saved_mask,MD-Experiment-0004_Position(8)_t167.png,531229.57312,126655.0,1434.077329993248,0.9685251317188062,0.7739039481698727,31385.976832,16.925698249365226,411.2123842460133,Position(8)
57,3420,saved,saved,reconstructed_from_saved_mask,MD-Experiment-0004_Position(8)_t170.png,541157.490688,129022.0,1436.4204754829407,0.9707325147465993,0.7857971682339652,31385.976832,17.242015234531603,415.0370817992087,Position(8)
58,3480,saved,saved,reconstructed_from_saved_mask,MD-Experiment-0004_Position(8)_t173.png,550290.587648,131199.5,1431.6925538778305,0.9705935660941968,0.8043452685939265,31385.976832,17.53300815181077,418.5247117223142,Position(8)
59,3540,saved,saved,reconstructed_from_saved_mask,MD-Experiment-0004_Position(8)_t176.png,559950.06976,133502.5,1474.2367104291916,0.9719097851646392,0.7719067159287959,31385.976832,17.84077241747962,422.18200219089306,Position(8)
60,3600,saved,saved,reconstructed_from_saved_mask,MD-Experiment-0004_Position(8)_t179.png,571769.6184319999,136320.5,1456.2367103099823,0.9728284140214661,0.8078060182204341,31385.976832,18.217359347855137,426.61448893168097,Position(8)
61,3660,saved,saved,reconstructed_from_saved_mask,MD-Experiment-0004_Position(8)_t182.png,583207.48544,139047.5,1503.4082819223404,0.965101630742215,0.7730706265732616,31385.976832,18.581785380195107,430.86042787884475,Position(8)
62,3720,saved,saved,reconstructed_from_saved_mask,MD-Experiment-0004_Position(8)_t185.png,586277.715968,139779.5,1490.3788479566574,0.9734795856185253,0.7907878539123546,31385.976832,18.67960710944808,431.99304744621395,Position(8)
63,3780,saved,saved,reconstructed_from_saved_mask,MD-Experiment-0004_Position(8)_t188.png,597881.257984,142546.0,1489.592049241066,0.9725123656830974,0.8072911804379017,31385.976832,19.049311773352933,436.2470804261143,Position(8)
64,3840,saved,saved,reconstructed_from_saved_mask,MD-Experiment-0004_Position(8)_t191.png,608826.294272,145155.5,1503.692554473877,0.9749177244945934,0.8067245276735914,31385.976832,19.39803554724041,440.2220217520011,Position(8)
65,3900,saved,saved,reconstructed_from_saved_mask,MD-Experiment-0004_Position(8)_t194.png,619551.1296,147712.5,1498.035704612732,0.9780115007597652,0.8271471608534523,31385.976832,19.739743418415074,444.08248056866074,Position(8)
66,3960,saved,saved,reconstructed_from_saved_mask,MD-Experiment-0004_Position(8)_t197.png,630011.723776,150206.5,1516.5209848880768,0.9770036814923704,0.8207327095166465,31385.976832,20.073032206334357,447.8157657894509,Position(8)
67,4020,saved,saved,reconstructed_from_saved_mask,MD-Experiment-0004_Position(8)_t200.png,640128.385024,152618.5,1534.8052537441254,0.9739938159527995,0.8141613666795705,31385.976832,20.395362822397434,451.3969355013425,Position(8)
68,4080,saved,saved,reconstructed_from_saved_mask,MD-Experiment-0004_Position(8)_t203.png,651398.4798719999,155305.5,1565.2905344963074,0.9691995182256726,0.7965385187604413,31385.976832,20.754443405051447,455.3532430853552,Position(8)
69,4140,saved,saved,reconstructed_from_saved_mask,MD-Experiment-0004_Position(8)_t206.png,663484.366848,158187.0,1551.592050075531,0.9760171279785776,0.8257062318194318,31385.976832,21.13951623680342,459.5580847902812,Position(8)
70,4200,saved,saved,reconstructed_from_saved_mask,MD-Experiment-0004_Position(8)_t209.png,678464.323584,161758.5,1589.290535211563,0.9703423763890764,0.8047674103547484,31385.976832,21.616798075638112,464.71701240624446,Position(8)
71,4260,saved,saved,reconstructed_from_saved_mask,MD-Experiment-0004_Position(8)_t212.png,689948.327936,164496.5,1611.8346922397614,0.9701831886382939,0.7956563401791058,31385.976832,21.98269410664172,468.6335175144911,Position(8)
72,4320,saved,saved,reconstructed_from_saved_mask,MD-Experiment-0004_Position(8)_t215.png,698032.848896,166424.0,1614.5626126527786,0.973316606866624,0.8022616583053425,31385.976832,22.24027796338367,471.3711453670376,Position(8)
73,4380,saved,saved,reconstructed_from_saved_mask,MD-Experiment-0004_Position(8)_t218.png,712282.996736,169821.5,1621.290534377098,0.9744595389404525,0.8118594352299336,31385.976832,22.694307096084454,476.15829261043586,Position(8)
74,4440,saved,saved,reconstructed_from_saved_mask,MD-Experiment-0004_Position(8)_t221.png,722401.755136,172234.0,1639.1311527490616,0.9761812323413807,0.8055663989779107,31385.976832,23.01670453026861,479.52853977246315,Position(8)
75,4500,saved,saved,reconstructed_from_saved_mask,MD-Experiment-0004_Position(8)_t224.png,733577.4781439999,174898.5,1640.403230190277,0.9748346696318839,0.8167604828763102,31385.976832,23.372778297474273,483.2235130609942,Position(8)
76,4560,saved,saved,reconstructed_from_saved_mask,MD-Experiment-0004_Position(8)_t227.png,745688.530944,177786.0,1657.273287653923,0.9756159129010397,0.8134280833352592,31385.976832,23.75865294667914,487.1960913362737,Position(8)
77,4620,saved,saved,reconstructed_from_saved_mask,MD-Experiment-0004_Position(8)_t230.png,760328.7490559999,181276.5,1674.202220082283,0.9769684721099434,0.8127098894466099,31385.976832,24.22511024989977,491.95544267167054,Position(8)
78,4680,saved,saved,reconstructed_from_saved_mask,MD-Experiment-0004_Position(8)_t233.png,770990.669824,183818.5,1694.4864941835403,0.9737284005551494,0.8044940909525858,31385.976832,24.5648135774422,495.39272538102733,Position(8)
79,4740,saved,saved,reconstructed_from_saved_mask,MD-Experiment-0004_Position(8)_t236.png,780639.6661759999,186119.0,1684.586995601654,0.9763261152377355,0.824164088379764,31385.976832,24.872243752505675,498.4830220689917,Position(8)
80,4800,saved,saved,reconstructed_from_saved_mask,MD-Experiment-0004_Position(8)_t239.png,791934.9268479999,188812.0,1699.900704741478,0.977695157661448,0.8210929981051687,31385.976832,25.232126152612587,502.07640497234627,Position(8)
81,4860,saved,saved,reconstructed_from_saved_mask,MD-Experiment-0004_Position(8)_t242.png,801642.643456,191126.5,1733.6580656766891,0.9734540092747984,0.7991050624457265,31385.976832,25.541427235066152,505.1443146255854,Position(8)
82,4920,saved,saved,reconstructed_from_saved_mask,MD-Experiment-0004_Position(8)_t245.png,817346.117632,194870.5,1740.4276188611984,0.9714987225026485,0.8084329953798801,31385.976832,26.041761325671523,510.0679853472526,Position(8)
83,4980,saved,saved,reconstructed_from_saved_mask,MD-Experiment-0004_Position(8)_t248.png,829077.58592,197667.5,1744.9128975868225,0.9745908954200995,0.8158261617280653,31385.976832,26.415541894961912,513.7154776836368,Position(8)
