Frame,Time_min,model_choice,used_thresh,review_mode,filename,Area_um2,Area_px,Perimeter_px,Solidity,Circularity,A0_um2,A_over_A0,EffectiveRadius_um,Series
0,0,saved,saved,reconstructed_from_saved_mask,MD-Experiment-0004_Position(102)_t002.png,162214.7072,38675.0,749.8965293169022,0.989231634949867,0.8642462408549729,162214.7072,1.0,227.23235902082462,MD-Experiment-0004_Position(102)
1,60,saved,saved,reconstructed_from_saved_mask,MD-Experiment-0004_Position(102)_t005.png,219026.55487999998,52220.0,884.4061954021454,0.9792963768659515,0.838963716897609,162214.7072,1.3502262443438913,264.04226509231546,MD-Experiment-0004_Position(102)
2,120,saved,saved,reconstructed_from_saved_mask,MD-Experiment-0004_Position(102)_t008.png,260380.29516799998,62079.5,968.9331065416336,0.9796354741991479,0.8309415659474115,162214.7072,1.6051583710407238,287.89168470004114,MD-Experiment-0004_Position(102)
3,180,saved,saved,reconstructed_from_saved_mask,MD-Experiment-0004_Position(102)_t011.png,299995.49644799996,71524.5,1034.6732218265533,0.9797541180096572,0.8395726370840592,162214.7072,1.849372979961215,309.01704213523993,MD-Experiment-0004_Position(102)
4,240,saved,saved,reconstructed_from_saved_mask,MD-Experiment-0004_Position(102)_t014.png,337016.52070399997,80351.0,1100.0285609960556,0.9780474593601081,0.8344363747263495,162214.7072,2.0775953458306398,327.5296785748543,MD-Experiment-0004_Position(102)
5,300,saved,saved,reconstructed_from_saved_mask,MD-Experiment-0004_Position(102)_t017.png,369193.12383999996,88022.5,1150.555474281311,0.9759782235084101,0.8355807706903635,162214.7072,2.275953458306399,342.8087239691378,MD-Experiment-0004_Position(102)
6,360,saved,saved,reconstructed_from_saved_mask,MD-Experiment-0004_Position(102)_t020.png,393339.731968,93779.5,1186.8397439718246,0.9796608044794284,0.8366303486646137,162214.7072,2.42480930833872,353.8416670126581,MD-Experiment-0004_Position(102)
7,420,saved,saved,reconstructed_from_saved_mask,MD-Experiment-0004_Position(102)_t023.png,417777.844224,99606.0,1228.4549670219421,0.9780060090725212,0.8294245440045799,162214.7072,2.5754621848739494,364.6680929901201,MD-Experiment-0004_Position(102)
8,480,saved,saved,reconstructed_from_saved_mask,MD-Experiment-0004_Position(102)_t026.png,442541.01503999997,105510.0,1260.7981127500534,0.9794202010638001,0.834088986924142,162214.7072,2.7281189398836454,375.32010355034487,MD-Experiment-0004_Position(102)
9,540,saved,saved,reconstructed_from_saved_mask,MD-Experiment-0004_Position(102)_t029.png,464523.36230399995,110751.0,1287.6265394687653,0.9805398896847249,0.8394168474995443,162214.7072,2.8636328377504845,384.52877471614266,MD-Experiment-0004_Position(102)
10,600,saved,saved,reconstructed_from_saved_mask,MD-Experiment-0004_Position(102)_t032.png,485884.95257599995,115844.0,1309.4255307912827,0.9803538257782517,0.8490275838198509,162214.7072,2.995319974143503,393.2708785975426,MD-Experiment-0004_Position(102)
11,660,saved,saved,reconstructed_from_saved_mask,MD-Experiment-0004_Position(102)_t035.png,510977.37625599996,121826.5,1344.981877207756,0.9797261706105873,0.8462891370937499,162214.7072,3.150006464124111,403.2978433844388,MD-Experiment-0004_Position(102)
12,720,saved,saved,reconstructed_from_saved_mask,MD-Experiment-0004_Position(102)_t038.png,526271.905792,125473.0,1366.396092414856,0.9797679285357321,0.8445141354795285,162214.7072,3.2442921784098253,409.2890793001667,MD-Experiment-0004_Position(102)
13,780,saved,saved,reconstructed_from_saved_mask,MD-Experiment-0004_Position(102)_t041.png,543351.11168,129545.0,1392.8224979639053,0.9796314991473739,0.8391487904203292,162214.7072,3.3495798319327728,415.8774224656791,MD-Experiment-0004_Position(102)
14,840,saved,saved,reconstructed_from_saved_mask,MD-Experiment-0004_Position(102)_t044.png,554667.343872,132243.0,1402.538226723671,0.980529254313445,0.8447985173347924,162214.7072,3.4193406593406594,420.1857911659577,MD-Experiment-0004_Position(102)
15,900,saved,saved,reconstructed_from_saved_mask,MD-Experiment-0004_Position(102)_t047.png,571639.5950079999,136289.5,1437.0651401281357,0.9756218905472637,0.8293146802992393,162214.7072,3.5239689722042655,426.5659789823195,MD-Experiment-0004_Position(102)
16,960,saved,saved,reconstructed_from_saved_mask,MD-Experiment-0004_Position(102)_t050.png,584050.540544,139248.5,1445.2072726488113,0.977432816124832,0.8377995309147774,162214.7072,3.6004783451842273,431.17173038841736,MD-Experiment-0004_Position(102)
17,1020,saved,saved,reconstructed_from_saved_mask,MD-Experiment-0004_Position(102)_t053.png,599588.339712,142953.0,1477.1067720651627,0.9731380063853395,0.8233402735752127,162214.7072,3.6962637362637363,436.86942691249834,MD-Experiment-0004_Position(102)
18,1080,saved,saved,reconstructed_from_saved_mask,MD-Experiment-0004_Position(102)_t056.png,616038.4,146875.0,1498.7636222839355,0.9716429117202462,0.8216586975482507,162214.7072,3.797672915319974,442.8217620994304,MD-Experiment-0004_Position(102)
19,1140,saved,saved,reconstructed_from_saved_mask,MD-Experiment-0004_Position(102)_t059.png,629695.053824,150131.0,1514.9057565927505,0.975383316008316,0.8220703973641246,162214.7072,3.8818616677440203,447.7032062798002,MD-Experiment-0004_Position(102)
20,1200,saved,saved,reconstructed_from_saved_mask,MD-Experiment-0004_Position(102)_t062.png,643653.6975359999,153459.0,1545.5331727266312,0.9711273465952418,0.8073197290972773,162214.7072,3.9679120879120875,452.63819459305483,MD-Experiment-0004_Position(102)
21,1260,saved,saved,reconstructed_from_saved_mask,MD-Experiment-0004_Position(102)_t065.png,658658.820096,157036.5,1540.2610940933228,0.9788230674295972,0.8318054855036388,162214.7072,4.060413703943116,457.88384341305124,MD-Experiment-0004_Position(102)
22,1320,saved,saved,reconstructed_from_saved_mask,MD-Experiment-0004_Position(102)_t068.png,671828.934656,160176.5,1565.0306478738785,0.9758975218192619,0.8217940079047813,162214.7072,4.141603102779573,462.4389599994022,MD-Experiment-0004_Position(102)
23,1380,saved,saved,reconstructed_from_saved_mask,MD-Experiment-0004_Position(102)_t071.png,688652.288,164187.5,1590.3443557024002,0.9721708237732218,0.8157697752831045,162214.7072,4.2453135100193915,468.1931560942418,MD-Experiment-0004_Position(102)
24,1440,saved,saved,reconstructed_from_saved_mask,MD-Experiment-0004_Position(102)_t074.png,703464.4725759999,167719.0,1599.6164331436157,0.9751076305010741,0.8236835908626539,162214.7072,4.336625727213962,473.2015386703713,MD-Experiment-0004_Position(102)
25,1500,saved,saved,reconstructed_from_saved_mask,MD-Experiment-0004_Position(102)_t077.png,713130.246144,170023.5,1622.3443557024002,0.9737691397938758,0.8117695034740673,162214.7072,4.396212023270847,476.4413998429558,MD-Experiment-0004_Position(102)
26,1560,saved,saved,reconstructed_from_saved_mask,MD-Experiment-0004_Position(102)_t080.png,729045.532672,173818.0,1626.1017169952393,0.9752810375736084,0.826055440289593,162214.7072,4.494324499030381,481.7285548186088,MD-Experiment-0004_Position(102)
27,1620,saved,saved,reconstructed_from_saved_mask,MD-Experiment-0004_Position(102)_t083.png,741787.8282239999,176856.0,1640.5281211137772,0.9762904979823462,0.8257760897341196,162214.7072,4.572876535229476,485.9201572012656,MD-Experiment-0004_Position(102)
28,1680,saved,saved,reconstructed_from_saved_mask,MD-Experiment-0004_Position(102)_t086.png,750935.605248,179037.0,1679.3565481901169,0.9744013976232785,0.7977500352309537,162214.7072,4.629269553975436,488.90717630021226,MD-Experiment-0004_Position(102)
29,1740,saved,saved,reconstructed_from_saved_mask,MD-Experiment-0004_Position(102)_t089.png,764495.79008,182270.0,1666.8123922348022,0.9780689751391147,0.8244258796582047,162214.7072,4.712863606981253,493.301700715041,MD-Experiment-0004_Position(102)
30,1800,saved,saved,reconstructed_from_saved_mask,MD-Experiment-0004_Position(102)_t092.png,781505.789952,186325.5,1687.2560427188873,0.9760014038248991,0.8224702067150494,162214.7072,4.817724628312863,498.7594801621264,MD-Experiment-0004_Position(102)
31,1860,saved,saved,reconstructed_from_saved_mask,MD-Experiment-0004_Position(102)_t095.png,798303.9774719999,190330.5,1700.628628373146,0.97673004387653,0.8269881396202049,162214.7072,4.921279896574013,504.091309396601,MD-Experiment-0004_Position(102)
32,1920,saved,saved,reconstructed_from_saved_mask,MD-Experiment-0004_Position(102)_t098.png,813585.9240959999,193974.0,1712.2438524961472,0.9774304243322096,0.8314232296820072,162214.7072,5.015488041370394,508.89335120409254,MD-Experiment-0004_Position(102)
33,1980,saved,saved,reconstructed_from_saved_mask,MD-Experiment-0004_Position(102)_t101.png,831696.928768,198292.0,1733.3565481901169,0.9759689331092238,0.8293526682571494,162214.7072,5.127136393018746,514.5263401766234,MD-Experiment-0004_Position(102)
34,2040,saved,saved,reconstructed_from_saved_mask,MD-Experiment-0004_Position(102)_t104.png,845934.493696,201686.5,1761.1139087677002,0.9751058208092904,0.817168842832992,162214.7072,5.214906270200387,518.9116614678421,MD-Experiment-0004_Position(102)
35,2100,saved,saved,reconstructed_from_saved_mask,MD-Experiment-0004_Position(102)_t107.png,863640.7480319999,205908.0,1772.4692469835281,0.9766425954252783,0.8236176915458782,162214.7072,5.324059469941822,524.3142075223117,MD-Experiment-0004_Position(102)
36,2160,saved,saved,reconstructed_from_saved_mask,MD-Experiment-0004_Position(102)_t110.png,874887.7742079999,208589.5,1789.741325378418,0.9756998285656818,0.8183173794600261,162214.7072,5.393393665158371,527.7171854618139,MD-Experiment-0004_Position(102)
37,2220,saved,saved,reconstructed_from_saved_mask,MD-Experiment-0004_Position(102)_t113.png,890943.5699199999,212417.5,1795.6824486255646,0.9792412427594441,0.8278298489631037,162214.7072,5.492372333548803,532.5374600320764,MD-Experiment-0004_Position(102)
38,2280,saved,saved,reconstructed_from_saved_mask,MD-Experiment-0004_Position(102)_t116.png,907364.2700799999,216332.5,1822.2266061306,0.9770894966238342,0.8187039133515451,162214.7072,5.593600517129929,537.4225688751851,MD-Experiment-0004_Position(102)
39,2340,saved,saved,reconstructed_from_saved_mask,MD-Experiment-0004_Position(102)_t119.png,924183.42912,220342.5,1836.3098670244217,0.9768730132692555,0.8211380954157225,162214.7072,5.697285067873303,542.3806063422,MD-Experiment-0004_Position(102)
40,2400,saved,saved,reconstructed_from_saved_mask,MD-Experiment-0004_Position(102)_t122.png,941608.665088,224497.0,1846.4692451953888,0.9802698943957942,0.8274394994646201,162214.7072,5.804705882352941,547.4699507861891,MD-Experiment-0004_Position(102)
41,2460,saved,saved,reconstructed_from_saved_mask,MD-Experiment-0004_Position(102)_t125.png,953807.7982719999,227405.5,1865.7413246631622,0.9778946961031366,0.8209334775001474,162214.7072,5.879909502262443,551.0049470823037,MD-Experiment-0004_Position(102)
42,2520,saved,saved,reconstructed_from_saved_mask,MD-Experiment-0004_Position(102)_t128.png,969884.5655039999,231238.5,1866.8540247678757,0.9812669475881911,0.8337758018522895,162214.7072,5.9790174531351,555.6292339834123,MD-Experiment-0004_Position(102)
43,2580,saved,saved,reconstructed_from_saved_mask,MD-Experiment-0004_Position(102)_t131.png,986282.196992,235148.0,1879.380936741829,0.9815439778435903,0.8366070473909539,162214.7072,6.0801034259857785,560.3064999351895,MD-Experiment-0004_Position(102)
44,2640,saved,saved,reconstructed_from_saved_mask,MD-Experiment-0004_Position(102)_t134.png,1000853.209088,238622.0,1907.1799238920212,0.9785706230328381,0.824398157625711,162214.7072,6.169928894634777,564.4302180708285,MD-Experiment-0004_Position(102)
45,2700,saved,saved,reconstructed_from_saved_mask,MD-Experiment-0004_Position(102)_t137.png,1015757.668352,242175.5,1926.4520009756088,0.976445210519419,0.8200185628650513,162214.7072,6.261809954751131,568.6173650210111,MD-Experiment-0004_Position(102)
46,2760,saved,saved,reconstructed_from_saved_mask,MD-Experiment-0004_Position(102)_t140.png,1030815.219712,245765.5,1937.3393045663834,0.9771016797535036,0.8228475921304698,162214.7072,6.354634776987718,572.8164411598588,MD-Experiment-0004_Position(102)
47,2820,saved,saved,reconstructed_from_saved_mask,MD-Experiment-0004_Position(102)_t143.png,1049492.455424,250218.5,1952.3098657131195,0.9770992217367026,0.8249578935977835,162214.7072,6.469773755656108,577.9825464810858,MD-Experiment-0004_Position(102)
48,2880,saved,saved,reconstructed_from_saved_mask,MD-Experiment-0004_Position(102)_t146.png,1063860.043776,253644.0,1965.0377875566483,0.9771887581145378,0.8254535601702343,162214.7072,6.558345184227536,581.9253985261522,MD-Experiment-0004_Position(102)
49,2940,saved,saved,reconstructed_from_saved_mask,MD-Experiment-0004_Position(102)_t149.png,1080731.6316159999,257666.5,1972.594137787819,0.9789351508865511,0.832132235117316,162214.7072,6.6623529411764695,586.5215790189746,MD-Experiment-0004_Position(102)
50,3000,saved,saved,reconstructed_from_saved_mask,MD-Experiment-0004_Position(102)_t152.png,1097724.854272,261718.0,1993.179921746254,0.9796741880904967,0.8278477057306651,162214.7072,6.767110536522301,591.1147717866967,MD-Experiment-0004_Position(102)
51,3060,saved,saved,reconstructed_from_saved_mask,MD-Experiment-0004_Position(102)_t155.png,1116139.9459839999,266108.5,1997.9078459739685,0.9812604055083051,0.8377563071510822,162214.7072,6.880633484162895,596.0523292223169,MD-Experiment-0004_Position(102)
52,3120,saved,saved,reconstructed_from_saved_mask,MD-Experiment-0004_Position(102)_t158.png,1134360.00256,270452.5,2019.2215554714203,0.9799571714302279,0.8335524202831974,162214.7072,6.99295410471881,600.8976645871725,MD-Experiment-0004_Position(102)
53,3180,saved,saved,reconstructed_from_saved_mask,MD-Experiment-0004_Position(102)_t161.png,1152877.85472,274867.5,2039.7657101154327,0.9786097399025547,0.8301807961747761,162214.7072,7.107110536522301,605.7824846590861,MD-Experiment-0004_Position(102)
54,3240,saved,saved,reconstructed_from_saved_mask,MD-Experiment-0004_Position(102)_t164.png,1169130.78272,278742.5,2044.8784083127975,0.9804795773359785,0.837679864458545,162214.7072,7.207304460245637,610.0376106286967,MD-Experiment-0004_Position(102)
55,3300,saved,saved,reconstructed_from_saved_mask,MD-Experiment-0004_Position(102)_t167.png,1181900.341248,281787.0,2084.1504839658737,0.978690446213825,0.815215954020416,162214.7072,7.2860245636716225,613.3600599185069,MD-Experiment-0004_Position(102)
56,3360,saved,saved,reconstructed_from_saved_mask,MD-Experiment-0004_Position(102)_t170.png,1201370.300416,286429.0,2098.6357666254044,0.9761408172306854,0.8172458246303936,162214.7072,7.406050420168067,618.3914970227222,MD-Experiment-0004_Position(102)
57,3420,saved,saved,reconstructed_from_saved_mask,MD-Experiment-0004_Position(102)_t173.png,1218803.924992,290585.5,2104.8784078359604,0.9765396978490523,0.8241946239713771,162214.7072,7.5135229476405945,622.8622148152518,MD-Experiment-0004_Position(102)
58,3480,saved,saved,reconstructed_from_saved_mask,MD-Experiment-0004_Position(102)_t176.png,1237606.989824,295068.5,2123.647962331772,0.9754282210170858,0.8221814279925413,162214.7072,7.629437621202327,627.6484207509338,MD-Experiment-0004_Position(102)
59,3540,saved,saved,reconstructed_from_saved_mask,MD-Experiment-0004_Position(102)_t179.png,1256999.354368,299692.0,2141.4053194522858,0.9757631798291311,0.8212724599329138,162214.7072,7.7489851325145445,632.5466950526076,MD-Experiment-0004_Position(102)
60,3600,saved,saved,reconstructed_from_saved_mask,MD-Experiment-0004_Position(102)_t182.png,1273705.2672,303675.0,2157.7484629154205,0.9763778768061423,0.8196289173641212,162214.7072,7.8519715578539095,636.7361923388105,MD-Experiment-0004_Position(102)
61,3660,saved,saved,reconstructed_from_saved_mask,MD-Experiment-0004_Position(102)_t185.png,1286565.003264,306741.0,2188.032740831375,0.971855752414265,0.8051449261887295,162214.7072,7.931247575953457,639.9424659741,MD-Experiment-0004_Position(102)
62,3720,saved,saved,reconstructed_from_saved_mask,MD-Experiment-0004_Position(102)_t188.png,1308541.059072,311980.5,2200.393126964569,0.9723941247516266,0.809723519845762,162214.7072,8.06672268907563,645.3848120153009,MD-Experiment-0004_Position(102)
63,3780,saved,saved,reconstructed_from_saved_mask,MD-Experiment-0004_Position(102)_t191.png,1325035.159552,315913.0,2221.1210501194,0.9707496496964035,0.8046979698470443,162214.7072,8.168403361344538,649.4395975196754,MD-Experiment-0004_Position(102)
64,3840,saved,saved,reconstructed_from_saved_mask,MD-Experiment-0004_Position(102)_t194.png,1342756.093952,320138.0,2247.062173485756,0.9699270444519851,0.7967405360661933,162214.7072,8.27764705882353,653.7679553468895,MD-Experiment-0004_Position(102)
65,3900,saved,saved,reconstructed_from_saved_mask,MD-Experiment-0004_Position(102)_t197.png,1356465.176576,323406.5,2261.647962331772,0.9676035837114362,0.7945268847649714,162214.7072,8.362159017453134,657.0968543283266,MD-Experiment-0004_Position(102)
66,3960,saved,saved,reconstructed_from_saved_mask,MD-Experiment-0004_Position(102)_t200.png,1372613.246976,327256.5,2281.731221795082,0.967262973554122,0.7898946552358453,162214.7072,8.461706528765353,660.9964950128661,MD-Experiment-0004_Position(102)
67,4020,saved,saved,reconstructed_from_saved_mask,MD-Experiment-0004_Position(102)_t203.png,1390178.992128,331444.5,2301.44695019722,0.970567694157024,0.7863551647688743,162214.7072,8.569993535875888,665.2125350287384,MD-Experiment-0004_Position(102)
68,4080,saved,saved,reconstructed_from_saved_mask,MD-Experiment-0004_Position(102)_t206.png,1409070.137344,335948.5,2313.2459394931793,0.9695693268974076,0.7889308762840384,162214.7072,8.68645119586296,669.7170708910942,MD-Experiment-0004_Position(102)
69,4140,saved,saved,reconstructed_from_saved_mask,MD-Experiment-0004_Position(102)_t209.png,1423506.931712,339390.5,2333.329198718071,0.9719295231140417,0.7833530058382002,162214.7072,8.775449256625727,673.1391605122108,MD-Experiment-0004_Position(102)
70,4200,saved,saved,reconstructed_from_saved_mask,MD-Experiment-0004_Position(102)_t212.png,1439480.938496,343199.0,2344.45913875103,0.9717341200853951,0.7846401767625141,162214.7072,8.873923723335487,676.9054688037303,MD-Experiment-0004_Position(102)
71,4260,saved,saved,reconstructed_from_saved_mask,MD-Experiment-0004_Position(102)_t215.png,1454945.3373439999,346886.0,2373.914986014366,0.9708481900465152,0.7735106762719606,162214.7072,8.969256625727214,680.5317661458615,MD-Experiment-0004_Position(102)
72,4320,saved,saved,reconstructed_from_saved_mask,MD-Experiment-0004_Position(102)_t218.png,1467666.661376,349919.0,2374.885550379753,0.9711946377646251,0.7796362401123755,162214.7072,9.047679379444084,683.5004081478946,MD-Experiment-0004_Position(102)
73,4380,saved,saved,reconstructed_from_saved_mask,MD-Experiment-0004_Position(102)_t221.png,1495781.081088,356622.0,2371.998242378235,0.970571665736797,0.7965063996036297,162214.7072,9.220995475113122,690.0158734963918,MD-Experiment-0004_Position(102)
74,4440,saved,saved,reconstructed_from_saved_mask,MD-Experiment-0004_Position(102)_t224.png,1517532.7416319998,361808.0,2393.4540860652924,0.9706920790272904,0.793666095002404,162214.7072,9.3550872656755,695.0148734157117,MD-Experiment-0004_Position(102)
75,4500,saved,saved,reconstructed_from_saved_mask,MD-Experiment-0004_Position(102)_t227.png,1536530.8416,366337.5,2408.72616815567,0.9694815273526972,0.793444181604987,162214.7072,9.472204266321913,699.3518122573074,MD-Experiment-0004_Position(102)
76,4560,saved,saved,reconstructed_from_saved_mask,MD-Experiment-0004_Position(102)_t230.png,1553228.365824,370318.5,2408.0398774147034,0.9725606112932729,0.8025238046969442,162214.7072,9.57513897866839,703.1414824506321,MD-Experiment-0004_Position(102)
77,4620,saved,saved,reconstructed_from_saved_mask,MD-Experiment-0004_Position(102)_t233.png,1569699.397632,374245.5,2421.5545955896378,0.9710119921747298,0.8020065609449968,162214.7072,9.676677440206852,706.8598422622456,MD-Experiment-0004_Position(102)
78,4680,saved,saved,reconstructed_from_saved_mask,MD-Experiment-0004_Position(102)_t236.png,1583968.4198399999,377647.5,2447.554595351219,0.9698201975092418,0.7921942796459521,162214.7072,9.764641241111828,710.0653543428162,MD-Experiment-0004_Position(102)
79,4740,saved,saved,reconstructed_from_saved_mask,MD-Experiment-0004_Position(102)_t239.png,1598199.693312,381040.5,2456.0987508296967,0.9684019381228978,0.7937602636619081,162214.7072,9.852372333548804,713.2480371351272,MD-Experiment-0004_Position(102)
80,4800,saved,saved,reconstructed_from_saved_mask,MD-Experiment-0004_Position(102)_t242.png,1616904.192,385500.0,2472.9688082933426,0.9697308148002808,0.7921309260784356,162214.7072,9.967679379444085,717.4096384393048,MD-Experiment-0004_Position(102)
81,4860,saved,saved,reconstructed_from_saved_mask,MD-Experiment-0004_Position(102)_t245.png,1633809.334272,389530.5,2481.3535865545273,0.9687295218034118,0.7950126210880768,162214.7072,10.071893988364577,721.1502362463283,MD-Experiment-0004_Position(102)
82,4920,saved,saved,reconstructed_from_saved_mask,MD-Experiment-0004_Position(102)_t248.png,1648887.8571519998,393125.5,2518.2652716636658,0.9679103503800236,0.7790011996431967,162214.7072,10.164848093083386,724.4703624993141,MD-Experiment-0004_Position(102)
0,0,saved,saved,reconstructed_from_saved_mask,MD-Experiment-0004_Position(104)_t002.png,83550.53568,19920.0,555.5289996862411,0.969626168224299,0.811121154792492,83550.53568,1.0,163.07961706754017,MD-Experiment-0004_Position(104)
1,60,saved,saved,reconstructed_from_saved_mask,MD-Experiment-0004_Position(104)_t005.png,111639.789568,26617.0,625.126979470253,0.9816156810680238,0.8559186373703886,83550.53568,1.3361947791164657,188.51007588713242,MD-Experiment-0004_Position(104)
2,120,saved,saved,reconstructed_from_saved_mask,MD-Experiment-0004_Position(104)_t008.png,134012.207104,31951.0,692.440686583519,0.979190928593319,0.8373926845777536,83550.53568,1.6039658634538152,206.53670470527226,MD-Experiment-0004_Position(104)
3,180,saved,saved,reconstructed_from_saved_mask,MD-Experiment-0004_Position(104)_t011.png,152234.360832,36295.5,739.3940050601959,0.9790410681772204,0.8342780118278581,83550.53568,1.8220632530120482,220.1311020044556,MD-Experiment-0004_Position(104)
4,240,saved,saved,reconstructed_from_saved_mask,MD-Experiment-0004_Position(104)_t014.png,174424.326144,41586.0,792.0630509853363,0.978229420274514,0.8329856208607985,83550.53568,2.0876506024096386,235.62891885882985,MD-Experiment-0004_Position(104)
5,300,saved,saved,reconstructed_from_saved_mask,MD-Experiment-0004_Position(104)_t017.png,185992.21657599998,44344.0,813.8620404005051,0.9814962372731297,0.8412849966352945,83550.53568,2.2261044176706823,243.3169975348568,MD-Experiment-0004_Position(104)
6,360,saved,saved,reconstructed_from_saved_mask,MD-Experiment-0004_Position(104)_t020.png,201534.21004799998,48049.5,860.4478265047073,0.9781765621978156,0.8155482366112901,83550.53568,2.4121234939759035,253.27915718139747,MD-Experiment-0004_Position(104)
7,420,saved,saved,reconstructed_from_saved_mask,MD-Experiment-0004_Position(104)_t023.png,214414.917632,51120.5,883.4183889627457,0.9760011455300462,0.8231369298249905,83550.53568,2.5662901606425703,261.24775219616487,MD-Experiment-0004_Position(104)
8,480,saved,saved,reconstructed_from_saved_mask,MD-Experiment-0004_Position(104)_t026.png,225387.216896,53736.5,909.0752427577972,0.9751744412888239,0.8171082193217535,83550.53568,2.6976154618473895,267.8487994325289,MD-Experiment-0004_Position(104)
9,540,saved,saved,reconstructed_from_saved_mask,MD-Experiment-0004_Position(104)_t029.png,236237.881344,56323.5,924.7320972681046,0.9771175781758251,0.82768985897515,83550.53568,2.827484939759036,274.22044621601157,MD-Experiment-0004_Position(104)
10,600,saved,saved,reconstructed_from_saved_mask,MD-Experiment-0004_Position(104)_t032.png,248730.615808,59302.0,946.4894561767578,0.9767434199690351,0.8318550239784749,83550.53568,2.977008032128514,281.3777070207742,MD-Experiment-0004_Position(104)
11,660,saved,saved,reconstructed_from_saved_mask,MD-Experiment-0004_Position(104)_t035.png,265751.10144,63360.0,971.8031650781631,0.981336637497096,0.8430792766301544,83550.53568,3.180722891566265,290.8456684439076,MD-Experiment-0004_Position(104)
12,720,saved,saved,reconstructed_from_saved_mask,MD-Experiment-0004_Position(104)_t038.png,279095.279616,66541.5,995.7026590108871,0.984975538993287,0.8434184883907082,83550.53568,3.340436746987952,298.0583612130386,MD-Experiment-0004_Position(104)
13,780,saved,saved,reconstructed_from_saved_mask,MD-Experiment-0004_Position(104)_t041.png,287838.30630399997,68626.0,1014.0874357223511,0.980952993560468,0.8385862671619819,83550.53568,3.44508032128514,302.69089599616524,MD-Experiment-0004_Position(104)
14,840,saved,saved,reconstructed_from_saved_mask,MD-Experiment-0004_Position(104)_t044.png,299202.772992,71335.5,1036.8153561353683,0.9791367844569044,0.8338976153942317,83550.53568,3.581099397590361,308.6084908374332,MD-Experiment-0004_Position(104)
15,900,saved,saved,reconstructed_from_saved_mask,MD-Experiment-0004_Position(104)_t047.png,311949.262848,74374.5,1061.785920739174,0.9752881627086639,0.8290104375395057,83550.53568,3.7336596385542165,315.11352613346236,MD-Experiment-0004_Position(104)
16,960,saved,saved,reconstructed_from_saved_mask,MD-Experiment-0004_Position(104)_t050.png,323164.83174399997,77048.5,1091.5849075317383,0.9720184441094283,0.8125666756433053,83550.53568,3.867896586345381,320.72817277413674,MD-Experiment-0004_Position(104)
17,1020,saved,saved,reconstructed_from_saved_mask,MD-Experiment-0004_Position(104)_t053.png,336565.633024,80243.5,1108.5554716587067,0.9734862730349756,0.8205496552548397,83550.53568,4.0282881526104415,327.31050753259495,MD-Experiment-0004_Position(104)
18,1080,saved,saved,reconstructed_from_saved_mask,MD-Experiment-0004_Position(104)_t056.png,348265.644032,83033.0,1129.8275490999222,0.9743027117092804,0.8174030862263586,83550.53568,4.168323293172691,332.9510437189685,MD-Experiment-0004_Position(104)
19,1140,saved,saved,reconstructed_from_saved_mask,MD-Experiment-0004_Position(104)_t059.png,358906.59328,85570.0,1155.1412584781647,0.9704234616344213,0.8058629775242648,83550.53568,4.295682730923694,337.999285291506,MD-Experiment-0004_Position(104)
20,1200,saved,saved,reconstructed_from_saved_mask,MD-Experiment-0004_Position(104)_t062.png,368555.58963199996,87870.5,1175.584909439087,0.973278468814727,0.7989966465319963,83550.53568,4.411169678714859,342.5126096776026,MD-Experiment-0004_Position(104)
21,1260,saved,saved,reconstructed_from_saved_mask,MD-Experiment-0004_Position(104)_t065.png,372890.402816,88904.0,1181.2833938598633,0.9733357419298332,0.8006136083727219,83550.53568,4.463052208835341,344.52097422274426,MD-Experiment-0004_Position(104)
22,1320,saved,saved,reconstructed_from_saved_mask,MD-Experiment-0004_Position(104)_t068.png,384066.125824,91568.5,1198.5554703474045,0.97209571430088,0.8010132262582169,83550.53568,4.596812248995984,349.64559885416384,MD-Experiment-0004_Position(104)
23,1380,saved,saved,reconstructed_from_saved_mask,MD-Experiment-0004_Position(104)_t071.png,396305.104896,94486.5,1217.182888507843,0.9692563356875779,0.8014343440842953,83550.53568,4.743298192771085,355.1729618559118,MD-Experiment-0004_Position(104)
24,1440,saved,saved,reconstructed_from_saved_mask,MD-Experiment-0004_Position(104)_t074.png,407199.80953599996,97084.0,1225.0823817253113,0.974846619606583,0.8128809337441605,83550.53568,4.873694779116465,360.0218396534652,MD-Experiment-0004_Position(104)
25,1500,saved,saved,reconstructed_from_saved_mask,MD-Experiment-0004_Position(104)_t077.png,416041.402368,99192.0,1254.9402476549149,0.968671875,0.7914808566055842,83550.53568,4.9795180722891565,363.9094549960234,MD-Experiment-0004_Position(104)
26,1560,saved,saved,reconstructed_from_saved_mask,MD-Experiment-0004_Position(104)_t080.png,427156.307968,101842.0,1261.8275516033173,0.9717238122045122,0.8037792155355639,83550.53568,5.112550200803213,368.73849239262006,MD-Experiment-0004_Position(104)
27,1620,saved,saved,reconstructed_from_saved_mask,MD-Experiment-0004_Position(104)_t083.png,432483.074048,103112.0,1259.9696850776672,0.9747133390681275,0.8162043076509227,83550.53568,5.176305220883534,371.03050828285643,MD-Experiment-0004_Position(104)
28,1680,saved,saved,reconstructed_from_saved_mask,MD-Experiment-0004_Position(104)_t086.png,439657.43104,104822.5,1279.8691796064377,0.9712216884326197,0.8041428696139478,83550.53568,5.262173694779117,374.09531784586693,MD-Experiment-0004_Position(104)
29,1740,saved,saved,reconstructed_from_saved_mask,MD-Experiment-0004_Position(104)_t089.png,451609.10028799996,107672.0,1275.4255299568176,0.9774057969698895,0.8317684294332045,83550.53568,5.4052208835341355,379.14593669487925,MD-Experiment-0004_Position(104)
30,1800,saved,saved,reconstructed_from_saved_mask,MD-Experiment-0004_Position(104)_t092.png,461566.37798399996,110046.0,1297.0823845863342,0.9784127887333962,0.8219568188375469,83550.53568,5.5243975903614455,383.30293664717925,MD-Experiment-0004_Position(104)
31,1860,saved,saved,reconstructed_from_saved_mask,MD-Experiment-0004_Position(104)_t095.png,474566.623232,113145.5,1322.9230024814606,0.9783737510430492,0.8124151512566786,83550.53568,5.6799949799196785,388.663412000157,MD-Experiment-0004_Position(104)
32,1920,saved,saved,reconstructed_from_saved_mask,MD-Experiment-0004_Position(104)_t098.png,486180.65100799996,115914.5,1332.721993803978,0.9804152922270152,0.8201031885387255,83550.53568,5.819001004016064,393.39052821225596,MD-Experiment-0004_Position(104)
33,1980,saved,saved,reconstructed_from_saved_mask,MD-Experiment-0004_Position(104)_t101.png,494846.08307199995,117980.5,1344.5798567533493,0.9780401974641361,0.8200623905120205,83550.53568,5.922715863453814,396.880839019904,MD-Experiment-0004_Position(104)
34,2040,saved,saved,reconstructed_from_saved_mask,MD-Experiment-0004_Position(104)_t104.png,506401.390592,120735.5,1358.7808681726456,0.9781658504178464,0.8217619010051487,83550.53568,6.061019076305221,401.4879437824414,MD-Experiment-0004_Position(104)
35,2100,saved,saved,reconstructed_from_saved_mask,MD-Experiment-0004_Position(104)_t107.png,517312.87244799995,123337.0,1390.1362048387527,0.9764278843679862,0.802026163664963,83550.53568,6.191616465863453,405.79034186428424,MD-Experiment-0004_Position(104)
36,2160,saved,saved,reconstructed_from_saved_mask,MD-Experiment-0004_Position(104)_t110.png,524787.122176,125119.0,1396.4793527126312,0.9763099371854395,0.8062395355551385,83550.53568,6.281074297188756,408.71130291510366,MD-Experiment-0004_Position(104)
37,2220,saved,saved,reconstructed_from_saved_mask,MD-Experiment-0004_Position(104)_t113.png,537506.349056,128151.5,1405.3494094610214,0.975767889503099,0.8153891475941784,83550.53568,6.433308232931727,413.6346029904658,MD-Experiment-0004_Position(104)
38,2280,saved,saved,reconstructed_from_saved_mask,MD-Experiment-0004_Position(104)_t116.png,545045.6104959999,129949.0,1425.6509256362915,0.9756260534327361,0.803445467417006,83550.53568,6.523544176706826,416.52539687509625,MD-Experiment-0004_Position(104)
39,2340,saved,saved,reconstructed_from_saved_mask,MD-Experiment-0004_Position(104)_t119.png,554545.709056,132214.0,1451.650925040245,0.9723154763436866,0.7884295956386728,83550.53568,6.637248995983936,420.1397166816354,MD-Experiment-0004_Position(104)
40,2400,saved,saved,reconstructed_from_saved_mask,MD-Experiment-0004_Position(104)_t122.png,563169.19808,134270.0,1445.248903632164,0.9775613023472538,0.80779945486921,83550.53568,6.740461847389558,423.39381590082473,MD-Experiment-0004_Position(104)
41,2460,saved,saved,reconstructed_from_saved_mask,MD-Experiment-0004_Position(104)_t125.png,571564.097536,136271.5,1439.491542339325,0.9799756932458865,0.8264120962284217,83550.53568,6.84093875502008,426.53780938320716,MD-Experiment-0004_Position(104)
42,2520,saved,saved,reconstructed_from_saved_mask,MD-Experiment-0004_Position(104)_t128.png,581571.70688,138657.5,1459.3494083881378,0.979026040048578,0.8181532442221479,83550.53568,6.960717871485943,430.25576559145105,MD-Experiment-0004_Position(104)
43,2580,saved,saved,reconstructed_from_saved_mask,MD-Experiment-0004_Position(104)_t131.png,591516.401664,141028.5,1473.4326683282852,0.9757799472770171,0.8163119637336548,83550.53568,7.0797439759036145,433.9187925055946,MD-Experiment-0004_Position(104)
44,2640,saved,saved,reconstructed_from_saved_mask,MD-Experiment-0004_Position(104)_t134.png,599261.184,142875.0,1480.018455028534,0.976832907731594,0.8196564216447951,83550.53568,7.172439759036145,436.750225270009,MD-Experiment-0004_Position(104)
45,2700,saved,saved,reconstructed_from_saved_mask,MD-Experiment-0004_Position(104)_t137.png,612129.308672,145943.0,1497.5331740379333,0.9760245572735541,0.817787051171855,83550.53568,7.3264558232931725,441.4145563675339,MD-Experiment-0004_Position(104)
46,2760,saved,saved,reconstructed_from_saved_mask,MD-Experiment-0004_Position(104)_t140.png,619553.2267519999,147713.0,1520.0773305892944,0.9714509319057704,0.8033359788448533,83550.53568,7.415311244979919,444.0832321673825,MD-Experiment-0004_Position(104)
47,2820,saved,saved,reconstructed_from_saved_mask,MD-Experiment-0004_Position(104)_t143.png,629244.166144,150023.5,1549.1483968496323,0.9696044310444558,0.7855667865615601,83550.53568,7.531300200803213,447.5428905782226,MD-Experiment-0004_Position(104)
48,2880,saved,saved,reconstructed_from_saved_mask,MD-Experiment-0004_Position(104)_t146.png,640417.792,152687.5,1542.6042430400848,0.9730307578089402,0.8063141943223069,83550.53568,7.665035140562249,451.49896398728816,MD-Experiment-0004_Position(104)
49,2940,saved,saved,reconstructed_from_saved_mask,MD-Experiment-0004_Position(104)_t149.png,654024.114176,155931.5,1569.9179496765137,0.9742917661172413,0.7950415217739587,83550.53568,7.827886546184739,456.2700311710348,MD-Experiment-0004_Position(104)
50,3000,saved,saved,reconstructed_from_saved_mask,MD-Experiment-0004_Position(104)_t152.png,666093.223936,158809.0,1575.959580898285,0.9765349730976172,0.8035165483528908,83550.53568,7.972339357429719,460.46070223077925,MD-Experiment-0004_Position(104)
51,3060,saved,saved,reconstructed_from_saved_mask,MD-Experiment-0004_Position(104)_t155.png,676727.881728,161344.5,1585.2316592931747,0.9768715432190331,0.8068235294987999,83550.53568,8.099623493975903,464.1219398070268,MD-Experiment-0004_Position(104)
52,3120,saved,saved,reconstructed_from_saved_mask,MD-Experiment-0004_Position(104)_t158.png,688555.819008,164164.5,1606.5453654527664,0.9763385927454608,0.7992876912727898,83550.53568,8.241189759036144,468.16036182020287,MD-Experiment-0004_Position(104)
53,3180,saved,saved,reconstructed_from_saved_mask,MD-Experiment-0004_Position(104)_t161.png,699026.898944,166661.0,1618.101714015007,0.9740191050602987,0.7998935807417267,83550.53568,8.366516064257029,471.7066595271608,MD-Experiment-0004_Position(104)
54,3240,saved,saved,reconstructed_from_saved_mask,MD-Experiment-0004_Position(104)_t164.png,714118.004736,170259.0,1621.2732886075974,0.9771774408774331,0.813968291853829,83550.53568,8.547138554216867,476.77124578702507,MD-Experiment-0004_Position(104)
55,3300,saved,saved,reconstructed_from_saved_mask,MD-Experiment-0004_Position(104)_t167.png,727063.7240319999,173345.5,1640.0012112855911,0.9756654227805639,0.8099050340437063,83550.53568,8.702083333333333,481.0733532892764,MD-Experiment-0004_Position(104)
56,3360,saved,saved,reconstructed_from_saved_mask,MD-Experiment-0004_Position(104)_t170.png,744700.772352,177550.5,1658.143344283104,0.97208846500245,0.8114983098682661,83550.53568,8.913177710843373,486.87330804670955,MD-Experiment-0004_Position(104)
57,3420,saved,saved,reconstructed_from_saved_mask,MD-Experiment-0004_Position(104)_t173.png,752172.924928,179332.0,1675.2144131660461,0.9683362491630488,0.8030209101145908,83550.53568,9.002610441767068,489.309797699127,MD-Experiment-0004_Position(104)
58,3480,saved,saved,reconstructed_from_saved_mask,MD-Experiment-0004_Position(104)_t176.png,763428.339712,182015.5,1692.4276155233383,0.9647345350852551,0.7985424920233267,83550.53568,9.137324297188755,492.9571867040859,MD-Experiment-0004_Position(104)
59,3540,saved,saved,reconstructed_from_saved_mask,MD-Experiment-0004_Position(104)_t179.png,774734.086144,184711.0,1701.8418279886246,0.9654103664368705,0.8014274921971494,83550.53568,9.272640562248995,496.59391738441553,MD-Experiment-0004_Position(104)
60,3600,saved,saved,reconstructed_from_saved_mask,MD-Experiment-0004_Position(104)_t182.png,795818.852352,189738.0,1873.3809344768524,0.9370101682527298,0.679378799556301,83550.53568,9.524999999999999,503.306078162265,MD-Experiment-0004_Position(104)
61,3660,saved,saved,reconstructed_from_saved_mask,MD-Experiment-0004_Position(104)_t185.png,809999.7941759999,193119.0,1875.7240805625916,0.9408964677222899,0.6897583396307622,83550.53568,9.69472891566265,507.7705606797783,MD-Experiment-0004_Position(104)
62,3720,saved,saved,reconstructed_from_saved_mask,MD-Experiment-0004_Position(104)_t188.png,821039.2023039999,195751.0,1881.0966622829437,0.9408188326216149,0.6951709696719995,83550.53568,9.826857429718874,511.219028438708,MD-Experiment-0004_Position(104)
63,3780,saved,saved,reconstructed_from_saved_mask,MD-Experiment-0004_Position(104)_t191.png,833143.9636479999,198637.0,1878.9545263051987,0.9476752646054832,0.7070293985196751,83550.53568,9.971736947791163,514.9737471400917,MD-Experiment-0004_Position(104)
64,3840,saved,saved,reconstructed_from_saved_mask,MD-Experiment-0004_Position(104)_t194.png,848321.052672,202255.5,1882.6530129909515,0.9545103813454336,0.7170833472212261,83550.53568,10.153388554216868,519.6431253498288,MD-Experiment-0004_Position(104)
65,3900,saved,saved,reconstructed_from_saved_mask,MD-Experiment-0004_Position(104)_t197.png,859431.763968,204904.5,1895.1971691846848,0.9535963848833394,0.7168900657537958,83550.53568,10.28637048192771,523.0350150529011,MD-Experiment-0004_Position(104)
66,3960,saved,saved,reconstructed_from_saved_mask,MD-Experiment-0004_Position(104)_t200.png,871769.309184,207846.0,1912.6946423053741,0.9560445626075197,0.7139375954907227,83550.53568,10.434036144578313,526.7758437750167,MD-Experiment-0004_Position(104)
67,4020,saved,saved,reconstructed_from_saved_mask,MD-Experiment-0004_Position(104)_t203.png,885398.700032,211095.5,1906.3098672628403,0.9600552123104351,0.7299646814302544,83550.53568,10.597163654618473,530.8777255022687,MD-Experiment-0004_Position(104)
68,4080,saved,saved,reconstructed_from_saved_mask,MD-Experiment-0004_Position(104)_t206.png,898180.841472,214143.0,1934.6946420669556,0.9568455905022766,0.7189337779613559,83550.53568,10.750150602409638,534.6960271232747,MD-Experiment-0004_Position(104)
69,4140,saved,saved,reconstructed_from_saved_mask,MD-Experiment-0004_Position(104)_t209.png,915236.978688,218209.5,1931.6235746145248,0.9582107444911868,0.7349173898666976,83550.53568,10.954292168674698,539.7489958465636,MD-Experiment-0004_Position(104)
70,4200,saved,saved,reconstructed_from_saved_mask,MD-Experiment-0004_Position(104)_t212.png,925945.0368,220762.5,1941.4225645065308,0.9548551038062284,0.7360291617833559,83550.53568,11.082454819277109,542.897282435871,MD-Experiment-0004_Position(104)
71,4260,saved,saved,reconstructed_from_saved_mask,MD-Experiment-0004_Position(104)_t215.png,940969.033728,224344.5,1935.2215527296066,0.9601260798205952,0.7527727797177372,83550.53568,11.262274096385543,547.2839720185775,MD-Experiment-0004_Position(104)
72,4320,saved,saved,reconstructed_from_saved_mask,MD-Experiment-0004_Position(104)_t218.png,954810.236928,227644.5,1939.079419016838,0.9613061241725874,0.7608093343036424,83550.53568,11.427936746987951,551.2944202907099,MD-Experiment-0004_Position(104)
73,4380,saved,saved,reconstructed_from_saved_mask,MD-Experiment-0004_Position(104)_t221.png,964555.7022719999,229968.0,1950.1504846811295,0.9595393570191726,0.7598730146395116,83550.53568,11.54457831325301,554.1007271319237,MD-Experiment-0004_Position(104)
74,4440,saved,saved,reconstructed_from_saved_mask,MD-Experiment-0004_Position(104)_t224.png,975871.9344639999,232666.0,1957.9494769573212,0.9575796487675585,0.7626755526489819,83550.53568,11.680020080321285,557.3416226958036,MD-Experiment-0004_Position(104)
75,4500,saved,saved,reconstructed_from_saved_mask,MD-Experiment-0004_Position(104)_t227.png,988960.2600959999,235786.5,1974.6773978471756,0.955802739881511,0.7598650845761286,83550.53568,11.836671686746987,561.0666875082228,MD-Experiment-0004_Position(104)
76,4560,saved,saved,reconstructed_from_saved_mask,MD-Experiment-0004_Position(104)_t230.png,1000561.70496,238552.5,1990.3931276798248,0.956426997780856,0.7566867151222524,83550.53568,11.975527108433734,564.3480153466273,MD-Experiment-0004_Position(104)
77,4620,saved,saved,reconstructed_from_saved_mask,MD-Experiment-0004_Position(104)_t233.png,1013119.451136,241546.5,2006.3342530727386,0.9556509044295685,0.754056759842301,83550.53568,12.125828313253011,567.8784528239161,MD-Experiment-0004_Position(104)
78,4680,saved,saved,reconstructed_from_saved_mask,MD-Experiment-0004_Position(104)_t236.png,1024116.9162239999,244168.5,2015.3636887073517,0.9567974889642565,0.7554272385884806,83550.53568,12.257454819277108,570.9523089034286,MD-Experiment-0004_Position(104)
79,4740,saved,saved,reconstructed_from_saved_mask,MD-Experiment-0004_Position(104)_t239.png,1034967.580672,246755.5,2012.1921159029007,0.9580728701553849,0.7658396007851445,83550.53568,12.387324297188755,573.9689998663844,MD-Experiment-0004_Position(104)
80,4800,saved,saved,reconstructed_from_saved_mask,MD-Experiment-0004_Position(104)_t242.png,1046103.4577919999,249410.5,2007.7657132148743,0.9601629975534968,0.7774966564814078,83550.53568,12.520607429718874,577.0485877170495,MD-Experiment-0004_Position(104)
81,4860,saved,saved,reconstructed_from_saved_mask,MD-Experiment-0004_Position(104)_t245.png,1055551.1275519999,251663.0,2024.6113823652267,0.9609786086863549,0.7715176843002128,83550.53568,12.633684738955822,579.6484790562716,MD-Experiment-0004_Position(104)
82,4920,saved,saved,reconstructed_from_saved_mask,MD-Experiment-0004_Position(104)_t248.png,1066758.30784,254335.0,2040.4692476987839,0.9609749738819293,0.7676369753669112,83550.53568,12.767821285140561,582.717526383207,MD-Experiment-0004_Position(104)
0,0,saved,saved,reconstructed_from_saved_mask,MD-Experiment-0004_Position(107)_t002.png,179457.490944,42786.0,806.2640624046326,0.9729840360212854,0.8270979530208588,179457.490944,1.0,239.00437970299473,MD-Experiment-0004_Position(107)
1,60,saved,saved,reconstructed_from_saved_mask,MD-Experiment-0004_Position(107)_t005.png,241512.218624,57581.0,935.3767598867416,0.9741164927001742,0.8270198170864476,179457.490944,1.345790679194129,277.26472336415287,MD-Experiment-0004_Position(107)
2,120,saved,saved,reconstructed_from_saved_mask,MD-Experiment-0004_Position(107)_t008.png,277180.57983999996,66085.0,997.1168738603592,0.9756187579812952,0.8352579671950805,179457.490944,1.5445472818211563,297.0342048000996,MD-Experiment-0004_Position(107)
3,180,saved,saved,reconstructed_from_saved_mask,MD-Experiment-0004_Position(107)_t011.png,304022.028288,72484.5,1039.016367673874,0.9791034897307227,0.8437430982426667,179457.490944,1.6941172346094517,311.0839391895995,MD-Experiment-0004_Position(107)
4,240,saved,saved,reconstructed_from_saved_mask,MD-Experiment-0004_Position(107)_t014.png,329229.795328,78494.5,1085.4427738189697,0.9789480248183831,0.8372115824099182,179457.490944,1.834583742345627,323.72379998876875,MD-Experiment-0004_Position(107)
5,300,saved,saved,reconstructed_from_saved_mask,MD-Experiment-0004_Position(107)_t017.png,348347.43296,83052.5,1128.4133367538452,0.9734292863882231,0.8196456776322395,179457.490944,1.9411139157668398,332.990137598568,MD-Experiment-0004_Position(107)
6,360,saved,saved,reconstructed_from_saved_mask,MD-Experiment-0004_Position(107)_t020.png,371116.21222399996,88481.0,1155.6854157447815,0.9758036945133719,0.832493058477495,179457.490944,2.06798952928528,343.7003917280004,MD-Experiment-0004_Position(107)
7,420,saved,saved,reconstructed_from_saved_mask,MD-Experiment-0004_Position(107)_t023.png,389382.406144,92836.0,1180.7981123924255,0.9776841661839819,0.8367100460748184,179457.490944,2.169775160099098,352.0571961793527,MD-Experiment-0004_Position(107)
8,480,saved,saved,reconstructed_from_saved_mask,MD-Experiment-0004_Position(107)_t026.png,412021.161984,98233.5,1220.3544609546661,0.9766848779808806,0.8288911370027707,179457.490944,2.2959262375543403,362.1469441765873,MD-Experiment-0004_Position(107)
9,540,saved,saved,reconstructed_from_saved_mask,MD-Experiment-0004_Position(107)_t029.png,430956.34739199997,102748.0,1246.3960890769958,0.9771657362409533,0.8311340709518432,179457.490944,2.401439723273968,370.3750341053372,MD-Experiment-0004_Position(107)
10,600,saved,saved,reconstructed_from_saved_mask,MD-Experiment-0004_Position(107)_t032.png,450543.747072,107418.0,1269.5676637887955,0.9810176580986607,0.8374814985454297,179457.490944,2.510587575375123,378.6984669249493,MD-Experiment-0004_Position(107)
11,660,saved,saved,reconstructed_from_saved_mask,MD-Experiment-0004_Position(107)_t035.png,468757.512192,111760.5,1277.8103022575378,0.9870089153636576,0.8601326422088699,179457.490944,2.612081054550554,386.2772972278236,MD-Experiment-0004_Position(107)
12,720,saved,saved,reconstructed_from_saved_mask,MD-Experiment-0004_Position(107)_t038.png,482974.10559999995,115150.0,1299.023508310318,0.986004135822819,0.8575111687300978,179457.490944,2.691300892815407,392.0911024025591,MD-Experiment-0004_Position(107)
13,780,saved,saved,reconstructed_from_saved_mask,MD-Experiment-0004_Position(107)_t041.png,499824.72192,119167.5,1327.6092944145203,0.9838065203213103,0.8496246892437512,179457.490944,2.7851984293927923,398.8723484351855,MD-Experiment-0004_Position(107)
14,840,saved,saved,reconstructed_from_saved_mask,MD-Experiment-0004_Position(107)_t044.png,512801.898496,122261.5,1342.9230027198792,0.983726787036143,0.8519171439679238,179457.490944,2.857511802926191,404.01721986209145,MD-Experiment-0004_Position(107)
15,900,saved,saved,reconstructed_from_saved_mask,MD-Experiment-0004_Position(107)_t047.png,527081.406464,125666.0,1365.8519352674484,0.9834905752667765,0.8464872301532148,179457.490944,2.9370822231571077,409.60373838766185,MD-Experiment-0004_Position(107)
16,960,saved,saved,reconstructed_from_saved_mask,MD-Experiment-0004_Position(107)_t050.png,541031.661568,128992.0,1386.7636209726334,0.9828223990734991,0.842883902986957,179457.490944,3.014817931098958,414.98882709723307,MD-Experiment-0004_Position(107)
17,1020,saved,saved,reconstructed_from_saved_mask,MD-Experiment-0004_Position(107)_t053.png,556047.269888,132572.0,1405.9351972341537,0.9825206309915104,0.8428126882593437,179457.490944,3.098490160332819,420.70814490672365,MD-Experiment-0004_Position(107)
18,1080,saved,saved,reconstructed_from_saved_mask,MD-Experiment-0004_Position(107)_t056.png,569223.675904,135713.5,1430.8052530288696,0.98058887283237,0.8330515237043241,179457.490944,3.171913710092086,425.66362716365745,MD-Experiment-0004_Position(107)
19,1140,saved,saved,reconstructed_from_saved_mask,MD-Experiment-0004_Position(107)_t059.png,579239.673856,138101.5,1434.3199706077576,0.9811724919450237,0.8435603709560638,179457.490944,3.227726359089422,429.3922619915727,MD-Experiment-0004_Position(107)
20,1200,saved,saved,reconstructed_from_saved_mask,MD-Experiment-0004_Position(107)_t062.png,591151.497216,140941.5,1445.834690451622,0.9841871150650112,0.8472497938306078,179457.490944,3.294103211330809,433.78493034705855,MD-Experiment-0004_Position(107)
21,1260,saved,saved,reconstructed_from_saved_mask,MD-Experiment-0004_Position(107)_t065.png,604734.75072,144180.0,1453.5920470952988,0.9852465849841806,0.8574914705691619,179457.490944,3.369793857803955,438.7402986654705,MD-Experiment-0004_Position(107)
22,1320,saved,saved,reconstructed_from_saved_mask,MD-Experiment-0004_Position(107)_t068.png,618173.300736,147384.0,1481.3910431861877,0.9816666833181804,0.8439578831507459,179457.490944,3.4446781657551533,443.5884049421652,MD-Experiment-0004_Position(107)
23,1380,saved,saved,reconstructed_from_saved_mask,MD-Experiment-0004_Position(107)_t071.png,629900.5747199999,150180.0,1491.5331757068634,0.983754749115682,0.8483130121832846,179457.490944,3.510026644229421,447.7762613697018,MD-Experiment-0004_Position(107)
24,1440,saved,saved,reconstructed_from_saved_mask,MD-Experiment-0004_Position(107)_t074.png,639448.907776,152456.5,1514.746378660202,0.9824810697599484,0.8349797893445782,179457.490944,3.56323330061235,451.1572996799762,MD-Experiment-0004_Position(107)
25,1500,saved,saved,reconstructed_from_saved_mask,MD-Experiment-0004_Position(107)_t077.png,648447.787008,154602.0,1528.5037379264832,0.9821082020219987,0.8315568809952784,179457.490944,3.6133782078249896,454.32074713647785,MD-Experiment-0004_Position(107)
26,1560,saved,saved,reconstructed_from_saved_mask,MD-Experiment-0004_Position(107)_t080.png,661278.162944,157661.0,1528.5037363767624,0.9849164925300874,0.8480103082783177,179457.490944,3.6848735567709063,458.7933922611907,MD-Experiment-0004_Position(107)
27,1620,saved,saved,reconstructed_from_saved_mask,MD-Experiment-0004_Position(107)_t083.png,672745.3900799999,160395.0,1541.6753081083298,0.9838343132113316,0.8480371084219137,179457.490944,3.748772963118777,462.75426367245353,MD-Experiment-0004_Position(107)
28,1680,saved,saved,reconstructed_from_saved_mask,MD-Experiment-0004_Position(107)_t086.png,685265.38752,163380.0,1559.3321659564972,0.9823202792199398,0.8443674449531814,179457.490944,3.8185387743654466,467.0404131412852,MD-Experiment-0004_Position(107)
29,1740,saved,saved,reconstructed_from_saved_mask,MD-Experiment-0004_Position(107)_t089.png,700215.984128,166944.5,1580.0600879192352,0.9804001597350278,0.8403007937462145,179457.490944,3.901848735567709,472.10768921068706,MD-Experiment-0004_Position(107)
30,1800,saved,saved,reconstructed_from_saved_mask,MD-Experiment-0004_Position(107)_t092.png,714036.215808,170239.5,1599.7169374227524,0.9799141191165551,0.8359569504824295,179457.490944,3.978859907446361,476.743942368384,MD-Experiment-0004_Position(107)
31,1860,saved,saved,reconstructed_from_saved_mask,MD-Experiment-0004_Position(107)_t095.png,728527.536128,173694.5,1606.829638838768,0.9823349432750059,0.845388358389547,179457.490944,4.059610620296358,481.55738713746376,MD-Experiment-0004_Position(107)
32,1920,saved,saved,reconstructed_from_saved_mask,MD-Experiment-0004_Position(107)_t098.png,742284.8532479999,176974.5,1630.829637169838,0.9820105262281755,0.8361869152974338,179457.490944,4.136271210208947,486.0829220959348,MD-Experiment-0004_Position(107)
33,1980,saved,saved,reconstructed_from_saved_mask,MD-Experiment-0004_Position(107)_t101.png,756086.2105599999,180265.0,1661.3565524816513,0.9786984529435877,0.8207210634741628,179457.490944,4.21317720749778,490.5809980303835,MD-Experiment-0004_Position(107)
34,2040,saved,saved,reconstructed_from_saved_mask,MD-Experiment-0004_Position(107)_t104.png,774039.928832,184545.5,1669.5991897583008,0.9807824661261735,0.8319339989857887,179457.490944,4.313221614546815,496.3713948730561,MD-Experiment-0004_Position(107)
35,2100,saved,saved,reconstructed_from_saved_mask,MD-Experiment-0004_Position(107)_t107.png,788051.001344,187886.0,1683.8418284654617,0.9797108099511411,0.8327251804088434,179457.490944,4.391296218389193,500.8437126937214,MD-Experiment-0004_Position(107)
36,2160,saved,saved,reconstructed_from_saved_mask,MD-Experiment-0004_Position(107)_t110.png,801997.062144,191211.0,1693.6996960639954,0.9818657971423803,0.8376255529090042,179457.490944,4.469008554199972,505.25596836731296,MD-Experiment-0004_Position(107)
37,2220,saved,saved,reconstructed_from_saved_mask,MD-Experiment-0004_Position(107)_t113.png,820454.096896,195611.5,1712.628628373146,0.9804792838310628,0.8380652795841533,179457.490944,4.571857616977516,511.0368384001202,MD-Experiment-0004_Position(107)
38,2280,saved,saved,reconstructed_from_saved_mask,MD-Experiment-0004_Position(107)_t116.png,830344.265728,197969.5,1745.6580628156662,0.9775740577055073,0.81637518067904,179457.490944,4.626969102042724,514.1077598298268,MD-Experiment-0004_Position(107)
39,2340,saved,saved,reconstructed_from_saved_mask,MD-Experiment-0004_Position(107)_t119.png,848920.8381439999,202398.5,1758.1433441638947,0.9758541800763235,0.8228271094207289,179457.490944,4.730484270555789,519.8267936232845,MD-Experiment-0004_Position(107)
40,2400,saved,saved,reconstructed_from_saved_mask,MD-Experiment-0004_Position(107)_t122.png,864225.85344,206047.5,1772.4276144504547,0.9762392656203731,0.8242144004141715,179457.490944,4.815769176833544,524.4917854891302,MD-Experiment-0004_Position(107)
41,2460,saved,saved,reconstructed_from_saved_mask,MD-Experiment-0004_Position(107)_t125.png,875741.3150719999,208793.0,1798.9545273780823,0.9732192590141163,0.8107471431221857,179457.490944,4.87993736268873,527.9745432565963,MD-Experiment-0004_Position(107)
42,2520,saved,saved,reconstructed_from_saved_mask,MD-Experiment-0004_Position(107)_t128.png,887300.816896,211549.0,1832.552508354187,0.9733730260978393,0.7916040108531148,179457.490944,4.944350955920161,531.4476663199777,MD-Experiment-0004_Position(107)
43,2580,saved,saved,reconstructed_from_saved_mask,MD-Experiment-0004_Position(107)_t131.png,904927.3794559999,215751.5,1814.167731165886,0.9723594933400035,0.8237753876462321,179457.490944,5.042572336745664,536.7004109922362,MD-Experiment-0004_Position(107)
44,2640,saved,saved,reconstructed_from_saved_mask,MD-Experiment-0004_Position(107)_t134.png,917298.4791039999,218701.0,1831.0966639518738,0.9729124961074781,0.8196682068245977,179457.490944,5.1115084373393165,540.3565253424432,MD-Experiment-0004_Position(107)
45,2700,saved,saved,reconstructed_from_saved_mask,MD-Experiment-0004_Position(107)_t137.png,933700.304896,222611.5,1852.1677298545837,0.9726611569525732,0.8154490545264799,179457.490944,5.202905155892115,545.1660644071826,MD-Experiment-0004_Position(107)
46,2760,saved,saved,reconstructed_from_saved_mask,MD-Experiment-0004_Position(107)_t140.png,947998.6872319999,226020.5,1863.7657097578049,0.9758688654826335,0.8176643462588362,179457.490944,5.28258075071285,549.3244526099315,MD-Experiment-0004_Position(107)
47,2820,saved,saved,reconstructed_from_saved_mask,MD-Experiment-0004_Position(107)_t143.png,962823.4547199999,229555.0,1880.7535173892975,0.9757958588559357,0.8155166932837159,179457.490944,5.365189547982985,553.6029482282471,MD-Experiment-0004_Position(107)
48,2880,saved,saved,reconstructed_from_saved_mask,MD-Experiment-0004_Position(107)_t146.png,979279.8064639999,233478.5,1896.452001452446,0.9742234703074407,0.815779988871468,179457.490944,5.456890104239704,558.3139293781236,MD-Experiment-0004_Position(107)
49,2940,saved,saved,reconstructed_from_saved_mask,MD-Experiment-0004_Position(107)_t149.png,996375.789568,237554.5,1913.2804291248322,0.9750165714789968,0.8154847941218492,179457.490944,5.552154910484738,563.1662846563835,MD-Experiment-0004_Position(107)
50,3000,saved,saved,reconstructed_from_saved_mask,MD-Experiment-0004_Position(107)_t152.png,1011991.1833599999,241277.5,1927.2215535640717,0.9762707269504981,0.8163255698632356,179457.490944,5.63916935446174,567.5621537720086,MD-Experiment-0004_Position(107)
51,3060,saved,saved,reconstructed_from_saved_mask,MD-Experiment-0004_Position(107)_t155.png,1023693.29152,244067.5,1948.5941381454468,0.974506143879578,0.8077501236773745,179457.490944,5.704377600149582,570.8342098287744,MD-Experiment-0004_Position(107)
52,3120,saved,saved,reconstructed_from_saved_mask,MD-Experiment-0004_Position(107)_t158.png,1041229.6765439999,248248.5,1953.6479595899582,0.9749649481782872,0.8173421216485329,179457.490944,5.8020964801570605,575.7027877576292,MD-Experiment-0004_Position(107)
53,3180,saved,saved,reconstructed_from_saved_mask,MD-Experiment-0004_Position(107)_t161.png,1059038.691328,252494.5,1986.1332397460938,0.9739177224100456,0.804349927358098,179457.490944,5.90133454868415,580.6052749509312,MD-Experiment-0004_Position(107)
54,3240,saved,saved,reconstructed_from_saved_mask,MD-Experiment-0004_Position(107)_t164.png,1074488.4101119998,256178.0,1999.405319094658,0.9751175227908571,0.8052857396676555,179457.490944,5.987425793483849,584.8250024824117,MD-Experiment-0004_Position(107)
55,3300,saved,saved,reconstructed_from_saved_mask,MD-Experiment-0004_Position(107)_t167.png,1091359.997952,260200.5,2036.8195338249207,0.971056815298034,0.788157273968914,179457.490944,6.08144019071659,589.3985720492061,MD-Experiment-0004_Position(107)
56,3360,saved,saved,reconstructed_from_saved_mask,MD-Experiment-0004_Position(107)_t170.png,1110389.5552,264737.5,2067.991106033325,0.9690245241581259,0.7779075635674727,179457.490944,6.187479549385314,594.5149055619901,MD-Experiment-0004_Position(107)
57,3420,saved,saved,reconstructed_from_saved_mask,MD-Experiment-0004_Position(107)_t173.png,1123723.247616,267916.5,2065.6479601860046,0.9712626906198624,0.7890357994707092,179457.490944,6.261779554059739,598.0737571995018,MD-Experiment-0004_Position(107)
58,3480,saved,saved,reconstructed_from_saved_mask,MD-Experiment-0004_Position(107)_t176.png,1136857.710592,271048.0,2084.5768913030624,0.9708022922636104,0.7838270247270058,179457.490944,6.334969382508298,601.5588487136603,MD-Experiment-0004_Position(107)
59,3540,saved,saved,reconstructed_from_saved_mask,MD-Experiment-0004_Position(107)_t179.png,1154834.4975359999,275334.0,2129.0621705055237,0.9719585918401568,0.7632960612839637,179457.490944,6.435142336278221,606.2963281035101,MD-Experiment-0004_Position(107)
60,3600,saved,saved,reconstructed_from_saved_mask,MD-Experiment-0004_Position(107)_t182.png,1169288.06912,278780.0,2098.233744740486,0.9720006764048039,0.7957263564849881,179457.490944,6.515682699948581,610.0786442727294,MD-Experiment-0004_Position(107)
61,3660,saved,saved,reconstructed_from_saved_mask,MD-Experiment-0004_Position(107)_t185.png,1180430.237696,281436.5,2124.6185241937637,0.96992218193849,0.7834807994494608,179457.490944,6.577770766138457,612.9784780960248,MD-Experiment-0004_Position(107)
62,3720,saved,saved,reconstructed_from_saved_mask,MD-Experiment-0004_Position(107)_t188.png,1199717.74464,286035.0,2128.233743786812,0.9702268390926436,0.7935794119409488,179457.490944,6.685247510868041,617.9660336531713,MD-Experiment-0004_Position(107)
63,3780,saved,saved,reconstructed_from_saved_mask,MD-Experiment-0004_Position(107)_t191.png,1212552.31488,289095.0,2159.3464419841766,0.96994494267798,0.7791225848309202,179457.490944,6.756766231945029,621.2627377698946,MD-Experiment-0004_Position(107)
64,3840,saved,saved,reconstructed_from_saved_mask,MD-Experiment-0004_Position(107)_t194.png,1224566.898688,291959.5,2219.5890853405,0.9662797701788527,0.7447102204482622,179457.490944,6.823715701397654,624.3330442526767,MD-Experiment-0004_Position(107)
65,3900,saved,saved,reconstructed_from_saved_mask,MD-Experiment-0004_Position(107)_t197.png,1239345.528832,295483.0,2264.5424021482468,0.9651371112486588,0.724071493482579,179457.490944,6.9060674052260085,628.0891132832218,MD-Experiment-0004_Position(107)
66,3960,saved,saved,reconstructed_from_saved_mask,MD-Experiment-0004_Position(107)_t200.png,1252637.278208,298652.0,2283.027685046196,0.9642536003887339,0.7200338859795224,179457.490944,6.980133688589725,631.4482001367663,MD-Experiment-0004_Position(107)
67,4020,saved,saved,reconstructed_from_saved_mask,MD-Experiment-0004_Position(107)_t203.png,1268028.2767359999,302321.5,2251.613469362259,0.9646059770687061,0.7493612329149163,179457.490944,7.065897723554433,635.3156195511522,MD-Experiment-0004_Position(107)
68,4080,saved,saved,reconstructed_from_saved_mask,MD-Experiment-0004_Position(107)_t206.png,1286281.887744,306673.5,2244.6429055929184,0.9668813726046573,0.7648769856413251,179457.490944,7.167613237975039,639.8720507164413,MD-Experiment-0004_Position(107)
69,4140,saved,saved,reconstructed_from_saved_mask,MD-Experiment-0004_Position(107)_t209.png,1300550.909952,310075.5,2244.500770688057,0.9671966237460697,0.7734598934830407,179457.490944,7.2471252278782785,643.4113863796991,MD-Experiment-0004_Position(107)
70,4200,saved,saved,reconstructed_from_saved_mask,MD-Experiment-0004_Position(107)_t212.png,1316097.097728,313782.0,2259.571838617325,0.967268803945746,0.7722991982586108,179457.490944,7.33375403169261,647.2454846382607,MD-Experiment-0004_Position(107)
71,4260,saved,saved,reconstructed_from_saved_mask,MD-Experiment-0004_Position(107)_t215.png,1336999.411712,318765.5,2367.696730732918,0.9645516149969514,0.7145440819258102,179457.490944,7.450229046884495,652.3650286226583,MD-Experiment-0004_Position(107)
72,4320,saved,saved,reconstructed_from_saved_mask,MD-Experiment-0004_Position(107)_t218.png,1354401.579008,322914.5,2296.5840315818787,0.9677805583444473,0.7693655381277926,179457.490944,7.547200018697705,656.5968416472797,MD-Experiment-0004_Position(107)
73,4380,saved,saved,reconstructed_from_saved_mask,MD-Experiment-0004_Position(107)_t221.png,1377923.23584,328522.5,2310.299758553505,0.968835707334336,0.7734608172159302,179457.490944,7.678270929743374,662.2738016638066,MD-Experiment-0004_Position(107)
74,4440,saved,saved,reconstructed_from_saved_mask,MD-Experiment-0004_Position(107)_t224.png,1395874.85696,332802.5,2325.9566167593002,0.9683020218390035,0.7730244382768057,179457.490944,7.7783036507268735,666.5739020136872,MD-Experiment-0004_Position(107)
75,4500,saved,saved,reconstructed_from_saved_mask,MD-Experiment-0004_Position(107)_t227.png,1407467.913216,335566.5,2346.240884423256,0.9680463762429935,0.7660255680808794,179457.490944,7.842904221006871,669.3362019666367,MD-Experiment-0004_Position(107)
76,4560,saved,saved,reconstructed_from_saved_mask,MD-Experiment-0004_Position(107)_t230.png,1420898.074624,338768.5,2353.755606174469,0.9699621628044477,0.7684049437018189,179457.490944,7.917741784695928,672.5220475288024,MD-Experiment-0004_Position(107)
77,4620,saved,saved,reconstructed_from_saved_mask,MD-Experiment-0004_Position(107)_t233.png,1433556.484096,341786.5,2363.554595708847,0.9692496384312168,0.7688356127400824,179457.490944,7.988278876267938,675.5110667417913,MD-Experiment-0004_Position(107)
78,4680,saved,saved,reconstructed_from_saved_mask,MD-Experiment-0004_Position(107)_t236.png,1445308.9239039999,344588.5,2371.0693142414093,0.966631040944334,0.7702330387668378,179457.490944,8.05376758752863,678.2743685768313,MD-Experiment-0004_Position(107)
79,4740,saved,saved,reconstructed_from_saved_mask,MD-Experiment-0004_Position(107)_t239.png,1460760.73984,348272.5,2381.613472223282,0.9664021776982938,0.771589822872631,179457.490944,8.139870518393867,681.8904492953543,MD-Experiment-0004_Position(107)
80,4800,saved,saved,reconstructed_from_saved_mask,MD-Experiment-0004_Position(107)_t242.png,1470602.6741759998,350619.0,2395.6551018953323,0.965606604104845,0.7677091618594359,179457.490944,8.194713223951759,684.1837252073019,MD-Experiment-0004_Position(107)
81,4860,saved,saved,reconstructed_from_saved_mask,MD-Experiment-0004_Position(107)_t245.png,1486922.71104,354510.0,2414.1403819322586,0.9652952780829694,0.7643870362407389,179457.490944,8.285654185948674,687.9696206339607,MD-Experiment-0004_Position(107)
82,4920,saved,saved,reconstructed_from_saved_mask,MD-Experiment-0004_Position(107)_t248.png,1501497.91744,357985.0,2426.9688111543655,0.9649269401100279,0.7637413473750921,179457.490944,8.366872341420091,691.3332273263923,MD-Experiment-0004_Position(107)
0,0,saved,saved,reconstructed_from_saved_mask,MD-Experiment-0004_Position(108)_t002.png,259300.26188799998,61822.0,1014.548331618309,0.972479806202465,0.7547574921401228,259300.26188799998,1.0,287.2939902765047,MD-Experiment-0004_Position(108)
1,60,saved,saved,reconstructed_from_saved_mask,MD-Experiment-0004_Position(108)_t005.png,334936.14592,79855.0,1132.5727169513702,0.9771183848271643,0.7823116307767407,259300.26188799998,1.2916922778298987,326.51720702994,MD-Experiment-0004_Position(108)
2,120,saved,saved,reconstructed_from_saved_mask,MD-Experiment-0004_Position(108)_t008.png,388642.11148799997,92659.5,1216.6143465042114,0.9776013504602643,0.7866724654151281,259300.26188799998,1.498811102843648,351.7223710172177,MD-Experiment-0004_Position(108)
3,180,saved,saved,reconstructed_from_saved_mask,MD-Experiment-0004_Position(108)_t011.png,434192.252928,103519.5,1307.52603495121,0.9704058532104072,0.7609065795373279,259300.26188799998,1.6744767234964901,371.76294410739126,MD-Experiment-0004_Position(108)
4,240,saved,saved,reconstructed_from_saved_mask,MD-Experiment-0004_Position(108)_t014.png,471026.630656,112301.5,1354.2955862283707,0.9686549848838363,0.7694289008972918,259300.26188799998,1.8165297143411732,387.21109642370243,MD-Experiment-0004_Position(108)
5,300,saved,saved,reconstructed_from_saved_mask,MD-Experiment-0004_Position(108)_t017.png,501426.94604799995,119549.5,1399.4671572446823,0.967076391669599,0.7670650694681057,259300.26188799998,1.9337695318818544,399.511143932212,MD-Experiment-0004_Position(108)
6,360,saved,saved,reconstructed_from_saved_mask,MD-Experiment-0004_Position(108)_t020.png,534851.354624,127518.5,1444.0945755243301,0.9669905931152675,0.7684078381073739,259300.26188799998,2.062671864384847,412.61177130034923,MD-Experiment-0004_Position(108)
7,420,saved,saved,reconstructed_from_saved_mask,MD-Experiment-0004_Position(108)_t023.png,559960.5555199999,133505.0,1471.1067667007446,0.970483151662299,0.7752093618963258,259300.26188799998,2.1595063246093624,422.185955113364,MD-Experiment-0004_Position(108)
8,480,saved,saved,reconstructed_from_saved_mask,MD-Experiment-0004_Position(108)_t026.png,586386.767872,139805.5,1493.4915447235107,0.9739726838579783,0.7876414891817146,259300.26188799998,2.2614198828895864,432.0332224968552,MD-Experiment-0004_Position(108)
9,540,saved,saved,reconstructed_from_saved_mask,MD-Experiment-0004_Position(108)_t029.png,612578.0991999999,146050.0,1522.0773292779922,0.970522174820249,0.7922057505784746,259300.26188799998,2.3624276147649703,441.5763411178579,MD-Experiment-0004_Position(108)
10,600,saved,saved,reconstructed_from_saved_mask,MD-Experiment-0004_Position(108)_t032.png,633451.0530559999,151026.5,1552.118960738182,0.9733879881796005,0.7877946248360388,259300.26188799998,2.442924848759341,449.03644907875537,MD-Experiment-0004_Position(108)
11,660,saved,saved,reconstructed_from_saved_mask,MD-Experiment-0004_Position(108)_t035.png,665183.0599679999,158592.0,1577.131155371666,0.976479570475088,0.8012268930615346,259300.26188799998,2.5653003785060333,460.14600303577527,MD-Experiment-0004_Position(108)
12,720,saved,saved,reconstructed_from_saved_mask,MD-Experiment-0004_Position(108)_t038.png,684539.772928,163207.0,1593.1311540603638,0.9772903511687161,0.8080636762714584,259300.26188799998,2.639950179547734,466.7930775075714,MD-Experiment-0004_Position(108)
13,780,saved,saved,reconstructed_from_saved_mask,MD-Experiment-0004_Position(108)_t041.png,704676.626432,168008.0,1626.9301455020905,0.9743124320405944,0.7976309794574423,259300.26188799998,2.7176086182912234,473.6090547655814,MD-Experiment-0004_Position(108)
14,840,saved,saved,reconstructed_from_saved_mask,MD-Experiment-0004_Position(108)_t044.png,720604.495872,171805.5,1637.7169386148453,0.9779373468464237,0.804950630751032,259300.26188799998,2.779034971369416,478.93166011921176,MD-Experiment-0004_Position(108)
15,900,saved,saved,reconstructed_from_saved_mask,MD-Experiment-0004_Position(108)_t047.png,740227.547136,176484.0,1675.9007061719894,0.9777506925207756,0.7896208994104643,259300.26188799998,2.8547119148523183,485.4088444589434,MD-Experiment-0004_Position(108)
16,960,saved,saved,reconstructed_from_saved_mask,MD-Experiment-0004_Position(108)_t050.png,756201.55392,180292.5,1697.859074473381,0.9773196043940556,0.7859306838901192,259300.26188799998,2.9163161981171752,490.6184164503824,MD-Experiment-0004_Position(108)
17,1020,saved,saved,reconstructed_from_saved_mask,MD-Experiment-0004_Position(108)_t053.png,772211.2122879999,184109.5,1716.4864921569824,0.9766434586565877,0.7852451855683271,259300.26188799998,2.9780579728899097,495.7846942910201,MD-Experiment-0004_Position(108)
18,1080,saved,saved,reconstructed_from_saved_mask,MD-Experiment-0004_Position(108)_t056.png,790229.942272,188405.5,1736.001208782196,0.9742080266399853,0.7856034721782623,259300.26188799998,3.0475477985183272,501.5356447787373,MD-Experiment-0004_Position(108)
19,1140,saved,saved,reconstructed_from_saved_mask,MD-Experiment-0004_Position(108)_t059.png,807378.354176,192494.0,1769.3565471172333,0.9744040131510677,0.7726740847422775,259300.26188799998,3.1136812138073826,506.94823406835025,MD-Experiment-0004_Position(108)
20,1200,saved,saved,reconstructed_from_saved_mask,MD-Experiment-0004_Position(108)_t062.png,823438.344192,196323.0,1773.2144156694412,0.9771518588845448,0.7846184916750385,259300.26188799998,3.175617094238297,511.965394942983,MD-Experiment-0004_Position(108)
21,1260,saved,saved,reconstructed_from_saved_mask,MD-Experiment-0004_Position(108)_t065.png,837237.6043519999,199613.0,1780.5869983434677,0.9794817818930344,0.7911745159347692,259300.26188799998,3.2288343955226293,516.2373548573124,MD-Experiment-0004_Position(108)
22,1320,saved,saved,reconstructed_from_saved_mask,MD-Experiment-0004_Position(108)_t068.png,854625.0915839999,203758.5,1804.6286280155182,0.9769544266775346,0.7862305478401597,259300.26188799998,3.29588981268804,521.5703362269702,MD-Experiment-0004_Position(108)
23,1380,saved,saved,reconstructed_from_saved_mask,MD-Experiment-0004_Position(108)_t071.png,868491.4606079999,207064.5,1802.285480260849,0.9786998218092272,0.8010660830797856,259300.26188799998,3.349365921516612,525.7845737350294,MD-Experiment-0004_Position(108)
24,1440,saved,saved,reconstructed_from_saved_mask,MD-Experiment-0004_Position(108)_t074.png,881667.866624,210206.0,1815.5575563907623,0.9783689816549416,0.8013734121959564,259300.26188799998,3.4001811652809684,529.758056358741,MD-Experiment-0004_Position(108)
25,1500,saved,saved,reconstructed_from_saved_mask,MD-Experiment-0004_Position(108)_t077.png,898753.3639679999,214279.5,1865.4814401865005,0.9719566183741416,0.7737641839551807,259300.26188799998,3.466071948497299,534.8664141558648,MD-Experiment-0004_Position(108)
26,1560,saved,saved,reconstructed_from_saved_mask,MD-Experiment-0004_Position(108)_t080.png,918418.358272,218968.0,1872.4692466259003,0.9741587754947693,0.7848038565038279,259300.26188799998,3.5419106466953516,540.6862704847093,MD-Experiment-0004_Position(108)
27,1620,saved,saved,reconstructed_from_saved_mask,MD-Experiment-0004_Position(108)_t083.png,933649.9732479999,222599.5,1890.7951472997665,0.9721669632816168,0.7824292732601572,259300.26188799998,3.600651871502054,545.1513704651857,MD-Experiment-0004_Position(108)
28,1680,saved,saved,reconstructed_from_saved_mask,MD-Experiment-0004_Position(108)_t086.png,947531.022336,225909.0,1882.0672262907028,0.9764435358036644,0.8014439096728565,259300.26188799998,3.6541845944809292,549.1889400519487,MD-Experiment-0004_Position(108)
29,1740,saved,saved,reconstructed_from_saved_mask,MD-Experiment-0004_Position(108)_t089.png,963442.1145599999,229702.5,1900.7951471805573,0.9774241727941176,0.7989230602567589,259300.26188799998,3.7155462456730612,553.7807777724541,MD-Experiment-0004_Position(108)
30,1800,saved,saved,reconstructed_from_saved_mask,MD-Experiment-0004_Position(108)_t092.png,984497.52064,234722.5,1918.937284231186,0.9762551911875108,0.8010193806003365,259300.26188799998,3.796747112678335,559.799333460788,MD-Experiment-0004_Position(108)
31,1860,saved,saved,reconstructed_from_saved_mask,MD-Experiment-0004_Position(108)_t095.png,1001505.4233599999,238777.5,1929.1382954120636,0.9780832186394023,0.8062626473597142,259300.26188799998,3.8623386496716376,564.6140959293973,MD-Experiment-0004_Position(108)
32,1920,saved,saved,reconstructed_from_saved_mask,MD-Experiment-0004_Position(108)_t098.png,1020216.213504,243238.5,1938.9372829198837,0.9809507101894646,0.8130451386550908,259300.26188799998,3.9344974281000296,569.8639370966688,MD-Experiment-0004_Position(108)
33,1980,saved,saved,reconstructed_from_saved_mask,MD-Experiment-0004_Position(108)_t101.png,1044037.763072,248918.0,1972.2926230430603,0.9783551144738135,0.8041248182026364,259300.26188799998,4.026366018569441,576.4785698835888,MD-Experiment-0004_Position(108)
34,2040,saved,saved,reconstructed_from_saved_mask,MD-Experiment-0004_Position(108)_t104.png,1066611.5071999999,254300.0,1989.3220596313477,0.9793783662520773,0.807506500414697,259300.26188799998,4.113422406263142,582.6774300238112,MD-Experiment-0004_Position(108)
35,2100,saved,saved,reconstructed_from_saved_mask,MD-Experiment-0004_Position(108)_t107.png,1085202.75968,258732.5,2005.9078471660614,0.978877515696204,0.8080512273077028,259300.26188799998,4.185120183753356,587.7335849856432,MD-Experiment-0004_Position(108)
36,2160,saved,saved,reconstructed_from_saved_mask,MD-Experiment-0004_Position(108)_t110.png,1103015.968768,262979.5,2015.564701795578,0.9773646263054224,0.8134638751782897,259300.26188799998,4.253817411277539,592.5376675600005,MD-Experiment-0004_Position(108)
37,2220,saved,saved,reconstructed_from_saved_mask,MD-Experiment-0004_Position(108)_t113.png,1123404.480512,267840.5,2036.795147061348,0.9774380252752506,0.8113185540552527,259300.26188799998,4.332446378311928,597.9889232503685,MD-Experiment-0004_Position(108)
38,2280,saved,saved,reconstructed_from_saved_mask,MD-Experiment-0004_Position(108)_t116.png,1137774.1660159999,271266.5,2058.3931274414062,0.9741126239112597,0.8045432242497527,259300.26188799998,4.3878635437222995,601.8012672696946,MD-Experiment-0004_Position(108)
39,2340,saved,saved,reconstructed_from_saved_mask,MD-Experiment-0004_Position(108)_t119.png,1158380.7815679999,276179.5,2066.819535136223,0.9721395521560607,0.8124491479347221,259300.26188799998,4.467333635275468,607.2265267084439,MD-Experiment-0004_Position(108)
40,2400,saved,saved,reconstructed_from_saved_mask,MD-Experiment-0004_Position(108)_t122.png,1172263.927808,279489.5,2080.3342539072037,0.976756173977469,0.8115384864845704,259300.26188799998,4.520874445990101,610.8544813930139,MD-Experiment-0004_Position(108)
41,2460,saved,saved,reconstructed_from_saved_mask,MD-Experiment-0004_Position(108)_t125.png,1188818.845696,283436.5,2097.044931292534,0.9761504193910006,0.8099350043078751,259300.26188799998,4.584719032059785,615.1526570426556,MD-Experiment-0004_Position(108)
42,2520,saved,saved,reconstructed_from_saved_mask,MD-Experiment-0004_Position(108)_t128.png,1209075.2368639999,288266.0,2114.8022891283035,0.9771116048654576,0.8099603179877601,259300.26188799998,4.662838471741451,620.3713412415337,MD-Experiment-0004_Position(108)
43,2580,saved,saved,reconstructed_from_saved_mask,MD-Experiment-0004_Position(108)_t131.png,1229199.507456,293064.0,2127.571839928627,0.9784618466520876,0.8135867555501676,259300.26188799998,4.740448384070396,625.5128738207479,MD-Experiment-0004_Position(108)
44,2640,saved,saved,reconstructed_from_saved_mask,MD-Experiment-0004_Position(108)_t134.png,1246652.0063999998,297225.0,2159.9982438087463,0.9741281270586231,0.8005498927081843,259300.26188799998,4.807754521044288,629.9378209537655,MD-Experiment-0004_Position(108)
45,2700,saved,saved,reconstructed_from_saved_mask,MD-Experiment-0004_Position(108)_t137.png,1263922.05312,301342.5,2187.613471031189,0.9736382537725988,0.7912779667308371,259300.26188799998,4.87435702500728,634.2861222459547,MD-Experiment-0004_Position(108)
46,2760,saved,saved,reconstructed_from_saved_mask,MD-Experiment-0004_Position(108)_t140.png,1282637.037568,305804.5,2190.299763560295,0.9743682471506998,0.801026019457009,259300.26188799998,4.946531978907185,638.9648264524304,MD-Experiment-0004_Position(108)
47,2820,saved,saved,reconstructed_from_saved_mask,MD-Experiment-0004_Position(108)_t143.png,1305233.8503679999,311192.0,2206.6256617307663,0.9760161084434463,0.8031209573172947,259300.26188799998,5.033677331694219,644.568722754889,MD-Experiment-0004_Position(108)
48,2880,saved,saved,reconstructed_from_saved_mask,MD-Experiment-0004_Position(108)_t146.png,1328585.6378879999,316759.5,2219.7556054592133,0.976865858058786,0.8078471367577131,259300.26188799998,5.123734269353951,650.3091135618108,MD-Experiment-0004_Position(108)
49,2940,saved,saved,reconstructed_from_saved_mask,MD-Experiment-0004_Position(108)_t149.png,1349324.374016,321704.0,2243.311954975128,0.9746317152789875,0.803317047390285,259300.26188799998,5.203713888259843,655.3650035804839,MD-Experiment-0004_Position(108)
50,3000,saved,saved,reconstructed_from_saved_mask,MD-Experiment-0004_Position(108)_t152.png,1371503.853568,326992.0,2273.1109434366226,0.9741530321627322,0.795253750596847,259300.26188799998,5.289249781631135,660.7293209248855,MD-Experiment-0004_Position(108)
51,3060,saved,saved,reconstructed_from_saved_mask,MD-Experiment-0004_Position(108)_t155.png,1391219.17952,331692.5,2285.696731209755,0.9750843700759625,0.7978262131739994,259300.26188799998,5.365282585487368,665.4613577734757,MD-Experiment-0004_Position(108)
52,3120,saved,saved,reconstructed_from_saved_mask,MD-Experiment-0004_Position(108)_t158.png,1415724.40064,337535.0,2305.9982417821884,0.9745319844322027,0.7976469945207622,259300.26188799998,5.459787777813723,671.2965610185513,MD-Experiment-0004_Position(108)
53,3180,saved,saved,reconstructed_from_saved_mask,MD-Experiment-0004_Position(108)_t161.png,1441280.294912,343628.0,2330.483525276184,0.9722344433237183,0.7950717710362487,259300.26188799998,5.558344925754586,677.3284038281423,MD-Experiment-0004_Position(108)
54,3240,saved,saved,reconstructed_from_saved_mask,MD-Experiment-0004_Position(108)_t164.png,1462388.129792,348660.5,2344.8094309568405,0.9713533903711732,0.7968884059722888,259300.26188799998,5.639747986153797,682.270180464175,MD-Experiment-0004_Position(108)
55,3300,saved,saved,reconstructed_from_saved_mask,MD-Experiment-0004_Position(108)_t167.png,1485286.93248,354120.0,2380.7089219093323,0.970611936125775,0.7851411153119005,259300.26188799998,5.72805797288991,687.5910953669924,MD-Experiment-0004_Position(108)
56,3360,saved,saved,reconstructed_from_saved_mask,MD-Experiment-0004_Position(108)_t170.png,1500570.9762559999,357764.0,2395.596228122711,0.9697446100301957,0.7833922311170548,259300.26188799998,5.78700139109055,691.1197990672434,MD-Experiment-0004_Position(108)
57,3420,saved,saved,reconstructed_from_saved_mask,MD-Experiment-0004_Position(108)_t173.png,1518197.5388159999,361966.5,2419.069311261177,0.9685020408654714,0.7772873835061491,259300.26188799998,5.854978810132315,695.1670919894239,MD-Experiment-0004_Position(108)
58,3480,saved,saved,reconstructed_from_saved_mask,MD-Experiment-0004_Position(108)_t176.png,1537646.5264639999,366603.5,2418.466283559799,0.9696350546439415,0.787637520973332,259300.26188799998,5.929984471547345,699.6056680942893,MD-Experiment-0004_Position(108)
59,3540,saved,saved,reconstructed_from_saved_mask,MD-Experiment-0004_Position(108)_t179.png,1557764.5056,371400.0,2433.4784749746323,0.968617724608993,0.7881279785303416,259300.26188799998,6.007570120669018,704.1674818384366,MD-Experiment-0004_Position(108)
60,3600,saved,saved,reconstructed_from_saved_mask,MD-Experiment-0004_Position(108)_t182.png,1574195.6915199999,375317.5,2463.7799900770187,0.9679006200928656,0.7769710395214466,259300.26188799998,6.070937530329009,707.8714935627404,MD-Experiment-0004_Position(108)
61,3660,saved,saved,reconstructed_from_saved_mask,MD-Experiment-0004_Position(108)_t185.png,1591081.959424,379343.5,2481.922125697136,0.969088770154569,0.7738667898998263,259300.26188799998,6.136059978648378,711.658005936374,MD-Experiment-0004_Position(108)
62,3720,saved,saved,reconstructed_from_saved_mask,MD-Experiment-0004_Position(108)_t188.png,1610373.660672,383943.0,2482.851058483124,0.9717246877491363,0.7826638634008647,259300.26188799998,6.210459059881596,715.9593959449646,MD-Experiment-0004_Position(108)
63,3780,saved,saved,reconstructed_from_saved_mask,MD-Experiment-0004_Position(108)_t191.png,1631424.872448,388962.0,2510.306899547577,0.9691474531231897,0.7756457177410995,259300.26188799998,6.291643751415354,720.6238030112023,MD-Experiment-0004_Position(108)
64,3840,saved,saved,reconstructed_from_saved_mask,MD-Experiment-0004_Position(108)_t194.png,1653570.797568,394242.0,2533.963754296303,0.9692763286485051,0.7715640009078115,259300.26188799998,6.377050241014526,725.4984027347753,MD-Experiment-0004_Position(108)
65,3900,saved,saved,reconstructed_from_saved_mask,MD-Experiment-0004_Position(108)_t197.png,1670324.944896,398236.5,2536.3485318422318,0.9697203239085255,0.777916642586138,259300.26188799998,6.441663161981172,729.1645514558372,MD-Experiment-0004_Position(108)
66,3960,saved,saved,reconstructed_from_saved_mask,MD-Experiment-0004_Position(108)_t200.png,1689083.969536,402709.0,2547.135326743126,0.9715290686243171,0.7800045951704023,259300.26188799998,6.514007958331986,733.2476567285227,MD-Experiment-0004_Position(108)
67,4020,saved,saved,reconstructed_from_saved_mask,MD-Experiment-0004_Position(108)_t203.png,1706364.502016,406829.0,2562.306899666786,0.9727038306449203,0.7786808156591525,259300.26188799998,6.5806509009737635,736.9889350762151,MD-Experiment-0004_Position(108)
68,4080,saved,saved,reconstructed_from_saved_mask,MD-Experiment-0004_Position(108)_t206.png,1734531.350528,413544.5,2573.5201053619385,0.9727265991515726,0.7846518125252522,259300.26188799998,6.6892772799327105,743.0467527476211,MD-Experiment-0004_Position(108)
69,4140,saved,saved,reconstructed_from_saved_mask,MD-Experiment-0004_Position(108)_t209.png,1760097.7305599998,419640.0,2587.9048842191696,0.9710079031491117,0.7873904116024611,259300.26188799998,6.78787486655236,748.5028445416235,MD-Experiment-0004_Position(108)
70,4200,saved,saved,reconstructed_from_saved_mask,MD-Experiment-0004_Position(108)_t212.png,1778688.9830399998,424072.5,2602.005384325981,0.9696787116453595,0.7871066700865427,259300.26188799998,6.859572644042574,752.4455380609448,MD-Experiment-0004_Position(108)
71,4260,saved,saved,reconstructed_from_saved_mask,MD-Experiment-0004_Position(108)_t215.png,1798731.464704,428851.0,2610.4490374326706,0.9720500836389517,0.7908349476985266,259300.26188799998,6.936867134676976,756.6729860416145,MD-Experiment-0004_Position(108)
72,4320,saved,saved,reconstructed_from_saved_mask,MD-Experiment-0004_Position(108)_t218.png,1818396.4590079999,433539.5,2620.2896531820297,0.9712754922585083,0.7934872130480941,259300.26188799998,7.012705832875028,760.7979823210918,MD-Experiment-0004_Position(108)
73,4380,saved,saved,reconstructed_from_saved_mask,MD-Experiment-0004_Position(108)_t221.png,1840187.96544,438735.0,2637.419601082802,0.9713639855735062,0.7925993038619804,259300.26188799998,7.0967454951311835,765.343074598567,MD-Experiment-0004_Position(108)
74,4440,saved,saved,reconstructed_from_saved_mask,MD-Experiment-0004_Position(108)_t224.png,1859232.202752,443275.5,2653.319096684456,0.9714030570317208,0.7912334276132781,259300.26188799998,7.170190223545017,769.2931761345784,MD-Experiment-0004_Position(108)
75,4500,saved,saved,reconstructed_from_saved_mask,MD-Experiment-0004_Position(108)_t227.png,1876502.249472,447393.0,2662.9343177080154,0.9713191497676418,0.7928264668208173,259300.26188799998,7.236792727508007,772.8578248637065,MD-Experiment-0004_Position(108)
76,4560,saved,saved,reconstructed_from_saved_mask,MD-Experiment-0004_Position(108)_t230.png,1894485.327872,451680.5,2674.8338119983673,0.971203445480602,0.7933185269601644,259300.26188799998,7.306145061628547,776.5522577984032,MD-Experiment-0004_Position(108)
77,4620,saved,saved,reconstructed_from_saved_mask,MD-Experiment-0004_Position(108)_t233.png,1910035.7099519998,455388.0,2689.904880285263,0.9725701923087191,0.7908927611355253,259300.26188799998,7.366115622270389,779.7328064419227,MD-Experiment-0004_Position(108)
78,4680,saved,saved,reconstructed_from_saved_mask,MD-Experiment-0004_Position(108)_t236.png,1925800.0015359998,459146.5,2698.4906690120697,0.9726031604812744,0.7923540840783835,259300.26188799998,7.426911131959496,782.9439183630384,MD-Experiment-0004_Position(108)
79,4740,saved,saved,reconstructed_from_saved_mask,MD-Experiment-0004_Position(108)_t239.png,1944632.4264959998,463636.5,2710.0053828954697,0.9728776108879852,0.7933177576616569,259300.26188799998,7.499538999061823,786.7628145427632,MD-Experiment-0004_Position(108)
80,4800,saved,saved,reconstructed_from_saved_mask,MD-Experiment-0004_Position(108)_t242.png,1962240.114688,467834.5,2715.946511745453,0.9744836586059329,0.7970025006648168,259300.26188799998,7.5674436284817705,790.3166628457265,MD-Experiment-0004_Position(108)
81,4860,saved,saved,reconstructed_from_saved_mask,MD-Experiment-0004_Position(108)_t245.png,1981055.762432,472320.5,2727.603364467621,0.9738185514381911,0.7977819840974507,259300.26188799998,7.640006793698037,794.0967411238208,MD-Experiment-0004_Position(108)
82,4920,saved,saved,reconstructed_from_saved_mask,MD-Experiment-0004_Position(108)_t248.png,2000529.915904,476963.5,2729.0592135190964,0.9740359726554723,0.8047650216759709,259300.26188799998,7.715109507942157,797.9902567316662,MD-Experiment-0004_Position(108)
0,0,saved,saved,reconstructed_from_saved_mask,MD-Experiment-0004_Position(109)_t002.png,62010.687487999996,14784.5,463.20309805870056,0.9843864438378055,0.8659116740697962,62010.687487999996,1.0,140.49418093459917,MD-Experiment-0004_Position(109)
1,60,saved,saved,reconstructed_from_saved_mask,MD-Experiment-0004_Position(109)_t005.png,91186.266112,21740.5,583.4284933805466,0.9606725436910364,0.8026091775430544,62010.687487999996,1.4704927457810546,170.36868840146528,MD-Experiment-0004_Position(109)
2,120,saved,saved,reconstructed_from_saved_mask,MD-Experiment-0004_Position(109)_t008.png,99593.74848,23745.0,592.9848420619965,0.9821520898393068,0.8485840292591058,62010.687487999996,1.6060739287767594,178.04964123324112,MD-Experiment-0004_Position(109)
3,180,saved,saved,reconstructed_from_saved_mask,MD-Experiment-0004_Position(109)_t011.png,125334.192128,29882.0,746.6660810709,0.8925195262914234,0.6735450975280152,62010.687487999996,2.0211708207920456,199.73760895535182,MD-Experiment-0004_Position(109)
4,240,saved,saved,reconstructed_from_saved_mask,MD-Experiment-0004_Position(109)_t014.png,127781.568512,30465.5,677.3696180582047,0.9735563864122967,0.8343854982228416,62010.687487999996,2.060637830159965,201.67829959973625,MD-Experiment-0004_Position(109)
5,300,saved,saved,reconstructed_from_saved_mask,MD-Experiment-0004_Position(109)_t017.png,141383.69638399998,33708.5,721.6538878679276,0.9702242178280517,0.8133760489728619,62010.687487999996,2.279989177855186,212.14105756367542,MD-Experiment-0004_Position(109)
6,360,saved,saved,reconstructed_from_saved_mask,MD-Experiment-0004_Position(109)_t020.png,147066.978304,35063.5,720.6833268404007,0.9794547333724406,0.8483521784319826,62010.687487999996,2.371639216747269,216.36282750357154,MD-Experiment-0004_Position(109)
7,420,saved,saved,reconstructed_from_saved_mask,MD-Experiment-0004_Position(109)_t023.png,152387.45292799998,36332.0,734.9848432540894,0.9788770341631642,0.8451667502132205,62010.687487999996,2.457438533599378,220.2417598852439,MD-Experiment-0004_Position(109)
8,480,saved,saved,reconstructed_from_saved_mask,MD-Experiment-0004_Position(109)_t026.png,161663.156224,38543.5,757.0264732837677,0.9808255083085223,0.8451598915757121,62010.687487999996,2.6070208664479693,226.84572038672852,MD-Experiment-0004_Position(109)
9,540,saved,saved,reconstructed_from_saved_mask,MD-Experiment-0004_Position(109)_t029.png,169879.79776,40502.5,765.7127642631531,0.9862541700148538,0.8680803412843768,62010.687487999996,2.7395245020122427,232.53907002891142,MD-Experiment-0004_Position(109)
10,600,saved,saved,reconstructed_from_saved_mask,MD-Experiment-0004_Position(109)_t032.png,177500.84812799998,42319.5,784.6833263635635,0.9824152099728394,0.8636972624300058,62010.687487999996,2.8624234840542457,237.6978644522285,MD-Experiment-0004_Position(109)
11,660,saved,saved,reconstructed_from_saved_mask,MD-Experiment-0004_Position(109)_t035.png,189928.57087999998,45282.5,821.0264722108841,0.9810431674159129,0.8441622738661615,62010.687487999996,3.062836078325273,245.8783068508949,MD-Experiment-0004_Position(109)
12,720,saved,saved,reconstructed_from_saved_mask,MD-Experiment-0004_Position(109)_t038.png,199955.054592,47673.0,865.7543944120407,0.9638210765731615,0.7992689413822023,62010.687487999996,3.224525685684332,252.2848998038788,MD-Experiment-0004_Position(109)
13,780,saved,saved,reconstructed_from_saved_mask,MD-Experiment-0004_Position(109)_t041.png,203750.89971199998,48578.0,844.8670927286148,0.9842569141930909,0.8552098709417878,62010.687487999996,3.285738442287531,254.66826597982651,MD-Experiment-0004_Position(109)
14,840,saved,saved,reconstructed_from_saved_mask,MD-Experiment-0004_Position(109)_t044.png,209966.85824,50060.0,857.151364326477,0.9835646851944633,0.8562205909328829,62010.687487999996,3.3859785586255877,258.5237450385216,MD-Experiment-0004_Position(109)
15,900,saved,saved,reconstructed_from_saved_mask,MD-Experiment-0004_Position(109)_t047.png,219089.46944,52235.0,873.6366448402405,0.983182284461259,0.8600224307167795,62010.687487999996,3.533092089688525,264.0801849467572,MD-Experiment-0004_Position(109)
16,960,saved,saved,reconstructed_from_saved_mask,MD-Experiment-0004_Position(109)_t050.png,225271.873536,53709.0,883.7787803411484,0.9844024926686217,0.8641115113132737,62010.687487999996,3.6327910987858907,267.78025398758115,MD-Experiment-0004_Position(109)
17,1020,saved,saved,reconstructed_from_saved_mask,MD-Experiment-0004_Position(109)_t053.png,233937.3056,55775.0,900.749342083931,0.9850063577281718,0.8638563615822887,62010.687487999996,3.77253204369441,272.8819472220151,MD-Experiment-0004_Position(109)
18,1080,saved,saved,reconstructed_from_saved_mask,MD-Experiment-0004_Position(109)_t056.png,246671.21254399998,58811.0,964.2051869630814,0.9704225003506398,0.7949311237873216,62010.687487999996,3.9778822415367445,280.21043090809144,MD-Experiment-0004_Position(109)
19,1140,saved,saved,reconstructed_from_saved_mask,MD-Experiment-0004_Position(109)_t059.png,253671.50592,60480.0,960.0041750669479,0.9768782859404149,0.8246608986049292,62010.687487999996,4.09077073962596,284.158667257337,MD-Experiment-0004_Position(109)
20,1200,saved,saved,reconstructed_from_saved_mask,MD-Experiment-0004_Position(109)_t062.png,264335.52384,63022.5,1041.5605255365372,0.9497920245953522,0.7300228717166821,62010.687487999996,4.262741384558152,290.07000966636156,MD-Experiment-0004_Position(109)
21,1260,saved,saved,reconstructed_from_saved_mask,MD-Experiment-0004_Position(109)_t065.png,266053.091328,63432.0,984.6315937042236,0.9797355739527988,0.8221872453981769,62010.687487999996,4.290439311441037,291.0108747443321,MD-Experiment-0004_Position(109)
22,1320,saved,saved,reconstructed_from_saved_mask,MD-Experiment-0004_Position(109)_t068.png,273839.816704,65288.5,987.2173787355423,0.9816122024010885,0.8418233560501454,62010.687487999996,4.416010010483953,295.23875234738466,MD-Experiment-0004_Position(109)
23,1380,saved,saved,reconstructed_from_saved_mask,MD-Experiment-0004_Position(109)_t071.png,282016.61235199997,67238.0,1005.8031640052795,0.9824228167326603,0.8352157125296865,62010.687487999996,4.547871081199905,299.61421157832837,MD-Experiment-0004_Position(109)
24,1440,saved,saved,reconstructed_from_saved_mask,MD-Experiment-0004_Position(109)_t074.png,288725.4016,68837.5,1013.3595148324966,0.984363157969999,0.8423796258707902,62010.687487999996,4.656058710135615,303.15697208156905,MD-Experiment-0004_Position(109)
25,1500,saved,saved,reconstructed_from_saved_mask,MD-Experiment-0004_Position(109)_t077.png,294352.06041599996,70179.0,1019.9452987909317,0.9823694506463602,0.8477411770875665,62010.687487999996,4.746795630559031,306.0966691242837,MD-Experiment-0004_Position(109)
26,1560,saved,saved,reconstructed_from_saved_mask,MD-Experiment-0004_Position(109)_t080.png,302325.43231999996,72080.0,1030.7737280130386,0.9810005988349937,0.8525070128171423,62010.687487999996,4.875376238628293,310.21472233316797,MD-Experiment-0004_Position(109)
27,1620,saved,saved,reconstructed_from_saved_mask,MD-Experiment-0004_Position(109)_t083.png,307754.958848,73374.5,1049.0163682699203,0.9800581026480115,0.8378967181212912,62010.687487999996,4.962934154012649,312.9879325523654,MD-Experiment-0004_Position(109)
28,1680,saved,saved,reconstructed_from_saved_mask,MD-Experiment-0004_Position(109)_t086.png,313190.776832,74670.5,1053.3595123291016,0.9794458107886539,0.8456792612700762,62010.687487999996,5.050593527004634,315.73995712802474,MD-Experiment-0004_Position(109)
29,1740,saved,saved,reconstructed_from_saved_mask,MD-Experiment-0004_Position(109)_t089.png,319106.842624,76081.0,1072.2295689582825,0.9747538484205941,0.8315924104008814,62010.687487999996,5.145997497379012,318.708115296919,MD-Experiment-0004_Position(109)
30,1800,saved,saved,reconstructed_from_saved_mask,MD-Experiment-0004_Position(109)_t092.png,323131.277312,77040.5,1079.0163688659668,0.9756037332050097,0.831520366021059,62010.687487999996,5.210896547059421,320.7115216259086,MD-Experiment-0004_Position(109)
31,1860,saved,saved,reconstructed_from_saved_mask,MD-Experiment-0004_Position(109)_t095.png,333849.821184,79596.0,1095.8864259719849,0.977033645525182,0.8328561788879011,62010.687487999996,5.383746491257736,325.9872675175488,MD-Experiment-0004_Position(109)
32,1920,saved,saved,reconstructed_from_saved_mask,MD-Experiment-0004_Position(109)_t098.png,342351.675392,81623.0,1118.5727186203003,0.9727619966987849,0.8197736810747734,62010.687487999996,5.5208495383678855,330.11198528508106,MD-Experiment-0004_Position(109)
33,1980,saved,saved,reconstructed_from_saved_mask,MD-Experiment-0004_Position(109)_t101.png,350325.047296,83524.0,1138.170697569847,0.9724418157897801,0.8102263216123057,62010.687487999996,5.6494301464371475,333.9340143383433,MD-Experiment-0004_Position(109)
34,2040,saved,saved,reconstructed_from_saved_mask,MD-Experiment-0004_Position(109)_t104.png,360162.787328,85869.5,1144.4133363962173,0.9742895881909106,0.8239160778068951,62010.687487999996,5.808076025567318,338.5902772408158,MD-Experiment-0004_Position(109)
35,2100,saved,saved,reconstructed_from_saved_mask,MD-Experiment-0004_Position(109)_t107.png,370965.21728,88445.0,1154.9991244077682,0.9781466694683757,0.8331435573677856,62010.687487999996,5.982278737867361,343.6304644389696,MD-Experiment-0004_Position(109)
36,2160,saved,saved,reconstructed_from_saved_mask,MD-Experiment-0004_Position(109)_t110.png,381224.484864,90891.0,1173.4844051599503,0.9760107382550336,0.8294230505362916,62010.687487999996,6.147722276708715,348.34971277085054,MD-Experiment-0004_Position(109)
37,2220,saved,saved,reconstructed_from_saved_mask,MD-Experiment-0004_Position(109)_t113.png,389912.98559999996,92962.5,1188.7564809322357,0.9739545409304494,0.8266694021161162,62010.687487999996,6.287835232845209,352.2969742531406,MD-Experiment-0004_Position(109)
38,2280,saved,saved,reconstructed_from_saved_mask,MD-Experiment-0004_Position(109)_t116.png,399973.023744,95361.0,1198.6559784412384,0.9774449962331453,0.8340489673879538,62010.687487999996,6.45006594744496,356.8127907804585,MD-Experiment-0004_Position(109)
39,2340,saved,saved,reconstructed_from_saved_mask,MD-Experiment-0004_Position(109)_t119.png,409838.026752,97713.0,1220.5138424634933,0.9774672261930366,0.8242838532720642,62010.687487999996,6.609151476208191,361.1862340250781,MD-Experiment-0004_Position(109)
40,2400,saved,saved,reconstructed_from_saved_mask,MD-Experiment-0004_Position(109)_t122.png,419040.329728,99907.0,1229.4011434316635,0.9774727398138138,0.8306509322224415,62010.687487999996,6.757550136967771,365.21867375880134,MD-Experiment-0004_Position(109)
41,2460,saved,saved,reconstructed_from_saved_mask,MD-Experiment-0004_Position(109)_t125.png,426747.363328,101744.5,1236.0701886415482,0.9797774557150355,0.8368247979030713,62010.687487999996,6.881835706314046,368.5619414022132,MD-Experiment-0004_Position(109)
42,2520,saved,saved,reconstructed_from_saved_mask,MD-Experiment-0004_Position(109)_t128.png,434397.773824,103568.5,1252.0701922178268,0.9778731399652542,0.8301951603894663,62010.687487999996,7.005208157191653,371.8509189774976,MD-Experiment-0004_Position(109)
43,2580,saved,saved,reconstructed_from_saved_mask,MD-Experiment-0004_Position(109)_t131.png,440397.725696,104999.0,1264.6559789180756,0.9758996951446204,0.8249929243347317,62010.687487999996,7.10196489566776,374.4101360031456,MD-Experiment-0004_Position(109)
44,2640,saved,saved,reconstructed_from_saved_mask,MD-Experiment-0004_Position(109)_t134.png,446764.679168,106517.0,1294.6559759378433,0.9728957066982085,0.7985829426767326,62010.687487999996,7.204639994588928,377.10690019794635,MD-Experiment-0004_Position(109)
45,2700,saved,saved,reconstructed_from_saved_mask,MD-Experiment-0004_Position(109)_t137.png,456046.67392,108730.0,1288.7981125116348,0.9733934934020877,0.8226014473550949,62010.687487999996,7.354323785045149,381.00415335002776,MD-Experiment-0004_Position(109)
46,2760,saved,saved,reconstructed_from_saved_mask,MD-Experiment-0004_Position(109)_t140.png,464026.33728,110632.5,1304.839742064476,0.9740448404435621,0.8165414561968044,62010.687487999996,7.48300585072204,384.3230029621933,MD-Experiment-0004_Position(109)
47,2820,saved,saved,reconstructed_from_saved_mask,MD-Experiment-0004_Position(109)_t143.png,473459.326976,112881.5,1317.668169617653,0.9722865830024375,0.8169971204811771,62010.687487999996,7.635124623761372,388.20971714060005,MD-Experiment-0004_Position(109)
48,2880,saved,saved,reconstructed_from_saved_mask,MD-Experiment-0004_Position(109)_t146.png,483397.73030399997,115251.0,1330.1118212938309,0.9718933414288605,0.818612288767452,62010.687487999996,7.795393824613615,392.26301956030596,MD-Experiment-0004_Position(109)
49,2940,saved,saved,reconstructed_from_saved_mask,MD-Experiment-0004_Position(109)_t149.png,491966.693376,117294.0,1341.9696865081787,0.9721477441786257,0.8184652583714523,62010.687487999996,7.933579086205148,395.72447760371153,MD-Experiment-0004_Position(109)
50,3000,saved,saved,reconstructed_from_saved_mask,MD-Experiment-0004_Position(109)_t152.png,502198.69798399997,119733.5,1359.3250243663788,0.9692155759633793,0.8142896554982809,62010.687487999996,8.09858297541344,399.8184718055619,MD-Experiment-0004_Position(109)
51,3060,saved,saved,reconstructed_from_saved_mask,MD-Experiment-0004_Position(109)_t155.png,512321.65068799997,122147.0,1370.396091580391,0.9696784462535675,0.8173356578534159,62010.687487999996,8.261828266089486,403.82799100605826,MD-Experiment-0004_Position(109)
52,3120,saved,saved,reconstructed_from_saved_mask,MD-Experiment-0004_Position(109)_t158.png,525399.49056,125265.0,1390.2539563179016,0.9719204866391484,0.8144254331019288,62010.687487999996,8.472724813148906,408.9496937780675,MD-Experiment-0004_Position(109)
53,3180,saved,saved,reconstructed_from_saved_mask,MD-Experiment-0004_Position(109)_t161.png,535927.1936,127775.0,1411.0235077142715,0.9701016604283556,0.8064682148085871,62010.687487999996,8.64249720991579,413.0265415171456,MD-Experiment-0004_Position(109)
54,3240,saved,saved,reconstructed_from_saved_mask,MD-Experiment-0004_Position(109)_t164.png,546987.573248,130412.0,1483.9940711259842,0.9553992673992674,0.7441544576760364,62010.687487999996,8.82085968412865,417.2667638148511,MD-Experiment-0004_Position(109)
55,3300,saved,saved,reconstructed_from_saved_mask,MD-Experiment-0004_Position(109)_t167.png,557475.4304,132912.5,1492.721992969513,0.9582767061164604,0.7495797195150596,62010.687487999996,8.989989516047212,421.2480751301823,MD-Experiment-0004_Position(109)
56,3360,saved,saved,reconstructed_from_saved_mask,MD-Experiment-0004_Position(109)_t170.png,567516.594176,135306.5,1487.0651407241821,0.9582002563575976,0.7688976576954041,62010.687487999996,9.151915857824072,425.02487280108096,MD-Experiment-0004_Position(109)
57,3420,saved,saved,reconstructed_from_saved_mask,MD-Experiment-0004_Position(109)_t173.png,577213.825024,137618.5,1463.7514305114746,0.9710625566700419,0.8071458513073546,62010.687487999996,9.308295850383848,428.6407201224586,MD-Experiment-0004_Position(109)
58,3480,saved,saved,reconstructed_from_saved_mask,MD-Experiment-0004_Position(109)_t176.png,591331.8522879999,140984.5,1473.6092958450317,0.971831034458989,0.8158616652544262,62010.687487999996,9.535966721904698,433.8510972656902,MD-Experiment-0004_Position(109)
59,3540,saved,saved,reconstructed_from_saved_mask,MD-Experiment-0004_Position(109)_t179.png,602641.793024,143681.0,1484.3960914611816,0.9713294844580251,0.8194257394368095,62010.687487999996,9.718353681220197,437.9804111453673,MD-Experiment-0004_Position(109)
60,3600,saved,saved,reconstructed_from_saved_mask,MD-Experiment-0004_Position(109)_t182.png,612750.065664,146091.0,1511.9940695762634,0.9650423099026971,0.8030325520438722,62010.687487999996,9.881362237478442,441.6383176996966,MD-Experiment-0004_Position(109)
61,3660,saved,saved,reconstructed_from_saved_mask,MD-Experiment-0004_Position(109)_t185.png,622808.0066559999,148489.0,1523.1656423807144,0.9651982865648746,0.8042848288762664,62010.687487999996,10.043559132875647,445.24818440171646,MD-Experiment-0004_Position(109)
62,3720,saved,saved,reconstructed_from_saved_mask,MD-Experiment-0004_Position(109)_t188.png,632903.696384,150896.0,1553.592049241066,0.9636190634319541,0.7856219546203034,62010.687487999996,10.206364773918631,448.84240392513215,MD-Experiment-0004_Position(109)
63,3780,saved,saved,reconstructed_from_saved_mask,MD-Experiment-0004_Position(109)_t191.png,643316.056064,153378.5,1556.3788483142853,0.9669038035409778,0.7956896523389437,62010.687487999996,10.37427711454564,452.51945879258824,MD-Experiment-0004_Position(109)
64,3840,saved,saved,reconstructed_from_saved_mask,MD-Experiment-0004_Position(109)_t194.png,655829.762048,156362.0,1576.9646319150925,0.9685665881012039,0.7901274947851994,62010.687487999996,10.576076296120938,456.8994385129417,MD-Experiment-0004_Position(109)
65,3900,saved,saved,reconstructed_from_saved_mask,MD-Experiment-0004_Position(109)_t197.png,666835.615744,158986.0,1597.8763208389282,0.965831462756021,0.7824965384845528,62010.687487999996,10.753559471067673,460.7172331818841,MD-Experiment-0004_Position(109)
66,3960,saved,saved,reconstructed_from_saved_mask,MD-Experiment-0004_Position(109)_t200.png,674884.48512,160905.0,1627.6753089427948,0.9607215039093403,0.763209649608405,62010.687487999996,10.883357570428489,463.4893781369249,MD-Experiment-0004_Position(109)
67,4020,saved,saved,reconstructed_from_saved_mask,MD-Experiment-0004_Position(109)_t203.png,687482.0771839999,163908.5,1643.7169411182404,0.9580810147299509,0.7623550427319224,62010.687487999996,11.086509520105515,467.79519208926786,MD-Experiment-0004_Position(109)
68,4080,saved,saved,reconstructed_from_saved_mask,MD-Experiment-0004_Position(109)_t206.png,698485.8337279999,166532.0,1643.8174457550049,0.9574106013567897,0.7744624955737469,62010.687487999996,11.263958875849708,471.52406750339884,MD-Experiment-0004_Position(109)
69,4140,saved,saved,reconstructed_from_saved_mask,MD-Experiment-0004_Position(109)_t209.png,709655.2652799999,169195.0,1662.302726984024,0.9568148208888122,0.769444242130739,62010.687487999996,11.444079948594812,475.27916714390557,MD-Experiment-0004_Position(109)
70,4200,saved,saved,reconstructed_from_saved_mask,MD-Experiment-0004_Position(109)_t212.png,718322.7944959999,171261.5,1648.6875032186508,0.9639710124533878,0.7917588297782329,62010.687487999996,11.583854712705874,478.17282122601256,MD-Experiment-0004_Position(109)
71,4260,saved,saved,reconstructed_from_saved_mask,MD-Experiment-0004_Position(109)_t215.png,730599.522304,174188.5,1653.515928864479,0.9647713363131338,0.8005944542185841,62010.687487999996,11.781832324393791,482.2416933349066,MD-Experiment-0004_Position(109)
72,4320,saved,saved,reconstructed_from_saved_mask,MD-Experiment-0004_Position(109)_t218.png,743492.8128,177262.5,1660.6875005960464,0.9696251138442856,0.8077015201567397,62010.687487999996,11.98975278162941,486.47827558980924,MD-Experiment-0004_Position(109)
73,4380,saved,saved,reconstructed_from_saved_mask,MD-Experiment-0004_Position(109)_t221.png,764072.165376,182169.0,1677.9007061719894,0.9719515968969087,0.8131147226464659,62010.687487999996,12.321620616185871,493.16500686589376,MD-Experiment-0004_Position(109)
74,4440,saved,saved,reconstructed_from_saved_mask,MD-Experiment-0004_Position(109)_t224.png,771567.3866239999,183956.0,1683.758569598198,0.9695263995615006,0.8153877515787522,62010.687487999996,12.442490446075281,495.5779726939145,MD-Experiment-0004_Position(109)
75,4500,saved,saved,reconstructed_from_saved_mask,MD-Experiment-0004_Position(109)_t227.png,777867.2312319999,185458.0,1688.9301421642303,0.9710681812826762,0.8170188242468429,62010.687487999996,12.544083330515067,497.5970556982409,MD-Experiment-0004_Position(109)
76,4560,saved,saved,reconstructed_from_saved_mask,MD-Experiment-0004_Position(109)_t230.png,786281.005056,187464.0,1699.0722776651382,0.9698286565681649,0.8160260739140974,62010.687487999996,12.679765971118401,500.28093830152267,MD-Experiment-0004_Position(109)
77,4620,saved,saved,reconstructed_from_saved_mask,MD-Experiment-0004_Position(109)_t233.png,793818.1693439999,189261.0,1708.9301451444626,0.968904702178309,0.8143711371752103,62010.687487999996,12.801312185058675,502.6730260661633,MD-Experiment-0004_Position(109)
78,4680,saved,saved,reconstructed_from_saved_mask,MD-Experiment-0004_Position(109)_t236.png,798182.3426559999,190301.5,1726.9717732667923,0.9701464384486955,0.8018287001494996,62010.687487999996,12.871689945551084,504.05290460897334,MD-Experiment-0004_Position(109)
79,4740,saved,saved,reconstructed_from_saved_mask,MD-Experiment-0004_Position(109)_t239.png,804463.312896,191799.0,1728.2438504695892,0.9719437202125315,0.8069491381516503,62010.687487999996,12.972978457167981,506.0322376755862,MD-Experiment-0004_Position(109)
80,4800,saved,saved,reconstructed_from_saved_mask,MD-Experiment-0004_Position(109)_t242.png,813351.0430719999,193918.0,1741.4154218435287,0.9694421600705893,0.8035690753128734,62010.687487999996,13.116304237546078,508.8198875316449,MD-Experiment-0004_Position(109)
81,4860,saved,saved,reconstructed_from_saved_mask,MD-Experiment-0004_Position(109)_t245.png,819298.5661439999,195336.0,1764.2438523769379,0.9654613392380538,0.7886329685376895,62010.687487999996,13.212215495958604,510.6768384603315,MD-Experiment-0004_Position(109)
82,4920,saved,saved,reconstructed_from_saved_mask,MD-Experiment-0004_Position(109)_t248.png,829167.763456,197689.0,1768.5869953632355,0.9669638970275334,0.7942176131005981,62010.687487999996,13.371368663126924,513.7434149582334,MD-Experiment-0004_Position(109)
0,0,saved,saved,reconstructed_from_saved_mask,MD-Experiment-0004_Position(110)_t002.png,107911.05331199999,25728.0,632.014280796051,0.9769508258970951,0.8093979646146218,107911.05331199999,1.0,185.3352505534651,MD-Experiment-0004_Position(110)
1,60,saved,saved,reconstructed_from_saved_mask,MD-Experiment-0004_Position(110)_t005.png,159912.034304,38126.0,777.695519566536,0.964494870919187,0.7921581846173108,107911.05331199999,1.4818874378109455,225.61378822830105,MD-Experiment-0004_Position(110)
2,120,saved,saved,reconstructed_from_saved_mask,MD-Experiment-0004_Position(110)_t008.png,184861.85164799998,44074.5,835.5950137376785,0.970793273201837,0.7932417769185821,107911.05331199999,1.713094682835821,242.57649300334043,MD-Experiment-0004_Position(110)
3,180,saved,saved,reconstructed_from_saved_mask,MD-Experiment-0004_Position(110)_t011.png,207867.609088,49559.5,945.0508576631546,0.9620775338264127,0.6973108439905984,107911.05331199999,1.926286536069652,257.2281380216752,MD-Experiment-0004_Position(110)
4,240,saved,saved,reconstructed_from_saved_mask,MD-Experiment-0004_Position(110)_t014.png,226978.955264,54116.0,1092.2051861286163,0.95486466457282,0.5700685516195183,107911.05331199999,2.103389303482587,268.79294152972017,MD-Experiment-0004_Position(110)
5,300,saved,saved,reconstructed_from_saved_mask,MD-Experiment-0004_Position(110)_t017.png,248076.304384,59146.0,1017.2346222400665,0.9676395523853151,0.7182786809971988,107911.05331199999,2.298896144278607,281.0073668311321,MD-Experiment-0004_Position(110)
6,360,saved,saved,reconstructed_from_saved_mask,MD-Experiment-0004_Position(110)_t020.png,266774.511616,63604.0,1013.7787791490555,0.9684069489486746,0.7776924820286777,107911.05331199999,2.47217039800995,291.4051551177935,MD-Experiment-0004_Position(110)
7,420,saved,saved,reconstructed_from_saved_mask,MD-Experiment-0004_Position(110)_t023.png,283000.17663999996,67472.5,1057.2762533426285,0.9701921763449828,0.7585072043141813,107911.05331199999,2.6225318718905473,300.1362257646868,MD-Experiment-0004_Position(110)
8,480,saved,saved,reconstructed_from_saved_mask,MD-Experiment-0004_Position(110)_t026.png,300955.992064,71753.5,1069.70266020298,0.9699564723694171,0.7880010611679921,107911.05331199999,2.788926461442786,309.5113367555729,MD-Experiment-0004_Position(110)
9,540,saved,saved,reconstructed_from_saved_mask,MD-Experiment-0004_Position(110)_t029.png,312549.04832,74517.5,1145.3595130443573,0.9614044820601478,0.7138130535324109,107911.05331199999,2.8963580534825875,315.4163153636655,MD-Experiment-0004_Position(110)
10,600,saved,saved,reconstructed_from_saved_mask,MD-Experiment-0004_Position(110)_t032.png,330865.573888,78884.5,1127.1585029363632,0.9682703342968841,0.780246012847312,107911.05331199999,3.0660953047263684,324.527014540275,MD-Experiment-0004_Position(110)
11,660,saved,saved,reconstructed_from_saved_mask,MD-Experiment-0004_Position(110)_t035.png,360269.74208,85895.0,1259.7686738967896,0.9429012091573222,0.6801365882832889,107911.05331199999,3.338580534825871,338.640547774404,MD-Experiment-0004_Position(110)
12,720,saved,saved,reconstructed_from_saved_mask,MD-Experiment-0004_Position(110)_t038.png,372252.868608,88752.0,1200.8569875955582,0.9720920043811611,0.7734022541846011,107911.05331199999,3.4496268656716422,344.2263328657499,MD-Experiment-0004_Position(110)
13,780,saved,saved,reconstructed_from_saved_mask,MD-Experiment-0004_Position(110)_t041.png,384301.006848,91624.5,1188.9574939012527,0.9752838051444173,0.8144957539073139,107911.05331199999,3.561275652985075,349.7524978468389,MD-Experiment-0004_Position(110)
14,840,saved,saved,reconstructed_from_saved_mask,MD-Experiment-0004_Position(110)_t044.png,399236.92339199997,95185.5,1248.4722125530243,0.9693962246856875,0.7674019497970835,107911.05331199999,3.699685167910448,356.4843049073469,MD-Experiment-0004_Position(110)
15,900,saved,saved,reconstructed_from_saved_mask,MD-Experiment-0004_Position(110)_t047.png,415523.40582399996,99068.5,1255.5849097967148,0.9714264702277352,0.7896838866049969,107911.05331199999,3.8506102300995027,363.68283986811707,MD-Experiment-0004_Position(110)
16,960,saved,saved,reconstructed_from_saved_mask,MD-Experiment-0004_Position(110)_t050.png,425665.232896,101486.5,1261.099627494812,0.9782727093083222,0.8018983951343868,107911.05331199999,3.9445934390547266,368.0943518114921,MD-Experiment-0004_Position(110)
17,1020,saved,saved,reconstructed_from_saved_mask,MD-Experiment-0004_Position(110)_t053.png,439422.550016,104766.5,1272.7564812898636,0.9775456504903287,0.812721342782361,107911.05331199999,4.072081001243782,373.995376819265,MD-Experiment-0004_Position(110)
18,1080,saved,saved,reconstructed_from_saved_mask,MD-Experiment-0004_Position(110)_t056.png,448935.23148799996,107034.5,1298.4133359193802,0.9760889687341836,0.7978251338758164,107911.05331199999,4.160233986318408,378.02185444606107,MD-Experiment-0004_Position(110)
19,1140,saved,saved,reconstructed_from_saved_mask,MD-Experiment-0004_Position(110)_t059.png,462858.223616,110354.0,1311.8275485038757,0.9756214001228876,0.8058318894984485,107911.05331199999,4.28925684079602,383.83896164725184,MD-Experiment-0004_Position(110)
20,1200,saved,saved,reconstructed_from_saved_mask,MD-Experiment-0004_Position(110)_t062.png,476435.185664,113591.0,1329.9696851968765,0.9786126893735435,0.8069939949078532,107911.05331199999,4.415073072139304,389.4278235086202,MD-Experiment-0004_Position(110)
21,1260,saved,saved,reconstructed_from_saved_mask,MD-Experiment-0004_Position(110)_t065.png,487399.09631999995,116205.0,1367.6265400648117,0.9768491665195571,0.7807277909105672,107911.05331199999,4.516674440298507,393.8831690688263,MD-Experiment-0004_Position(110)
22,1320,saved,saved,reconstructed_from_saved_mask,MD-Experiment-0004_Position(110)_t068.png,497991.81107199995,118730.5,1406.9818764925003,0.9710914816177975,0.75369416701852,107911.05331199999,4.614835976368159,398.1403228797456,MD-Experiment-0004_Position(110)
23,1380,saved,saved,reconstructed_from_saved_mask,MD-Experiment-0004_Position(110)_t071.png,510329.35628799995,121672.0,1418.5971013307571,0.9743347453894632,0.759770408554592,107911.05331199999,4.729166666666667,403.04203169927627,MD-Experiment-0004_Position(110)
24,1440,saved,saved,reconstructed_from_saved_mask,MD-Experiment-0004_Position(110)_t074.png,523027.61164799996,124699.5,1413.6681681871414,0.9768936693589453,0.7841147403149525,107911.05331199999,4.846840018656716,408.0255623544372,MD-Experiment-0004_Position(110)
25,1500,saved,saved,reconstructed_from_saved_mask,MD-Experiment-0004_Position(110)_t077.png,533637.1036159999,127229.0,1453.4255278110504,0.9778684713143261,0.7568510365876374,107911.05331199999,4.945157027363184,412.1431374115753,MD-Experiment-0004_Position(110)
26,1560,saved,saved,reconstructed_from_saved_mask,MD-Experiment-0004_Position(110)_t080.png,543848.136704,129663.5,1462.2955847978592,0.9750344967608764,0.7620040277809016,107911.05331199999,5.039781560945274,416.0675888548841,MD-Experiment-0004_Position(110)
27,1620,saved,saved,reconstructed_from_saved_mask,MD-Experiment-0004_Position(110)_t083.png,559373.3529599999,133365.0,1459.8519349098206,0.97749486020867,0.7863829951593533,107911.05331199999,5.183652052238806,421.9645344278864,MD-Experiment-0004_Position(110)
28,1680,saved,saved,reconstructed_from_saved_mask,MD-Experiment-0004_Position(110)_t086.png,567212.507136,135234.0,1480.0529463291168,0.9788606234324615,0.775784778860963,107911.05331199999,5.256296641791045,424.910989018268,MD-Experiment-0004_Position(110)
29,1740,saved,saved,reconstructed_from_saved_mask,MD-Experiment-0004_Position(110)_t089.png,571780.104192,136323.0,1536.0529445409775,0.9717124701068846,0.7260501651084246,107911.05331199999,5.298624067164179,426.6184007840162,MD-Experiment-0004_Position(110)
30,1800,saved,saved,reconstructed_from_saved_mask,MD-Experiment-0004_Position(110)_t092.png,593942.8065279999,141607.0,1494.3372164964676,0.978367809421161,0.796888135397488,107911.05331199999,5.50400342039801,434.807850832536,MD-Experiment-0004_Position(110)
31,1860,saved,saved,reconstructed_from_saved_mask,MD-Experiment-0004_Position(110)_t095.png,608132.1369599999,144990.0,1500.278341293335,0.9796952599749992,0.8094764802095018,107911.05331199999,5.635494402985074,439.9709891577432,MD-Experiment-0004_Position(110)
32,1920,saved,saved,reconstructed_from_saved_mask,MD-Experiment-0004_Position(110)_t098.png,615851.753472,146830.5,1538.7219935655594,0.9796798686914516,0.7793020505164744,107911.05331199999,5.707031250000001,442.75467423140805,MD-Experiment-0004_Position(110)
33,1980,saved,saved,reconstructed_from_saved_mask,MD-Experiment-0004_Position(110)_t101.png,635971.82976,151627.5,1523.4915426969528,0.9818621562729678,0.8209330553520549,107911.05331199999,5.893481809701493,449.92901745386763,MD-Experiment-0004_Position(110)
34,2040,saved,saved,reconstructed_from_saved_mask,MD-Experiment-0004_Position(110)_t104.png,648386.9696,154587.5,1551.2905323505402,0.9828027401179331,0.8072312270904305,107911.05331199999,6.008531560945274,454.2994414441085,MD-Experiment-0004_Position(110)
35,2100,saved,saved,reconstructed_from_saved_mask,MD-Experiment-0004_Position(110)_t107.png,662131.703808,157864.5,1560.8052504062653,0.9832026980315953,0.8143233871616581,107911.05331199999,6.135902518656716,459.08938920193293,MD-Experiment-0004_Position(110)
36,2160,saved,saved,reconstructed_from_saved_mask,MD-Experiment-0004_Position(110)_t110.png,675882.7294719999,161143.0,1589.8174450397491,0.9792712422669761,0.8011738991756414,107911.05331199999,6.263331778606965,463.8320328435953,MD-Experiment-0004_Position(110)
0,0,saved,saved,reconstructed_from_saved_mask,MD-Experiment-0004_Position(118)_t002.png,81111.54790399999,19338.5,538.4579306840897,0.9828471233990649,0.8381641729183221,81111.54790399999,1.0,160.68169647322412,MD-Experiment-0004_Position(118)
1,60,saved,saved,reconstructed_from_saved_mask,MD-Experiment-0004_Position(118)_t005.png,109536.346112,26115.5,618.9432116746902,0.9851374035723043,0.8566562759097212,81111.54790399999,1.35044083046772,186.72573969300274,MD-Experiment-0004_Position(118)
2,120,saved,saved,reconstructed_from_saved_mask,MD-Experiment-0004_Position(118)_t008.png,129643.839488,30909.5,685.3696181774139,0.9764954902301484,0.8268983905152787,81111.54790399999,1.5983400987667091,203.1425996482641,MD-Experiment-0004_Position(118)
3,180,saved,saved,reconstructed_from_saved_mask,MD-Experiment-0004_Position(118)_t011.png,144789.47123199998,34520.5,717.8548984527588,0.9833499501495514,0.8418090783544381,81111.54790399999,1.7850660599322594,214.68097286082238,MD-Experiment-0004_Position(118)
4,240,saved,saved,reconstructed_from_saved_mask,MD-Experiment-0004_Position(118)_t014.png,158502.74816,37790.0,748.7249567508698,0.9816476822568285,0.8471145419547897,81111.54790399999,1.9541329472296198,224.61743415556066,MD-Experiment-0004_Position(118)
5,300,saved,saved,reconstructed_from_saved_mask,MD-Experiment-0004_Position(118)_t017.png,172304.105472,41080.5,782.482316493988,0.9810854379365932,0.8431338422964593,81111.54790399999,2.1242857512216564,234.19244266583877,MD-Experiment-0004_Position(118)
6,360,saved,saved,reconstructed_from_saved_mask,MD-Experiment-0004_Position(118)_t020.png,186801.717248,44537.0,808.867093205452,0.9829939855432324,0.8554142655890655,81111.54790399999,2.3030224681335163,243.84592134408877,MD-Experiment-0004_Position(118)
7,420,saved,saved,reconstructed_from_saved_mask,MD-Experiment-0004_Position(118)_t023.png,198885.50707199998,47418.0,842.8670933246613,0.9804399966917542,0.8387545689202941,81111.54790399999,2.4519998965793626,251.6092667603755,MD-Experiment-0004_Position(118)
8,480,saved,saved,reconstructed_from_saved_mask,MD-Experiment-0004_Position(118)_t026.png,211191.595008,50352.0,861.0092269182205,0.9857671450106698,0.8535146472553536,81111.54790399999,2.6037179719212973,259.2766332895614,MD-Experiment-0004_Position(118)
9,540,saved,saved,reconstructed_from_saved_mask,MD-Experiment-0004_Position(118)_t029.png,221088.05529599998,52711.5,875.5361398458481,0.9876801139238135,0.8641061266746581,81111.54790399999,2.725728469116012,265.2819513609348,MD-Experiment-0004_Position(118)
10,600,saved,saved,reconstructed_from_saved_mask,MD-Experiment-0004_Position(118)_t032.png,229413.74873599998,54696.5,894.9919834136963,0.984653189076311,0.8580865809795426,81111.54790399999,2.828373451922331,270.23076110826634,MD-Experiment-0004_Position(118)
11,660,saved,saved,reconstructed_from_saved_mask,MD-Experiment-0004_Position(118)_t035.png,238542.651392,56873.0,921.8620402812958,0.9826358892843567,0.8409770358997716,81111.54790399999,2.9409209607777234,275.5548660694766,MD-Experiment-0004_Position(118)
12,720,saved,saved,reconstructed_from_saved_mask,MD-Experiment-0004_Position(118)_t038.png,246018.998272,58655.5,931.9625449180603,0.9823725463924432,0.8486364629744965,81111.54790399999,3.0330946040282343,279.83973867020836,MD-Experiment-0004_Position(118)
13,780,saved,saved,reconstructed_from_saved_mask,MD-Experiment-0004_Position(118)_t041.png,252941.697024,60306.0,953.0336128473282,0.980091336074499,0.8343609137191657,81111.54790399999,3.1184424851979213,283.74961284703863,MD-Experiment-0004_Position(118)
14,840,saved,saved,reconstructed_from_saved_mask,MD-Experiment-0004_Position(118)_t044.png,265476.374528,63294.5,968.5899615287781,0.9798972024832412,0.8478048761517089,81111.54790399999,3.2729787729141355,290.69529504361276,MD-Experiment-0004_Position(118)
15,900,saved,saved,reconstructed_from_saved_mask,MD-Experiment-0004_Position(118)_t047.png,274290.704384,65396.0,984.1463109254837,0.9807144356797937,0.8484801986547081,81111.54790399999,3.3816480078599684,295.48171329837453,MD-Experiment-0004_Position(118)
16,960,saved,saved,reconstructed_from_saved_mask,MD-Experiment-0004_Position(118)_t050.png,282272.464896,67299.0,997.8031656742096,0.9798565864667128,0.8494322001766688,81111.54790399999,3.48005274452517,299.7500895310355,MD-Experiment-0004_Position(118)
17,1020,saved,saved,reconstructed_from_saved_mask,MD-Experiment-0004_Position(118)_t053.png,289587.331072,69043.0,1012.0874351263046,0.9809473744032735,0.8470195830869667,81111.54790399999,3.5702355405021073,303.6091408271431,MD-Experiment-0004_Position(118)
18,1080,saved,saved,reconstructed_from_saved_mask,MD-Experiment-0004_Position(118)_t056.png,292974.231552,69850.5,1021.2173804044724,0.9794986853637161,0.8416722100213927,81111.54790399999,3.6119916229283553,305.3794267793766,MD-Experiment-0004_Position(118)
19,1140,saved,saved,reconstructed_from_saved_mask,MD-Experiment-0004_Position(118)_t059.png,299731.255296,71461.5,1038.673220872879,0.9779935540820726,0.8323847643269474,81111.54790399999,3.6952969465056755,308.88091841192534,MD-Experiment-0004_Position(118)
20,1200,saved,saved,reconstructed_from_saved_mask,MD-Experiment-0004_Position(118)_t062.png,307727.695872,73368.0,1043.9452992677689,0.9810589092659575,0.8459818747448034,81111.54790399999,3.7938826692866567,312.9740689715627,MD-Experiment-0004_Position(118)
21,1260,saved,saved,reconstructed_from_saved_mask,MD-Experiment-0004_Position(118)_t065.png,320226.721792,76348.0,1066.5727174282074,0.9807190843813023,0.8433863894298702,81111.54790399999,3.9479794192931204,319.2668654380218,MD-Experiment-0004_Position(118)
22,1320,saved,saved,reconstructed_from_saved_mask,MD-Experiment-0004_Position(118)_t068.png,328697.11871999997,78367.5,1081.1585040092468,0.9823689422618899,0.8424945870468212,81111.54790399999,4.052408408097836,323.46180987668873,MD-Experiment-0004_Position(118)
23,1380,saved,saved,reconstructed_from_saved_mask,MD-Experiment-0004_Position(118)_t071.png,338719.408128,80757.0,1100.7148500680923,0.9823138022892314,0.8376071767549568,81111.54790399999,4.175970214856375,328.3561119416915,MD-Experiment-0004_Position(118)
24,1440,saved,saved,reconstructed_from_saved_mask,MD-Experiment-0004_Position(118)_t074.png,345719.701504,82426.0,1111.401142835617,0.9831638586551364,0.838556656454409,81111.54790399999,4.262274736923754,331.73181764375926,MD-Experiment-0004_Position(118)
25,1500,saved,saved,reconstructed_from_saved_mask,MD-Experiment-0004_Position(118)_t077.png,353544.17561599996,84291.5,1116.9574924707413,0.9842883333138713,0.8490247586079329,81111.54790399999,4.358740336634176,335.46476163864224,MD-Experiment-0004_Position(118)
26,1560,saved,saved,reconstructed_from_saved_mask,MD-Experiment-0004_Position(118)_t080.png,360886.304768,86042.0,1132.8569872379303,0.9819343794579173,0.84250053534925,81111.54790399999,4.449259249683275,338.93019723239604,MD-Experiment-0004_Position(118)
27,1620,saved,saved,reconstructed_from_saved_mask,MD-Experiment-0004_Position(118)_t083.png,368920.49408,87957.5,1139.7859185934067,0.9849774353576188,0.850817015138873,81111.54790399999,4.5483103653334025,342.6821274614021,MD-Experiment-0004_Position(118)
28,1680,saved,saved,reconstructed_from_saved_mask,MD-Experiment-0004_Position(118)_t086.png,377778.864128,90069.5,1157.2417662143707,0.9827496849444357,0.8451609390368902,81111.54790399999,4.6575225586265745,346.7718951172736,MD-Experiment-0004_Position(118)
29,1740,saved,saved,reconstructed_from_saved_mask,MD-Experiment-0004_Position(118)_t089.png,385032.91289599997,91799.0,1165.6854147911072,0.9829902288850221,0.8489558185083033,81111.54790399999,4.746955554980996,350.0853934127203,MD-Experiment-0004_Position(118)
30,1800,saved,saved,reconstructed_from_saved_mask,MD-Experiment-0004_Position(118)_t092.png,391865.434112,93428.0,1179.6854141950607,0.9813350139173362,0.8436348202676961,81111.54790399999,4.831191664296611,353.17791795574146,MD-Experiment-0004_Position(118)
31,1860,saved,saved,reconstructed_from_saved_mask,MD-Experiment-0004_Position(118)_t095.png,400046.42406399996,95378.5,1194.8153564929962,0.980221575902079,0.8395735740912474,81111.54790399999,4.932052641104533,356.8455292028251,MD-Experiment-0004_Position(118)
32,1920,saved,saved,reconstructed_from_saved_mask,MD-Experiment-0004_Position(118)_t098.png,407946.395648,97262.0,1203.141260266304,0.9790622294699121,0.8443447715773373,81111.54790399999,5.029449026553249,360.35173201720914,MD-Experiment-0004_Position(118)
33,1980,saved,saved,reconstructed_from_saved_mask,MD-Experiment-0004_Position(118)_t101.png,422425.133056,100714.0,1222.7148531675339,0.9812210460681109,0.8465436046726765,81111.54790399999,5.207953047030536,366.6907362127219,MD-Experiment-0004_Position(118)
34,2040,saved,saved,reconstructed_from_saved_mask,MD-Experiment-0004_Position(118)_t104.png,430369.14483199996,102608.0,1245.2001345157623,0.9773214336740039,0.8315967219776798,81111.54790399999,5.30589239082659,370.12261955801785,MD-Experiment-0004_Position(118)
35,2100,saved,saved,reconstructed_from_saved_mask,MD-Experiment-0004_Position(118)_t107.png,439128.948736,104696.5,1248.756483912468,0.9795338872048202,0.843697019797208,81111.54790399999,5.4138893916281,373.87041296706514,MD-Experiment-0004_Position(118)
36,2160,saved,saved,reconstructed_from_saved_mask,MD-Experiment-0004_Position(118)_t110.png,448868.12262399995,107018.5,1257.7859209775925,0.9826324488109448,0.8500711265654317,81111.54790399999,5.533960751868035,377.99359918387137,MD-Experiment-0004_Position(118)
37,2220,saved,saved,reconstructed_from_saved_mask,MD-Experiment-0004_Position(118)_t113.png,455914.55334399996,108698.5,1272.2712005376816,0.9838214796444799,0.8438670354328899,81111.54790399999,5.620834087442149,380.94895929043093,MD-Experiment-0004_Position(118)
38,2280,saved,saved,reconstructed_from_saved_mask,MD-Experiment-0004_Position(118)_t116.png,462881.292288,110359.5,1276.4133365154266,0.9835655750489066,0.8512104011151728,81111.54790399999,5.7067249269591755,383.84852671958924,MD-Experiment-0004_Position(118)
39,2340,saved,saved,reconstructed_from_saved_mask,MD-Experiment-0004_Position(118)_t119.png,475342.569472,113330.5,1286.070191502571,0.9853755026627541,0.8610479245901675,81111.54790399999,5.8603562840964925,388.98102676987077,MD-Experiment-0004_Position(118)
40,2400,saved,saved,reconstructed_from_saved_mask,MD-Experiment-0004_Position(118)_t122.png,483200.598016,115204.0,1302.5971034765244,0.9847421552453649,0.8532124937493131,81111.54790399999,5.957235566357268,392.18302788164175,MD-Experiment-0004_Position(118)
41,2460,saved,saved,reconstructed_from_saved_mask,MD-Experiment-0004_Position(118)_t125.png,493726.203904,117713.5,1326.0113152265549,0.9823128854322265,0.841282154807827,81111.54790399999,6.0870026113710995,396.4314969457362,MD-Experiment-0004_Position(118)
42,2520,saved,saved,reconstructed_from_saved_mask,MD-Experiment-0004_Position(118)_t128.png,506539.802624,120768.5,1337.6681679487228,0.9830725774941391,0.8481384483388804,81111.54790399999,6.244977635287122,401.5428083290812,MD-Experiment-0004_Position(118)
43,2580,saved,saved,reconstructed_from_saved_mask,MD-Experiment-0004_Position(118)_t131.png,517830.868992,123460.5,1351.325024485588,0.9847062483051253,0.8496073421958302,81111.54790399999,6.384181813480881,405.99345434538344,MD-Experiment-0004_Position(118)
44,2640,saved,saved,reconstructed_from_saved_mask,MD-Experiment-0004_Position(118)_t134.png,526869.594112,125615.5,1362.0113149881363,0.9851886999623541,0.8509257465279398,81111.54790399999,6.495617550482199,409.5214286645947,MD-Experiment-0004_Position(118)
45,2700,saved,saved,reconstructed_from_saved_mask,MD-Experiment-0004_Position(118)_t137.png,537558.777856,128164.0,1384.1950818300247,0.9821748793010958,0.8405843763619208,81111.54790399999,6.627401297929002,413.65477562387815,MD-Experiment-0004_Position(118)
46,2760,saved,saved,reconstructed_from_saved_mask,MD-Experiment-0004_Position(118)_t140.png,547715.284992,130585.5,1402.0945754051208,0.9819861483971395,0.8347380340529706,81111.54790399999,6.7526178348889525,417.5442372095752,MD-Experiment-0004_Position(118)
47,2820,saved,saved,reconstructed_from_saved_mask,MD-Experiment-0004_Position(118)_t143.png,561510.350848,133874.5,1417.3250232934952,0.9814846041055718,0.8374691469993274,81111.54790399999,6.922693073402798,422.7697906301339,MD-Experiment-0004_Position(118)
48,2880,saved,saved,reconstructed_from_saved_mask,MD-Experiment-0004_Position(118)_t146.png,574743.379968,137029.5,1434.9818757772446,0.9812141522201456,0.8362403234889674,81111.54790399999,7.0858391291982326,427.7224565796157,MD-Experiment-0004_Position(118)
49,2940,saved,saved,reconstructed_from_saved_mask,MD-Experiment-0004_Position(118)_t149.png,584610.480128,139382.0,1446.6803612709045,0.9813180507689979,0.8368957917991231,81111.54790399999,7.207487654161389,431.37836685605237,MD-Experiment-0004_Position(118)
50,3000,saved,saved,reconstructed_from_saved_mask,MD-Experiment-0004_Position(118)_t152.png,596734.11584,142272.5,1475.2072705030441,0.9770154409265243,0.8215324808082015,81111.54790399999,7.356956330635779,435.82837045678355,MD-Experiment-0004_Position(118)
51,3060,saved,saved,reconstructed_from_saved_mask,MD-Experiment-0004_Position(118)_t155.png,609275.0848,145262.5,1491.2072740793228,0.9788578167115903,0.8208945100704891,81111.54790399999,7.511570183830184,440.38424460612504,MD-Experiment-0004_Position(118)
52,3120,saved,saved,reconstructed_from_saved_mask,MD-Experiment-0004_Position(118)_t158.png,622275.330048,148362.0,1492.964632511139,0.979232188293066,0.8364375166123408,81111.54790399999,7.671846316932545,445.0577372460338,MD-Experiment-0004_Position(118)
53,3180,saved,saved,reconstructed_from_saved_mask,MD-Experiment-0004_Position(118)_t161.png,633060.982784,150933.5,1503.8935673236847,0.9811899081435639,0.8386124461409153,81111.54790399999,7.804819401711613,448.89817261532005,MD-Experiment-0004_Position(118)
54,3240,saved,saved,reconstructed_from_saved_mask,MD-Experiment-0004_Position(118)_t164.png,647858.487296,154461.5,1527.692554116249,0.9802660388015562,0.8316836967774871,81111.54790399999,7.987253406417252,454.1142602411783,MD-Experiment-0004_Position(118)
55,3300,saved,saved,reconstructed_from_saved_mask,MD-Experiment-0004_Position(118)_t167.png,657952.0798719999,156868.0,1541.5920493602753,0.9800452324724169,0.8294788175739649,81111.54790399999,8.111694288595288,457.6381230387659,MD-Experiment-0004_Position(118)
56,3360,saved,saved,reconstructed_from_saved_mask,MD-Experiment-0004_Position(118)_t170.png,668312.0107519999,159338.0,1545.5920495986938,0.9809550487436243,0.8381842105028124,81111.54790399999,8.239418776016754,461.2269724091701,MD-Experiment-0004_Position(118)
57,3420,saved,saved,reconstructed_from_saved_mask,MD-Experiment-0004_Position(118)_t173.png,680427.257856,162226.5,1561.9179513454437,0.9808191101518147,0.8356323216233945,81111.54790399999,8.388784031853557,465.38878693463613,MD-Experiment-0004_Position(118)
58,3480,saved,saved,reconstructed_from_saved_mask,MD-Experiment-0004_Position(118)_t176.png,690093.0314239999,164531.0,1570.8468815088272,0.9797419208851149,0.8378955673908467,81111.54790399999,8.507950461514595,468.68265840417064,MD-Experiment-0004_Position(118)
59,3540,saved,saved,reconstructed_from_saved_mask,MD-Experiment-0004_Position(118)_t179.png,704559.18592,167980.0,1581.8763219118118,0.9813148263362513,0.8435724544680328,81111.54790399999,8.6862993510355,473.56958757920614,MD-Experiment-0004_Position(118)
60,3600,saved,saved,reconstructed_from_saved_mask,MD-Experiment-0004_Position(118)_t182.png,718123.565056,171214.0,1601.474299788475,0.9822469931185226,0.8388980608687202,81111.54790399999,8.853530522015669,478.10650514176587,MD-Experiment-0004_Position(118)
61,3660,saved,saved,reconstructed_from_saved_mask,MD-Experiment-0004_Position(118)_t185.png,731364.982784,174371.0,1616.3027299642563,0.9820785906180126,0.8387619279669349,81111.54790399999,9.01677999844869,482.494253259855,MD-Experiment-0004_Position(118)
62,3720,saved,saved,reconstructed_from_saved_mask,MD-Experiment-0004_Position(118)_t188.png,744589.623296,177524.0,1632.302726507187,0.9806222104379336,0.8372699931752593,81111.54790399999,9.179822633606536,486.8369729642371,MD-Experiment-0004_Position(118)
63,3780,saved,saved,reconstructed_from_saved_mask,MD-Experiment-0004_Position(118)_t191.png,756543.3896959999,180374.0,1655.9595810174942,0.9791679672550302,0.8265789400135009,81111.54790399999,9.327197042169765,490.7292942827368,MD-Experiment-0004_Position(118)
64,3840,saved,saved,reconstructed_from_saved_mask,MD-Experiment-0004_Position(118)_t194.png,772945.215488,184284.5,1661.1727854013443,0.9803644623900455,0.8392069223590946,81111.54790399999,9.529410243814153,496.02026527984805,MD-Experiment-0004_Position(118)
65,3900,saved,saved,reconstructed_from_saved_mask,MD-Experiment-0004_Position(118)_t197.png,786488.623104,187513.5,1683.6580661535263,0.9804678717274339,0.8312556563568779,81111.54790399999,9.696382863200352,500.34698370738727,MD-Experiment-0004_Position(118)
66,3960,saved,saved,reconstructed_from_saved_mask,MD-Experiment-0004_Position(118)_t200.png,802915.61472,191430.0,1698.0428392887115,0.9808522957262242,0.8343006423625734,81111.54790399999,9.898906326757505,505.54522837893694,MD-Experiment-0004_Position(118)
67,4020,saved,saved,reconstructed_from_saved_mask,MD-Experiment-0004_Position(118)_t203.png,815592.89856,194452.5,1716.6286284923553,0.9804047615446282,0.8292217655400331,81111.54790399999,10.05520076531272,509.52064012456015,MD-Experiment-0004_Position(118)
68,4080,saved,saved,reconstructed_from_saved_mask,MD-Experiment-0004_Position(118)_t206.png,829331.341312,197728.0,1732.7291332483292,0.9793654095713592,0.8275927598693299,81111.54790399999,10.224577914522843,513.7940879979772,MD-Experiment-0004_Position(118)
69,4140,saved,saved,reconstructed_from_saved_mask,MD-Experiment-0004_Position(118)_t209.png,843982.0451839999,201221.0,1750.528121471405,0.9788894267137899,0.8251729504674009,81111.54790399999,10.405202058070689,518.3124817556316,MD-Experiment-0004_Position(118)
70,4200,saved,saved,reconstructed_from_saved_mask,MD-Experiment-0004_Position(118)_t212.png,857428.983808,204427.0,1769.0134077072144,0.9774227942758512,0.8208917108734202,81111.54790399999,10.570985340124622,522.4252312499922,MD-Experiment-0004_Position(118)
71,4260,saved,saved,reconstructed_from_saved_mask,MD-Experiment-0004_Position(118)_t215.png,870007.701504,207426.0,1769.214414358139,0.9798365096873088,0.8327451623369551,81111.54790399999,10.726064586188174,526.243339572825,MD-Experiment-0004_Position(118)
72,4320,saved,saved,reconstructed_from_saved_mask,MD-Experiment-0004_Position(118)_t218.png,880082.419712,209828.0,1776.8712677955627,0.9804771828827229,0.8351440195543478,81111.54790399999,10.850272771931639,529.2815270259125,MD-Experiment-0004_Position(118)
73,4380,saved,saved,reconstructed_from_saved_mask,MD-Experiment-0004_Position(118)_t221.png,890524.13952,212317.5,1786.285482764244,0.9817832486347263,0.8361687225031174,81111.54790399999,10.97900561056959,532.4120936779417,MD-Experiment-0004_Position(118)
74,4440,saved,saved,reconstructed_from_saved_mask,MD-Experiment-0004_Position(118)_t224.png,903438.401536,215396.5,1809.1139081716537,0.9796828486765652,0.8270212739178814,81111.54790399999,11.13822168213667,536.2586826961312,MD-Experiment-0004_Position(118)
75,4500,saved,saved,reconstructed_from_saved_mask,MD-Experiment-0004_Position(118)_t227.png,917409.62816,218727.5,1820.486493229866,0.9812522290736251,0.829350920279047,81111.54790399999,11.310468754039869,540.3892618506804,MD-Experiment-0004_Position(118)
76,4560,saved,saved,reconstructed_from_saved_mask,MD-Experiment-0004_Position(118)_t230.png,927901.6796159999,221229.0,1831.8418312072754,0.9797130330809087,0.8284684534223606,81111.54790399999,11.439822116503349,543.4705861666454,MD-Experiment-0004_Position(118)
77,4620,saved,saved,reconstructed_from_saved_mask,MD-Experiment-0004_Position(118)_t233.png,940205.6704,224162.5,1846.427615761757,0.9803010491238351,0.826243872182168,81111.54790399999,11.591514336685886,547.0619342765302,MD-Experiment-0004_Position(118)
78,4680,saved,saved,reconstructed_from_saved_mask,MD-Experiment-0004_Position(118)_t236.png,956112.56832,227955.0,1864.1261010169983,0.9788118399498474,0.8243438681324405,81111.54790399999,11.787625720712569,551.6702663737017,MD-Experiment-0004_Position(118)
79,4740,saved,saved,reconstructed_from_saved_mask,MD-Experiment-0004_Position(118)_t239.png,966940.1640959999,230536.5,1885.4814397096634,0.9797327304291655,0.8149013478550925,81111.54790399999,11.921115908679576,554.7851958911067,MD-Experiment-0004_Position(118)
80,4800,saved,saved,reconstructed_from_saved_mask,MD-Experiment-0004_Position(118)_t242.png,982714.94144,234297.5,1898.8540216684341,0.978980729375585,0.8165717690151661,81111.54790399999,12.115598417664245,559.2923038634422,MD-Experiment-0004_Position(118)
81,4860,saved,saved,reconstructed_from_saved_mask,MD-Experiment-0004_Position(118)_t245.png,1002036.0028159999,238904.0,1905.5819458961487,0.979042529649452,0.8267572771102857,81111.54790399999,12.353802001189337,564.763637293002,MD-Experiment-0004_Position(118)
82,4920,saved,saved,reconstructed_from_saved_mask,MD-Experiment-0004_Position(118)_t248.png,1017414.418432,242570.5,1928.653013586998,0.9770588803944157,0.8194824308374004,81111.54790399999,12.543397885047963,569.0808973536517,MD-Experiment-0004_Position(118)
0,0,saved,saved,reconstructed_from_saved_mask,MD-Experiment-0004_Position(94)_t002.png,551154.6142719999,131405.5,1518.1189614534378,0.9541289399737154,0.7164927458593296,551154.6142719999,1.0,418.8531515204241,MD-Experiment-0004_Position(94)
1,60,saved,saved,reconstructed_from_saved_mask,MD-Experiment-0004_Position(94)_t005.png,671315.132416,160054.0,1632.9890172481537,0.9664133706484559,0.7542405344518519,551154.6142719999,1.2180159886762734,462.26209383075457,MD-Experiment-0004_Position(94)
2,120,saved,saved,reconstructed_from_saved_mask,MD-Experiment-0004_Position(94)_t008.png,783303.049216,186754.0,1760.2438501119614,0.9675520809047907,0.7574153549175853,551154.6142719999,1.4212038308898793,499.3326590994837,MD-Experiment-0004_Position(94)
3,180,saved,saved,reconstructed_from_saved_mask,MD-Experiment-0004_Position(94)_t011.png,815685.173248,194474.5,1790.0844707489014,0.9677033314258702,0.7626503564511251,551154.6142719999,1.4799570794220944,509.54946242575556,MD-Experiment-0004_Position(94)
4,240,saved,saved,reconstructed_from_saved_mask,MD-Experiment-0004_Position(94)_t014.png,860318.859264,205116.0,1834.8123933076859,0.965292647688608,0.7656425708340845,551154.6142719999,1.5609392300931089,523.3048807092214,MD-Experiment-0004_Position(94)
5,300,saved,saved,reconstructed_from_saved_mask,MD-Experiment-0004_Position(94)_t017.png,929518.583808,221614.5,1954.3931263685226,0.962620536877769,0.7290951064421581,551154.6142719999,1.686493335514876,543.9438892180358,MD-Experiment-0004_Position(94)
6,360,saved,saved,reconstructed_from_saved_mask,MD-Experiment-0004_Position(94)_t020.png,1073236.410368,255879.5,2025.2215549945831,0.9735255176192179,0.783971500756084,551154.6142719999,1.9472510663556701,584.4841825340854,MD-Experiment-0004_Position(94)
7,420,saved,saved,reconstructed_from_saved_mask,MD-Experiment-0004_Position(94)_t023.png,1086066.786304,258938.5,2038.3931263685226,0.9739308194433736,0.7831241185532027,551154.6142719999,1.970530152847484,587.9675119735967,MD-Experiment-0004_Position(94)
8,480,saved,saved,reconstructed_from_saved_mask,MD-Experiment-0004_Position(94)_t026.png,1127563.132928,268832.0,2065.464196562767,0.9708035259662643,0.7918729076518461,551154.6142719999,2.0458199999239,599.0947274908619,MD-Experiment-0004_Position(94)
9,540,saved,saved,reconstructed_from_saved_mask,MD-Experiment-0004_Position(94)_t029.png,1198606.2540799999,285770.0,2138.317007422447,0.9680342404384727,0.7853844863939523,551154.6142719999,2.1747187142090705,617.6797068994451,MD-Experiment-0004_Position(94)
10,600,saved,saved,reconstructed_from_saved_mask,MD-Experiment-0004_Position(94)_t032.png,1197477.986304,285501.0,2152.2337456941605,0.9675868029078338,0.7745306787477213,551154.6142719999,2.1726716157238477,617.3889224208846,MD-Experiment-0004_Position(94)
11,660,saved,saved,reconstructed_from_saved_mask,MD-Experiment-0004_Position(94)_t035.png,1216283.148288,289984.5,2157.3880759477615,0.9732934149824713,0.782939313949484,551154.6142719999,2.206791192149492,622.2177677460005,MD-Experiment-0004_Position(94)
12,720,saved,saved,reconstructed_from_saved_mask,MD-Experiment-0004_Position(94)_t038.png,1241673.3675519999,296038.0,2188.5180193185806,0.9711194651655611,0.7767067367357602,551154.6142719999,2.2528585180985576,628.6787003731883,MD-Experiment-0004_Position(94)
13,780,saved,saved,reconstructed_from_saved_mask,MD-Experiment-0004_Position(94)_t041.png,1308801.10592,312042.5,2246.701783657074,0.9719542184699101,0.7768420980998637,551154.6142719999,2.374653267937796,645.4489376105709,MD-Experiment-0004_Position(94)
14,840,saved,saved,reconstructed_from_saved_mask,MD-Experiment-0004_Position(94)_t044.png,1427975.962624,340456.0,2396.164765357971,0.9684398565215289,0.7451393538318133,551154.6142719999,2.5908808992013275,674.1949763503392,MD-Experiment-0004_Position(94)
15,900,saved,saved,reconstructed_from_saved_mask,MD-Experiment-0004_Position(94)_t047.png,1414543.704064,337253.5,2292.0987486839294,0.983088717552579,0.80667701271188,551154.6142719999,2.56650977318301,671.0165761310294,MD-Experiment-0004_Position(94)
16,960,saved,saved,reconstructed_from_saved_mask,MD-Experiment-0004_Position(94)_t050.png,1481121.9886079999,353127.0,2337.4540923833847,0.9840271527257224,0.8121843349142693,551154.6142719999,2.687307608890039,686.626369736935,MD-Experiment-0004_Position(94)
17,1020,saved,saved,reconstructed_from_saved_mask,MD-Experiment-0004_Position(94)_t053.png,1471443.632128,350819.5,2357.294711112976,0.9786251471482529,0.7933518259973722,551154.6142719999,2.669747461103227,684.3793210409906,MD-Experiment-0004_Position(94)
18,1080,saved,saved,reconstructed_from_saved_mask,MD-Experiment-0004_Position(94)_t056.png,1467201.093632,349808.0,2350.7677986621857,0.9774941178443087,0.7954632777582853,551154.6142719999,2.6620499141968947,683.3919908242525,MD-Experiment-0004_Position(94)
19,1140,saved,saved,reconstructed_from_saved_mask,MD-Experiment-0004_Position(94)_t059.png,1489839.849472,355205.5,2378.3241477012634,0.9780870048889825,0.7891280029697793,551154.6142719999,2.703125059453372,688.644140988296,MD-Experiment-0004_Position(94)
20,1200,saved,saved,reconstructed_from_saved_mask,MD-Experiment-0004_Position(94)_t062.png,1499868.430336,357596.5,2394.8683005571365,0.9761488150158052,0.7835015363735077,551154.6142719999,2.721320644874073,690.9579939120126,MD-Experiment-0004_Position(94)
21,1260,saved,saved,reconstructed_from_saved_mask,MD-Experiment-0004_Position(94)_t065.png,1578094.297088,376247.0,2438.0226296186447,0.978547213166344,0.7954400340373838,551154.6142719999,2.863251538177626,708.7474981214187,MD-Experiment-0004_Position(94)
22,1320,saved,saved,reconstructed_from_saved_mask,MD-Experiment-0004_Position(94)_t068.png,1620152.6804479999,386274.5,2454.123136639595,0.9797058405786809,0.8059594714415943,551154.6142719999,2.939561129480882,718.1299431953566,MD-Experiment-0004_Position(94)
23,1380,saved,saved,reconstructed_from_saved_mask,MD-Experiment-0004_Position(94)_t071.png,1597807.525888,380947.0,2453.0520656108856,0.9783701321882328,0.7955379274555109,551154.6142719999,2.8990186864324556,713.1605231005243,MD-Experiment-0004_Position(94)
24,1440,saved,saved,reconstructed_from_saved_mask,MD-Experiment-0004_Position(94)_t074.png,1677323.1411199998,399905.0,2515.6206092834473,0.9779290123871905,0.7941022198921805,551154.6142719999,3.043289664435659,730.690453026003,MD-Experiment-0004_Position(94)
25,1500,saved,saved,reconstructed_from_saved_mask,MD-Experiment-0004_Position(94)_t077.png,1685355.2332799998,401820.0,2500.164766073227,0.9795852694091088,0.8078005644315179,551154.6142719999,3.057862874841616,732.4378693681894,MD-Experiment-0004_Position(94)
26,1560,saved,saved,reconstructed_from_saved_mask,MD-Experiment-0004_Position(94)_t080.png,1715531.153408,409014.5,2518.750556230545,0.9813772865999961,0.8101739029386906,551154.6142719999,3.1126132467819083,738.9658491338065,MD-Experiment-0004_Position(94)
27,1620,saved,saved,reconstructed_from_saved_mask,MD-Experiment-0004_Position(94)_t083.png,1735972.093952,413888.0,2523.738358974457,0.9820175719569978,0.8165899704339041,551154.6142719999,3.149700735509549,743.3552849372215,MD-Experiment-0004_Position(94)
28,1680,saved,saved,reconstructed_from_saved_mask,MD-Experiment-0004_Position(94)_t086.png,1763270.721536,420396.5,2574.8926898241043,0.9789081264720709,0.7968024983523555,551154.6142719999,3.1992306258109444,749.1772171411345,MD-Experiment-0004_Position(94)
29,1740,saved,saved,reconstructed_from_saved_mask,MD-Experiment-0004_Position(94)_t089.png,1750299.836416,417304.0,2523.478479385376,0.9824720011112446,0.8234992365939795,551154.6142719999,3.175696603262421,746.4166006440937,MD-Experiment-0004_Position(94)
30,1800,saved,saved,reconstructed_from_saved_mask,MD-Experiment-0004_Position(94)_t092.png,1770531.06176,422127.5,2572.289657354355,0.9773257146561524,0.8017034761435438,551154.6142719999,3.2124035904128827,750.7180168037075,MD-Experiment-0004_Position(94)
31,1860,saved,saved,reconstructed_from_saved_mask,MD-Experiment-0004_Position(94)_t095.png,1792710.541312,427415.5,2563.034823536873,0.9800961028031704,0.8176192685388919,551154.6142719999,3.252645437215338,755.4055125331722,MD-Experiment-0004_Position(94)
32,1920,saved,saved,reconstructed_from_saved_mask,MD-Experiment-0004_Position(94)_t098.png,1774630.9939199998,423105.0,2576.047015428543,0.9791411383682949,0.8012175461180179,551154.6142719999,3.2198423962467326,751.5867146862713,MD-Experiment-0004_Position(94)
33,1980,saved,saved,reconstructed_from_saved_mask,MD-Experiment-0004_Position(94)_t101.png,1854578.622464,442166.0,2613.277464389801,0.9815288787467785,0.8136247706972017,551154.6142719999,3.3648972074989256,768.329818655639,MD-Experiment-0004_Position(94)
34,2040,saved,saved,reconstructed_from_saved_mask,MD-Experiment-0004_Position(94)_t104.png,1828871.733248,436037.0,2613.0764528512955,0.9769506267301034,0.8024703117236968,551154.6142719999,3.318255324168319,762.9862077750311,MD-Experiment-0004_Position(94)
35,2100,saved,saved,reconstructed_from_saved_mask,MD-Experiment-0004_Position(94)_t107.png,1853100.1303039999,441813.5,2630.691679239273,0.979305109165466,0.8022485553656327,551154.6142719999,3.3622146713798133,768.0234967526931,MD-Experiment-0004_Position(94)
36,2160,saved,saved,reconstructed_from_saved_mask,MD-Experiment-0004_Position(94)_t110.png,1913821.069312,456290.5,2664.348532319069,0.9787944896348161,0.8077355908408349,551154.6142719999,3.4723850980362316,780.505071571507,MD-Experiment-0004_Position(94)
37,2220,saved,saved,reconstructed_from_saved_mask,MD-Experiment-0004_Position(94)_t113.png,1915213.57824,456622.5,2656.632805109024,0.9792619439514897,0.8130253913837392,551154.6142719999,3.4749116285087007,780.7889702776448,MD-Experiment-0004_Position(94)
38,2280,saved,saved,reconstructed_from_saved_mask,MD-Experiment-0004_Position(94)_t116.png,1966155.4974719998,468768.0,2672.3068994283676,0.982551601628615,0.8248883222632482,551154.6142719999,3.56733926662126,791.1047545173436,MD-Experiment-0004_Position(94)
39,2340,saved,saved,reconstructed_from_saved_mask,MD-Experiment-0004_Position(94)_t119.png,1954115.7478399999,465897.5,2669.034823179245,0.9828470229110697,0.8218484943232834,551154.6142719999,3.545494671075412,788.6788708244335,MD-Experiment-0004_Position(94)
40,2400,saved,saved,reconstructed_from_saved_mask,MD-Experiment-0004_Position(94)_t122.png,1961896.1817599998,467752.5,2696.4074070453644,0.981541247594686,0.8084533378110997,551154.6142719999,3.5596112795887542,790.2473981737865,MD-Experiment-0004_Position(94)
41,2460,saved,saved,reconstructed_from_saved_mask,MD-Experiment-0004_Position(94)_t125.png,2042764.460032,487033.0,2738.0470163822174,0.9823887978957729,0.816368897054088,551154.6142719999,3.706336492764763,806.3697184127628,MD-Experiment-0004_Position(94)
42,2520,saved,saved,reconstructed_from_saved_mask,MD-Experiment-0004_Position(94)_t128.png,2073326.2561279999,494319.5,2750.774936914444,0.9824661650847724,0.820932575953295,551154.6142719999,3.761786987607064,812.3793723439613,MD-Experiment-0004_Position(94)
43,2580,saved,saved,reconstructed_from_saved_mask,MD-Experiment-0004_Position(94)_t131.png,2089463.8407679999,498167.0,2768.1891524791718,0.9815808399751732,0.8169458939873024,551154.6142719999,3.791066583970991,815.5347922314585,MD-Experiment-0004_Position(94)
44,2640,saved,saved,reconstructed_from_saved_mask,MD-Experiment-0004_Position(94)_t134.png,2107335.770112,502428.0,2769.7038702964783,0.9835407058233954,0.8230325712553405,551154.6142719999,3.8234929283781884,819.0151458522496,MD-Experiment-0004_Position(94)
45,2700,saved,saved,reconstructed_from_saved_mask,MD-Experiment-0004_Position(94)_t137.png,2139296.366592,510048.0,2801.1008385419846,0.981021897810219,0.8168897107870808,551154.6142719999,3.8814813687402734,825.2025102744758,MD-Experiment-0004_Position(94)
46,2760,saved,saved,reconstructed_from_saved_mask,MD-Experiment-0004_Position(94)_t140.png,2156264.423424,514093.5,2819.2602177858353,0.9802386275341662,0.8127961740295209,551154.6142719999,3.91226775134983,828.4686374282677,MD-Experiment-0004_Position(94)
47,2820,saved,saved,reconstructed_from_saved_mask,MD-Experiment-0004_Position(94)_t143.png,2183821.000704,520663.5,2833.6033614873886,0.9794594442066847,0.8148710322273258,551154.6142719999,3.962265658591155,833.7456531699953,MD-Experiment-0004_Position(94)
48,2880,saved,saved,reconstructed_from_saved_mask,MD-Experiment-0004_Position(94)_t146.png,2199243.456512,524340.5,2871.603365421295,0.9756451776465564,0.7990507447240232,551154.6142719999,3.9902477445769016,836.6844891192743,MD-Experiment-0004_Position(94)
49,2940,saved,saved,reconstructed_from_saved_mask,MD-Experiment-0004_Position(94)_t149.png,2232965.6606719997,532380.5,2866.573930501938,0.978981648938371,0.8141524046170238,551154.6142719999,4.05143239818729,843.0747566502138,MD-Experiment-0004_Position(94)
50,3000,saved,saved,reconstructed_from_saved_mask,MD-Experiment-0004_Position(94)_t152.png,2233238.290432,532445.5,2897.1424684524536,0.9750320465865807,0.7971596727048362,551154.6142719999,4.051927050237624,843.1262218960417,MD-Experiment-0004_Position(94)
51,3060,saved,saved,reconstructed_from_saved_mask,MD-Experiment-0004_Position(94)_t155.png,2213250.3347199997,527680.0,2896.130275607109,0.973594604343426,0.7905772461578877,551154.6142719999,4.015661444916689,839.3446623056345,MD-Experiment-0004_Position(94)
52,3120,saved,saved,reconstructed_from_saved_mask,MD-Experiment-0004_Position(94)_t158.png,2218853.9248639997,529016.0,2941.8115153312683,0.9695836689659217,0.768155216511893,551154.6142719999,4.025828447058913,840.4065327458592,MD-Experiment-0004_Position(94)
53,3180,saved,saved,reconstructed_from_saved_mask,MD-Experiment-0004_Position(94)_t161.png,2312919.580672,551443.0,2944.782078385353,0.974834645474417,0.7991055913441077,551154.6142719999,4.196498624486799,858.0356452245823,MD-Experiment-0004_Position(94)
54,3240,saved,saved,reconstructed_from_saved_mask,MD-Experiment-0004_Position(94)_t164.png,2304373.686272,549405.5,2943.5099971294403,0.973490630645157,0.7968413020736037,551154.6142719999,4.180993185216753,856.4490211344529,MD-Experiment-0004_Position(94)
55,3300,saved,saved,reconstructed_from_saved_mask,MD-Experiment-0004_Position(94)_t167.png,2299147.583488,548159.5,2957.0247205495834,0.9733308592827502,0.7877835333674009,551154.6142719999,4.171511085913452,855.4772969633984,MD-Experiment-0004_Position(94)
56,3360,saved,saved,reconstructed_from_saved_mask,MD-Experiment-0004_Position(94)_t170.png,2308186.3086079997,550314.5,2991.0835916996,0.9702745541932458,0.7729719231120811,551154.6142719999,4.187910703889868,857.1572324748805,MD-Experiment-0004_Position(94)
57,3420,saved,saved,reconstructed_from_saved_mask,MD-Experiment-0004_Position(94)_t173.png,2352606.08512,560905.0,2995.6105042696,0.9727176716027588,0.7854679805989269,551154.6142719999,4.26850474295216,865.3656887061334,MD-Experiment-0004_Position(94)
58,3480,saved,saved,reconstructed_from_saved_mask,MD-Experiment-0004_Position(94)_t176.png,2416409.837568,576117.0,3000.2379207611084,0.9761187505506496,0.8042835065823402,551154.6142719999,4.3842685427931105,877.0217445249931,MD-Experiment-0004_Position(94)
59,3540,saved,saved,reconstructed_from_saved_mask,MD-Experiment-0004_Position(94)_t179.png,2422592.241664,577591.0,3018.865334868431,0.9751621848633089,0.7964211787923055,551154.6142719999,4.395485729288349,878.1429614327055,MD-Experiment-0004_Position(94)
60,3600,saved,saved,reconstructed_from_saved_mask,MD-Experiment-0004_Position(94)_t182.png,2511207.3994239997,598718.5,3064.5394370555878,0.9746258379374448,0.8011283720685923,551154.6142719999,4.556266670725351,894.0593612811995,MD-Experiment-0004_Position(94)
61,3660,saved,saved,reconstructed_from_saved_mask,MD-Experiment-0004_Position(94)_t185.png,2525038.116864,602016.0,3051.4094976186752,0.9770504733781109,0.8124879160378664,551154.6142719999,4.581360749740308,896.5180397452764,MD-Experiment-0004_Position(94)
62,3720,saved,saved,reconstructed_from_saved_mask,MD-Experiment-0004_Position(94)_t188.png,2496871.268352,595300.5,3058.279556274414,0.9761336906857444,0.7998190578225227,551154.6142719999,4.530255582909392,891.5036787611716,MD-Experiment-0004_Position(94)
63,3780,saved,saved,reconstructed_from_saved_mask,MD-Experiment-0004_Position(94)_t191.png,2507096.981504,597738.5,3085.995283961296,0.9742080485556914,0.7887340271729977,551154.6142719999,4.548808839812641,893.327350322525,MD-Experiment-0004_Position(94)
64,3840,saved,saved,reconstructed_from_saved_mask,MD-Experiment-0004_Position(94)_t194.png,2513084.350464,599166.0,3089.835901260376,0.9727849904656141,0.7886534275460816,551154.6142719999,4.559672159841103,894.393422139531,MD-Experiment-0004_Position(94)
65,3900,saved,saved,reconstructed_from_saved_mask,MD-Experiment-0004_Position(94)_t197.png,2524958.425088,601997.0,3124.0957860946655,0.9709754319410573,0.7750960236316229,551154.6142719999,4.58121615914098,896.5038922997293,MD-Experiment-0004_Position(94)
66,3960,saved,saved,reconstructed_from_saved_mask,MD-Experiment-0004_Position(94)_t200.png,2530522.169344,603323.5,3153.107976078987,0.9680560369172314,0.7625747474514197,551154.6142719999,4.59131086598354,897.4910716600181,MD-Experiment-0004_Position(94)
