priority_score,manifest_id,provider,accession,access_state,gold_candidate_source_count,source_count,target_modality_hints,download_policy,raw_download_status
171,dataset:a959fb7a3fc456fe,BioProject,PRJNA510443,unavailable,1,1,afm;flow_cytometry;immunofluorescence;omics;pcr;sequencing;western_blot,metadata_then_manual_file_selection,not_attempted
171,dataset:24ae1ac517e31622,BioProject,PRJNA526256,unavailable,1,1,afm;flow_cytometry;immunofluorescence;omics;pcr;sequencing;western_blot,metadata_then_manual_file_selection,not_attempted
171,dataset:9d71aabcbf2fa050,GEO,GSE158017,public_metadata_unresolved,1,1,afm;flow_cytometry;immunofluorescence;omics;pcr;traction_force_microscopy;western_blot,metadata_then_manual_file_selection,not_attempted
171,dataset:e89ee5e401ee7c1e,GEO,GSE21501,public_metadata_unresolved,1,1,afm;flow_cytometry;immunofluorescence;omics;pcr;traction_force_microscopy;western_blot,metadata_then_manual_file_selection,not_attempted
171,dataset:c898017980214269,GEO,GSE82244,public_metadata_unresolved,1,1,afm;immunofluorescence;omics;pcr;piv;traction_force_microscopy;western_blot,metadata_then_manual_file_selection,not_attempted
171,dataset:c2c7d2cd494dd6c9,SRA,SRX32869140,public_metadata_resolved,1,1,afm;flow_cytometry;immunofluorescence;omics;pcr;sequencing;western_blot,metadata_then_manual_file_selection,not_attempted
161,dataset:a30c38e01380a5e9,ArrayExpress,E-MTAB-2323,public_metadata_resolved,1,1,afm;flow_cytometry;immunofluorescence;omics;pcr;western_blot,metadata_then_manual_file_selection,not_attempted
161,dataset:9680fb5eee695ec1,BioProject,PRJNA663028,unavailable,1,1,afm;immunofluorescence;omics;pcr;sequencing;western_blot,metadata_then_manual_file_selection,not_attempted
161,dataset:5675ec0da0d53a8b,BioProject,PRJNA663448,unavailable,1,1,afm;immunofluorescence;omics;pcr;sequencing;western_blot,metadata_then_manual_file_selection,not_attempted
161,dataset:588464ca47779649,BioProject,PRJNA663587,unavailable,1,1,afm;immunofluorescence;omics;pcr;sequencing;western_blot,metadata_then_manual_file_selection,not_attempted
161,dataset:d96d03567c853779,BioProject,PRJNA699369,unavailable,1,1,flow_cytometry;immunofluorescence;omics;pcr;sequencing;western_blot,metadata_then_manual_file_selection,not_attempted
161,dataset:6568233d2cd6d3ab,BioProject,PRJNA775657,unavailable,1,1,afm;immunofluorescence;omics;pcr;sequencing;western_blot,metadata_then_manual_file_selection,not_attempted
161,dataset:0cfcaebc5506ef4e,BioProject,PRJNA775661,unavailable,1,1,afm;immunofluorescence;omics;pcr;sequencing;western_blot,metadata_then_manual_file_selection,not_attempted
161,dataset:c59dc54391acbeeb,GEO,GSE101993,public_metadata_resolved,1,1,afm;immunofluorescence;omics;pcr;piv;western_blot,metadata_then_manual_file_selection,not_attempted
161,dataset:4ac4ed10ad973440,GEO,GSE107637,public_metadata_resolved,1,1,afm;immunofluorescence;omics;pcr;piv;western_blot,metadata_then_manual_file_selection,not_attempted
161,dataset:cdde97a6fb849f4e,GEO,GSE109821,public_metadata_resolved,1,1,afm;immunofluorescence;omics;pcr;piv;western_blot,metadata_then_manual_file_selection,not_attempted
161,dataset:60d0e141bc5ebf0d,GEO,GSE113185,public_metadata_resolved,1,1,afm;immunofluorescence;omics;pcr;piv;western_blot,metadata_then_manual_file_selection,not_attempted
161,dataset:c34e8eb9dfe12c87,GEO,GSE113493,public_metadata_resolved,1,1,afm;immunofluorescence;omics;pcr;piv;western_blot,metadata_then_manual_file_selection,not_attempted
161,dataset:0647561e5ad299e8,GEO,GSE123631,public_metadata_resolved,1,1,afm;immunofluorescence;omics;pcr;piv;western_blot,metadata_then_manual_file_selection,not_attempted
161,dataset:8d880ef293179f04,GEO,GSE123769,public_metadata_resolved,1,1,afm;immunofluorescence;omics;pcr;piv;western_blot,metadata_then_manual_file_selection,not_attempted
161,dataset:5d3c9134fa29c65e,GEO,GSE128527,public_metadata_resolved,1,1,afm;flow_cytometry;immunofluorescence;omics;pcr;western_blot,metadata_then_manual_file_selection,not_attempted
161,dataset:7dbd631fe399f1e3,GEO,GSE141666,public_metadata_unresolved,1,1,afm;immunofluorescence;omics;pcr;piv;western_blot,metadata_then_manual_file_selection,not_attempted
161,dataset:a00dcd5b83eec534,GEO,GSE143519,public_metadata_unresolved,1,1,afm;flow_cytometry;immunofluorescence;omics;pcr;western_blot,metadata_then_manual_file_selection,not_attempted
161,dataset:e4bb502cfc1172fa,GEO,GSE148729,public_metadata_unresolved,1,1,afm;immunofluorescence;omics;pcr;piv;western_blot,metadata_then_manual_file_selection,not_attempted
161,dataset:848fc3f0c6667003,GEO,GSE150809,public_metadata_unresolved,1,1,afm;immunofluorescence;omics;pcr;piv;western_blot,metadata_then_manual_file_selection,not_attempted
161,dataset:f758ffe8781bd717,GEO,GSE152446,public_metadata_unresolved,1,1,afm;immunofluorescence;omics;pcr;piv;western_blot,metadata_then_manual_file_selection,not_attempted
161,dataset:2f958116bcae8e2c,GEO,GSE161398,public_metadata_unresolved,1,1,flow_cytometry;immunofluorescence;omics;pcr;traction_force_microscopy;western_blot,metadata_then_manual_file_selection,not_attempted
161,dataset:45f1c64fc8196e13,GEO,GSE168233,public_metadata_unresolved,1,1,afm;immunofluorescence;omics;pcr;piv;western_blot,metadata_then_manual_file_selection,not_attempted
161,dataset:b3e31afe7e76d47e,GEO,GSE259341,public_metadata_unresolved,1,1,flow_cytometry;immunofluorescence;omics;pcr;traction_force_microscopy;western_blot,metadata_then_manual_file_selection,not_attempted
161,dataset:f1cef717728e67c4,GEO,GSE271207,public_metadata_unresolved,1,1,afm;flow_cytometry;immunofluorescence;omics;pcr;western_blot,metadata_then_manual_file_selection,not_attempted
161,dataset:4d76db74ef3a2c61,GEO,GSE271358,public_metadata_unresolved,1,1,afm;flow_cytometry;immunofluorescence;omics;pcr;western_blot,metadata_then_manual_file_selection,not_attempted
161,dataset:80675ba9d0ba047e,GEO,GSE273977,public_metadata_unresolved,1,1,afm;flow_cytometry;immunofluorescence;omics;pcr;western_blot,metadata_then_manual_file_selection,not_attempted
161,dataset:55ee0f3621abfdfc,GEO,GSE275018,public_metadata_unresolved,1,1,afm;flow_cytometry;immunofluorescence;omics;pcr;western_blot,metadata_then_manual_file_selection,not_attempted
161,dataset:a98ddf65c7f631fd,GEO,GSE296541,public_metadata_unresolved,1,1,afm;flow_cytometry;immunofluorescence;omics;pcr;western_blot,metadata_then_manual_file_selection,not_attempted
161,dataset:de659af1d486f237,GEO,GSE297099,public_metadata_unresolved,1,1,afm;immunofluorescence;omics;pcr;piv;western_blot,metadata_then_manual_file_selection,not_attempted
161,dataset:60d3fd3722f031bd,GEO,GSE298814,public_metadata_unresolved,1,1,flow_cytometry;immunofluorescence;omics;pcr;traction_force_microscopy;western_blot,metadata_then_manual_file_selection,not_attempted
161,dataset:782bd9cb4f56598b,GEO,GSE304914,public_metadata_unresolved,1,1,afm;flow_cytometry;immunofluorescence;omics;pcr;western_blot,metadata_then_manual_file_selection,not_attempted
161,dataset:beacf845f0764b4b,GEO,GSE42006,public_metadata_unresolved,1,1,afm;immunofluorescence;omics;pcr;piv;western_blot,metadata_then_manual_file_selection,not_attempted
161,dataset:599c6a7fd888f29c,GEO,GSE61955,public_metadata_unresolved,1,1,afm;immunofluorescence;omics;pcr;piv;western_blot,metadata_then_manual_file_selection,not_attempted
161,dataset:c45d5052b77d7d97,GEO,GSE63900,public_metadata_unresolved,1,1,afm;immunofluorescence;omics;pcr;piv;western_blot,metadata_then_manual_file_selection,not_attempted
161,dataset:6dee63c63bf30e2d,GEO,GSE74866,public_metadata_unresolved,1,1,afm;immunofluorescence;omics;pcr;piv;western_blot,metadata_then_manual_file_selection,not_attempted
161,dataset:27f6b355f0332f50,GEO,GSE78531,public_metadata_unresolved,1,1,afm;immunofluorescence;omics;pcr;piv;western_blot,metadata_then_manual_file_selection,not_attempted
161,dataset:b8c75c0c98cfec29,GEO,GSE78628,public_metadata_unresolved,1,1,afm;immunofluorescence;omics;pcr;piv;western_blot,metadata_then_manual_file_selection,not_attempted
161,dataset:23c25ed0476498ab,GEO,GSE79051,public_metadata_unresolved,1,1,afm;immunofluorescence;omics;pcr;piv;western_blot,metadata_then_manual_file_selection,not_attempted
161,dataset:032aa20c1956815a,GEO,GSE80386,public_metadata_unresolved,1,1,afm;immunofluorescence;omics;pcr;piv;western_blot,metadata_then_manual_file_selection,not_attempted
161,dataset:664793bd14e8b5e9,GEO,GSE85447,public_metadata_unresolved,1,1,afm;immunofluorescence;omics;pcr;piv;western_blot,metadata_then_manual_file_selection,not_attempted
161,dataset:9ec6e1ee73988318,GEO,GSE86337,public_metadata_unresolved,1,1,afm;immunofluorescence;omics;pcr;piv;western_blot,metadata_then_manual_file_selection,not_attempted
161,dataset:579e2b4276b47626,GEO,GSE93526,public_metadata_unresolved,1,1,afm;immunofluorescence;omics;pcr;piv;western_blot,metadata_then_manual_file_selection,not_attempted
161,dataset:55c1f187e074d387,GEO,GSE97036,public_metadata_unresolved,1,1,afm;immunofluorescence;omics;pcr;piv;western_blot,metadata_then_manual_file_selection,not_attempted
161,dataset:f727ec83e8f954c4,GEO,GSE99015,public_metadata_unresolved,1,1,afm;immunofluorescence;omics;pcr;piv;western_blot,metadata_then_manual_file_selection,not_attempted
161,dataset:c4f88280e44acb2f,GEO,GSE99791,public_metadata_unresolved,1,1,flow_cytometry;immunofluorescence;omics;pcr;traction_force_microscopy;western_blot,metadata_then_manual_file_selection,not_attempted
161,dataset:35faef99ae80c263,PRIDE,PXD052588,public_metadata_resolved,1,1,afm;flow_cytometry;immunofluorescence;pcr;proteomics;western_blot,metadata_then_manual_file_selection,not_attempted
161,dataset:840c703f5797e99b,PRIDE,PXD064288,public_metadata_resolved,1,1,afm;flow_cytometry;immunofluorescence;pcr;proteomics;western_blot,metadata_then_manual_file_selection,not_attempted
161,dataset:dca278179ce04b6a,Zenodo,10.5281/zenodo.4977917,public_metadata_resolved,1,1,afm;flow_cytometry;immunofluorescence;pcr;traction_force_microscopy;western_blot,metadata_then_manual_file_selection,not_attempted
156,dataset:e0b9695b15f816c1,GEO,GSE131907,public_metadata_resolved,1,6,flow_cytometry;immunofluorescence;omics;pcr;western_blot,metadata_then_manual_file_selection,not_attempted
155,dataset:74e333787f347a72,GEO,GSE14520,public_metadata_unresolved,1,5,flow_cytometry;immunofluorescence;omics;pcr;western_blot,metadata_then_manual_file_selection,not_attempted
155,dataset:cfdc5556d6997b5f,GEO,GSE19615,public_metadata_unresolved,1,5,flow_cytometry;immunofluorescence;omics;pcr;western_blot,metadata_then_manual_file_selection,not_attempted
155,dataset:0af7b2d78db65769,GEO,GSE21653,public_metadata_unresolved,1,5,flow_cytometry;immunofluorescence;omics;pcr;western_blot,metadata_then_manual_file_selection,not_attempted
155,dataset:85bce92977da7f1f,GEO,GSE39582,public_metadata_unresolved,3,5,flow_cytometry;immunofluorescence;omics;pcr;western_blot,metadata_then_manual_file_selection,not_attempted
154,dataset:3c532b262663bdc9,GEO,GSE137829,public_metadata_unresolved,2,4,flow_cytometry;immunofluorescence;omics;pcr;western_blot,metadata_then_manual_file_selection,not_attempted
154,dataset:2f9df1b972cd6002,GEO,GSE16446,public_metadata_unresolved,1,4,flow_cytometry;immunofluorescence;omics;pcr;western_blot,metadata_then_manual_file_selection,not_attempted
154,dataset:617458e1b4335be6,GEO,GSE181294,public_metadata_unresolved,1,4,flow_cytometry;immunofluorescence;omics;pcr;western_blot,metadata_then_manual_file_selection,not_attempted
154,dataset:e747e2e72c1eb8ff,GEO,GSE9195,public_metadata_unresolved,1,4,flow_cytometry;immunofluorescence;omics;pcr;western_blot,metadata_then_manual_file_selection,not_attempted
153,dataset:c0906eca96a5471c,GEO,GSE103672,public_metadata_resolved,2,3,flow_cytometry;immunofluorescence;omics;pcr;western_blot,metadata_then_manual_file_selection,not_attempted
153,dataset:dea78b9d27a7968c,GEO,GSE12276,public_metadata_resolved,1,3,flow_cytometry;immunofluorescence;omics;pcr;western_blot,metadata_then_manual_file_selection,not_attempted
153,dataset:8de4f3733ad053b5,GEO,GSE141445,public_metadata_unresolved,1,3,flow_cytometry;immunofluorescence;omics;pcr;western_blot,metadata_then_manual_file_selection,not_attempted
153,dataset:b66541dcab524b8d,GEO,GSE17536,public_metadata_unresolved,2,3,flow_cytometry;immunofluorescence;omics;pcr;western_blot,metadata_then_manual_file_selection,not_attempted
153,dataset:95b9bd18bd1c9188,GEO,GSE20685,public_metadata_unresolved,1,3,flow_cytometry;immunofluorescence;omics;pcr;western_blot,metadata_then_manual_file_selection,not_attempted
153,dataset:ad99fcc7f8043369,GEO,GSE25066,public_metadata_unresolved,2,3,flow_cytometry;immunofluorescence;omics;pcr;western_blot,metadata_then_manual_file_selection,not_attempted
153,dataset:fe1b51173efdc802,GEO,GSE41258,public_metadata_unresolved,1,3,flow_cytometry;immunofluorescence;omics;pcr;western_blot,metadata_then_manual_file_selection,not_attempted
153,dataset:bee59a2fe1370851,GEO,GSE45436,public_metadata_unresolved,1,3,flow_cytometry;immunofluorescence;omics;pcr;western_blot,metadata_then_manual_file_selection,not_attempted
153,dataset:543ad65275fc5cf4,GEO,GSE6532,public_metadata_unresolved,1,3,flow_cytometry;immunofluorescence;omics;pcr;western_blot,metadata_then_manual_file_selection,not_attempted
152,dataset:31609b111e15b48c,GEO,GSE121711,public_metadata_resolved,2,2,flow_cytometry;immunofluorescence;omics;pcr;western_blot,metadata_then_manual_file_selection,not_attempted
152,dataset:ff3f7eae36317db8,GEO,GSE144735,public_metadata_unresolved,1,2,flow_cytometry;immunofluorescence;omics;pcr;western_blot,metadata_then_manual_file_selection,not_attempted
152,dataset:cf35632b4fb84d47,GEO,GSE15471,public_metadata_unresolved,1,2,flow_cytometry;immunofluorescence;omics;pcr;western_blot,metadata_then_manual_file_selection,not_attempted
152,dataset:9d05958853612af4,GEO,GSE162669,public_metadata_unresolved,1,2,flow_cytometry;immunofluorescence;omics;pcr;western_blot,metadata_then_manual_file_selection,not_attempted
152,dataset:2ad7888c1c3597b9,GEO,GSE17538,public_metadata_unresolved,1,2,flow_cytometry;immunofluorescence;omics;pcr;western_blot,metadata_then_manual_file_selection,not_attempted
152,dataset:5de9501e3efa4467,GEO,GSE19783,public_metadata_unresolved,1,2,flow_cytometry;immunofluorescence;omics;pcr;western_blot,metadata_then_manual_file_selection,not_attempted
152,dataset:4db6fad301186bd2,GEO,GSE230282,public_metadata_unresolved,1,2,flow_cytometry;immunofluorescence;omics;pcr;western_blot,metadata_then_manual_file_selection,not_attempted
152,dataset:6c9a6082c1ed0d78,GEO,GSE30219,public_metadata_unresolved,1,2,flow_cytometry;immunofluorescence;omics;pcr;western_blot,metadata_then_manual_file_selection,not_attempted
152,dataset:228c558e01012ef1,GEO,GSE33113,public_metadata_unresolved,2,2,flow_cytometry;immunofluorescence;omics;pcr;western_blot,metadata_then_manual_file_selection,not_attempted
152,dataset:7e9df59f37e606e8,GEO,GSE37745,public_metadata_unresolved,1,2,flow_cytometry;immunofluorescence;omics;pcr;western_blot,metadata_then_manual_file_selection,not_attempted
152,dataset:44d93d3363b7c1a7,GEO,GSE37892,public_metadata_unresolved,1,2,flow_cytometry;immunofluorescence;omics;pcr;western_blot,metadata_then_manual_file_selection,not_attempted
152,dataset:236b5508bdcce98f,GEO,GSE62232,public_metadata_unresolved,1,2,flow_cytometry;immunofluorescence;omics;pcr;western_blot,metadata_then_manual_file_selection,not_attempted
152,dataset:858a4863edb1cc5c,GEO,GSE6764,public_metadata_unresolved,1,2,flow_cytometry;immunofluorescence;omics;pcr;western_blot,metadata_then_manual_file_selection,not_attempted
152,dataset:559a5913f0be6153,GEO,GSE73721,public_metadata_unresolved,2,2,flow_cytometry;immunofluorescence;omics;pcr;western_blot,metadata_then_manual_file_selection,not_attempted
152,dataset:6e86fed14d3beea8,GEO,GSE7476,public_metadata_unresolved,2,2,flow_cytometry;immunofluorescence;omics;pcr;western_blot,metadata_then_manual_file_selection,not_attempted
152,dataset:399a82ca64d57257,GEO,GSE87304,public_metadata_unresolved,2,2,flow_cytometry;immunofluorescence;omics;pcr;western_blot,metadata_then_manual_file_selection,not_attempted
151,dataset:d52e9c5a90d2af2c,ArrayExpress,E-MTAB-8107,public_metadata_resolved,1,1,flow_cytometry;immunofluorescence;omics;pcr;western_blot,metadata_then_manual_file_selection,not_attempted
151,dataset:598053df8580d312,ArrayExpress,E-MTAB-9930,public_metadata_resolved,1,1,flow_cytometry;immunofluorescence;omics;pcr;western_blot,metadata_then_manual_file_selection,not_attempted
151,dataset:d8662e58a4b1fc0e,BioProject,PRJEB25042,unavailable,1,1,immunofluorescence;omics;pcr;sequencing;western_blot,metadata_then_manual_file_selection,not_attempted
151,dataset:4c9d4682e1b607eb,GEO,GSE125617,public_metadata_resolved,1,1,afm;flow_cytometry;immunofluorescence;omics;pcr,metadata_then_manual_file_selection,not_attempted
151,dataset:4e1fa82b8c1cd1ed,GEO,GSE129218,public_metadata_resolved,1,1,afm;immunofluorescence;omics;pcr;piv,metadata_then_manual_file_selection,not_attempted
151,dataset:7df2966822fb612c,GEO,GSE131833,public_metadata_resolved,1,1,flow_cytometry;immunofluorescence;omics;pcr;western_blot,metadata_then_manual_file_selection,not_attempted
151,dataset:6fe642e5a78f63a5,GEO,GSE140054108,public_metadata_unresolved,1,1,afm;flow_cytometry;omics;pcr;western_blot,metadata_then_manual_file_selection,not_attempted
151,dataset:bbc7bd74ecaa00d4,GEO,GSE146771,public_metadata_unresolved,1,1,flow_cytometry;immunofluorescence;omics;pcr;western_blot,metadata_then_manual_file_selection,not_attempted
151,dataset:f0aff0a7da061146,GEO,GSE153020,public_metadata_unresolved,1,1,flow_cytometry;immunofluorescence;omics;pcr;western_blot,metadata_then_manual_file_selection,not_attempted
151,dataset:880a8318705041d6,GEO,GSE158927,public_metadata_unresolved,1,1,flow_cytometry;immunofluorescence;omics;pcr;western_blot,metadata_then_manual_file_selection,not_attempted
151,dataset:8d6f7f9f2de5f6de,GEO,GSE161322,public_metadata_unresolved,1,1,flow_cytometry;immunofluorescence;omics;pcr;western_blot,metadata_then_manual_file_selection,not_attempted
151,dataset:83985f3c56719137,GEO,GSE161434,public_metadata_unresolved,1,1,flow_cytometry;immunofluorescence;omics;pcr;western_blot,metadata_then_manual_file_selection,not_attempted
151,dataset:76d99fdec19f9e91,GEO,GSE161446,public_metadata_unresolved,1,1,flow_cytometry;immunofluorescence;omics;pcr;western_blot,metadata_then_manual_file_selection,not_attempted
151,dataset:be9805053091ee09,GEO,GSE16256,public_metadata_unresolved,1,1,flow_cytometry;immunofluorescence;omics;pcr;western_blot,metadata_then_manual_file_selection,not_attempted
151,dataset:983e13f2bc082081,GEO,GSE162698,public_metadata_unresolved,1,1,flow_cytometry;immunofluorescence;omics;pcr;western_blot,metadata_then_manual_file_selection,not_attempted
151,dataset:518d9d8c0ba31d81,GEO,GSE163646,public_metadata_unresolved,1,1,flow_cytometry;immunofluorescence;omics;pcr;western_blot,metadata_then_manual_file_selection,not_attempted
151,dataset:84007bfaa6a9eeb1,GEO,GSE166009,public_metadata_unresolved,1,1,flow_cytometry;immunofluorescence;omics;pcr;western_blot,metadata_then_manual_file_selection,not_attempted
151,dataset:a76327917a916f30,GEO,GSE166555,public_metadata_unresolved,1,1,flow_cytometry;immunofluorescence;omics;pcr;western_blot,metadata_then_manual_file_selection,not_attempted
151,dataset:d4231bc2e674232b,GEO,GSE176031,public_metadata_unresolved,1,1,flow_cytometry;immunofluorescence;omics;pcr;western_blot,metadata_then_manual_file_selection,not_attempted
151,dataset:d3a02948222fc6eb,GEO,GSE202710,public_metadata_unresolved,1,1,flow_cytometry;immunofluorescence;omics;pcr;western_blot,metadata_then_manual_file_selection,not_attempted
151,dataset:39a6a30c13f4f8f8,GEO,GSE24497,public_metadata_unresolved,1,1,flow_cytometry;immunofluorescence;omics;pcr;western_blot,metadata_then_manual_file_selection,not_attempted
151,dataset:433c41753e3cb1f1,GEO,GSE260727,public_metadata_unresolved,1,1,flow_cytometry;immunofluorescence;omics;pcr;western_blot,metadata_then_manual_file_selection,not_attempted
151,dataset:ed667c913fee7ad0,GEO,GSE268091,public_metadata_unresolved,1,1,afm;flow_cytometry;immunofluorescence;omics;pcr,metadata_then_manual_file_selection,not_attempted
151,dataset:e897c9231e309f82,GEO,GSE292558,public_metadata_unresolved,1,1,flow_cytometry;immunofluorescence;omics;pcr;western_blot,metadata_then_manual_file_selection,not_attempted
151,dataset:de2fab8cf4caf5f2,GEO,GSE294887,public_metadata_unresolved,1,1,flow_cytometry;immunofluorescence;omics;pcr;western_blot,metadata_then_manual_file_selection,not_attempted
151,dataset:c5d9d0bbee77758a,GEO,GSE294966,public_metadata_unresolved,1,1,flow_cytometry;immunofluorescence;omics;pcr;western_blot,metadata_then_manual_file_selection,not_attempted
151,dataset:3446829209ca2fd0,GEO,GSE298319,public_metadata_unresolved,1,1,flow_cytometry;immunofluorescence;omics;pcr;western_blot,metadata_then_manual_file_selection,not_attempted
151,dataset:2c4b1a37162a6ecf,GEO,GSE299107,public_metadata_unresolved,1,1,flow_cytometry;immunofluorescence;omics;pcr;western_blot,metadata_then_manual_file_selection,not_attempted
151,dataset:0e0032ca0eaea707,GEO,GSE305629,public_metadata_unresolved,1,1,flow_cytometry;immunofluorescence;omics;pcr;western_blot,metadata_then_manual_file_selection,not_attempted
151,dataset:256698a7de2f87f0,GEO,GSE309233,public_metadata_unresolved,1,1,flow_cytometry;immunofluorescence;omics;pcr;western_blot,metadata_then_manual_file_selection,not_attempted
151,dataset:be4a456e96a3faca,GEO,GSE309346,public_metadata_unresolved,1,1,flow_cytometry;immunofluorescence;omics;pcr;western_blot,metadata_then_manual_file_selection,not_attempted
151,dataset:e6a7505cf4f89061,GEO,GSE325232,public_metadata_unresolved,1,1,flow_cytometry;immunofluorescence;omics;pcr;western_blot,metadata_then_manual_file_selection,not_attempted
151,dataset:3e0f9ba6d34a2b9a,GEO,GSE32894,public_metadata_unresolved,1,1,flow_cytometry;immunofluorescence;omics;pcr;western_blot,metadata_then_manual_file_selection,not_attempted
151,dataset:dc66b0cd364dc14b,GEO,GSE36878,public_metadata_unresolved,1,1,flow_cytometry;immunofluorescence;omics;pcr;western_blot,metadata_then_manual_file_selection,not_attempted
151,dataset:8d4888acb13e3dbd,GEO,GSE38103,public_metadata_unresolved,1,1,flow_cytometry;immunofluorescence;omics;pcr;western_blot,metadata_then_manual_file_selection,not_attempted
151,dataset:670697dcf11e26f3,GEO,GSE38548,public_metadata_unresolved,1,1,afm;immunofluorescence;omics;pcr;western_blot,metadata_then_manual_file_selection,not_attempted
151,dataset:4ec95eb569aa0480,GEO,GSE45006,public_metadata_unresolved,1,1,flow_cytometry;immunofluorescence;omics;pcr;western_blot,metadata_then_manual_file_selection,not_attempted
151,dataset:0d99eca85902ad57,GEO,GSE48276,public_metadata_unresolved,1,1,flow_cytometry;immunofluorescence;omics;pcr;western_blot,metadata_then_manual_file_selection,not_attempted
151,dataset:a68b38b15c082f12,GEO,GSE48277,public_metadata_unresolved,1,1,flow_cytometry;immunofluorescence;omics;pcr;western_blot,metadata_then_manual_file_selection,not_attempted
151,dataset:f516e8b115bcf238,GEO,GSE50681,public_metadata_unresolved,1,1,flow_cytometry;immunofluorescence;omics;pcr;western_blot,metadata_then_manual_file_selection,not_attempted
151,dataset:5b2787379eb10ebd,GEO,GSE61475,public_metadata_unresolved,1,1,flow_cytometry;immunofluorescence;omics;pcr;western_blot,metadata_then_manual_file_selection,not_attempted
151,dataset:1f1b0edb772fa718,GEO,GSE61852,public_metadata_unresolved,1,1,flow_cytometry;immunofluorescence;omics;pcr;western_blot,metadata_then_manual_file_selection,not_attempted
151,dataset:611375ab950e02f7,GEO,GSE61965,public_metadata_unresolved,1,1,flow_cytometry;immunofluorescence;omics;pcr;western_blot,metadata_then_manual_file_selection,not_attempted
151,dataset:e4aa31891b6aaa6b,GEO,GSE62165,public_metadata_unresolved,1,1,flow_cytometry;immunofluorescence;omics;pcr;western_blot,metadata_then_manual_file_selection,not_attempted
151,dataset:51369b462b7fd213,GEO,GSE62907,public_metadata_unresolved,1,1,afm;immunofluorescence;omics;pcr;western_blot,metadata_then_manual_file_selection,not_attempted
151,dataset:ae4118b651c3e409,GEO,GSE63109,public_metadata_unresolved,1,1,afm;immunofluorescence;omics;pcr;western_blot,metadata_then_manual_file_selection,not_attempted
151,dataset:b275d624865433db,GEO,GSE71323,public_metadata_unresolved,1,1,afm;immunofluorescence;omics;pcr;western_blot,metadata_then_manual_file_selection,not_attempted
151,dataset:a74ec92b62ab5fa6,GEO,GSE81861,public_metadata_unresolved,1,1,flow_cytometry;immunofluorescence;omics;pcr;western_blot,metadata_then_manual_file_selection,not_attempted
151,dataset:672b24336070e5a2,GEO,GSE81996,public_metadata_unresolved,1,1,flow_cytometry;immunofluorescence;omics;pcr;western_blot,metadata_then_manual_file_selection,not_attempted
151,dataset:d305213583f27553,GEO,GSE81997,public_metadata_unresolved,1,1,flow_cytometry;immunofluorescence;omics;pcr;western_blot,metadata_then_manual_file_selection,not_attempted
151,dataset:66cd08aabafb09ac,GEO,GSE83474109,public_metadata_unresolved,1,1,afm;flow_cytometry;omics;pcr;western_blot,metadata_then_manual_file_selection,not_attempted
151,dataset:6268699f04687a2a,GEO,GSE85158,public_metadata_unresolved,1,1,afm;immunofluorescence;omics;pcr;western_blot,metadata_then_manual_file_selection,not_attempted
151,dataset:0714f33b6103c9a9,GEO,GSE90704110,public_metadata_unresolved,1,1,afm;flow_cytometry;omics;pcr;western_blot,metadata_then_manual_file_selection,not_attempted
151,dataset:9c753655cebf9c51,GEO,GSE98547,public_metadata_unresolved,1,1,afm;immunofluorescence;omics;pcr;western_blot,metadata_then_manual_file_selection,not_attempted
151,dataset:7704367d90413b5b,MendeleyData,10.17632/6h5z3x6rkm.1,public_metadata_unresolved,1,1,afm;flow_cytometry;immunofluorescence;pcr;western_blot,metadata_then_manual_file_selection,not_attempted
151,dataset:357a6069edc5d496,PRIDE,PXD013757,public_metadata_resolved,1,1,flow_cytometry;immunofluorescence;pcr;proteomics;western_blot,metadata_then_manual_file_selection,not_attempted
151,dataset:dcf3f8cae99e6379,PRIDE,PXD050005,public_metadata_resolved,1,1,flow_cytometry;immunofluorescence;pcr;proteomics;western_blot,metadata_then_manual_file_selection,not_attempted
151,dataset:3608abdb43d5dda7,PRIDE,PXD058691,public_metadata_resolved,1,1,flow_cytometry;immunofluorescence;pcr;proteomics;western_blot,metadata_then_manual_file_selection,not_attempted
151,dataset:50fcc024ed4dc702,Zenodo,10.5281/zenodo.15357452,public_metadata_resolved,1,1,afm;flow_cytometry;immunofluorescence;pcr;western_blot,metadata_then_manual_file_selection,not_attempted
151,dataset:2c07b885a420ba63,Zenodo,10.5281/zenodo.17701972,public_metadata_resolved,1,1,afm;immunofluorescence;piv;traction_force_microscopy;western_blot,metadata_then_manual_file_selection,not_attempted
151,dataset:aff4e413fc56ee14,Zenodo,10.5281/zenodo.17702192,public_metadata_resolved,1,1,afm;immunofluorescence;piv;traction_force_microscopy;western_blot,metadata_then_manual_file_selection,not_attempted
147,dataset:4b1f01d0098ba219,GEO,GSE176078,public_metadata_unresolved,1,7,immunofluorescence;omics;pcr;western_blot,metadata_then_manual_file_selection,not_attempted
144,dataset:6035dd6ef518e7b9,GEO,GSE13507,public_metadata_unresolved,1,4,flow_cytometry;omics;pcr;western_blot,metadata_then_manual_file_selection,not_attempted
143,dataset:42adbcf9e55f06c4,GEO,GSE110147,public_metadata_resolved,1,3,immunofluorescence;omics;pcr;western_blot,metadata_then_manual_file_selection,not_attempted
143,dataset:954032ea69c7dec6,GEO,GSE18842,public_metadata_unresolved,1,3,flow_cytometry;immunofluorescence;omics;pcr,metadata_then_manual_file_selection,not_attempted
143,dataset:1abfddb19a77841c,GEO,GSE193337,public_metadata_unresolved,1,3,flow_cytometry;omics;pcr;western_blot,metadata_then_manual_file_selection,not_attempted
143,dataset:e77be60db04cea65,GEO,GSE53845,public_metadata_unresolved,1,3,immunofluorescence;omics;pcr;western_blot,metadata_then_manual_file_selection,not_attempted
142,dataset:a99252dd6b8b4bf3,GEO,GSE127465,public_metadata_resolved,1,2,flow_cytometry;omics;pcr;western_blot,metadata_then_manual_file_selection,not_attempted
142,dataset:fed38436b41d6034,GEO,GSE176307,public_metadata_unresolved,1,2,flow_cytometry;omics;pcr;western_blot,metadata_then_manual_file_selection,not_attempted
142,dataset:1f2f89a4143b4d26,GEO,GSE2109,public_metadata_unresolved,1,2,flow_cytometry;immunofluorescence;omics;pcr,metadata_then_manual_file_selection,not_attempted
142,dataset:444d7cdb0ca237eb,GEO,GSE24206,public_metadata_unresolved,2,2,immunofluorescence;omics;pcr;western_blot,metadata_then_manual_file_selection,not_attempted
142,dataset:6f4bd1b495424d97,GEO,GSE32537,public_metadata_unresolved,1,2,immunofluorescence;omics;pcr;western_blot,metadata_then_manual_file_selection,not_attempted
142,dataset:00c22613b11e9ddb,GEO,GSE47460,public_metadata_unresolved,1,2,immunofluorescence;omics;pcr;western_blot,metadata_then_manual_file_selection,not_attempted
142,dataset:58043e9d4490b5bb,GEO,GSE5764,public_metadata_unresolved,1,2,flow_cytometry;immunofluorescence;omics;pcr,metadata_then_manual_file_selection,not_attempted
142,dataset:6c64fe38f4fa3cc4,GEO,GSE70769,public_metadata_unresolved,1,2,flow_cytometry;omics;pcr;western_blot,metadata_then_manual_file_selection,not_attempted
142,dataset:ec4416b681efa4e9,GEO,GSE70866,public_metadata_unresolved,1,2,immunofluorescence;omics;pcr;western_blot,metadata_then_manual_file_selection,not_attempted
142,dataset:d75e4f73260507cf,GEO,GSE99254,public_metadata_unresolved,1,2,flow_cytometry;omics;pcr;western_blot,metadata_then_manual_file_selection,not_attempted
141,dataset:4fd225f5db94fa1b,ArrayExpress,E-MTAB-1420,public_metadata_resolved,1,1,immunofluorescence;omics;pcr;western_blot,metadata_then_manual_file_selection,not_attempted
141,dataset:fc377d08ba6bf823,BioProject,PRJDB35452,unavailable,1,1,immunofluorescence;omics;sequencing;western_blot,metadata_then_manual_file_selection,not_attempted
141,dataset:90cb53238cabd4ad,BioProject,PRJNA281127,unavailable,1,1,immunofluorescence;omics;sequencing;western_blot,metadata_then_manual_file_selection,not_attempted
141,dataset:6382ab19df5f589d,Figshare,10.6084/m9.figshare.28309337,public_metadata_resolved,1,1,afm;flow_cytometry;immunofluorescence;western_blot,metadata_then_manual_file_selection,not_attempted
141,dataset:8d059f113bae4ce9,GEO,GSE101929,public_metadata_resolved,1,1,flow_cytometry;immunofluorescence;omics;pcr,metadata_then_manual_file_selection,not_attempted
141,dataset:aef483e52f6bd3af,GEO,GSE102083,public_metadata_resolved,1,1,immunofluorescence;omics;pcr;western_blot,metadata_then_manual_file_selection,not_attempted
141,dataset:b0e6d0df1bd4ad1a,GEO,GSE102335,public_metadata_resolved,1,1,flow_cytometry;immunofluorescence;omics;pcr,metadata_then_manual_file_selection,not_attempted
141,dataset:ffa2a78a061c1211,GEO,GSE10245,public_metadata_resolved,1,1,flow_cytometry;immunofluorescence;omics;pcr,metadata_then_manual_file_selection,not_attempted
141,dataset:71716852ac2f9338,GEO,GSE104580,public_metadata_resolved,1,1,immunofluorescence;omics;pcr;western_blot,metadata_then_manual_file_selection,not_attempted
141,dataset:05b93a06dae907fd,GEO,GSE107299,public_metadata_resolved,1,1,flow_cytometry;omics;pcr;western_blot,metadata_then_manual_file_selection,not_attempted
141,dataset:55a6386d109e467a,GEO,GSE109625,public_metadata_resolved,1,1,flow_cytometry;immunofluorescence;omics;pcr,metadata_then_manual_file_selection,not_attempted
141,dataset:c27ad53ae6fc726e,GEO,GSE111188,public_metadata_resolved,1,1,immunofluorescence;omics;pcr;western_blot,metadata_then_manual_file_selection,not_attempted
141,dataset:6890a0f190d55c60,GEO,GSE12790,public_metadata_resolved,1,1,flow_cytometry;immunofluorescence;omics;pcr,metadata_then_manual_file_selection,not_attempted
141,dataset:1e175af99fd9b7a4,GEO,GSE128702,public_metadata_resolved,1,1,flow_cytometry;omics;pcr;western_blot,metadata_then_manual_file_selection,not_attempted
141,dataset:fbb7ab109454c31d,GEO,GSE135531,public_metadata_unresolved,1,1,immunofluorescence;omics;pcr;western_blot,metadata_then_manual_file_selection,not_attempted
141,dataset:e867ae8526ef860c,GEO,GSE135631,public_metadata_unresolved,1,1,immunofluorescence;omics;pcr;western_blot,metadata_then_manual_file_selection,not_attempted
141,dataset:0da4437a7bdc8543,GEO,GSE149614,public_metadata_unresolved,1,1,immunofluorescence;omics;pcr;western_blot,metadata_then_manual_file_selection,not_attempted
141,dataset:b83f5f5234c16cb2,GEO,GSE157703,public_metadata_unresolved,1,1,flow_cytometry;omics;pcr;western_blot,metadata_then_manual_file_selection,not_attempted
141,dataset:dbfac3a8ae9ae48b,GEO,GSE159433,public_metadata_unresolved,1,1,immunofluorescence;omics;pcr;western_blot,metadata_then_manual_file_selection,not_attempted
141,dataset:68a3c34adfe30faa,GEO,GSE1724,public_metadata_unresolved,1,1,immunofluorescence;omics;pcr;western_blot,metadata_then_manual_file_selection,not_attempted
141,dataset:eae24e7febe17187,GEO,GSE174265,public_metadata_unresolved,1,1,immunofluorescence;omics;pcr;western_blot,metadata_then_manual_file_selection,not_attempted
141,dataset:b49493814f3555b8,GEO,GSE17700,public_metadata_unresolved,1,1,flow_cytometry;immunofluorescence;omics;pcr,metadata_then_manual_file_selection,not_attempted
141,dataset:9eb7b389b0904da4,GEO,GSE186774,public_metadata_unresolved,1,1,flow_cytometry;immunofluorescence;omics;pcr,metadata_then_manual_file_selection,not_attempted
141,dataset:f7d8da1af49667d1,GEO,GSE188289,public_metadata_unresolved,1,1,immunofluorescence;omics;pcr;western_blot,metadata_then_manual_file_selection,not_attempted
141,dataset:8da62d09362f915e,GEO,GSE18864,public_metadata_unresolved,1,1,flow_cytometry;immunofluorescence;omics;pcr,metadata_then_manual_file_selection,not_attempted
141,dataset:e7b15fab0bc72ae5,GEO,GSE18931,public_metadata_unresolved,1,1,flow_cytometry;immunofluorescence;omics;pcr,metadata_then_manual_file_selection,not_attempted
141,dataset:89e97f84ed686594,GEO,GSE201466,public_metadata_unresolved,1,1,flow_cytometry;immunofluorescence;omics;pcr,metadata_then_manual_file_selection,not_attempted
141,dataset:b863440ae1aa442b,GEO,GSE202556,public_metadata_unresolved,1,1,flow_cytometry;immunofluorescence;omics;pcr,metadata_then_manual_file_selection,not_attempted
141,dataset:edeab659aa7e413b,GEO,GSE206962,public_metadata_unresolved,1,1,flow_cytometry;omics;pcr;western_blot,metadata_then_manual_file_selection,not_attempted
141,dataset:1105408dbcbc99a2,GEO,GSE207131,public_metadata_unresolved,1,1,immunofluorescence;omics;pcr;western_blot,metadata_then_manual_file_selection,not_attempted
141,dataset:e4e05488c7a2d493,GEO,GSE207345,public_metadata_unresolved,1,1,immunofluorescence;omics;pcr;western_blot,metadata_then_manual_file_selection,not_attempted
141,dataset:988699762c366403,GEO,GSE207435,public_metadata_unresolved,1,1,immunofluorescence;omics;pcr;western_blot,metadata_then_manual_file_selection,not_attempted
141,dataset:ef4291b8bb791c0b,GEO,GSE21032,public_metadata_unresolved,1,1,immunofluorescence;omics;pcr;western_blot,metadata_then_manual_file_selection,not_attempted
141,dataset:97081e364f2f8487,GEO,GSE212336,public_metadata_unresolved,1,1,immunofluorescence;omics;pcr;western_blot,metadata_then_manual_file_selection,not_attempted
141,dataset:77622ca6d3d405ac,GEO,GSE22035,public_metadata_unresolved,1,1,flow_cytometry;immunofluorescence;omics;pcr,metadata_then_manual_file_selection,not_attempted
141,dataset:3d94e2880f499fcb,GEO,GSE22047,public_metadata_unresolved,1,1,flow_cytometry;immunofluorescence;omics;pcr,metadata_then_manual_file_selection,not_attempted
141,dataset:86a94bceecc60aaa,GEO,GSE221124,public_metadata_unresolved,1,1,immunofluorescence;omics;pcr;western_blot,metadata_then_manual_file_selection,not_attempted
141,dataset:ac468103f4a5f0a3,GEO,GSE222315,public_metadata_unresolved,1,1,flow_cytometry;omics;pcr;western_blot,metadata_then_manual_file_selection,not_attempted
141,dataset:fa69863af7e7bfe1,GEO,GSE22513,public_metadata_unresolved,1,1,flow_cytometry;immunofluorescence;omics;pcr,metadata_then_manual_file_selection,not_attempted
141,dataset:5b43cc7ff4b86498,GEO,GSE23177,public_metadata_unresolved,1,1,flow_cytometry;immunofluorescence;omics;pcr,metadata_then_manual_file_selection,not_attempted
141,dataset:2e21c1391c8157ab,GEO,GSE23720,public_metadata_unresolved,1,1,flow_cytometry;immunofluorescence;omics;pcr,metadata_then_manual_file_selection,not_attempted
141,dataset:22c44edd477fb14e,GEO,GSE23994,public_metadata_unresolved,1,1,flow_cytometry;immunofluorescence;omics;pcr,metadata_then_manual_file_selection,not_attempted
141,dataset:f6651832a8b73d80,GEO,GSE248846,public_metadata_unresolved,1,1,immunofluorescence;omics;pcr;western_blot,metadata_then_manual_file_selection,not_attempted
141,dataset:07409d7f6fd24e8b,GEO,GSE250061,public_metadata_unresolved,1,1,immunofluorescence;omics;pcr;western_blot,metadata_then_manual_file_selection,not_attempted
141,dataset:81ede9d8b15fedc2,GEO,GSE253761,public_metadata_unresolved,1,1,immunofluorescence;omics;pcr;western_blot,metadata_then_manual_file_selection,not_attempted
141,dataset:a9a7a6113ec85e9b,GEO,GSE25407,public_metadata_unresolved,1,1,flow_cytometry;immunofluorescence;omics;pcr,metadata_then_manual_file_selection,not_attempted
141,dataset:c95c60e9b8a8500c,GEO,GSE264573,public_metadata_unresolved,1,1,flow_cytometry;omics;pcr;western_blot,metadata_then_manual_file_selection,not_attempted
141,dataset:d3279e88f7bd9e8b,GEO,GSE26639,public_metadata_unresolved,1,1,flow_cytometry;immunofluorescence;omics;pcr,metadata_then_manual_file_selection,not_attempted
141,dataset:0794253356bbe1f0,GEO,GSE267661,public_metadata_unresolved,1,1,flow_cytometry;immunofluorescence;omics;pcr,metadata_then_manual_file_selection,not_attempted
141,dataset:24d2e49186aec5ef,GEO,GSE26910,public_metadata_unresolved,1,1,flow_cytometry;immunofluorescence;omics;pcr,metadata_then_manual_file_selection,not_attempted
141,dataset:20fe43884c1d6fc6,GEO,GSE271719,public_metadata_unresolved,1,1,immunofluorescence;omics;pcr;western_blot,metadata_then_manual_file_selection,not_attempted
141,dataset:497f8b1b8477644a,GEO,GSE274229,public_metadata_unresolved,1,1,flow_cytometry;omics;pcr;western_blot,metadata_then_manual_file_selection,not_attempted
141,dataset:5fc6480f50c7b6d0,GEO,GSE289090,public_metadata_unresolved,1,1,immunofluorescence;omics;pcr;western_blot,metadata_then_manual_file_selection,not_attempted
141,dataset:5225c37bd4368fcc,GEO,GSE289263,public_metadata_unresolved,1,1,flow_cytometry;immunofluorescence;omics;pcr,metadata_then_manual_file_selection,not_attempted
141,dataset:0ad98ac8b9a450a3,GEO,GSE289387,public_metadata_unresolved,1,1,immunofluorescence;omics;pcr;western_blot,metadata_then_manual_file_selection,not_attempted
141,dataset:5de4caba3ad9e590,GEO,GSE292315,public_metadata_unresolved,1,1,immunofluorescence;omics;pcr;western_blot,metadata_then_manual_file_selection,not_attempted
141,dataset:6e7e5676e5f6f238,GEO,GSE293398,public_metadata_unresolved,1,1,immunofluorescence;omics;pcr;western_blot,metadata_then_manual_file_selection,not_attempted
141,dataset:6e3d60077af5d8fd,GEO,GSE30010,public_metadata_unresolved,1,1,flow_cytometry;immunofluorescence;omics;pcr,metadata_then_manual_file_selection,not_attempted
141,dataset:2138d8f1954385a5,GEO,GSE316874,public_metadata_unresolved,1,1,immunofluorescence;omics;pcr;western_blot,metadata_then_manual_file_selection,not_attempted
141,dataset:235a90ac36f68947,GEO,GSE319654,public_metadata_unresolved,1,1,immunofluorescence;omics;pcr;traction_force_microscopy,metadata_then_manual_file_selection,not_attempted
141,dataset:046cf9c33fd66b2a,GEO,GSE321656,public_metadata_unresolved,1,1,immunofluorescence;omics;pcr;western_blot,metadata_then_manual_file_selection,not_attempted
141,dataset:f20ca3bf6d331513,GEO,GSE32496,public_metadata_unresolved,1,1,flow_cytometry;immunofluorescence;omics;pcr,metadata_then_manual_file_selection,not_attempted
141,dataset:c39fd62fcdedcc7b,GEO,GSE3542,public_metadata_unresolved,1,1,flow_cytometry;omics;pcr;western_blot,metadata_then_manual_file_selection,not_attempted
141,dataset:46a62ab4b2be01ff,GEO,GSE3744,public_metadata_unresolved,1,1,flow_cytometry;immunofluorescence;omics;pcr,metadata_then_manual_file_selection,not_attempted
141,dataset:3b104e7fd3c75a43,GEO,GSE37918,public_metadata_unresolved,1,1,immunofluorescence;omics;pcr;western_blot,metadata_then_manual_file_selection,not_attempted
141,dataset:05f99a6c799cd423,GEO,GSE40355,public_metadata_unresolved,1,1,immunofluorescence;omics;pcr;western_blot,metadata_then_manual_file_selection,not_attempted
141,dataset:edfd98e203d76e58,GEO,GSE40839,public_metadata_unresolved,1,1,immunofluorescence;omics;pcr;western_blot,metadata_then_manual_file_selection,not_attempted
141,dataset:1fa27fdde4541fb6,GEO,GSE43580,public_metadata_unresolved,1,1,flow_cytometry;immunofluorescence;omics;pcr,metadata_then_manual_file_selection,not_attempted
141,dataset:1e4f077ccbe3ac69,GEO,GSE44723,public_metadata_unresolved,1,1,immunofluorescence;omics;pcr;western_blot,metadata_then_manual_file_selection,not_attempted
141,dataset:bbc367d8a6af8048,GEO,GSE45256,public_metadata_unresolved,1,1,afm;immunofluorescence;omics;pcr,metadata_then_manual_file_selection,not_attempted
141,dataset:52151e5c0d7bc56b,GEO,GSE52642,public_metadata_unresolved,1,1,flow_cytometry;immunofluorescence;omics;pcr,metadata_then_manual_file_selection,not_attempted
141,dataset:98be84f50c2380e6,GEO,GSE57933,public_metadata_unresolved,1,1,flow_cytometry;omics;pcr;western_blot,metadata_then_manual_file_selection,not_attempted
141,dataset:f9798fdffb6114df,GEO,GSE57993,public_metadata_unresolved,1,1,flow_cytometry;omics;pcr;western_blot,metadata_then_manual_file_selection,not_attempted
141,dataset:6463acebe384bf33,GEO,GSE69017,public_metadata_unresolved,1,1,flow_cytometry;omics;pcr;western_blot,metadata_then_manual_file_selection,not_attempted
141,dataset:39cf2d2abaf520f0,GEO,GSE69164,public_metadata_unresolved,1,1,immunofluorescence;omics;pcr;western_blot,metadata_then_manual_file_selection,not_attempted
141,dataset:d0d9f044e264a230,GEO,GSE69715,public_metadata_unresolved,1,1,immunofluorescence;omics;pcr;western_blot,metadata_then_manual_file_selection,not_attempted
141,dataset:9c37222d78a502ae,GEO,GSE73284,public_metadata_unresolved,1,1,immunofluorescence;omics;pcr;western_blot,metadata_then_manual_file_selection,not_attempted
141,dataset:564e1a8f28d43221,GEO,GSE77509,public_metadata_unresolved,1,1,immunofluorescence;omics;pcr;western_blot,metadata_then_manual_file_selection,not_attempted
141,dataset:5b4bf0a6562408d3,GEO,GSE77803,public_metadata_unresolved,1,1,flow_cytometry;immunofluorescence;omics;pcr,metadata_then_manual_file_selection,not_attempted
141,dataset:0632bda46a4f8a77,GEO,GSE85839,public_metadata_unresolved,1,1,flow_cytometry;immunofluorescence;omics;pcr,metadata_then_manual_file_selection,not_attempted
141,dataset:61b2851320b818fc,GEO,GSE94016,public_metadata_unresolved,1,1,immunofluorescence;omics;pcr;western_blot,metadata_then_manual_file_selection,not_attempted
141,dataset:1a0fbf40fa6d6e27,GEO,GSE94872,public_metadata_unresolved,1,1,flow_cytometry;immunofluorescence;omics;pcr,metadata_then_manual_file_selection,not_attempted
141,dataset:6df18b3916127add,GEO,GSE96539,public_metadata_unresolved,1,1,immunofluorescence;omics;pcr;western_blot,metadata_then_manual_file_selection,not_attempted
141,dataset:95a033cb98963657,GEO,GSE9655,public_metadata_unresolved,1,1,immunofluorescence;omics;pcr;western_blot,metadata_then_manual_file_selection,not_attempted
141,dataset:12796fffb2f6fb45,GEO,GSE98979,public_metadata_unresolved,1,1,afm;omics;pcr;western_blot,metadata_then_manual_file_selection,not_attempted
141,dataset:09b8a4c11d09bfd6,PRIDE,PXD015530,unavailable,1,1,flow_cytometry;immunofluorescence;proteomics;western_blot,metadata_then_manual_file_selection,not_attempted
141,dataset:cd98046993611b3a,PRIDE,PXD015531,unavailable,1,1,flow_cytometry;immunofluorescence;proteomics;western_blot,metadata_then_manual_file_selection,not_attempted
141,dataset:96b46a96ad12edba,PRIDE,PXD060730,public_metadata_resolved,1,1,immunofluorescence;pcr;proteomics;western_blot,metadata_then_manual_file_selection,not_attempted
141,dataset:95c9cbdf0e733394,PRIDE,PXD068581,public_metadata_resolved,1,1,immunofluorescence;pcr;proteomics;western_blot,metadata_then_manual_file_selection,not_attempted
141,dataset:151a7aea1c6c34ea,SRA,SRP077683,public_metadata_resolved,1,1,flow_cytometry;omics;sequencing;western_blot,metadata_then_manual_file_selection,not_attempted
141,dataset:4c608cabc1a170fc,Zenodo,10.5281/zenodo.15785196,public_metadata_resolved,1,1,flow_cytometry;immunofluorescence;traction_force_microscopy;western_blot,metadata_then_manual_file_selection,not_attempted
141,dataset:b3176d8487b74ab8,Zenodo,10.5281/zenodo.15785197,public_metadata_resolved,1,1,flow_cytometry;immunofluorescence;traction_force_microscopy;western_blot,metadata_then_manual_file_selection,not_attempted
141,dataset:59bdf6017e076997,Zenodo,10.5281/zenodo.17898956,public_metadata_resolved,1,1,afm;immunofluorescence;piv;western_blot,metadata_then_manual_file_selection,not_attempted
141,dataset:6ba327260392e45a,Zenodo,10.5281/zenodo.17913603,public_metadata_resolved,1,1,afm;immunofluorescence;piv;western_blot,metadata_then_manual_file_selection,not_attempted
132,dataset:c18f667ac4059e0a,GEO,GSE253940,public_metadata_unresolved,1,2,immunofluorescence;omics;pcr,metadata_then_manual_file_selection,not_attempted
131,dataset:04f1d1295371ef5e,Figshare,10.6084/m9.figshare.22332223,public_metadata_resolved,1,1,immunofluorescence;pcr;western_blot,metadata_then_manual_file_selection,not_attempted
131,dataset:2dea85fd8834a7b7,GEO,GSE115956,public_metadata_resolved,1,1,flow_cytometry;omics;pcr,metadata_then_manual_file_selection,not_attempted
131,dataset:b984e96cb5d4dc3b,GEO,GSE130973,public_metadata_resolved,1,1,immunofluorescence;omics;pcr,metadata_then_manual_file_selection,not_attempted
131,dataset:424dd24827cab0d8,GEO,GSE132042,public_metadata_resolved,1,1,immunofluorescence;omics;pcr,metadata_then_manual_file_selection,not_attempted
131,dataset:c1e066cb182a810c,GEO,GSE13353,public_metadata_unresolved,1,1,immunofluorescence;omics;pcr,metadata_then_manual_file_selection,not_attempted
131,dataset:3ec80442445eca2d,GEO,GSE174316,public_metadata_unresolved,1,1,omics;pcr;western_blot,metadata_then_manual_file_selection,not_attempted
131,dataset:667c6f6d354e68c3,GEO,GSE215980,public_metadata_unresolved,1,1,immunofluorescence;omics;pcr,metadata_then_manual_file_selection,not_attempted
131,dataset:6fedc7c19ba57c0b,GEO,GSE274955,public_metadata_unresolved,1,1,immunofluorescence;omics;pcr,metadata_then_manual_file_selection,not_attempted
131,dataset:2214b762d9e7d340,GEO,GSE293664,public_metadata_unresolved,1,1,immunofluorescence;omics;pcr,metadata_then_manual_file_selection,not_attempted
131,dataset:ea767b57f9741eee,GEO,GSE310484,public_metadata_unresolved,1,1,omics;pcr;western_blot,metadata_then_manual_file_selection,not_attempted
131,dataset:8dc2b91deb18efb9,GEO,GSE3647,public_metadata_unresolved,1,1,immunofluorescence;omics;pcr,metadata_then_manual_file_selection,not_attempted
131,dataset:35c82bd4c1d5a221,GEO,GSE36477,public_metadata_unresolved,1,1,immunofluorescence;omics;pcr,metadata_then_manual_file_selection,not_attempted
131,dataset:c39041f61d161ce3,GEO,GSE50881,public_metadata_unresolved,1,1,flow_cytometry;omics;pcr,metadata_then_manual_file_selection,not_attempted
131,dataset:0169a8780fbc7e2f,MendeleyData,10.17632/yp2jvj4696.1,public_metadata_unresolved,1,1,immunofluorescence;pcr;western_blot,metadata_then_manual_file_selection,not_attempted
131,dataset:a513d8662d9f9ccf,PRIDE,PXD043524,public_metadata_resolved,1,1,immunofluorescence;proteomics;western_blot,metadata_then_manual_file_selection,not_attempted
131,dataset:379ae3850244bb9b,Zenodo,10.5281/zenodo.17144707,public_metadata_resolved,1,1,immunofluorescence;pcr;western_blot,metadata_then_manual_file_selection,not_attempted
131,dataset:4e25903c76a16a81,Zenodo,10.5281/zenodo.18455077,public_metadata_resolved,1,1,immunofluorescence;pcr;traction_force_microscopy,metadata_then_manual_file_selection,not_attempted
131,dataset:df24bea8ac9d91e0,Zenodo,10.5281/zenodo.18495219,public_metadata_resolved,1,1,flow_cytometry;immunofluorescence;traction_force_microscopy,metadata_then_manual_file_selection,not_attempted
121,dataset:7e4b36f4a1df4de5,BioSample,SAMN21566060,public_metadata_resolved,1,1,afm;omics,metadata_then_manual_file_selection,not_attempted
121,dataset:2f25fd69c68ba42b,BioSample,SAMN21566061,public_metadata_resolved,1,1,afm;omics,metadata_then_manual_file_selection,not_attempted
121,dataset:f32356008314d065,BioSample,SAMN21566062,public_metadata_resolved,1,1,afm;omics,metadata_then_manual_file_selection,not_attempted
121,dataset:87d3df259ff94075,BioSample,SAMN21566063,public_metadata_resolved,1,1,afm;omics,metadata_then_manual_file_selection,not_attempted
121,dataset:077c1b8bfa6a5278,Figshare,10.6084/m9.figshare.27241950,public_metadata_resolved,1,1,afm;immunofluorescence,metadata_then_manual_file_selection,not_attempted
121,dataset:8120ed0050fc1615,Figshare,10.6084/m9.figshare.29508200,public_metadata_resolved,1,1,afm;pcr,metadata_then_manual_file_selection,not_attempted
121,dataset:825d2c0cdaabced1,GEO,GSE224407,public_metadata_unresolved,1,1,omics;pcr,metadata_then_manual_file_selection,not_attempted
121,dataset:85b868ab7200b6a5,MassIVE,MSV000083594,public_metadata_unresolved,1,1,flow_cytometry;proteomics,metadata_then_manual_file_selection,not_attempted
121,dataset:1646a7b7aaa6ce72,PRIDE,PXD026118,public_metadata_resolved,1,1,proteomics;western_blot,metadata_then_manual_file_selection,not_attempted
121,dataset:9c774f0bee2ae161,PRIDE,PXD064648,public_metadata_resolved,1,1,proteomics;western_blot,metadata_then_manual_file_selection,not_attempted
121,dataset:ede5773bd0c069f5,Zenodo,10.5281/zenodo.15641870,public_metadata_resolved,1,1,immunofluorescence;western_blot,metadata_then_manual_file_selection,not_attempted
121,dataset:5defb495b2c5cf84,Zenodo,10.5281/zenodo.17808937,public_metadata_resolved,1,1,flow_cytometry;western_blot,metadata_then_manual_file_selection,not_attempted
121,dataset:7ed537fe1f33c6ae,Zenodo,10.5281/zenodo.3833867,public_metadata_resolved,1,1,immunofluorescence;western_blot,metadata_then_manual_file_selection,not_attempted
111,dataset:489025471008ef95,Figshare,10.6084/m9.figshare.16826740,public_metadata_resolved,1,1,traction_force_microscopy,metadata_then_manual_file_selection,not_attempted
111,dataset:ecb4a756c4468e35,OSF,osf:6fp4v,public_metadata_resolved,1,1,flow_cytometry,metadata_then_manual_file_selection,not_attempted
111,dataset:18d0f96b9ca13f0c,Zenodo,10.5281/zenodo.18779816,public_metadata_resolved,1,1,piv,metadata_then_manual_file_selection,not_attempted
101,dataset:a5107edf0a28222e,Dryad,10.5061/dryad.fxpnvx15v,unavailable,1,1,,metadata_then_manual_file_selection,not_attempted
101,dataset:1ab865178d43a23a,Dryad,10.5061/dryad.xsj3tx9rf,unavailable,1,1,,metadata_then_manual_file_selection,not_attempted
101,dataset:06adfe1cd1a0c3bf,MendeleyData,10.17632/v5m5mc9t9p.1,public_metadata_unresolved,1,1,,metadata_then_manual_file_selection,not_attempted
101,dataset:839df499e611cc40,Zenodo,10.5281/zenodo.12702199,public_metadata_resolved,1,1,,metadata_then_manual_file_selection,not_attempted
101,dataset:d150de2a29cd3d4e,Zenodo,10.5281/zenodo.12702799,public_metadata_resolved,1,1,,metadata_then_manual_file_selection,not_attempted
101,dataset:4ab7e8209edfbb95,Zenodo,10.5281/zenodo.14861039,public_metadata_resolved,1,1,,metadata_then_manual_file_selection,not_attempted
101,dataset:4911e2d7d9163054,Zenodo,10.5281/zenodo.17731322,public_metadata_resolved,1,1,,metadata_then_manual_file_selection,not_attempted
101,dataset:6374e35cbcd3de50,Zenodo,10.5281/zenodo.17932417,public_metadata_resolved,1,1,,metadata_then_manual_file_selection,not_attempted
101,dataset:f1a5203526e69bb2,Zenodo,10.5281/zenodo.17958929,public_metadata_resolved,1,1,,metadata_then_manual_file_selection,not_attempted
101,dataset:b05fe2f0d567ce85,Zenodo,10.5281/zenodo.18022754,public_metadata_resolved,1,1,,metadata_then_manual_file_selection,not_attempted
101,dataset:a70f9fa5e1cf8c9b,Zenodo,10.5281/zenodo.18022755,public_metadata_resolved,1,1,,metadata_then_manual_file_selection,not_attempted
101,dataset:a8634330c84bb9a7,Zenodo,10.5281/zenodo.18355118,public_metadata_resolved,1,1,,metadata_then_manual_file_selection,not_attempted
101,dataset:a170fb606d31481e,Zenodo,10.5281/zenodo.20021471,public_metadata_resolved,1,1,,metadata_then_manual_file_selection,not_attempted
71,dataset:6b7bc1b391872c8b,BioProject,PRJNA1045604,public_metadata_unresolved,0,1,flow_cytometry;immunofluorescence;omics;pcr;sequencing;traction_force_microscopy;western_blot,metadata_then_manual_file_selection,not_attempted
71,dataset:2e13fa81a05e9328,BioProject,PRJNA1272128,public_metadata_unresolved,0,1,flow_cytometry;immunofluorescence;omics;pcr;sequencing;traction_force_microscopy;western_blot,metadata_then_manual_file_selection,not_attempted
71,dataset:88af29d9cde81fcf,GEO,GSE128037,public_metadata_unresolved,0,1,flow_cytometry;immunofluorescence;omics;pcr;piv;traction_force_microscopy;western_blot,metadata_then_manual_file_selection,not_attempted
71,dataset:0634d5e28e31700c,GEO,GSE135123,public_metadata_unresolved,0,1,afm;immunofluorescence;omics;pcr;piv;traction_force_microscopy;western_blot,metadata_then_manual_file_selection,not_attempted
67,dataset:ae534622c7f0dafa,GEO,GSE31210,public_metadata_unresolved,0,7,afm;flow_cytometry;immunofluorescence;omics;pcr;western_blot,metadata_then_manual_file_selection,not_attempted
63,dataset:f764cca184fb4843,GEO,GSE136103,public_metadata_unresolved,0,3,afm;flow_cytometry;immunofluorescence;omics;pcr;western_blot,metadata_then_manual_file_selection,not_attempted
62,dataset:67e476bbbdb5a698,GEO,GSE158094,public_metadata_unresolved,0,2,afm;flow_cytometry;immunofluorescence;omics;pcr;western_blot,metadata_then_manual_file_selection,not_attempted
62,dataset:642196c71c14cbc5,GEO,GSE28735,public_metadata_unresolved,0,2,afm;flow_cytometry;immunofluorescence;omics;pcr;western_blot,metadata_then_manual_file_selection,not_attempted
62,dataset:7c2d70a6ae37da93,GEO,GSE62452,public_metadata_unresolved,0,2,afm;flow_cytometry;immunofluorescence;omics;pcr;western_blot,metadata_then_manual_file_selection,not_attempted
62,dataset:69a5a936cc7335dc,GEO,GSE98394,public_metadata_unresolved,0,2,afm;flow_cytometry;immunofluorescence;omics;pcr;western_blot,metadata_then_manual_file_selection,not_attempted
61,dataset:5b3c6bc0b275de72,ArrayExpress,E-MTAB-13678,public_metadata_unresolved,0,1,afm;flow_cytometry;immunofluorescence;omics;pcr;western_blot,metadata_then_manual_file_selection,not_attempted
61,dataset:973ee4955e7ad10f,BioProject,PRJNA1208956,public_metadata_unresolved,0,1,afm;flow_cytometry;immunofluorescence;omics;sequencing;western_blot,metadata_then_manual_file_selection,not_attempted
61,dataset:95376f3312b23c41,BioProject,PRJNA1304010,public_metadata_unresolved,0,1,flow_cytometry;immunofluorescence;omics;pcr;sequencing;western_blot,metadata_then_manual_file_selection,not_attempted
61,dataset:68216689bbed8a6e,BioProject,PRJNA1355556,public_metadata_unresolved,0,1,flow_cytometry;immunofluorescence;omics;pcr;sequencing;western_blot,metadata_then_manual_file_selection,not_attempted
61,dataset:2edf55b474a8166c,BioProject,PRJNA1377467,public_metadata_unresolved,0,1,flow_cytometry;immunofluorescence;omics;pcr;sequencing;western_blot,metadata_then_manual_file_selection,not_attempted
61,dataset:fcd8872d2494c4ad,BioProject,PRJNA604669,public_metadata_unresolved,0,1,flow_cytometry;immunofluorescence;omics;pcr;sequencing;western_blot,metadata_then_manual_file_selection,not_attempted
61,dataset:9800897089133207,BioProject,PRJNA986600,public_metadata_unresolved,0,1,afm;flow_cytometry;immunofluorescence;omics;pcr;sequencing,metadata_then_manual_file_selection,not_attempted
61,dataset:d5e30e82091a0472,GEO,GSE101776,public_metadata_unresolved,0,1,afm;immunofluorescence;omics;pcr;traction_force_microscopy;western_blot,metadata_then_manual_file_selection,not_attempted
61,dataset:1e4912c219243487,GEO,GSE103163,public_metadata_unresolved,0,1,afm;flow_cytometry;immunofluorescence;omics;pcr;western_blot,metadata_then_manual_file_selection,not_attempted
61,dataset:9b3914ef60f7e041,GEO,GSE108040,public_metadata_unresolved,0,1,afm;flow_cytometry;immunofluorescence;omics;pcr;western_blot,metadata_then_manual_file_selection,not_attempted
61,dataset:3cbfd623c593bd81,GEO,GSE110726,public_metadata_unresolved,0,1,afm;flow_cytometry;immunofluorescence;omics;pcr;western_blot,metadata_then_manual_file_selection,not_attempted
61,dataset:5e540af500702b4c,GEO,GSE133886,public_metadata_unresolved,0,1,afm;flow_cytometry;immunofluorescence;omics;pcr;western_blot,metadata_then_manual_file_selection,not_attempted
61,dataset:834da63f46e54555,GEO,GSE13503,public_metadata_unresolved,0,1,afm;flow_cytometry;immunofluorescence;omics;pcr;western_blot,metadata_then_manual_file_selection,not_attempted
61,dataset:51592710fd36a99f,GEO,GSE135312,public_metadata_unresolved,0,1,immunofluorescence;omics;pcr;piv;traction_force_microscopy;western_blot,metadata_then_manual_file_selection,not_attempted
61,dataset:7f2f464b57979ce3,GEO,GSE13610331,public_metadata_unresolved,0,1,afm;flow_cytometry;immunofluorescence;omics;pcr;western_blot,metadata_then_manual_file_selection,not_attempted
61,dataset:b072992d13554385,GEO,GSE154017,public_metadata_unresolved,0,1,afm;flow_cytometry;immunofluorescence;omics;pcr;western_blot,metadata_then_manual_file_selection,not_attempted
61,dataset:34d643345051edd6,GEO,GSE160286,public_metadata_unresolved,0,1,afm;immunofluorescence;omics;pcr;traction_force_microscopy;western_blot,metadata_then_manual_file_selection,not_attempted
61,dataset:a1a7fde9636cf00e,GEO,GSE168984,public_metadata_unresolved,0,1,afm;flow_cytometry;immunofluorescence;omics;pcr;western_blot,metadata_then_manual_file_selection,not_attempted
61,dataset:4f8312a58998b053,GEO,GSE172381,public_metadata_unresolved,0,1,afm;flow_cytometry;immunofluorescence;omics;pcr;western_blot,metadata_then_manual_file_selection,not_attempted
61,dataset:bdbb41465aaaecf4,GEO,GSE193505,public_metadata_unresolved,0,1,afm;flow_cytometry;immunofluorescence;omics;pcr;western_blot,metadata_then_manual_file_selection,not_attempted
61,dataset:ec324b7aec297da2,GEO,GSE199487,public_metadata_unresolved,0,1,afm;flow_cytometry;immunofluorescence;omics;pcr;western_blot,metadata_then_manual_file_selection,not_attempted
61,dataset:191a1378c14a35f2,GEO,GSE213099,public_metadata_unresolved,0,1,afm;flow_cytometry;immunofluorescence;omics;pcr;western_blot,metadata_then_manual_file_selection,not_attempted
61,dataset:2c74b524d2b17c34,GEO,GSE244784,public_metadata_unresolved,0,1,afm;flow_cytometry;immunofluorescence;omics;pcr;western_blot,metadata_then_manual_file_selection,not_attempted
61,dataset:3f1623be873fcc72,GEO,GSE250602,public_metadata_unresolved,0,1,afm;flow_cytometry;immunofluorescence;omics;pcr;western_blot,metadata_then_manual_file_selection,not_attempted
61,dataset:388c8d579d44a5f9,GEO,GSE274047,public_metadata_unresolved,0,1,afm;flow_cytometry;immunofluorescence;omics;pcr;western_blot,metadata_then_manual_file_selection,not_attempted
61,dataset:6bf90fa8bdb273d7,GEO,GSE277867,public_metadata_unresolved,0,1,afm;flow_cytometry;immunofluorescence;omics;pcr;western_blot,metadata_then_manual_file_selection,not_attempted
61,dataset:4d7c10cceec4ffdc,GEO,GSE277868,public_metadata_unresolved,0,1,afm;flow_cytometry;immunofluorescence;omics;pcr;western_blot,metadata_then_manual_file_selection,not_attempted
61,dataset:08e17c963e415064,GEO,GSE277869,public_metadata_unresolved,0,1,afm;flow_cytometry;immunofluorescence;omics;pcr;western_blot,metadata_then_manual_file_selection,not_attempted
61,dataset:1edc260f23532de2,GEO,GSE277870,public_metadata_unresolved,0,1,afm;flow_cytometry;immunofluorescence;omics;pcr;western_blot,metadata_then_manual_file_selection,not_attempted
61,dataset:b281bb640e5eeaf9,GEO,GSE277872,public_metadata_unresolved,0,1,afm;flow_cytometry;immunofluorescence;omics;pcr;western_blot,metadata_then_manual_file_selection,not_attempted
61,dataset:491a318352c27691,GEO,GSE305996,public_metadata_unresolved,0,1,afm;flow_cytometry;immunofluorescence;omics;pcr;western_blot,metadata_then_manual_file_selection,not_attempted
61,dataset:f397da14372c8260,GEO,GSE306137,public_metadata_unresolved,0,1,afm;flow_cytometry;immunofluorescence;omics;pcr;western_blot,metadata_then_manual_file_selection,not_attempted
61,dataset:ec8eb15496e9064f,GEO,GSE39609,public_metadata_unresolved,0,1,afm;immunofluorescence;omics;pcr;traction_force_microscopy;western_blot,metadata_then_manual_file_selection,not_attempted
61,dataset:966e1582cd75d98f,GEO,GSE60152,public_metadata_unresolved,0,1,afm;flow_cytometry;immunofluorescence;omics;pcr;western_blot,metadata_then_manual_file_selection,not_attempted
61,dataset:d5730e2720dd0639,GEO,GSE63282,public_metadata_unresolved,0,1,afm;immunofluorescence;omics;pcr;traction_force_microscopy;western_blot,metadata_then_manual_file_selection,not_attempted
61,dataset:692c0861a8583bfe,GEO,GSE72056,public_metadata_unresolved,0,1,afm;flow_cytometry;immunofluorescence;omics;pcr;western_blot,metadata_then_manual_file_selection,not_attempted
61,dataset:cbed7ac45709bfa9,GEO,GSE83314,public_metadata_unresolved,0,1,afm;flow_cytometry;immunofluorescence;omics;pcr;western_blot,metadata_then_manual_file_selection,not_attempted
61,dataset:6024d46621d86160,GEO,GSE83366,public_metadata_unresolved,0,1,afm;flow_cytometry;immunofluorescence;omics;pcr;western_blot,metadata_then_manual_file_selection,not_attempted
61,dataset:4b2b73d2e5ea3b50,GEO,GSE85022,public_metadata_unresolved,0,1,afm;flow_cytometry;immunofluorescence;omics;pcr;western_blot,metadata_then_manual_file_selection,not_attempted
61,dataset:8ee5b0171433ec42,PRIDE,PXD050237,public_metadata_unresolved,0,1,afm;flow_cytometry;immunofluorescence;pcr;proteomics;western_blot,metadata_then_manual_file_selection,not_attempted
61,dataset:dc802ec743386d4e,SRA,DRP138,public_metadata_unresolved,0,1,afm;flow_cytometry;immunofluorescence;omics;pcr;sequencing,metadata_then_manual_file_selection,not_attempted
61,dataset:383fb9ec57003665,SRA,SRP3182,public_metadata_unresolved,0,1,flow_cytometry;immunofluorescence;omics;pcr;sequencing;western_blot,metadata_then_manual_file_selection,not_attempted
61,dataset:1f0b6e04e82e6012,SRA,SRP5348,public_metadata_unresolved,0,1,afm;immunofluorescence;omics;pcr;sequencing;western_blot,metadata_then_manual_file_selection,not_attempted
61,dataset:275092c35d300e4a,SRA,SRP668579,public_metadata_unresolved,0,1,flow_cytometry;immunofluorescence;omics;pcr;sequencing;western_blot,metadata_then_manual_file_selection,not_attempted
53,dataset:2396f4104fb82059,GEO,GSE1456,public_metadata_unresolved,0,3,flow_cytometry;immunofluorescence;omics;pcr;western_blot,metadata_then_manual_file_selection,not_attempted
53,dataset:8a49e86d284a189f,GEO,GSE18105,public_metadata_unresolved,0,3,flow_cytometry;immunofluorescence;omics;pcr;western_blot,metadata_then_manual_file_selection,not_attempted
53,dataset:f437ea158b0b9cd0,GEO,GSE18229,public_metadata_unresolved,0,3,afm;immunofluorescence;omics;pcr;western_blot,metadata_then_manual_file_selection,not_attempted
53,dataset:33e32fe961db4a48,GEO,GSE4922,public_metadata_unresolved,0,3,flow_cytometry;immunofluorescence;omics;pcr;western_blot,metadata_then_manual_file_selection,not_attempted
53,dataset:bece75433992967e,GEO,GSE7305,public_metadata_unresolved,0,3,flow_cytometry;immunofluorescence;omics;pcr;western_blot,metadata_then_manual_file_selection,not_attempted
53,dataset:a0093927e488b203,GEO,GSE76427,public_metadata_unresolved,0,3,flow_cytometry;immunofluorescence;omics;pcr;western_blot,metadata_then_manual_file_selection,not_attempted
52,dataset:81e010ceab727538,GEO,GSE11121,public_metadata_unresolved,0,2,flow_cytometry;immunofluorescence;omics;pcr;western_blot,metadata_then_manual_file_selection,not_attempted
52,dataset:051907aa0ada7c3f,GEO,GSE12093,public_metadata_unresolved,0,2,flow_cytometry;immunofluorescence;omics;pcr;western_blot,metadata_then_manual_file_selection,not_attempted
52,dataset:3b9b4e29ce07857c,GEO,GSE126044,public_metadata_unresolved,0,2,flow_cytometry;immunofluorescence;omics;pcr;western_blot,metadata_then_manual_file_selection,not_attempted
52,dataset:fea616fd2826196c,GEO,GSE13911,public_metadata_unresolved,0,2,flow_cytometry;immunofluorescence;omics;pcr;western_blot,metadata_then_manual_file_selection,not_attempted
52,dataset:6ea5003813f76063,GEO,GSE14333,public_metadata_unresolved,0,2,afm;flow_cytometry;immunofluorescence;omics;pcr,metadata_then_manual_file_selection,not_attempted
52,dataset:bc7791535b9d917f,GEO,GSE179640,public_metadata_unresolved,0,2,flow_cytometry;immunofluorescence;omics;pcr;western_blot,metadata_then_manual_file_selection,not_attempted
52,dataset:60bf663af630b61a,GEO,GSE2603,public_metadata_unresolved,0,2,flow_cytometry;immunofluorescence;omics;pcr;western_blot,metadata_then_manual_file_selection,not_attempted
52,dataset:103d483c681ca7e8,GEO,GSE39791,public_metadata_unresolved,0,2,flow_cytometry;immunofluorescence;omics;pcr;western_blot,metadata_then_manual_file_selection,not_attempted
52,dataset:fddb51a9b421324e,GEO,GSE4290,public_metadata_unresolved,0,2,flow_cytometry;immunofluorescence;omics;pcr;western_blot,metadata_then_manual_file_selection,not_attempted
52,dataset:c3ad60a6adf13ac6,GEO,GSE5327,public_metadata_unresolved,0,2,flow_cytometry;immunofluorescence;omics;pcr;western_blot,metadata_then_manual_file_selection,not_attempted
52,dataset:e7fecef2f8cd1893,GEO,GSE54236,public_metadata_unresolved,0,2,flow_cytometry;immunofluorescence;omics;pcr;western_blot,metadata_then_manual_file_selection,not_attempted
52,dataset:ac7a1a7f1d18a783,GEO,GSE60436,public_metadata_unresolved,0,2,flow_cytometry;immunofluorescence;omics;pcr;western_blot,metadata_then_manual_file_selection,not_attempted
52,dataset:aa17bbcca10392f6,GEO,GSE64041,public_metadata_unresolved,0,2,flow_cytometry;immunofluorescence;omics;pcr;western_blot,metadata_then_manual_file_selection,not_attempted
52,dataset:b9b72ed53c6e1cee,GEO,GSE68848,public_metadata_unresolved,0,2,flow_cytometry;immunofluorescence;omics;pcr;western_blot,metadata_then_manual_file_selection,not_attempted
52,dataset:b136c4434f3b8106,GEO,GSE71187,public_metadata_unresolved,0,2,flow_cytometry;immunofluorescence;omics;pcr;western_blot,metadata_then_manual_file_selection,not_attempted
52,dataset:20285e90ebf227e7,GEO,GSE72094,public_metadata_unresolved,0,2,flow_cytometry;immunofluorescence;omics;pcr;western_blot,metadata_then_manual_file_selection,not_attempted
52,dataset:a446060b200d86da,GEO,GSE7390,public_metadata_unresolved,0,2,flow_cytometry;immunofluorescence;omics;pcr;western_blot,metadata_then_manual_file_selection,not_attempted
52,dataset:fb4cacdd40fe9269,GEO,GSE77953,public_metadata_unresolved,0,2,flow_cytometry;immunofluorescence;omics;pcr;western_blot,metadata_then_manual_file_selection,not_attempted
52,dataset:195b0c93f90453ff,GEO,GSE89377,public_metadata_unresolved,0,2,flow_cytometry;immunofluorescence;omics;pcr;western_blot,metadata_then_manual_file_selection,not_attempted
52,dataset:c00777602349d339,GEO,GSE89632,public_metadata_unresolved,0,2,flow_cytometry;immunofluorescence;omics;pcr;western_blot,metadata_then_manual_file_selection,not_attempted
51,dataset:2384c9338ecb9b2f,ArrayExpress,E-MTAB-10279,public_metadata_unresolved,0,1,afm;flow_cytometry;omics;pcr;western_blot,metadata_then_manual_file_selection,not_attempted
51,dataset:ed09616569009039,ArrayExpress,E-MTAB-13783,public_metadata_unresolved,0,1,flow_cytometry;immunofluorescence;omics;pcr;western_blot,metadata_then_manual_file_selection,not_attempted
51,dataset:f3fa7dd81f0dbfa2,ArrayExpress,E-MTAB-181,public_metadata_unresolved,0,1,flow_cytometry;immunofluorescence;omics;pcr;western_blot,metadata_then_manual_file_selection,not_attempted
51,dataset:b50d6d6b7f4b61a4,ArrayExpress,E-MTAB-1813,public_metadata_unresolved,0,1,immunofluorescence;omics;pcr;traction_force_microscopy;western_blot,metadata_then_manual_file_selection,not_attempted
51,dataset:8145834f8aa484cb,ArrayExpress,E-MTAB-2770,public_metadata_unresolved,0,1,flow_cytometry;immunofluorescence;omics;pcr;western_blot,metadata_then_manual_file_selection,not_attempted
51,dataset:c6d9877b9e1e6fda,ArrayExpress,E-MTAB-5081,public_metadata_unresolved,0,1,immunofluorescence;omics;pcr;traction_force_microscopy;western_blot,metadata_then_manual_file_selection,not_attempted
51,dataset:3712f564c7bb7b25,ArrayExpress,E-MTAB-5217,public_metadata_unresolved,0,1,afm;flow_cytometry;immunofluorescence;omics;western_blot,metadata_then_manual_file_selection,not_attempted
51,dataset:b433d77e598e1a71,ArrayExpress,E-MTAB-6134,public_metadata_unresolved,0,1,afm;immunofluorescence;omics;pcr;western_blot,metadata_then_manual_file_selection,not_attempted
51,dataset:8b11372a4b6c9742,ArrayExpress,E-MTAB-8524,public_metadata_unresolved,0,1,flow_cytometry;immunofluorescence;omics;pcr;western_blot,metadata_then_manual_file_selection,not_attempted
51,dataset:515148cfdd641edf,BioProject,PRJDB16201,public_metadata_unresolved,0,1,immunofluorescence;omics;pcr;sequencing;western_blot,metadata_then_manual_file_selection,not_attempted
51,dataset:26d81d122fda338a,BioProject,PRJDB37988,public_metadata_unresolved,0,1,flow_cytometry;omics;pcr;sequencing;western_blot,metadata_then_manual_file_selection,not_attempted
51,dataset:ec4c0ee5ce927df1,BioProject,PRJNA1062085,public_metadata_unresolved,0,1,flow_cytometry;omics;pcr;sequencing;western_blot,metadata_then_manual_file_selection,not_attempted
51,dataset:eee4d6c6cbc48159,BioProject,PRJNA1161221,public_metadata_unresolved,0,1,immunofluorescence;omics;pcr;sequencing;western_blot,metadata_then_manual_file_selection,not_attempted
51,dataset:6a082dac90da4c30,BioProject,PRJNA1166140,public_metadata_unresolved,0,1,flow_cytometry;immunofluorescence;omics;pcr;sequencing,metadata_then_manual_file_selection,not_attempted
51,dataset:41ab5da7ae5f6441,BioProject,PRJNA1182410,public_metadata_unresolved,0,1,immunofluorescence;omics;pcr;sequencing;western_blot,metadata_then_manual_file_selection,not_attempted
51,dataset:afecfb4f180d6af6,BioProject,PRJNA1190133,public_metadata_unresolved,0,1,immunofluorescence;omics;pcr;sequencing;western_blot,metadata_then_manual_file_selection,not_attempted
51,dataset:8ad316d63a31badb,BioProject,PRJNA1193290,public_metadata_unresolved,0,1,flow_cytometry;omics;pcr;sequencing;western_blot,metadata_then_manual_file_selection,not_attempted
51,dataset:cbf428fca0510947,BioProject,PRJNA1218296,public_metadata_unresolved,0,1,immunofluorescence;omics;pcr;sequencing;western_blot,metadata_then_manual_file_selection,not_attempted
51,dataset:f8a7bfb90107c722,BioProject,PRJNA1221101,public_metadata_unresolved,0,1,immunofluorescence;omics;pcr;sequencing;western_blot,metadata_then_manual_file_selection,not_attempted
51,dataset:94a0afc94379a199,BioProject,PRJNA1245494,public_metadata_unresolved,0,1,immunofluorescence;omics;pcr;sequencing;western_blot,metadata_then_manual_file_selection,not_attempted
51,dataset:425e9fd255731528,BioProject,PRJNA1246160,public_metadata_unresolved,0,1,immunofluorescence;omics;pcr;sequencing;western_blot,metadata_then_manual_file_selection,not_attempted
51,dataset:303c4b7de68c38fb,BioProject,PRJNA1255135,public_metadata_unresolved,0,1,immunofluorescence;omics;pcr;sequencing;western_blot,metadata_then_manual_file_selection,not_attempted
51,dataset:45da2f9fd8d4e6d6,BioProject,PRJNA1256532,public_metadata_unresolved,0,1,flow_cytometry;omics;pcr;sequencing;western_blot,metadata_then_manual_file_selection,not_attempted
51,dataset:23358355a37e65ba,BioProject,PRJNA1297406,public_metadata_unresolved,0,1,flow_cytometry;immunofluorescence;omics;sequencing;western_blot,metadata_then_manual_file_selection,not_attempted
51,dataset:3ab9c19e24d585d6,BioProject,PRJNA1297692,public_metadata_unresolved,0,1,immunofluorescence;omics;pcr;sequencing;western_blot,metadata_then_manual_file_selection,not_attempted
51,dataset:10e7cef87f82921c,BioProject,PRJNA1302099,public_metadata_unresolved,0,1,immunofluorescence;omics;pcr;sequencing;western_blot,metadata_then_manual_file_selection,not_attempted
51,dataset:0e35b38b3f25ecd1,BioProject,PRJNA1309714,public_metadata_unresolved,0,1,immunofluorescence;omics;pcr;sequencing;western_blot,metadata_then_manual_file_selection,not_attempted
51,dataset:93dd188b8ee2d343,BioProject,PRJNA1311743,public_metadata_unresolved,0,1,immunofluorescence;omics;pcr;sequencing;western_blot,metadata_then_manual_file_selection,not_attempted
51,dataset:ef917ff201f137fb,BioProject,PRJNA1327558,public_metadata_unresolved,0,1,immunofluorescence;omics;pcr;sequencing;western_blot,metadata_then_manual_file_selection,not_attempted
51,dataset:0afa56e481ec38f3,BioProject,PRJNA1358032,public_metadata_unresolved,0,1,flow_cytometry;omics;pcr;sequencing;western_blot,metadata_then_manual_file_selection,not_attempted
51,dataset:c3193a0553716082,BioProject,PRJNA1367356,public_metadata_unresolved,0,1,flow_cytometry;immunofluorescence;omics;sequencing;western_blot,metadata_then_manual_file_selection,not_attempted
51,dataset:f06fa9224adeab06,BioProject,PRJNA1367840,public_metadata_unresolved,0,1,flow_cytometry;immunofluorescence;omics;sequencing;western_blot,metadata_then_manual_file_selection,not_attempted
51,dataset:3732799e549b63f8,BioProject,PRJNA1368594,public_metadata_unresolved,0,1,immunofluorescence;omics;pcr;sequencing;western_blot,metadata_then_manual_file_selection,not_attempted
51,dataset:637e0967cd07882b,BioProject,PRJNA1416616,public_metadata_unresolved,0,1,immunofluorescence;omics;pcr;sequencing;western_blot,metadata_then_manual_file_selection,not_attempted
51,dataset:a1d1b5ec08cb1527,BioProject,PRJNA1426168,public_metadata_unresolved,0,1,immunofluorescence;omics;pcr;sequencing;western_blot,metadata_then_manual_file_selection,not_attempted
51,dataset:a2a6584f188b831a,BioProject,PRJNA1432438,public_metadata_unresolved,0,1,immunofluorescence;omics;pcr;sequencing;western_blot,metadata_then_manual_file_selection,not_attempted
51,dataset:098f517b6187d606,BioProject,PRJNA1437528,public_metadata_unresolved,0,1,immunofluorescence;omics;pcr;sequencing;western_blot,metadata_then_manual_file_selection,not_attempted
51,dataset:2a6a25369fc85cba,BioProject,PRJNA1454191,public_metadata_unresolved,0,1,immunofluorescence;omics;pcr;sequencing;western_blot,metadata_then_manual_file_selection,not_attempted
51,dataset:95593bb44be11e5c,BioProject,PRJNA636991,public_metadata_unresolved,0,1,immunofluorescence;omics;pcr;sequencing;western_blot,metadata_then_manual_file_selection,not_attempted
51,dataset:de0b3906dd5a8330,BioProject,PRJNA804684,public_metadata_unresolved,0,1,flow_cytometry;immunofluorescence;omics;sequencing;western_blot,metadata_then_manual_file_selection,not_attempted
51,dataset:2c19a35ed13fcdba,GEO,GSE10141,public_metadata_unresolved,0,1,flow_cytometry;immunofluorescence;omics;pcr;western_blot,metadata_then_manual_file_selection,not_attempted
51,dataset:eb6be33e00784a56,GEO,GSE102079,public_metadata_unresolved,0,1,flow_cytometry;immunofluorescence;omics;pcr;western_blot,metadata_then_manual_file_selection,not_attempted
51,dataset:4681310c1394a0ae,GEO,GSE103237,public_metadata_unresolved,0,1,flow_cytometry;immunofluorescence;omics;pcr;western_blot,metadata_then_manual_file_selection,not_attempted
51,dataset:9f726dce480bd627,GEO,GSE104645,public_metadata_unresolved,0,1,flow_cytometry;immunofluorescence;omics;pcr;western_blot,metadata_then_manual_file_selection,not_attempted
51,dataset:12c2d94994cffd88,GEO,GSE109660,public_metadata_unresolved,0,1,afm;immunofluorescence;omics;pcr;western_blot,metadata_then_manual_file_selection,not_attempted
51,dataset:b3c915cb27feddff,GEO,GSE112122,public_metadata_unresolved,0,1,flow_cytometry;immunofluorescence;omics;pcr;western_blot,metadata_then_manual_file_selection,not_attempted
51,dataset:c0652ba7b4c5ee7b,GEO,GSE113289,public_metadata_unresolved,0,1,flow_cytometry;immunofluorescence;omics;pcr;western_blot,metadata_then_manual_file_selection,not_attempted
51,dataset:9d1e261bed542441,GEO,GSE116080,public_metadata_unresolved,0,1,flow_cytometry;immunofluorescence;omics;pcr;western_blot,metadata_then_manual_file_selection,not_attempted
51,dataset:8c9dcceb3eb55461,GEO,GSE116174,public_metadata_unresolved,0,1,flow_cytometry;immunofluorescence;omics;pcr;western_blot,metadata_then_manual_file_selection,not_attempted
51,dataset:74a7df1b66d85259,GEO,GSE11691,public_metadata_unresolved,0,1,flow_cytometry;immunofluorescence;omics;pcr;western_blot,metadata_then_manual_file_selection,not_attempted
51,dataset:01ac6f434adc2c0e,GEO,GSE124114,public_metadata_unresolved,0,1,afm;immunofluorescence;omics;pcr;western_blot,metadata_then_manual_file_selection,not_attempted
51,dataset:19c828e202057b8b,GEO,GSE124808,public_metadata_unresolved,0,1,flow_cytometry;immunofluorescence;omics;pcr;western_blot,metadata_then_manual_file_selection,not_attempted
51,dataset:b8da77df1c90c782,GEO,GSE125449,public_metadata_unresolved,0,1,flow_cytometry;immunofluorescence;omics;pcr;western_blot,metadata_then_manual_file_selection,not_attempted
51,dataset:439fbac9060a219c,GEO,GSE125848,public_metadata_unresolved,0,1,flow_cytometry;immunofluorescence;omics;pcr;western_blot,metadata_then_manual_file_selection,not_attempted
51,dataset:b184c2a5166bfb4a,GEO,GSE126848,public_metadata_unresolved,0,1,flow_cytometry;immunofluorescence;omics;pcr;western_blot,metadata_then_manual_file_selection,not_attempted
51,dataset:0ad1250ee680dbe3,GEO,GSE130592,public_metadata_unresolved,0,1,flow_cytometry;immunofluorescence;omics;pcr;western_blot,metadata_then_manual_file_selection,not_attempted
51,dataset:f40b3df512bf11b6,GEO,GSE132143,public_metadata_unresolved,0,1,afm;immunofluorescence;omics;pcr;western_blot,metadata_then_manual_file_selection,not_attempted
51,dataset:f6e6b654ddcad3c8,GEO,GSE135337,public_metadata_unresolved,0,1,flow_cytometry;immunofluorescence;omics;pcr;western_blot,metadata_then_manual_file_selection,not_attempted
51,dataset:33ffd5b41d24e19b,GEO,GSE135918,public_metadata_unresolved,0,1,flow_cytometry;immunofluorescence;omics;pcr;western_blot,metadata_then_manual_file_selection,not_attempted
51,dataset:efaaa93c56097b36,GEO,GSE138263,public_metadata_unresolved,0,1,afm;immunofluorescence;omics;pcr;western_blot,metadata_then_manual_file_selection,not_attempted
51,dataset:da75defd1cbb11ec,GEO,GSE14323,public_metadata_unresolved,0,1,flow_cytometry;immunofluorescence;omics;pcr;western_blot,metadata_then_manual_file_selection,not_attempted
51,dataset:5dbce9af3a2c8fc9,GEO,GSE143985,public_metadata_unresolved,0,1,flow_cytometry;immunofluorescence;omics;pcr;western_blot,metadata_then_manual_file_selection,not_attempted
51,dataset:a13c93a78490013c,GEO,GSE146110,public_metadata_unresolved,0,1,flow_cytometry;immunofluorescence;omics;pcr;western_blot,metadata_then_manual_file_selection,not_attempted
51,dataset:0eb95e99b2c915ce,GEO,GSE146112,public_metadata_unresolved,0,1,afm;immunofluorescence;omics;pcr;western_blot,metadata_then_manual_file_selection,not_attempted
51,dataset:e62e14f720d091bb,GEO,GSE146643,public_metadata_unresolved,0,1,flow_cytometry;immunofluorescence;omics;pcr;western_blot,metadata_then_manual_file_selection,not_attempted
51,dataset:fb803f5ff9f0970f,GEO,GSE147471,public_metadata_unresolved,0,1,afm;immunofluorescence;omics;pcr;western_blot,metadata_then_manual_file_selection,not_attempted
51,dataset:a07f6b14baf16112,GEO,GSE14747115,public_metadata_unresolved,0,1,afm;immunofluorescence;omics;pcr;western_blot,metadata_then_manual_file_selection,not_attempted
51,dataset:7372918cad9cc6a8,GEO,GSE148676,public_metadata_unresolved,0,1,flow_cytometry;immunofluorescence;omics;pcr;western_blot,metadata_then_manual_file_selection,not_attempted
51,dataset:66c1cbb61edacf3b,GEO,GSE153534,public_metadata_unresolved,0,1,flow_cytometry;immunofluorescence;omics;pcr;western_blot,metadata_then_manual_file_selection,not_attempted
51,dataset:18c253aaefa0b675,GEO,GSE153895,public_metadata_unresolved,0,1,flow_cytometry;immunofluorescence;omics;pcr;western_blot,metadata_then_manual_file_selection,not_attempted
51,dataset:52813fe92f62330b,GEO,GSE153960,public_metadata_unresolved,0,1,flow_cytometry;immunofluorescence;omics;pcr;western_blot,metadata_then_manual_file_selection,not_attempted
51,dataset:6c150b845920f108,GEO,GSE155468,public_metadata_unresolved,0,1,flow_cytometry;immunofluorescence;omics;pcr;western_blot,metadata_then_manual_file_selection,not_attempted
51,dataset:280598efa3031d2d,GEO,GSE155478,public_metadata_unresolved,0,1,flow_cytometry;immunofluorescence;omics;pcr;traction_force_microscopy,metadata_then_manual_file_selection,not_attempted
51,dataset:111ce0167b418975,GEO,GSE1563,public_metadata_unresolved,0,1,flow_cytometry;immunofluorescence;omics;pcr;western_blot,metadata_then_manual_file_selection,not_attempted
51,dataset:3a3ae06bdc3a8f38,GEO,GSE159385,public_metadata_unresolved,0,1,flow_cytometry;immunofluorescence;omics;pcr;western_blot,metadata_then_manual_file_selection,not_attempted
51,dataset:615db7221c7c0406,GEO,GSE160512,public_metadata_unresolved,0,1,flow_cytometry;immunofluorescence;omics;pcr;western_blot,metadata_then_manual_file_selection,not_attempted
51,dataset:06e4d43ec23225ab,GEO,GSE161158,public_metadata_unresolved,0,1,flow_cytometry;immunofluorescence;omics;pcr;western_blot,metadata_then_manual_file_selection,not_attempted
51,dataset:f02178123d768dad,GEO,GSE161277,public_metadata_unresolved,0,1,flow_cytometry;immunofluorescence;omics;pcr;western_blot,metadata_then_manual_file_selection,not_attempted
51,dataset:2c0ce38556b04858,GEO,GSE163129,public_metadata_unresolved,0,1,flow_cytometry;immunofluorescence;omics;pcr;western_blot,metadata_then_manual_file_selection,not_attempted
51,dataset:37697f3d241e3050,GEO,GSE165409,public_metadata_unresolved,0,1,immunofluorescence;omics;pcr;traction_force_microscopy;western_blot,metadata_then_manual_file_selection,not_attempted
51,dataset:128b5231fff224b6,GEO,GSE16643,public_metadata_unresolved,0,1,afm;immunofluorescence;omics;pcr;western_blot,metadata_then_manual_file_selection,not_attempted
51,dataset:f291d018a2b5dfa0,GEO,GSE174490,public_metadata_unresolved,0,1,flow_cytometry;immunofluorescence;omics;pcr;western_blot,metadata_then_manual_file_selection,not_attempted
51,dataset:9ec7e9864c8fa32a,GEO,GSE17537,public_metadata_unresolved,0,1,flow_cytometry;immunofluorescence;omics;pcr;western_blot,metadata_then_manual_file_selection,not_attempted
51,dataset:83e7381cfc39c56a,GEO,GSE17554064,public_metadata_unresolved,0,1,flow_cytometry;immunofluorescence;omics;pcr;western_blot,metadata_then_manual_file_selection,not_attempted
51,dataset:13dc2a6384891adf,GEO,GSE179568,public_metadata_unresolved,0,1,flow_cytometry;immunofluorescence;omics;pcr;western_blot,metadata_then_manual_file_selection,not_attempted
51,dataset:bb3630e7764e3bcf,GEO,GSE181919,public_metadata_unresolved,0,1,flow_cytometry;immunofluorescence;omics;pcr;western_blot,metadata_then_manual_file_selection,not_attempted
51,dataset:9ef747b2e3b5e2a9,GEO,GSE182109,public_metadata_unresolved,0,1,flow_cytometry;immunofluorescence;omics;pcr;western_blot,metadata_then_manual_file_selection,not_attempted
51,dataset:37b26f95353bbdea,GEO,GSE183519,public_metadata_unresolved,0,1,flow_cytometry;immunofluorescence;omics;pcr;western_blot,metadata_then_manual_file_selection,not_attempted
51,dataset:15bda54ad0957bf0,GEO,GSE18597,public_metadata_unresolved,0,1,flow_cytometry;immunofluorescence;omics;pcr;western_blot,metadata_then_manual_file_selection,not_attempted
51,dataset:a2a9b7f004236efc,GEO,GSE189803,public_metadata_unresolved,0,1,flow_cytometry;immunofluorescence;omics;pcr;western_blot,metadata_then_manual_file_selection,not_attempted
51,dataset:753134427b186805,GEO,GSE192742,public_metadata_unresolved,0,1,flow_cytometry;immunofluorescence;omics;pcr;western_blot,metadata_then_manual_file_selection,not_attempted
51,dataset:0b2550f33f9bf43b,GEO,GSE203236,public_metadata_unresolved,0,1,flow_cytometry;immunofluorescence;omics;pcr;western_blot,metadata_then_manual_file_selection,not_attempted
51,dataset:96989711715ff7ae,GEO,GSE220705,public_metadata_unresolved,0,1,flow_cytometry;immunofluorescence;omics;pcr;western_blot,metadata_then_manual_file_selection,not_attempted
51,dataset:bafbafc6d2bef782,GEO,GSE222556,public_metadata_unresolved,0,1,flow_cytometry;immunofluorescence;omics;pcr;western_blot,metadata_then_manual_file_selection,not_attempted
51,dataset:5cda4436dc68eb4b,GEO,GSE225642,public_metadata_unresolved,0,1,afm;immunofluorescence;omics;pcr;western_blot,metadata_then_manual_file_selection,not_attempted
51,dataset:c044109bee98abe2,GEO,GSE22834,public_metadata_unresolved,0,1,flow_cytometry;immunofluorescence;omics;pcr;western_blot,metadata_then_manual_file_selection,not_attempted
51,dataset:46b8e6813407e765,GEO,GSE232237,public_metadata_unresolved,0,1,flow_cytometry;immunofluorescence;omics;pcr;western_blot,metadata_then_manual_file_selection,not_attempted
51,dataset:b2650241a7ed2b1d,GEO,GSE241211,public_metadata_unresolved,0,1,flow_cytometry;immunofluorescence;omics;pcr;western_blot,metadata_then_manual_file_selection,not_attempted
51,dataset:dc4500e9ab91933b,GEO,GSE241628,public_metadata_unresolved,0,1,flow_cytometry;immunofluorescence;omics;pcr;western_blot,metadata_then_manual_file_selection,not_attempted
51,dataset:28ed940726a95d2f,GEO,GSE246174,public_metadata_unresolved,0,1,flow_cytometry;immunofluorescence;omics;pcr;traction_force_microscopy,metadata_then_manual_file_selection,not_attempted
51,dataset:2f79ae3e5eda3f05,GEO,GSE252050,public_metadata_unresolved,0,1,flow_cytometry;immunofluorescence;omics;pcr;western_blot,metadata_then_manual_file_selection,not_attempted
51,dataset:8dc948d984d9f7a8,GEO,GSE255019,public_metadata_unresolved,0,1,flow_cytometry;immunofluorescence;omics;pcr;western_blot,metadata_then_manual_file_selection,not_attempted
51,dataset:0a1266d3a5437e8a,GEO,GSE256490,public_metadata_unresolved,0,1,flow_cytometry;immunofluorescence;omics;pcr;western_blot,metadata_then_manual_file_selection,not_attempted
51,dataset:665577e1ab54f5f1,GEO,GSE26595,public_metadata_unresolved,0,1,flow_cytometry;immunofluorescence;omics;pcr;western_blot,metadata_then_manual_file_selection,not_attempted
51,dataset:ab29625b652b29c9,GEO,GSE270452,public_metadata_unresolved,0,1,flow_cytometry;immunofluorescence;omics;pcr;western_blot,metadata_then_manual_file_selection,not_attempted
51,dataset:eecd72c6e7713177,GEO,GSE27262,public_metadata_unresolved,0,1,afm;immunofluorescence;omics;pcr;western_blot,metadata_then_manual_file_selection,not_attempted
51,dataset:8875a4bd8a75f0a5,GEO,GSE274674,public_metadata_unresolved,0,1,flow_cytometry;immunofluorescence;omics;pcr;western_blot,metadata_then_manual_file_selection,not_attempted
51,dataset:84c6928ec7631947,GEO,GSE274858,public_metadata_unresolved,0,1,afm;immunofluorescence;omics;pcr;western_blot,metadata_then_manual_file_selection,not_attempted
51,dataset:f643cec40050b590,GEO,GSE281949,public_metadata_unresolved,0,1,afm;flow_cytometry;omics;pcr;western_blot,metadata_then_manual_file_selection,not_attempted
51,dataset:abf666b30d071871,GEO,GSE286676,public_metadata_unresolved,0,1,afm;immunofluorescence;omics;pcr;western_blot,metadata_then_manual_file_selection,not_attempted
51,dataset:0f6c883e700a5e39,GEO,GSE28700,public_metadata_unresolved,0,1,flow_cytometry;immunofluorescence;omics;pcr;western_blot,metadata_then_manual_file_selection,not_attempted
51,dataset:a5f4c2e00eead70b,GEO,GSE287756,public_metadata_unresolved,0,1,immunofluorescence;omics;pcr;traction_force_microscopy;western_blot,metadata_then_manual_file_selection,not_attempted
51,dataset:3c64e3cf6d02c2e5,GEO,GSE294660,public_metadata_unresolved,0,1,flow_cytometry;immunofluorescence;omics;pcr;western_blot,metadata_then_manual_file_selection,not_attempted
51,dataset:29fb66624f40639d,GEO,GSE296927,public_metadata_unresolved,0,1,flow_cytometry;immunofluorescence;omics;pcr;western_blot,metadata_then_manual_file_selection,not_attempted
51,dataset:9986d113428c6f9b,GEO,GSE300270,public_metadata_unresolved,0,1,flow_cytometry;immunofluorescence;omics;pcr;western_blot,metadata_then_manual_file_selection,not_attempted
51,dataset:8ea02b8d2314ea7b,GEO,GSE300605,public_metadata_unresolved,0,1,flow_cytometry;immunofluorescence;omics;pcr;western_blot,metadata_then_manual_file_selection,not_attempted
51,dataset:81ab9d2c373fbe2f,GEO,GSE302085,public_metadata_unresolved,0,1,flow_cytometry;immunofluorescence;omics;pcr;western_blot,metadata_then_manual_file_selection,not_attempted
51,dataset:536c6a38228255ea,GEO,GSE302327,public_metadata_unresolved,0,1,flow_cytometry;immunofluorescence;omics;pcr;western_blot,metadata_then_manual_file_selection,not_attempted
51,dataset:a24f75d9b628ae44,GEO,GSE303787,public_metadata_unresolved,0,1,flow_cytometry;immunofluorescence;omics;pcr;western_blot,metadata_then_manual_file_selection,not_attempted
51,dataset:37bf95fded04ed12,GEO,GSE312614,public_metadata_unresolved,0,1,flow_cytometry;immunofluorescence;omics;pcr;western_blot,metadata_then_manual_file_selection,not_attempted
51,dataset:a7ff09fa0eacaf03,GEO,GSE312823,public_metadata_unresolved,0,1,flow_cytometry;immunofluorescence;omics;pcr;western_blot,metadata_then_manual_file_selection,not_attempted
51,dataset:0c387516c75d0e29,GEO,GSE314597,public_metadata_unresolved,0,1,afm;flow_cytometry;immunofluorescence;omics;pcr,metadata_then_manual_file_selection,not_attempted
51,dataset:8a4d249eb936e601,GEO,GSE315534,public_metadata_unresolved,0,1,flow_cytometry;immunofluorescence;omics;pcr;western_blot,metadata_then_manual_file_selection,not_attempted
51,dataset:1761ea172ae4f698,GEO,GSE315896,public_metadata_unresolved,0,1,flow_cytometry;immunofluorescence;omics;pcr;western_blot,metadata_then_manual_file_selection,not_attempted
51,dataset:f0a1e949f422f508,GEO,GSE31737,public_metadata_unresolved,0,1,flow_cytometry;immunofluorescence;omics;pcr;western_blot,metadata_then_manual_file_selection,not_attempted
51,dataset:f2dd136e3f7369ac,GEO,GSE317434,public_metadata_unresolved,0,1,flow_cytometry;immunofluorescence;omics;pcr;western_blot,metadata_then_manual_file_selection,not_attempted
51,dataset:92738b6bf1d16fa7,GEO,GSE319479,public_metadata_unresolved,0,1,flow_cytometry;immunofluorescence;omics;pcr;western_blot,metadata_then_manual_file_selection,not_attempted
51,dataset:b65d0dca2e80dccc,GEO,GSE319480,public_metadata_unresolved,0,1,flow_cytometry;immunofluorescence;omics;pcr;western_blot,metadata_then_manual_file_selection,not_attempted
51,dataset:3064d9c2a561e19f,GEO,GSE319996,public_metadata_unresolved,0,1,flow_cytometry;immunofluorescence;omics;pcr;western_blot,metadata_then_manual_file_selection,not_attempted
51,dataset:980f0437bd4ea47a,GEO,GSE322841,public_metadata_unresolved,0,1,flow_cytometry;immunofluorescence;omics;pcr;western_blot,metadata_then_manual_file_selection,not_attempted
51,dataset:f523f73ddddfbddc,GEO,GSE32323,public_metadata_unresolved,0,1,flow_cytometry;immunofluorescence;omics;pcr;western_blot,metadata_then_manual_file_selection,not_attempted
51,dataset:26e791e5c953a0ac,GEO,GSE34138,public_metadata_unresolved,0,1,flow_cytometry;immunofluorescence;omics;pcr;traction_force_microscopy,metadata_then_manual_file_selection,not_attempted
51,dataset:3f8ddf4787967428,GEO,GSE35452,public_metadata_unresolved,0,1,flow_cytometry;immunofluorescence;omics;pcr;western_blot,metadata_then_manual_file_selection,not_attempted
51,dataset:9ead051fd222f9de,GEO,GSE36376,public_metadata_unresolved,0,1,flow_cytometry;immunofluorescence;omics;pcr;western_blot,metadata_then_manual_file_selection,not_attempted
51,dataset:6333dbf43c5ab0d3,GEO,GSE37182,public_metadata_unresolved,0,1,flow_cytometry;immunofluorescence;omics;pcr;western_blot,metadata_then_manual_file_selection,not_attempted
51,dataset:f3fb6e2ed6bb9f40,GEO,GSE38832,public_metadata_unresolved,0,1,flow_cytometry;immunofluorescence;omics;pcr;western_blot,metadata_then_manual_file_selection,not_attempted
51,dataset:d7501c01885a8f50,GEO,GSE39084,public_metadata_unresolved,0,1,flow_cytometry;immunofluorescence;omics;pcr;western_blot,metadata_then_manual_file_selection,not_attempted
51,dataset:f10b53a72c3b90d6,GEO,GSE39395,public_metadata_unresolved,0,1,flow_cytometry;immunofluorescence;omics;pcr;western_blot,metadata_then_manual_file_selection,not_attempted
51,dataset:11a5e37dc62b190b,GEO,GSE39396,public_metadata_unresolved,0,1,flow_cytometry;immunofluorescence;omics;pcr;western_blot,metadata_then_manual_file_selection,not_attempted
51,dataset:45d2b31ba23a4488,GEO,GSE44076,public_metadata_unresolved,0,1,flow_cytometry;immunofluorescence;omics;pcr;western_blot,metadata_then_manual_file_selection,not_attempted
51,dataset:698c1956705f2812,GEO,GSE45114,public_metadata_unresolved,0,1,flow_cytometry;immunofluorescence;omics;pcr;western_blot,metadata_then_manual_file_selection,not_attempted
51,dataset:e8230591cb675030,GEO,GSE47184,public_metadata_unresolved,0,1,flow_cytometry;immunofluorescence;omics;pcr;western_blot,metadata_then_manual_file_selection,not_attempted
51,dataset:fa8b292df394f152,GEO,GSE47530,public_metadata_unresolved,0,1,afm;immunofluorescence;omics;pcr;western_blot,metadata_then_manual_file_selection,not_attempted
51,dataset:052ba5024de218cd,GEO,GSE50760,public_metadata_unresolved,0,1,flow_cytometry;immunofluorescence;omics;pcr;western_blot,metadata_then_manual_file_selection,not_attempted
51,dataset:8318b78140cb5460,GEO,GSE5099,public_metadata_unresolved,0,1,afm;immunofluorescence;omics;pcr;western_blot,metadata_then_manual_file_selection,not_attempted
51,dataset:cecc43f4d5234779,GEO,GSE52564,public_metadata_unresolved,0,1,flow_cytometry;immunofluorescence;omics;pcr;western_blot,metadata_then_manual_file_selection,not_attempted
51,dataset:37b3d7b21004c680,GEO,GSE54384,public_metadata_unresolved,0,1,flow_cytometry;immunofluorescence;omics;pcr;western_blot,metadata_then_manual_file_selection,not_attempted
51,dataset:7652d1afb5e0e8d6,GEO,GSE55348,public_metadata_unresolved,0,1,afm;immunofluorescence;omics;pcr;western_blot,metadata_then_manual_file_selection,not_attempted
51,dataset:397bf5a519568761,GEO,GSE5534838,public_metadata_unresolved,0,1,afm;immunofluorescence;omics;pcr;western_blot,metadata_then_manual_file_selection,not_attempted
51,dataset:980035c8c0a85326,GEO,GSE5572238,public_metadata_unresolved,0,1,flow_cytometry;immunofluorescence;omics;pcr;western_blot,metadata_then_manual_file_selection,not_attempted
51,dataset:ba3025dffa65d07b,GEO,GSE59595,public_metadata_unresolved,0,1,afm;immunofluorescence;omics;pcr;western_blot,metadata_then_manual_file_selection,not_attempted
51,dataset:2d0fbb4120b4a678,GEO,GSE5959521,public_metadata_unresolved,0,1,afm;immunofluorescence;omics;pcr;western_blot,metadata_then_manual_file_selection,not_attempted
51,dataset:b084f518ddc58b78,GEO,GSE6298,public_metadata_unresolved,0,1,afm;immunofluorescence;omics;pcr;western_blot,metadata_then_manual_file_selection,not_attempted
51,dataset:dbbcb2592ccfc5d8,GEO,GSE65240,public_metadata_unresolved,0,1,afm;immunofluorescence;omics;pcr;western_blot,metadata_then_manual_file_selection,not_attempted
51,dataset:35c37c7e94c98af7,GEO,GSE6988,public_metadata_unresolved,0,1,flow_cytometry;immunofluorescence;omics;pcr;western_blot,metadata_then_manual_file_selection,not_attempted
51,dataset:7478689414970fc1,GEO,GSE71198,public_metadata_unresolved,0,1,flow_cytometry;immunofluorescence;omics;pcr;western_blot,metadata_then_manual_file_selection,not_attempted
51,dataset:79864fdc9429e211,GEO,GSE72970,public_metadata_unresolved,0,1,flow_cytometry;immunofluorescence;omics;pcr;western_blot,metadata_then_manual_file_selection,not_attempted
51,dataset:98da0ac748765041,GEO,GSE75233,public_metadata_unresolved,0,1,flow_cytometry;immunofluorescence;omics;pcr;western_blot,metadata_then_manual_file_selection,not_attempted
51,dataset:e35de494294f6031,GEO,GSE75709,public_metadata_unresolved,0,1,afm;immunofluorescence;omics;pcr;western_blot,metadata_then_manual_file_selection,not_attempted
51,dataset:1007b05e3e641dc2,GEO,GSE77932,public_metadata_unresolved,0,1,flow_cytometry;immunofluorescence;omics;pcr;western_blot,metadata_then_manual_file_selection,not_attempted
51,dataset:48aa8b0adcbf864f,GEO,GSE78229,public_metadata_unresolved,0,1,afm;immunofluorescence;omics;pcr;western_blot,metadata_then_manual_file_selection,not_attempted
51,dataset:acc8efa6defebde3,GEO,GSE79668,public_metadata_unresolved,0,1,afm;immunofluorescence;omics;pcr;western_blot,metadata_then_manual_file_selection,not_attempted
51,dataset:9642802a68ce176e,GEO,GSE83453,public_metadata_unresolved,0,1,flow_cytometry;immunofluorescence;omics;pcr;western_blot,metadata_then_manual_file_selection,not_attempted
51,dataset:4aca6613cd728ebe,GEO,GSE83810,public_metadata_unresolved,0,1,flow_cytometry;immunofluorescence;omics;pcr;western_blot,metadata_then_manual_file_selection,not_attempted
51,dataset:b9bccdd4f985e8d9,GEO,GSE83889,public_metadata_unresolved,0,1,flow_cytometry;immunofluorescence;omics;pcr;western_blot,metadata_then_manual_file_selection,not_attempted
51,dataset:d679b3f0906ce435,GEO,GSE86945,public_metadata_unresolved,0,1,afm;immunofluorescence;omics;pcr;western_blot,metadata_then_manual_file_selection,not_attempted
51,dataset:e2cfc315cb9c8fbf,GEO,GSE8694539,public_metadata_unresolved,0,1,afm;immunofluorescence;omics;pcr;western_blot,metadata_then_manual_file_selection,not_attempted
51,dataset:e5c6bbbfa1bd1454,GEO,GSE87211,public_metadata_unresolved,0,1,flow_cytometry;immunofluorescence;omics;pcr;western_blot,metadata_then_manual_file_selection,not_attempted
51,dataset:366d5e64fbee0649,GEO,GSE8977,public_metadata_unresolved,0,1,afm;immunofluorescence;omics;pcr;western_blot,metadata_then_manual_file_selection,not_attempted
51,dataset:49114bae10b16c60,GEO,GSE9014,public_metadata_unresolved,0,1,afm;immunofluorescence;omics;pcr;western_blot,metadata_then_manual_file_selection,not_attempted
51,dataset:1175c6b37f216865,MassIVE,MSV000083090,public_metadata_unresolved,0,1,flow_cytometry;immunofluorescence;pcr;proteomics;western_blot,metadata_then_manual_file_selection,not_attempted
51,dataset:a241bb090706a11b,MassIVE,MSV000095228,public_metadata_unresolved,0,1,flow_cytometry;immunofluorescence;pcr;proteomics;western_blot,metadata_then_manual_file_selection,not_attempted
51,dataset:22887eb1e588dafc,MendeleyData,10.17632/3cgf8d8cxm.1,public_metadata_unresolved,0,1,afm;flow_cytometry;immunofluorescence;pcr;western_blot,metadata_then_manual_file_selection,not_attempted
51,dataset:0dd43074defce553,PRIDE,PXD001099,public_metadata_unresolved,0,1,flow_cytometry;immunofluorescence;pcr;proteomics;western_blot,metadata_then_manual_file_selection,not_attempted
51,dataset:ca87b10bfc6d5cfc,PRIDE,PXD003316,public_metadata_unresolved,0,1,afm;flow_cytometry;immunofluorescence;proteomics;western_blot,metadata_then_manual_file_selection,not_attempted
51,dataset:2b520f6ab51d34c9,PRIDE,PXD013481,public_metadata_unresolved,0,1,afm;flow_cytometry;immunofluorescence;proteomics;western_blot,metadata_then_manual_file_selection,not_attempted
51,dataset:cf14019fff848e3d,PRIDE,PXD016191,public_metadata_unresolved,0,1,flow_cytometry;immunofluorescence;pcr;proteomics;western_blot,metadata_then_manual_file_selection,not_attempted
51,dataset:724721a8225a3471,PRIDE,PXD018724,public_metadata_unresolved,0,1,flow_cytometry;immunofluorescence;pcr;proteomics;western_blot,metadata_then_manual_file_selection,not_attempted
51,dataset:8a81dd56138b9fd0,PRIDE,PXD018725,public_metadata_unresolved,0,1,flow_cytometry;immunofluorescence;pcr;proteomics;western_blot,metadata_then_manual_file_selection,not_attempted
51,dataset:009f5b4da361cdda,PRIDE,PXD018734,public_metadata_unresolved,0,1,flow_cytometry;immunofluorescence;pcr;proteomics;western_blot,metadata_then_manual_file_selection,not_attempted
51,dataset:beb034fa95d58b1a,PRIDE,PXD019037,public_metadata_unresolved,0,1,afm;immunofluorescence;pcr;proteomics;western_blot,metadata_then_manual_file_selection,not_attempted
51,dataset:198f644551df6e32,PRIDE,PXD026464,public_metadata_unresolved,0,1,flow_cytometry;immunofluorescence;pcr;proteomics;western_blot,metadata_then_manual_file_selection,not_attempted
51,dataset:29e3025274db144d,PRIDE,PXD028247,public_metadata_unresolved,0,1,flow_cytometry;immunofluorescence;pcr;proteomics;western_blot,metadata_then_manual_file_selection,not_attempted
51,dataset:1c3604db0d13485a,PRIDE,PXD028303,public_metadata_unresolved,0,1,flow_cytometry;immunofluorescence;pcr;proteomics;western_blot,metadata_then_manual_file_selection,not_attempted
51,dataset:85d5d80d121bf5df,PRIDE,PXD035329,public_metadata_unresolved,0,1,afm;flow_cytometry;immunofluorescence;proteomics;western_blot,metadata_then_manual_file_selection,not_attempted
51,dataset:ae1d1efaa10611b6,PRIDE,PXD040502,public_metadata_unresolved,0,1,flow_cytometry;immunofluorescence;pcr;proteomics;western_blot,metadata_then_manual_file_selection,not_attempted
51,dataset:c9bba546bba6c19d,PRIDE,PXD046157,public_metadata_unresolved,0,1,immunofluorescence;piv;proteomics;traction_force_microscopy;western_blot,metadata_then_manual_file_selection,not_attempted
51,dataset:5ebe6bdb75d7ba96,PRIDE,PXD055588,public_metadata_unresolved,0,1,flow_cytometry;immunofluorescence;pcr;proteomics;western_blot,metadata_then_manual_file_selection,not_attempted
51,dataset:525a43ef5bd094fc,PRIDE,PXD059983,public_metadata_unresolved,0,1,immunofluorescence;pcr;proteomics;traction_force_microscopy;western_blot,metadata_then_manual_file_selection,not_attempted
51,dataset:b4ce98b5c5f9dd6c,PRIDE,PXD060721,public_metadata_unresolved,0,1,flow_cytometry;immunofluorescence;pcr;proteomics;western_blot,metadata_then_manual_file_selection,not_attempted
51,dataset:17b5313ca4bacc4b,PRIDE,PXD063805,public_metadata_unresolved,0,1,flow_cytometry;immunofluorescence;pcr;proteomics;western_blot,metadata_then_manual_file_selection,not_attempted
51,dataset:7fd39e4fdf83776b,SRA,SRP0273,public_metadata_unresolved,0,1,flow_cytometry;omics;pcr;sequencing;western_blot,metadata_then_manual_file_selection,not_attempted
51,dataset:85731624dad90d0a,SRA,SRP045504,public_metadata_unresolved,0,1,afm;immunofluorescence;omics;pcr;sequencing,metadata_then_manual_file_selection,not_attempted
51,dataset:747d72532aba8a6c,SRA,SRP3058,public_metadata_unresolved,0,1,flow_cytometry;omics;pcr;sequencing;western_blot,metadata_then_manual_file_selection,not_attempted
51,dataset:54222d9430ecae6b,SRA,SRP3083,public_metadata_unresolved,0,1,flow_cytometry;omics;pcr;sequencing;western_blot,metadata_then_manual_file_selection,not_attempted
51,dataset:0d0b6257acf5a012,SRA,SRP3274,public_metadata_unresolved,0,1,flow_cytometry;omics;pcr;sequencing;western_blot,metadata_then_manual_file_selection,not_attempted
51,dataset:f15dbeb0eb7ddc96,SRA,SRP4137,public_metadata_unresolved,0,1,flow_cytometry;omics;pcr;sequencing;western_blot,metadata_then_manual_file_selection,not_attempted
51,dataset:127af29c818a5bce,SRA,SRR1067930,public_metadata_unresolved,0,1,immunofluorescence;omics;pcr;sequencing;western_blot,metadata_then_manual_file_selection,not_attempted
51,dataset:4b80ae8c16d681e7,SRA,SRR1067934,public_metadata_unresolved,0,1,immunofluorescence;omics;pcr;sequencing;western_blot,metadata_then_manual_file_selection,not_attempted
51,dataset:8ce74646873e31be,SRA,SRR1067937,public_metadata_unresolved,0,1,immunofluorescence;omics;pcr;sequencing;western_blot,metadata_then_manual_file_selection,not_attempted
51,dataset:864c1b9596d088ac,SRA,SRR1067940,public_metadata_unresolved,0,1,immunofluorescence;omics;pcr;sequencing;western_blot,metadata_then_manual_file_selection,not_attempted
51,dataset:14565e5e7711f982,SRA,SRR37061229,public_metadata_unresolved,0,1,immunofluorescence;omics;pcr;sequencing;western_blot,metadata_then_manual_file_selection,not_attempted
51,dataset:c179052f7b55f841,SRA,SRR37061230,public_metadata_unresolved,0,1,immunofluorescence;omics;pcr;sequencing;western_blot,metadata_then_manual_file_selection,not_attempted
51,dataset:95b4b3b301c42279,SRA,SRR447138,public_metadata_unresolved,0,1,immunofluorescence;omics;pcr;sequencing;western_blot,metadata_then_manual_file_selection,not_attempted
51,dataset:501ea4beeafd1e07,SRA,SRR6253241,public_metadata_unresolved,0,1,immunofluorescence;omics;pcr;sequencing;western_blot,metadata_then_manual_file_selection,not_attempted
51,dataset:9d55bcac9da716d3,SRA,SRR6253242,public_metadata_unresolved,0,1,immunofluorescence;omics;pcr;sequencing;western_blot,metadata_then_manual_file_selection,not_attempted
51,dataset:7dee172b643c8562,SRA,SRR6253243,public_metadata_unresolved,0,1,immunofluorescence;omics;pcr;sequencing;western_blot,metadata_then_manual_file_selection,not_attempted
51,dataset:4b8e12a71f04e622,SRA,SRR786439,public_metadata_unresolved,0,1,immunofluorescence;omics;pcr;sequencing;western_blot,metadata_then_manual_file_selection,not_attempted
51,dataset:e596422f0bd30d04,Zenodo,10.5281/zenodo.16742356,public_metadata_unresolved,0,1,afm;immunofluorescence;piv;traction_force_microscopy;western_blot,metadata_then_manual_file_selection,not_attempted
51,dataset:7ece571645666714,Zenodo,10.5281/zenodo.16742360,public_metadata_unresolved,0,1,afm;immunofluorescence;piv;traction_force_microscopy;western_blot,metadata_then_manual_file_selection,not_attempted
51,dataset:173c18d9da39b977,Zenodo,10.5281/zenodo.17115192,public_metadata_unresolved,0,1,afm;immunofluorescence;pcr;traction_force_microscopy;western_blot,metadata_then_manual_file_selection,not_attempted
43,dataset:87f87998454180cb,BioSample,SAMD3,public_metadata_unresolved,0,3,immunofluorescence;omics;pcr;western_blot,metadata_then_manual_file_selection,not_attempted
42,dataset:2b3926674e7a2436,GEO,GSE112790,public_metadata_unresolved,0,2,immunofluorescence;omics;pcr;western_blot,metadata_then_manual_file_selection,not_attempted
42,dataset:ee87e85632d76c84,GEO,GSE112797,public_metadata_unresolved,0,2,immunofluorescence;omics;pcr;western_blot,metadata_then_manual_file_selection,not_attempted
42,dataset:16f996ec34e14351,GEO,GSE148071,public_metadata_unresolved,0,2,flow_cytometry;omics;pcr;western_blot,metadata_then_manual_file_selection,not_attempted
42,dataset:9d95bce189073f7a,GEO,GSE153434,public_metadata_unresolved,0,2,immunofluorescence;omics;pcr;western_blot,metadata_then_manual_file_selection,not_attempted
42,dataset:f28de3cdf69fed60,GEO,GSE162631,public_metadata_unresolved,0,2,immunofluorescence;omics;pcr;western_blot,metadata_then_manual_file_selection,not_attempted
42,dataset:eaead4de574e81a1,GEO,GSE16476,public_metadata_unresolved,0,2,immunofluorescence;omics;pcr;western_blot,metadata_then_manual_file_selection,not_attempted
42,dataset:9be320bfaaafb8da,GEO,GSE184880,public_metadata_unresolved,0,2,flow_cytometry;immunofluorescence;omics;pcr,metadata_then_manual_file_selection,not_attempted
42,dataset:f6eab7cc3fbd3b6b,GEO,GSE18520,public_metadata_unresolved,0,2,flow_cytometry;omics;pcr;western_blot,metadata_then_manual_file_selection,not_attempted
42,dataset:7ebdee25e17097bc,GEO,GSE19188,public_metadata_unresolved,0,2,flow_cytometry;omics;pcr;western_blot,metadata_then_manual_file_selection,not_attempted
42,dataset:aec50b3f51152ccc,GEO,GSE200997,public_metadata_unresolved,0,2,flow_cytometry;omics;pcr;western_blot,metadata_then_manual_file_selection,not_attempted
42,dataset:eeaff3563fa460c2,GEO,GSE213216,public_metadata_unresolved,0,2,immunofluorescence;omics;pcr;western_blot,metadata_then_manual_file_selection,not_attempted
42,dataset:170e4340b15cc999,GEO,GSE28829,public_metadata_unresolved,0,2,immunofluorescence;omics;pcr;western_blot,metadata_then_manual_file_selection,not_attempted
42,dataset:580ec3014b9ae7f5,GEO,GSE31448,public_metadata_unresolved,0,2,flow_cytometry;omics;pcr;western_blot,metadata_then_manual_file_selection,not_attempted
42,dataset:b5b44e460fb39e7e,GEO,GSE42568,public_metadata_unresolved,0,2,flow_cytometry;omics;pcr;western_blot,metadata_then_manual_file_selection,not_attempted
42,dataset:96eb9fc35f63c45c,GEO,GSE45827,public_metadata_unresolved,0,2,flow_cytometry;omics;pcr;western_blot,metadata_then_manual_file_selection,not_attempted
42,dataset:fc704f73f6ee2d3a,GEO,GSE50081,public_metadata_unresolved,0,2,flow_cytometry;omics;pcr;western_blot,metadata_then_manual_file_selection,not_attempted
42,dataset:d74d02c9c44aa419,GEO,GSE52093,public_metadata_unresolved,0,2,immunofluorescence;omics;pcr;western_blot,metadata_then_manual_file_selection,not_attempted
42,dataset:59b7f0dbac656b16,GEO,GSE58812,public_metadata_unresolved,0,2,flow_cytometry;omics;pcr;western_blot,metadata_then_manual_file_selection,not_attempted
42,dataset:cb586c9d3c17cade,GEO,GSE77298,public_metadata_unresolved,0,2,flow_cytometry;omics;pcr;western_blot,metadata_then_manual_file_selection,not_attempted
42,dataset:27ea5312ee48381b,GEO,GSE87437,public_metadata_unresolved,0,2,immunofluorescence;omics;pcr;western_blot,metadata_then_manual_file_selection,not_attempted
41,dataset:a039519a8c36b554,ArrayExpress,E-MTAB-10389,public_metadata_unresolved,0,1,flow_cytometry;immunofluorescence;omics;pcr,metadata_then_manual_file_selection,not_attempted
41,dataset:95c1efcd557775a1,ArrayExpress,E-MTAB-14473,public_metadata_unresolved,0,1,immunofluorescence;omics;pcr;western_blot,metadata_then_manual_file_selection,not_attempted
41,dataset:9e26c06fc869ec7b,ArrayExpress,E-MTAB-373,public_metadata_unresolved,0,1,immunofluorescence;omics;pcr;western_blot,metadata_then_manual_file_selection,not_attempted
41,dataset:a924b4e7eea67357,ArrayExpress,E-MTAB-5861,public_metadata_unresolved,0,1,flow_cytometry;immunofluorescence;omics;pcr,metadata_then_manual_file_selection,not_attempted
41,dataset:5627cfbf1450f1a7,ArrayExpress,E-MTAB-6967,public_metadata_unresolved,0,1,afm;immunofluorescence;omics;pcr,metadata_then_manual_file_selection,not_attempted
41,dataset:97ec575c57432fd2,BioImageArchive,S-BIAD1039,public_metadata_unresolved,0,1,immunofluorescence;raw_imaging;traction_force_microscopy;western_blot,metadata_then_manual_file_selection,not_attempted
41,dataset:b65cb73486ece079,BioImageArchive,S-BIAD1420,public_metadata_unresolved,0,1,flow_cytometry;immunofluorescence;raw_imaging;western_blot,metadata_then_manual_file_selection,not_attempted
41,dataset:b7937ab77e56b773,BioProject,PRJNA1027603,public_metadata_unresolved,0,1,immunofluorescence;omics;pcr;sequencing,metadata_then_manual_file_selection,not_attempted
41,dataset:532e01c830559c92,BioProject,PRJNA1263671,public_metadata_unresolved,0,1,afm;immunofluorescence;omics;sequencing,metadata_then_manual_file_selection,not_attempted
41,dataset:0aa6552017d31df2,BioProject,PRJNA1282884,public_metadata_unresolved,0,1,omics;pcr;sequencing;western_blot,metadata_then_manual_file_selection,not_attempted
41,dataset:6b860c097a46d486,BioProject,PRJNA1304138,public_metadata_unresolved,0,1,flow_cytometry;omics;pcr;sequencing,metadata_then_manual_file_selection,not_attempted
41,dataset:96bb2d0ae1be40ad,BioProject,PRJNA1392032,public_metadata_unresolved,0,1,omics;pcr;sequencing;western_blot,metadata_then_manual_file_selection,not_attempted
41,dataset:d02cf777e57ffb93,BioProject,PRJNA1412858,public_metadata_unresolved,0,1,immunofluorescence;omics;sequencing;western_blot,metadata_then_manual_file_selection,not_attempted
41,dataset:af331b99a671486d,BioProject,PRJNA1416371,public_metadata_unresolved,0,1,omics;pcr;sequencing;western_blot,metadata_then_manual_file_selection,not_attempted
41,dataset:dc714914b7bb0022,BioProject,PRJNA1444776,public_metadata_unresolved,0,1,flow_cytometry;omics;pcr;sequencing,metadata_then_manual_file_selection,not_attempted
41,dataset:488be0a43dbfcdb1,BioProject,PRJNA473511,public_metadata_unresolved,0,1,immunofluorescence;omics;pcr;sequencing,metadata_then_manual_file_selection,not_attempted
41,dataset:8363b7e90bcea951,BioProject,PRJNA480904,public_metadata_unresolved,0,1,immunofluorescence;omics;pcr;sequencing,metadata_then_manual_file_selection,not_attempted
41,dataset:dade159eb162f16e,BioProject,PRJNA494568,public_metadata_unresolved,0,1,omics;pcr;sequencing;western_blot,metadata_then_manual_file_selection,not_attempted
41,dataset:d77c4021175c2d26,BioProject,PRJNA590980,public_metadata_unresolved,0,1,immunofluorescence;omics;pcr;sequencing,metadata_then_manual_file_selection,not_attempted
41,dataset:ee8d5ccd38ef18e3,BioProject,PRJNA629546,public_metadata_unresolved,0,1,immunofluorescence;omics;pcr;sequencing,metadata_then_manual_file_selection,not_attempted
41,dataset:42828d74634a917d,BioProject,PRJNA746971,public_metadata_unresolved,0,1,omics;pcr;sequencing;western_blot,metadata_then_manual_file_selection,not_attempted
41,dataset:28efc340c65aaf7b,BioProject,PRJNA753212,public_metadata_unresolved,0,1,omics;pcr;sequencing;western_blot,metadata_then_manual_file_selection,not_attempted
41,dataset:38dab7f6d2d1a7ef,BioProject,PRJNA8143337,public_metadata_unresolved,0,1,flow_cytometry;omics;pcr;sequencing,metadata_then_manual_file_selection,not_attempted
41,dataset:334726d8c39d8d24,BioProject,PRJNA814337,public_metadata_unresolved,0,1,flow_cytometry;omics;pcr;sequencing,metadata_then_manual_file_selection,not_attempted
41,dataset:d07027745cfd0241,BioSample,SAMEA104386270,public_metadata_unresolved,0,1,flow_cytometry;omics;pcr;western_blot,metadata_then_manual_file_selection,not_attempted
41,dataset:c1a21c122161344d,BioSample,SAMEA3158050,public_metadata_unresolved,0,1,flow_cytometry;omics;pcr;western_blot,metadata_then_manual_file_selection,not_attempted
41,dataset:b1842195012b2202,BioSample,SAMN54972753,public_metadata_unresolved,0,1,immunofluorescence;omics;pcr;western_blot,metadata_then_manual_file_selection,not_attempted
41,dataset:e87b9d36e5a77caf,BioSample,SAMN54972754,public_metadata_unresolved,0,1,immunofluorescence;omics;pcr;western_blot,metadata_then_manual_file_selection,not_attempted
41,dataset:628247d652898eae,Dataverse,10.7910/dvn/8vytm7,public_metadata_unresolved,0,1,flow_cytometry;immunofluorescence;pcr;western_blot,metadata_then_manual_file_selection,not_attempted
41,dataset:cf73726939c0baa5,Figshare,10.6084/m9.figshare.16621849,public_metadata_unresolved,0,1,afm;flow_cytometry;immunofluorescence;western_blot,metadata_then_manual_file_selection,not_attempted
41,dataset:b4ce620f922e8f32,Figshare,10.6084/m9.figshare.27050425,public_metadata_unresolved,0,1,flow_cytometry;immunofluorescence;pcr;western_blot,metadata_then_manual_file_selection,not_attempted
41,dataset:3274e14a97ced866,GEO,GSE101638,public_metadata_unresolved,0,1,immunofluorescence;omics;pcr;western_blot,metadata_then_manual_file_selection,not_attempted
41,dataset:dbd5d867ba60919b,GEO,GSE101986,public_metadata_unresolved,0,1,immunofluorescence;omics;pcr;western_blot,metadata_then_manual_file_selection,not_attempted
41,dataset:1822a819dcbfa7c6,GEO,GSE102506,public_metadata_unresolved,0,1,immunofluorescence;omics;pcr;western_blot,metadata_then_manual_file_selection,not_attempted
41,dataset:3203910e793215ad,GEO,GSE102875,public_metadata_unresolved,0,1,immunofluorescence;omics;pcr;western_blot,metadata_then_manual_file_selection,not_attempted
41,dataset:8d88b715d3217f00,GEO,GSE103224,public_metadata_unresolved,0,1,immunofluorescence;omics;pcr;western_blot,metadata_then_manual_file_selection,not_attempted
41,dataset:80e3c9436bf30c93,GEO,GSE104817,public_metadata_unresolved,0,1,flow_cytometry;omics;pcr;western_blot,metadata_then_manual_file_selection,not_attempted
41,dataset:74cac7e16122ecf3,GEO,GSE105764,public_metadata_unresolved,0,1,immunofluorescence;omics;pcr;western_blot,metadata_then_manual_file_selection,not_attempted
41,dataset:58798dbb9bf1fb59,GEO,GSE106977,public_metadata_unresolved,0,1,flow_cytometry;omics;pcr;western_blot,metadata_then_manual_file_selection,not_attempted
41,dataset:49bca87269133e44,GEO,GSE107560,public_metadata_unresolved,0,1,immunofluorescence;omics;pcr;western_blot,metadata_then_manual_file_selection,not_attempted
41,dataset:218242498f122b46,GEO,GSE10810,public_metadata_unresolved,0,1,immunofluorescence;omics;pcr;western_blot,metadata_then_manual_file_selection,not_attempted
41,dataset:3b0a97ac05d1f869,GEO,GSE10893,public_metadata_unresolved,0,1,immunofluorescence;omics;pcr;western_blot,metadata_then_manual_file_selection,not_attempted
41,dataset:cc1ea90d7f93585a,GEO,GSE109125,public_metadata_unresolved,0,1,flow_cytometry;omics;pcr;western_blot,metadata_then_manual_file_selection,not_attempted
41,dataset:997ec6c7d7067dfc,GEO,GSE110226,public_metadata_unresolved,0,1,immunofluorescence;omics;pcr;western_blot,metadata_then_manual_file_selection,not_attempted
41,dataset:376d3b34b40cf430,GEO,GSE112796,public_metadata_unresolved,0,1,flow_cytometry;immunofluorescence;omics;pcr,metadata_then_manual_file_selection,not_attempted
41,dataset:4ebb6390ec37e2c3,GEO,GSE1145722,public_metadata_unresolved,0,1,immunofluorescence;omics;pcr;western_blot,metadata_then_manual_file_selection,not_attempted
41,dataset:a8cdd528ce0c8c45,GEO,GSE114856,public_metadata_unresolved,0,1,immunofluorescence;omics;pcr;western_blot,metadata_then_manual_file_selection,not_attempted
41,dataset:e816746d89e62b0b,GEO,GSE116121,public_metadata_unresolved,0,1,immunofluorescence;omics;pcr;western_blot,metadata_then_manual_file_selection,not_attempted
41,dataset:eb99ec15d2154348,GEO,GSE117126,public_metadata_unresolved,0,1,immunofluorescence;omics;pcr;western_blot,metadata_then_manual_file_selection,not_attempted
41,dataset:fe035c3a6d1fcb8c,GEO,GSE117474,public_metadata_unresolved,0,1,immunofluorescence;omics;pcr;western_blot,metadata_then_manual_file_selection,not_attempted
41,dataset:56082947ff45c8de,GEO,GSE117570,public_metadata_unresolved,0,1,flow_cytometry;omics;pcr;western_blot,metadata_then_manual_file_selection,not_attempted
41,dataset:ab04a9d8e6c5bd4b,GEO,GSE11854622,public_metadata_unresolved,0,1,flow_cytometry;omics;pcr;western_blot,metadata_then_manual_file_selection,not_attempted
41,dataset:18995b9de7c0b542,GEO,GSE118633,public_metadata_unresolved,0,1,immunofluorescence;omics;pcr;western_blot,metadata_then_manual_file_selection,not_attempted
41,dataset:9211c724816bea1c,GEO,GSE12021,public_metadata_unresolved,0,1,flow_cytometry;omics;pcr;western_blot,metadata_then_manual_file_selection,not_attempted
41,dataset:fb21d2b256d298df,GEO,GSE120514,public_metadata_unresolved,0,1,immunofluorescence;omics;pcr;western_blot,metadata_then_manual_file_selection,not_attempted
41,dataset:1330574603753eb5,GEO,GSE122176,public_metadata_unresolved,0,1,immunofluorescence;omics;pcr;western_blot,metadata_then_manual_file_selection,not_attempted
41,dataset:b067055cac897607,GEO,GSE12288,public_metadata_unresolved,0,1,flow_cytometry;omics;pcr;western_blot,metadata_then_manual_file_selection,not_attempted
41,dataset:d39a108d31f13854,GEO,GSE122953,public_metadata_unresolved,0,1,flow_cytometry;omics;pcr;western_blot,metadata_then_manual_file_selection,not_attempted
41,dataset:7ec184aec6079c6d,GEO,GSE122960,public_metadata_unresolved,0,1,immunofluorescence;omics;pcr;western_blot,metadata_then_manual_file_selection,not_attempted
41,dataset:d415c2336da72d46,GEO,GSE123593,public_metadata_unresolved,0,1,flow_cytometry;immunofluorescence;omics;pcr,metadata_then_manual_file_selection,not_attempted
41,dataset:daa1f8543f7e79c4,GEO,GSE125183,public_metadata_unresolved,0,1,immunofluorescence;omics;pcr;western_blot,metadata_then_manual_file_selection,not_attempted
41,dataset:786b2b306c0d8afc,GEO,GSE125811,public_metadata_unresolved,0,1,flow_cytometry;omics;pcr;western_blot,metadata_then_manual_file_selection,not_attempted
41,dataset:58efc371150d71a4,GEO,GSE126033,public_metadata_unresolved,0,1,flow_cytometry;immunofluorescence;omics;pcr,metadata_then_manual_file_selection,not_attempted
41,dataset:cf9b292878c85768,GEO,GSE126351,public_metadata_unresolved,0,1,immunofluorescence;omics;pcr;western_blot,metadata_then_manual_file_selection,not_attempted
41,dataset:aeff7d34804cef87,GEO,GSE127770,public_metadata_unresolved,0,1,immunofluorescence;omics;pcr;western_blot,metadata_then_manual_file_selection,not_attempted
41,dataset:e6c5dd3da2f22826,GEO,GSE128033,public_metadata_unresolved,0,1,immunofluorescence;omics;pcr;western_blot,metadata_then_manual_file_selection,not_attempted
41,dataset:d070fbd62474e19b,GEO,GSE12865,public_metadata_unresolved,0,1,immunofluorescence;omics;pcr;western_blot,metadata_then_manual_file_selection,not_attempted
41,dataset:45a2086413d44c47,GEO,GSE132688,public_metadata_unresolved,0,1,flow_cytometry;immunofluorescence;omics;pcr,metadata_then_manual_file_selection,not_attempted
41,dataset:9e6448ec78eb780c,GEO,GSE132771,public_metadata_unresolved,0,1,flow_cytometry;immunofluorescence;omics;pcr,metadata_then_manual_file_selection,not_attempted
41,dataset:c5827d3dc28fcbe7,GEO,GSE134375,public_metadata_unresolved,0,1,flow_cytometry;omics;pcr;western_blot,metadata_then_manual_file_selection,not_attempted
41,dataset:699876fda24aafa7,GEO,GSE13522,public_metadata_unresolved,0,1,flow_cytometry;omics;pcr;western_blot,metadata_then_manual_file_selection,not_attempted
41,dataset:a7c6c09d61d305b1,GEO,GSE135222,public_metadata_unresolved,0,1,flow_cytometry;omics;pcr;western_blot,metadata_then_manual_file_selection,not_attempted
41,dataset:29303965b209cca0,GEO,GSE135517,public_metadata_unresolved,0,1,immunofluorescence;omics;pcr;western_blot,metadata_then_manual_file_selection,not_attempted
41,dataset:43112e4d86c78fa8,GEO,GSE135893,public_metadata_unresolved,0,1,flow_cytometry;immunofluorescence;omics;pcr,metadata_then_manual_file_selection,not_attempted
41,dataset:d8f27cbd6d5080b5,GEO,GSE13601,public_metadata_unresolved,0,1,flow_cytometry;immunofluorescence;omics;pcr,metadata_then_manual_file_selection,not_attempted
41,dataset:c915e955dfc7d8ad,GEO,GSE136274,public_metadata_unresolved,0,1,immunofluorescence;omics;pcr;western_blot,metadata_then_manual_file_selection,not_attempted
41,dataset:084e85ced811d6b6,GEO,GSE136831,public_metadata_unresolved,0,1,flow_cytometry;immunofluorescence;omics;pcr,metadata_then_manual_file_selection,not_attempted
41,dataset:5f133c39b9435382,GEO,GSE13712,public_metadata_unresolved,0,1,flow_cytometry;immunofluorescence;omics;pcr,metadata_then_manual_file_selection,not_attempted
41,dataset:ca5c806143746086,GEO,GSE137846,public_metadata_unresolved,0,1,flow_cytometry;omics;pcr;western_blot,metadata_then_manual_file_selection,not_attempted
41,dataset:ecf5b2be2f576490,GEO,GSE13784619,public_metadata_unresolved,0,1,flow_cytometry;omics;pcr;western_blot,metadata_then_manual_file_selection,not_attempted
41,dataset:697dbc70e2db2991,GEO,GSE138080,public_metadata_unresolved,0,1,flow_cytometry;omics;pcr;western_blot,metadata_then_manual_file_selection,not_attempted
41,dataset:d02feafc19991af6,GEO,GSE13861,public_metadata_unresolved,0,1,immunofluorescence;omics;pcr;western_blot,metadata_then_manual_file_selection,not_attempted
41,dataset:338e5976e3f4b433,GEO,GSE139121,public_metadata_unresolved,0,1,immunofluorescence;omics;pcr;western_blot,metadata_then_manual_file_selection,not_attempted
41,dataset:2a3f5a510afa2e4d,GEO,GSE139652,public_metadata_unresolved,0,1,immunofluorescence;omics;pcr;western_blot,metadata_then_manual_file_selection,not_attempted
41,dataset:f660b41cd78e5273,GEO,GSE139682,public_metadata_unresolved,0,1,immunofluorescence;omics;pcr;western_blot,metadata_then_manual_file_selection,not_attempted
41,dataset:6aa3f2a9426973c8,GEO,GSE140228,public_metadata_unresolved,0,1,immunofluorescence;omics;pcr;western_blot,metadata_then_manual_file_selection,not_attempted
41,dataset:0f8e37a61102d5ce,GEO,GSE141690,public_metadata_unresolved,0,1,immunofluorescence;omics;pcr;western_blot,metadata_then_manual_file_selection,not_attempted
41,dataset:6faa49ea3df84f67,GEO,GSE141950,public_metadata_unresolved,0,1,immunofluorescence;omics;pcr;western_blot,metadata_then_manual_file_selection,not_attempted
41,dataset:fa518a01a9221447,GEO,GSE144269,public_metadata_unresolved,0,1,immunofluorescence;omics;pcr;western_blot,metadata_then_manual_file_selection,not_attempted
41,dataset:ba9ead9b99fef266,GEO,GSE146090,public_metadata_unresolved,0,1,immunofluorescence;omics;pcr;western_blot,metadata_then_manual_file_selection,not_attempted
41,dataset:14497cb99301e65e,GEO,GSE146169,public_metadata_unresolved,0,1,immunofluorescence;omics;pcr;western_blot,metadata_then_manual_file_selection,not_attempted
41,dataset:4dc04d691097caa3,GEO,GSE146409,public_metadata_unresolved,0,1,flow_cytometry;omics;pcr;western_blot,metadata_then_manual_file_selection,not_attempted
41,dataset:a0a958e8d39bca15,GEO,GSE147641,public_metadata_unresolved,0,1,immunofluorescence;omics;pcr;western_blot,metadata_then_manual_file_selection,not_attempted
41,dataset:ed0ed25fed9fc8d9,GEO,GSE148077,public_metadata_unresolved,0,1,flow_cytometry;omics;pcr;western_blot,metadata_then_manual_file_selection,not_attempted
41,dataset:a8136259c6140f68,GEO,GSE14807720,public_metadata_unresolved,0,1,flow_cytometry;omics;pcr;western_blot,metadata_then_manual_file_selection,not_attempted
41,dataset:a779ecea98eaa1e0,GEO,GSE148551,public_metadata_unresolved,0,1,immunofluorescence;omics;pcr;western_blot,metadata_then_manual_file_selection,not_attempted
41,dataset:22474b68777e6aee,GEO,GSE148673,public_metadata_unresolved,0,1,immunofluorescence;omics;pcr;western_blot,metadata_then_manual_file_selection,not_attempted
41,dataset:e1c545b95e3d5399,GEO,GSE150703,public_metadata_unresolved,0,1,immunofluorescence;omics;pcr;western_blot,metadata_then_manual_file_selection,not_attempted
41,dataset:31bf3b9a8e67eb2d,GEO,GSE150825,public_metadata_unresolved,0,1,immunofluorescence;omics;pcr;western_blot,metadata_then_manual_file_selection,not_attempted
41,dataset:98187e7d366b71aa,GEO,GSE150910,public_metadata_unresolved,0,1,immunofluorescence;omics;pcr;western_blot,metadata_then_manual_file_selection,not_attempted
41,dataset:2a29588e590964d0,GEO,GSE154600,public_metadata_unresolved,0,1,flow_cytometry;immunofluorescence;omics;pcr,metadata_then_manual_file_selection,not_attempted
41,dataset:f5d3817ec242f811,GEO,GSE155698,public_metadata_unresolved,0,1,flow_cytometry;omics;pcr;western_blot,metadata_then_manual_file_selection,not_attempted
41,dataset:01b7f0f34bf61f15,GEO,GSE157827,public_metadata_unresolved,0,1,immunofluorescence;omics;pcr;western_blot,metadata_then_manual_file_selection,not_attempted
41,dataset:6f1a1e64723775be,GEO,GSE159354,public_metadata_unresolved,0,1,flow_cytometry;immunofluorescence;omics;pcr,metadata_then_manual_file_selection,not_attempted
41,dataset:2aadde8b5800acfb,GEO,GSE159677,public_metadata_unresolved,0,1,immunofluorescence;omics;pcr;western_blot,metadata_then_manual_file_selection,not_attempted
41,dataset:f66054366d90f36e,GEO,GSE159699,public_metadata_unresolved,0,1,immunofluorescence;omics;pcr;western_blot,metadata_then_manual_file_selection,not_attempted
41,dataset:ebc0fee75b5caaf8,GEO,GSE16088,public_metadata_unresolved,0,1,immunofluorescence;omics;pcr;western_blot,metadata_then_manual_file_selection,not_attempted
41,dataset:801f5f703f2435f1,GEO,GSE164522,public_metadata_unresolved,0,1,immunofluorescence;omics;pcr;western_blot,metadata_then_manual_file_selection,not_attempted
41,dataset:a41b4e5f1379bb65,GEO,GSE165206,public_metadata_unresolved,0,1,immunofluorescence;omics;pcr;western_blot,metadata_then_manual_file_selection,not_attempted
41,dataset:b929fe39b9644a78,GEO,GSE1657845,public_metadata_unresolved,0,1,flow_cytometry;omics;pcr;western_blot,metadata_then_manual_file_selection,not_attempted
41,dataset:52131240dd4cf117,GEO,GSE165816,public_metadata_unresolved,0,1,immunofluorescence;omics;pcr;western_blot,metadata_then_manual_file_selection,not_attempted
41,dataset:0bd50f29fd45ff36,GEO,GSE166922,public_metadata_unresolved,0,1,flow_cytometry;omics;pcr;western_blot,metadata_then_manual_file_selection,not_attempted
41,dataset:2ffa96818d57c0ab,GEO,GSE16706,public_metadata_unresolved,0,1,flow_cytometry;immunofluorescence;omics;pcr,metadata_then_manual_file_selection,not_attempted
41,dataset:a9a608cbfaf45b86,GEO,GSE168244,public_metadata_unresolved,0,1,flow_cytometry;omics;pcr;western_blot,metadata_then_manual_file_selection,not_attempted
41,dataset:629b3c6ffbcfbb93,GEO,GSE168652,public_metadata_unresolved,0,1,flow_cytometry;omics;pcr;western_blot,metadata_then_manual_file_selection,not_attempted
41,dataset:0f5c672cc7ddcfe2,GEO,GSE16903913,public_metadata_unresolved,0,1,flow_cytometry;omics;pcr;western_blot,metadata_then_manual_file_selection,not_attempted
41,dataset:448cc64ce1ea1eaf,GEO,GSE16997,public_metadata_unresolved,0,1,afm;immunofluorescence;omics;pcr,metadata_then_manual_file_selection,not_attempted
41,dataset:0218c04468e721dd,GEO,GSE17223048,public_metadata_unresolved,0,1,flow_cytometry;omics;pcr;western_blot,metadata_then_manual_file_selection,not_attempted
41,dataset:4d31488965d93453,GEO,GSE172301,public_metadata_unresolved,0,1,immunofluorescence;omics;pcr;western_blot,metadata_then_manual_file_selection,not_attempted
41,dataset:29fcc5c4aefcb801,GEO,GSE173896,public_metadata_unresolved,0,1,flow_cytometry;immunofluorescence;omics;pcr,metadata_then_manual_file_selection,not_attempted
41,dataset:9f4352b252c4df3a,GEO,GSE173955,public_metadata_unresolved,0,1,immunofluorescence;omics;pcr;western_blot,metadata_then_manual_file_selection,not_attempted
41,dataset:bb0591f5073916b3,GEO,GSE173991,public_metadata_unresolved,0,1,flow_cytometry;omics;pcr;western_blot,metadata_then_manual_file_selection,not_attempted
41,dataset:f495d07ac3930bbd,GEO,GSE17440049,public_metadata_unresolved,0,1,flow_cytometry;omics;pcr;western_blot,metadata_then_manual_file_selection,not_attempted
41,dataset:c20eb87efe7a7ce8,GEO,GSE175507,public_metadata_unresolved,0,1,afm;flow_cytometry;omics;pcr,metadata_then_manual_file_selection,not_attempted
41,dataset:68578ed09058fa79,GEO,GSE176462,public_metadata_unresolved,0,1,immunofluorescence;omics;pcr;western_blot,metadata_then_manual_file_selection,not_attempted
41,dataset:3abc0c02bf6beefd,GEO,GSE176481,public_metadata_unresolved,0,1,immunofluorescence;omics;pcr;western_blot,metadata_then_manual_file_selection,not_attempted
41,dataset:ae982afcb4ec9a70,GEO,GSE179878,public_metadata_unresolved,0,1,immunofluorescence;omics;pcr;western_blot,metadata_then_manual_file_selection,not_attempted
41,dataset:ba3387bf65b0f516,GEO,GSE181247,public_metadata_unresolved,0,1,immunofluorescence;omics;pcr;western_blot,metadata_then_manual_file_selection,not_attempted
41,dataset:83ab849b9b7bc99d,GEO,GSE183656,public_metadata_unresolved,0,1,immunofluorescence;omics;pcr;western_blot,metadata_then_manual_file_selection,not_attempted
41,dataset:8460c3a87b1c1024,GEO,GSE186662,public_metadata_unresolved,0,1,flow_cytometry;immunofluorescence;omics;pcr,metadata_then_manual_file_selection,not_attempted
41,dataset:0609387d7b95cec0,GEO,GSE186731,public_metadata_unresolved,0,1,flow_cytometry;immunofluorescence;omics;pcr,metadata_then_manual_file_selection,not_attempted
41,dataset:334eab2ced455d50,GEO,GSE188545,public_metadata_unresolved,0,1,immunofluorescence;omics;pcr;western_blot,metadata_then_manual_file_selection,not_attempted
41,dataset:702f78d591aa9733,GEO,GSE1919,public_metadata_unresolved,0,1,flow_cytometry;omics;pcr;western_blot,metadata_then_manual_file_selection,not_attempted
41,dataset:dca2e93893f0ff8c,GEO,GSE19339,public_metadata_unresolved,0,1,flow_cytometry;omics;pcr;western_blot,metadata_then_manual_file_selection,not_attempted
41,dataset:36e5da7b6824d60a,GEO,GSE19397521,public_metadata_unresolved,0,1,flow_cytometry;omics;pcr;western_blot,metadata_then_manual_file_selection,not_attempted
41,dataset:e7e14274892149e8,GEO,GSE19412,public_metadata_unresolved,0,1,immunofluorescence;omics;pcr;western_blot,metadata_then_manual_file_selection,not_attempted
41,dataset:f061c8ca93894b83,GEO,GSE19536,public_metadata_unresolved,0,1,flow_cytometry;omics;pcr;western_blot,metadata_then_manual_file_selection,not_attempted
41,dataset:5cb723b02a973e0f,GEO,GSE196638,public_metadata_unresolved,0,1,flow_cytometry;immunofluorescence;omics;pcr,metadata_then_manual_file_selection,not_attempted
41,dataset:63469e5707a68c9e,GEO,GSE197289,public_metadata_unresolved,0,1,immunofluorescence;omics;pcr;western_blot,metadata_then_manual_file_selection,not_attempted
41,dataset:d5618fb3f4d4251d,GEO,GSE198818,public_metadata_unresolved,0,1,immunofluorescence;omics;pcr;western_blot,metadata_then_manual_file_selection,not_attempted
41,dataset:31ad4e2d4ea89e33,GEO,GSE199939,public_metadata_unresolved,0,1,immunofluorescence;omics;pcr;western_blot,metadata_then_manual_file_selection,not_attempted
41,dataset:b53595db3cc30b27,GEO,GSE200130,public_metadata_unresolved,0,1,flow_cytometry;omics;pcr;western_blot,metadata_then_manual_file_selection,not_attempted
41,dataset:b4565ff41416ac24,GEO,GSE20311647,public_metadata_unresolved,0,1,flow_cytometry;omics;pcr;western_blot,metadata_then_manual_file_selection,not_attempted
41,dataset:29d238b30d46e84c,GEO,GSE2053,public_metadata_unresolved,0,1,flow_cytometry;omics;pcr;western_blot,metadata_then_manual_file_selection,not_attempted
41,dataset:5e23a8b0aa1cd268,GEO,GSE20680,public_metadata_unresolved,0,1,flow_cytometry;omics;pcr;western_blot,metadata_then_manual_file_selection,not_attempted
41,dataset:74ca243d4d61ebda,GEO,GSE20681,public_metadata_unresolved,0,1,flow_cytometry;omics;pcr;western_blot,metadata_then_manual_file_selection,not_attempted
41,dataset:75717709315b3778,GEO,GSE207653,public_metadata_unresolved,0,1,flow_cytometry;omics;pcr;western_blot,metadata_then_manual_file_selection,not_attempted
41,dataset:5304aba9a6dd35b9,GEO,GSE210038,public_metadata_unresolved,0,1,flow_cytometry;omics;pcr;western_blot,metadata_then_manual_file_selection,not_attempted
41,dataset:67db0db50557c66e,GEO,GSE21122,public_metadata_unresolved,0,1,immunofluorescence;omics;pcr;western_blot,metadata_then_manual_file_selection,not_attempted
41,dataset:b24f14f92841fdd7,GEO,GSE211402,public_metadata_unresolved,0,1,immunofluorescence;omics;pcr;western_blot,metadata_then_manual_file_selection,not_attempted
41,dataset:74cdc8201478a3d5,GEO,GSE21388751,public_metadata_unresolved,0,1,flow_cytometry;omics;pcr;western_blot,metadata_then_manual_file_selection,not_attempted
41,dataset:9a42986aad8095f6,GEO,GSE217491,public_metadata_unresolved,0,1,flow_cytometry;immunofluorescence;omics;pcr,metadata_then_manual_file_selection,not_attempted
41,dataset:585e1984285174e8,GEO,GSE220703,public_metadata_unresolved,0,1,immunofluorescence;omics;pcr;western_blot,metadata_then_manual_file_selection,not_attempted
41,dataset:03cb66eafcfd5324,GEO,GSE222007,public_metadata_unresolved,0,1,immunofluorescence;omics;pcr;western_blot,metadata_then_manual_file_selection,not_attempted
41,dataset:a2a2e2fc89ebc7aa,GEO,GSE22207,public_metadata_unresolved,0,1,immunofluorescence;omics;pcr;western_blot,metadata_then_manual_file_selection,not_attempted
41,dataset:eec5aa5464f4b839,GEO,GSE22541,public_metadata_unresolved,0,1,immunofluorescence;omics;pcr;western_blot,metadata_then_manual_file_selection,not_attempted
41,dataset:d2f5ae7f9da26108,GEO,GSE227136,public_metadata_unresolved,0,1,flow_cytometry;immunofluorescence;omics;pcr,metadata_then_manual_file_selection,not_attempted
41,dataset:55191ef2ce15b8b1,GEO,GSE23289,public_metadata_unresolved,0,1,immunofluorescence;omics;pcr;western_blot,metadata_then_manual_file_selection,not_attempted
41,dataset:5ff68ca7c1cd99fa,GEO,GSE234447,public_metadata_unresolved,0,1,immunofluorescence;omics;pcr;western_blot,metadata_then_manual_file_selection,not_attempted
41,dataset:9b207f152834f160,GEO,GSE23554,public_metadata_unresolved,0,1,immunofluorescence;omics;pcr;western_blot,metadata_then_manual_file_selection,not_attempted
41,dataset:00ce9d3461fa7675,GEO,GSE23766,public_metadata_unresolved,0,1,flow_cytometry;omics;pcr;western_blot,metadata_then_manual_file_selection,not_attempted
41,dataset:4681e53bf81b52c1,GEO,GSE240744,public_metadata_unresolved,0,1,flow_cytometry;immunofluorescence;omics;pcr,metadata_then_manual_file_selection,not_attempted
41,dataset:274ad499a107f583,GEO,GSE24222923,public_metadata_unresolved,0,1,flow_cytometry;omics;pcr;western_blot,metadata_then_manual_file_selection,not_attempted
41,dataset:fa04381356457950,GEO,GSE242406,public_metadata_unresolved,0,1,flow_cytometry;immunofluorescence;omics;pcr,metadata_then_manual_file_selection,not_attempted
41,dataset:aea81c4b4b907120,GEO,GSE243574,public_metadata_unresolved,0,1,flow_cytometry;omics;pcr;western_blot,metadata_then_manual_file_selection,not_attempted
41,dataset:e652e67f9c7626b7,GEO,GSE243613,public_metadata_unresolved,0,1,afm;omics;pcr;western_blot,metadata_then_manual_file_selection,not_attempted
41,dataset:72b30e46d36bbfae,GEO,GSE243985,public_metadata_unresolved,0,1,flow_cytometry;omics;pcr;western_blot,metadata_then_manual_file_selection,not_attempted
41,dataset:1be29741d9a2bdc1,GEO,GSE248082,public_metadata_unresolved,0,1,immunofluorescence;omics;pcr;western_blot,metadata_then_manual_file_selection,not_attempted
41,dataset:a28abe5e643da158,GEO,GSE250396,public_metadata_unresolved,0,1,immunofluorescence;omics;pcr;western_blot,metadata_then_manual_file_selection,not_attempted
41,dataset:35bd5c7b28d32e63,GEO,GSE252565,public_metadata_unresolved,0,1,immunofluorescence;omics;pcr;western_blot,metadata_then_manual_file_selection,not_attempted
41,dataset:ba5e81de7b464195,GEO,GSE254132,public_metadata_unresolved,0,1,immunofluorescence;omics;pcr;western_blot,metadata_then_manual_file_selection,not_attempted
41,dataset:d87fcbc5bcb17730,GEO,GSE25628,public_metadata_unresolved,0,1,immunofluorescence;omics;pcr;western_blot,metadata_then_manual_file_selection,not_attempted
41,dataset:f29c260640c680c6,GEO,GSE256328,public_metadata_unresolved,0,1,flow_cytometry;omics;pcr;western_blot,metadata_then_manual_file_selection,not_attempted
41,dataset:cb5b37986e8142ab,GEO,GSE256330,public_metadata_unresolved,0,1,flow_cytometry;omics;pcr;western_blot,metadata_then_manual_file_selection,not_attempted
41,dataset:0b5731009ecfdc2a,GEO,GSE25826,public_metadata_unresolved,0,1,flow_cytometry;omics;pcr;western_blot,metadata_then_manual_file_selection,not_attempted
41,dataset:68327f2c4366f012,GEO,GSE2607,public_metadata_unresolved,0,1,immunofluorescence;omics;pcr;western_blot,metadata_then_manual_file_selection,not_attempted
41,dataset:e017bca9fe2663a8,GEO,GSE264399,public_metadata_unresolved,0,1,flow_cytometry;omics;pcr;western_blot,metadata_then_manual_file_selection,not_attempted
41,dataset:ef80aafc9c96591c,GEO,GSE264400,public_metadata_unresolved,0,1,flow_cytometry;omics;pcr;western_blot,metadata_then_manual_file_selection,not_attempted
41,dataset:c10776636e41d32b,GEO,GSE264401,public_metadata_unresolved,0,1,flow_cytometry;omics;pcr;western_blot,metadata_then_manual_file_selection,not_attempted
41,dataset:cd1dab4f5b6a9ef8,GEO,GSE2658,public_metadata_unresolved,0,1,flow_cytometry;omics;pcr;western_blot,metadata_then_manual_file_selection,not_attempted
41,dataset:d152dca024d4bb02,GEO,GSE265972,public_metadata_unresolved,0,1,immunofluorescence;omics;pcr;western_blot,metadata_then_manual_file_selection,not_attempted
41,dataset:02ed88a63309197a,GEO,GSE270574,public_metadata_unresolved,0,1,immunofluorescence;omics;pcr;western_blot,metadata_then_manual_file_selection,not_attempted
41,dataset:be0d84fc46a8229e,GEO,GSE270576,public_metadata_unresolved,0,1,immunofluorescence;omics;pcr;western_blot,metadata_then_manual_file_selection,not_attempted
41,dataset:f7fabff6872a28b9,GEO,GSE270577,public_metadata_unresolved,0,1,immunofluorescence;omics;pcr;western_blot,metadata_then_manual_file_selection,not_attempted
41,dataset:c1e7914b3dce5130,GEO,GSE270864,public_metadata_unresolved,0,1,flow_cytometry;immunofluorescence;omics;pcr,metadata_then_manual_file_selection,not_attempted
41,dataset:ae355983de0072cd,GEO,GSE272362,public_metadata_unresolved,0,1,immunofluorescence;omics;pcr;western_blot,metadata_then_manual_file_selection,not_attempted
41,dataset:c73c45e7aca0c168,GEO,GSE272563,public_metadata_unresolved,0,1,immunofluorescence;omics;pcr;western_blot,metadata_then_manual_file_selection,not_attempted
41,dataset:b942d8adcf8ece08,GEO,GSE274053,public_metadata_unresolved,0,1,flow_cytometry;omics;pcr;western_blot,metadata_then_manual_file_selection,not_attempted
41,dataset:fe4142ef370b4ed1,GEO,GSE274562,public_metadata_unresolved,0,1,immunofluorescence;omics;pcr;western_blot,metadata_then_manual_file_selection,not_attempted
41,dataset:0a680f0cd291028f,GEO,GSE274603,public_metadata_unresolved,0,1,afm;immunofluorescence;omics;pcr,metadata_then_manual_file_selection,not_attempted
41,dataset:09026b8e526d85b2,GEO,GSE276931,public_metadata_unresolved,0,1,immunofluorescence;omics;pcr;western_blot,metadata_then_manual_file_selection,not_attempted
41,dataset:59489f0cf364c4dd,GEO,GSE277437,public_metadata_unresolved,0,1,immunofluorescence;omics;pcr;western_blot,metadata_then_manual_file_selection,not_attempted
41,dataset:ea258959a9945712,GEO,GSE28000,public_metadata_unresolved,0,1,immunofluorescence;omics;pcr;western_blot,metadata_then_manual_file_selection,not_attempted
41,dataset:18a66382bb16fa11,GEO,GSE280528,public_metadata_unresolved,0,1,immunofluorescence;omics;pcr;western_blot,metadata_then_manual_file_selection,not_attempted
41,dataset:71295265bd387bba,GEO,GSE281413,public_metadata_unresolved,0,1,afm;immunofluorescence;omics;pcr,metadata_then_manual_file_selection,not_attempted
41,dataset:31f240ed8430e1e6,GEO,GSE282532,public_metadata_unresolved,0,1,immunofluorescence;omics;pcr;western_blot,metadata_then_manual_file_selection,not_attempted
41,dataset:b3b044095c235dc5,GEO,GSE282592,public_metadata_unresolved,0,1,immunofluorescence;omics;pcr;western_blot,metadata_then_manual_file_selection,not_attempted
41,dataset:861f1fdb27c1f988,GEO,GSE283287,public_metadata_unresolved,0,1,immunofluorescence;omics;pcr;western_blot,metadata_then_manual_file_selection,not_attempted
41,dataset:2402542eacc9ba6c,GEO,GSE284423,public_metadata_unresolved,0,1,flow_cytometry;omics;pcr;western_blot,metadata_then_manual_file_selection,not_attempted
41,dataset:07d0aa98609f5c10,GEO,GSE284648,public_metadata_unresolved,0,1,immunofluorescence;omics;pcr;western_blot,metadata_then_manual_file_selection,not_attempted
41,dataset:57b78a5e1b4ef296,GEO,GSE285246,public_metadata_unresolved,0,1,immunofluorescence;omics;pcr;western_blot,metadata_then_manual_file_selection,not_attempted
41,dataset:a2fefe1cc1067feb,GEO,GSE28681,public_metadata_unresolved,0,1,immunofluorescence;omics;pcr;western_blot,metadata_then_manual_file_selection,not_attempted
41,dataset:2f2fa179b3e5a32f,GEO,GSE28858,public_metadata_unresolved,0,1,flow_cytometry;omics;pcr;western_blot,metadata_then_manual_file_selection,not_attempted
41,dataset:47879084c667cedd,GEO,GSE290391,public_metadata_unresolved,0,1,flow_cytometry;omics;pcr;western_blot,metadata_then_manual_file_selection,not_attempted
41,dataset:7460679e26014a61,GEO,GSE292901,public_metadata_unresolved,0,1,flow_cytometry;omics;pcr;western_blot,metadata_then_manual_file_selection,not_attempted
41,dataset:440b2a19a86cd2cb,GEO,GSE29376,public_metadata_unresolved,0,1,flow_cytometry;immunofluorescence;omics;pcr,metadata_then_manual_file_selection,not_attempted
41,dataset:a25a720ec61a875f,GEO,GSE295566,public_metadata_unresolved,0,1,flow_cytometry;immunofluorescence;omics;pcr,metadata_then_manual_file_selection,not_attempted
41,dataset:23f7821b751b1299,GEO,GSE296336,public_metadata_unresolved,0,1,flow_cytometry;omics;pcr;western_blot,metadata_then_manual_file_selection,not_attempted
41,dataset:9df4d34bb5cc74ee,GEO,GSE296337,public_metadata_unresolved,0,1,flow_cytometry;omics;pcr;western_blot,metadata_then_manual_file_selection,not_attempted
41,dataset:b190fe90783bde2d,GEO,GSE296340,public_metadata_unresolved,0,1,flow_cytometry;omics;pcr;western_blot,metadata_then_manual_file_selection,not_attempted
41,dataset:2c0a903c5c06314b,GEO,GSE296666,public_metadata_unresolved,0,1,flow_cytometry;immunofluorescence;omics;pcr,metadata_then_manual_file_selection,not_attempted
41,dataset:d2258d7721cbcffc,GEO,GSE296667,public_metadata_unresolved,0,1,flow_cytometry;immunofluorescence;omics;pcr,metadata_then_manual_file_selection,not_attempted
41,dataset:bd205131a468b528,GEO,GSE296912,public_metadata_unresolved,0,1,flow_cytometry;immunofluorescence;omics;pcr,metadata_then_manual_file_selection,not_attempted
41,dataset:37c69102bbf0b05f,GEO,GSE296913,public_metadata_unresolved,0,1,flow_cytometry;immunofluorescence;omics;pcr,metadata_then_manual_file_selection,not_attempted
41,dataset:b80cd492505c3f25,GEO,GSE296916,public_metadata_unresolved,0,1,flow_cytometry;immunofluorescence;omics;pcr,metadata_then_manual_file_selection,not_attempted
41,dataset:12f60485a4e9f9ab,GEO,GSE296918,public_metadata_unresolved,0,1,flow_cytometry;immunofluorescence;omics;pcr,metadata_then_manual_file_selection,not_attempted
41,dataset:f46898cc580a3919,GEO,GSE296920,public_metadata_unresolved,0,1,flow_cytometry;immunofluorescence;omics;pcr,metadata_then_manual_file_selection,not_attempted
41,dataset:190f0d863c8381c7,GEO,GSE297208,public_metadata_unresolved,0,1,flow_cytometry;omics;pcr;western_blot,metadata_then_manual_file_selection,not_attempted
41,dataset:13ef4ceaab1844b6,GEO,GSE297557,public_metadata_unresolved,0,1,immunofluorescence;omics;pcr;western_blot,metadata_then_manual_file_selection,not_attempted
41,dataset:b67b754037a6e789,GEO,GSE300146,public_metadata_unresolved,0,1,flow_cytometry;immunofluorescence;omics;pcr,metadata_then_manual_file_selection,not_attempted
41,dataset:6b0712e3c69baf14,GEO,GSE300150,public_metadata_unresolved,0,1,flow_cytometry;immunofluorescence;omics;pcr,metadata_then_manual_file_selection,not_attempted
41,dataset:274b71e20ced3b37,GEO,GSE30161,public_metadata_unresolved,0,1,immunofluorescence;omics;pcr;western_blot,metadata_then_manual_file_selection,not_attempted
41,dataset:080635a1e6377101,GEO,GSE301618,public_metadata_unresolved,0,1,flow_cytometry;immunofluorescence;omics;pcr,metadata_then_manual_file_selection,not_attempted
41,dataset:0acae2be5043e804,GEO,GSE302984,public_metadata_unresolved,0,1,immunofluorescence;omics;pcr;western_blot,metadata_then_manual_file_selection,not_attempted
41,dataset:07700385d5b457d6,GEO,GSE304889,public_metadata_unresolved,0,1,immunofluorescence;omics;pcr;western_blot,metadata_then_manual_file_selection,not_attempted
41,dataset:e5e53e9f125ab8b4,GEO,GSE305020,public_metadata_unresolved,0,1,flow_cytometry;omics;pcr;western_blot,metadata_then_manual_file_selection,not_attempted
41,dataset:ee15186d1b622e95,GEO,GSE305039,public_metadata_unresolved,0,1,flow_cytometry;omics;pcr;western_blot,metadata_then_manual_file_selection,not_attempted
41,dataset:6985f1c87601f4a6,GEO,GSE305670,public_metadata_unresolved,0,1,flow_cytometry;omics;pcr;western_blot,metadata_then_manual_file_selection,not_attempted
41,dataset:2707008df0762f17,GEO,GSE306646,public_metadata_unresolved,0,1,flow_cytometry;omics;pcr;western_blot,metadata_then_manual_file_selection,not_attempted
41,dataset:97a68d2ecee0ed11,GEO,GSE306771,public_metadata_unresolved,0,1,immunofluorescence;omics;pcr;western_blot,metadata_then_manual_file_selection,not_attempted
41,dataset:1512d0ba8a684116,GEO,GSE308254,public_metadata_unresolved,0,1,flow_cytometry;omics;pcr;western_blot,metadata_then_manual_file_selection,not_attempted
41,dataset:8aacfa471fd37358,GEO,GSE31056,public_metadata_unresolved,0,1,flow_cytometry;immunofluorescence;omics;pcr,metadata_then_manual_file_selection,not_attempted
41,dataset:6d70e72676371454,GEO,GSE311243,public_metadata_unresolved,0,1,immunofluorescence;omics;pcr;western_blot,metadata_then_manual_file_selection,not_attempted
41,dataset:272a6a11cd497b2f,GEO,GSE312027,public_metadata_unresolved,0,1,immunofluorescence;omics;pcr;western_blot,metadata_then_manual_file_selection,not_attempted
41,dataset:53be602ecab81990,GEO,GSE31312,public_metadata_unresolved,0,1,flow_cytometry;immunofluorescence;omics;pcr,metadata_then_manual_file_selection,not_attempted
41,dataset:3cb838e872dd628d,GEO,GSE31679,public_metadata_unresolved,0,1,immunofluorescence;omics;pcr;western_blot,metadata_then_manual_file_selection,not_attempted
41,dataset:71aa2f58994c7e06,GEO,GSE318425,public_metadata_unresolved,0,1,immunofluorescence;omics;pcr;western_blot,metadata_then_manual_file_selection,not_attempted
41,dataset:4a5bab193880cf86,GEO,GSE324380,public_metadata_unresolved,0,1,flow_cytometry;immunofluorescence;omics;pcr,metadata_then_manual_file_selection,not_attempted
41,dataset:cd7f532207bc26b3,GEO,GSE324887,public_metadata_unresolved,0,1,immunofluorescence;omics;pcr;western_blot,metadata_then_manual_file_selection,not_attempted
41,dataset:5d03026571645a77,GEO,GSE326387,public_metadata_unresolved,0,1,flow_cytometry;immunofluorescence;omics;pcr,metadata_then_manual_file_selection,not_attempted
41,dataset:a74596cacc3e816b,GEO,GSE326388,public_metadata_unresolved,0,1,flow_cytometry;immunofluorescence;omics;pcr,metadata_then_manual_file_selection,not_attempted
41,dataset:70fca372d5940b21,GEO,GSE326407,public_metadata_unresolved,0,1,flow_cytometry;omics;pcr;western_blot,metadata_then_manual_file_selection,not_attempted
41,dataset:af468b0cbca3c289,GEO,GSE326861,public_metadata_unresolved,0,1,flow_cytometry;omics;pcr;western_blot,metadata_then_manual_file_selection,not_attempted
41,dataset:38bcbb8fb0f02e21,GEO,GSE327779,public_metadata_unresolved,0,1,immunofluorescence;omics;pcr;western_blot,metadata_then_manual_file_selection,not_attempted
41,dataset:84c5bbd04c36b02a,GEO,GSE33697,public_metadata_unresolved,0,1,immunofluorescence;omics;pcr;western_blot,metadata_then_manual_file_selection,not_attempted
41,dataset:7ef04f45bde566e3,GEO,GSE34105,public_metadata_unresolved,0,1,flow_cytometry;immunofluorescence;omics;pcr,metadata_then_manual_file_selection,not_attempted
41,dataset:f62587a00e9fc46d,GEO,GSE36537,public_metadata_unresolved,0,1,immunofluorescence;omics;pcr;western_blot,metadata_then_manual_file_selection,not_attempted
41,dataset:1983d18a2c039758,GEO,GSE365517,public_metadata_unresolved,0,1,immunofluorescence;omics;pcr;western_blot,metadata_then_manual_file_selection,not_attempted
41,dataset:29817d74a29a7fb4,GEO,GSE36695,public_metadata_unresolved,0,1,immunofluorescence;omics;pcr;western_blot,metadata_then_manual_file_selection,not_attempted
41,dataset:6c90810caddd0e88,GEO,GSE38750,public_metadata_unresolved,0,1,immunofluorescence;omics;pcr;western_blot,metadata_then_manual_file_selection,not_attempted
41,dataset:6d37c5a8697c0218,GEO,GSE40272,public_metadata_unresolved,0,1,flow_cytometry;omics;pcr;western_blot,metadata_then_manual_file_selection,not_attempted
41,dataset:9c7081a12047f17c,GEO,GSE42127,public_metadata_unresolved,0,1,flow_cytometry;omics;pcr;western_blot,metadata_then_manual_file_selection,not_attempted
41,dataset:59ccece84c44c2d9,GEO,GSE42148,public_metadata_unresolved,0,1,flow_cytometry;omics;pcr;western_blot,metadata_then_manual_file_selection,not_attempted
41,dataset:d200502336698b32,GEO,GSE42351,public_metadata_unresolved,0,1,immunofluorescence;omics;pcr;western_blot,metadata_then_manual_file_selection,not_attempted
41,dataset:e63f46c93a7ea6d3,GEO,GSE42352,public_metadata_unresolved,0,1,immunofluorescence;omics;pcr;western_blot,metadata_then_manual_file_selection,not_attempted
41,dataset:c17648f982854db9,GEO,GSE43292,public_metadata_unresolved,0,1,immunofluorescence;omics;pcr;western_blot,metadata_then_manual_file_selection,not_attempted
41,dataset:f2e1dc99d9446f3b,GEO,GSE44115,public_metadata_unresolved,0,1,immunofluorescence;omics;pcr;western_blot,metadata_then_manual_file_selection,not_attempted
41,dataset:4a48da1466f64ff5,GEO,GSE4824,public_metadata_unresolved,0,1,immunofluorescence;omics;pcr;western_blot,metadata_then_manual_file_selection,not_attempted
41,dataset:eac75af92ecba82c,GEO,GSE48350,public_metadata_unresolved,0,1,immunofluorescence;omics;pcr;western_blot,metadata_then_manual_file_selection,not_attempted
41,dataset:2eb5bc44546e0dc9,GEO,GSE48363,public_metadata_unresolved,0,1,flow_cytometry;omics;pcr;western_blot,metadata_then_manual_file_selection,not_attempted
41,dataset:9e2f5e31a40db074,GEO,GSE50659,public_metadata_unresolved,0,1,immunofluorescence;omics;pcr;western_blot,metadata_then_manual_file_selection,not_attempted
41,dataset:071a6ab10a4ce4e0,GEO,GSE5281,public_metadata_unresolved,0,1,immunofluorescence;omics;pcr;western_blot,metadata_then_manual_file_selection,not_attempted
41,dataset:fc08b97f497702a2,GEO,GSE52915,public_metadata_unresolved,0,1,flow_cytometry;immunofluorescence;omics;pcr,metadata_then_manual_file_selection,not_attempted
41,dataset:a6e68015d96f898f,GEO,GSE53222,public_metadata_unresolved,0,1,immunofluorescence;omics;pcr;western_blot,metadata_then_manual_file_selection,not_attempted
41,dataset:ba1a53b80c131ad4,GEO,GSE55235,public_metadata_unresolved,0,1,flow_cytometry;omics;pcr;western_blot,metadata_then_manual_file_selection,not_attempted
41,dataset:91e7d34ad9e9178b,GEO,GSE55457,public_metadata_unresolved,0,1,flow_cytometry;omics;pcr;western_blot,metadata_then_manual_file_selection,not_attempted
41,dataset:367b7be161038d5a,GEO,GSE56885,public_metadata_unresolved,0,1,flow_cytometry;omics;pcr;western_blot,metadata_then_manual_file_selection,not_attempted
41,dataset:3f09f40fd125b83d,GEO,GSE58252,public_metadata_unresolved,0,1,immunofluorescence;omics;pcr;western_blot,metadata_then_manual_file_selection,not_attempted
41,dataset:24815f55eb4f6603,GEO,GSE58644,public_metadata_unresolved,0,1,flow_cytometry;omics;pcr;western_blot,metadata_then_manual_file_selection,not_attempted
41,dataset:062c550385609d37,GEO,GSE5900,public_metadata_unresolved,0,1,flow_cytometry;omics;pcr;western_blot,metadata_then_manual_file_selection,not_attempted
41,dataset:cd41642160dc5b21,GEO,GSE61332,public_metadata_unresolved,0,1,flow_cytometry;omics;pcr;western_blot,metadata_then_manual_file_selection,not_attempted
41,dataset:f5b7874b6f57401a,GEO,GSE62281,public_metadata_unresolved,0,1,immunofluorescence;omics;pcr;western_blot,metadata_then_manual_file_selection,not_attempted
41,dataset:8e8e84976906a4a2,GEO,GSE62564,public_metadata_unresolved,0,1,immunofluorescence;omics;pcr;western_blot,metadata_then_manual_file_selection,not_attempted
41,dataset:7a4d14c3a7d40c86,GEO,GSE64763,public_metadata_unresolved,0,1,immunofluorescence;omics;pcr;western_blot,metadata_then_manual_file_selection,not_attempted
41,dataset:b11e3b573ceac4ec,GEO,GSE65936,public_metadata_unresolved,0,1,flow_cytometry;omics;pcr;western_blot,metadata_then_manual_file_selection,not_attempted
41,dataset:504bc0a2b8e3becb,GEO,GSE66360,public_metadata_unresolved,0,1,immunofluorescence;omics;pcr;western_blot,metadata_then_manual_file_selection,not_attempted
41,dataset:d8d09fcf478ac0d4,GEO,GSE6791,public_metadata_unresolved,0,1,immunofluorescence;omics;pcr;western_blot,metadata_then_manual_file_selection,not_attempted
41,dataset:e2c84895e9b7f1ec,GEO,GSE68465,public_metadata_unresolved,0,1,flow_cytometry;omics;pcr;western_blot,metadata_then_manual_file_selection,not_attempted
41,dataset:93fe7bc34959c690,GEO,GSE68571,public_metadata_unresolved,0,1,flow_cytometry;omics;pcr;western_blot,metadata_then_manual_file_selection,not_attempted
41,dataset:a409d6aa1d68238f,GEO,GSE69607,public_metadata_unresolved,0,1,flow_cytometry;immunofluorescence;omics;pcr,metadata_then_manual_file_selection,not_attempted
41,dataset:75d8ad667859b33f,GEO,GSE73361,public_metadata_unresolved,0,1,immunofluorescence;omics;pcr;western_blot,metadata_then_manual_file_selection,not_attempted
41,dataset:6e5eb876f0d85f46,GEO,GSE73430,public_metadata_unresolved,0,1,immunofluorescence;omics;pcr;piv,metadata_then_manual_file_selection,not_attempted
41,dataset:8bb6fd24880304d7,GEO,GSE75793,public_metadata_unresolved,0,1,immunofluorescence;omics;pcr;western_blot,metadata_then_manual_file_selection,not_attempted
41,dataset:81a94fdf7a68089f,GEO,GSE76633,public_metadata_unresolved,0,1,immunofluorescence;omics;pcr;western_blot,metadata_then_manual_file_selection,not_attempted
41,dataset:8f2672a7e8b0efb6,GEO,GSE7803,public_metadata_unresolved,0,1,immunofluorescence;omics;pcr;western_blot,metadata_then_manual_file_selection,not_attempted
41,dataset:d351c1644b6f2a1a,GEO,GSE78060,public_metadata_unresolved,0,1,flow_cytometry;immunofluorescence;omics;pcr,metadata_then_manual_file_selection,not_attempted
41,dataset:8eec6d01442acca7,GEO,GSE84465,public_metadata_unresolved,0,1,immunofluorescence;omics;pcr;western_blot,metadata_then_manual_file_selection,not_attempted
41,dataset:9bfb3083022dc100,GEO,GSE86788,public_metadata_unresolved,0,1,immunofluorescence;omics;pcr;western_blot,metadata_then_manual_file_selection,not_attempted
41,dataset:9b452b1cacc8afeb,GEO,GSE87472,public_metadata_unresolved,0,1,immunofluorescence;omics;pcr;western_blot,metadata_then_manual_file_selection,not_attempted
41,dataset:36bfa27f9793b62a,GEO,GSE8852,public_metadata_unresolved,0,1,flow_cytometry;immunofluorescence;omics;pcr,metadata_then_manual_file_selection,not_attempted
41,dataset:81360d22bd2514e3,GEO,GSE89895,public_metadata_unresolved,0,1,flow_cytometry;immunofluorescence;omics;pcr,metadata_then_manual_file_selection,not_attempted
41,dataset:f4a17d1fbeec215a,GEO,GSE90982,public_metadata_unresolved,0,1,immunofluorescence;omics;pcr;western_blot,metadata_then_manual_file_selection,not_attempted
41,dataset:e8449314b96892c0,GEO,GSE93339,public_metadata_unresolved,0,1,immunofluorescence;omics;pcr;western_blot,metadata_then_manual_file_selection,not_attempted
41,dataset:c396e9d6913cfd86,GEO,GSE93606,public_metadata_unresolved,0,1,immunofluorescence;omics;pcr;western_blot,metadata_then_manual_file_selection,not_attempted
41,dataset:e3a3ab65c1c72908,GEO,GSE9401953,public_metadata_unresolved,0,1,flow_cytometry;omics;pcr;western_blot,metadata_then_manual_file_selection,not_attempted
41,dataset:f896e92b25d97b2f,GEO,GSE96804,public_metadata_unresolved,0,1,flow_cytometry;omics;pcr;western_blot,metadata_then_manual_file_selection,not_attempted
41,dataset:c9c931a15ab6f881,GEO,GSE97284,public_metadata_unresolved,0,1,immunofluorescence;omics;pcr;western_blot,metadata_then_manual_file_selection,not_attempted
41,dataset:85f127548ba6ae42,GEO,GSE97488,public_metadata_unresolved,0,1,flow_cytometry;omics;pcr;western_blot,metadata_then_manual_file_selection,not_attempted
41,dataset:b3afdd55ea03a0dd,GEO,GSE9782,public_metadata_unresolved,0,1,flow_cytometry;omics;pcr;western_blot,metadata_then_manual_file_selection,not_attempted
41,dataset:73b536bb35eea975,GEO,GSE98015,public_metadata_unresolved,0,1,immunofluorescence;omics;pcr;western_blot,metadata_then_manual_file_selection,not_attempted
41,dataset:55c2dad3446c148b,GEO,GSE9801559,public_metadata_unresolved,0,1,immunofluorescence;omics;pcr;western_blot,metadata_then_manual_file_selection,not_attempted
41,dataset:75b45d4266f13a7f,GEO,GSE9844,public_metadata_unresolved,0,1,immunofluorescence;omics;pcr;western_blot,metadata_then_manual_file_selection,not_attempted
41,dataset:784677c5e12faa94,GEO,GSE98620,public_metadata_unresolved,0,1,flow_cytometry;immunofluorescence;omics;pcr,metadata_then_manual_file_selection,not_attempted
41,dataset:159036700d7ed1dc,GEO,GSE99339,public_metadata_unresolved,0,1,flow_cytometry;omics;pcr;western_blot,metadata_then_manual_file_selection,not_attempted
41,dataset:3e12232a4e186abf,MassIVE,MSV000100813,public_metadata_unresolved,0,1,flow_cytometry;immunofluorescence;proteomics;western_blot,metadata_then_manual_file_selection,not_attempted
41,dataset:530dd7199e84a42b,MassIVE,MSV000100872,public_metadata_unresolved,0,1,flow_cytometry;immunofluorescence;proteomics;western_blot,metadata_then_manual_file_selection,not_attempted
41,dataset:b61c3accbed12634,OSF,osf:2w63u,public_metadata_unresolved,0,1,flow_cytometry;immunofluorescence;piv;traction_force_microscopy,metadata_then_manual_file_selection,not_attempted
41,dataset:4fbdf23ade0dcaad,OSF,osf:tykcq,public_metadata_unresolved,0,1,flow_cytometry;immunofluorescence;pcr;western_blot,metadata_then_manual_file_selection,not_attempted
41,dataset:adccd918544cae2d,OSF,osf:tykcqp,public_metadata_unresolved,0,1,flow_cytometry;immunofluorescence;pcr;western_blot,metadata_then_manual_file_selection,not_attempted
41,dataset:768e0a8c272ce7c7,PRIDE,PXD001809,public_metadata_unresolved,0,1,flow_cytometry;immunofluorescence;proteomics;western_blot,metadata_then_manual_file_selection,not_attempted
41,dataset:6ef1451d46d1e037,PRIDE,PXD007116,public_metadata_unresolved,0,1,afm;immunofluorescence;proteomics;western_blot,metadata_then_manual_file_selection,not_attempted
41,dataset:c209217e4a341b1a,PRIDE,PXD007287,public_metadata_unresolved,0,1,flow_cytometry;immunofluorescence;proteomics;western_blot,metadata_then_manual_file_selection,not_attempted
41,dataset:6182f7767fc20783,PRIDE,PXD008150,public_metadata_unresolved,0,1,immunofluorescence;pcr;proteomics;western_blot,metadata_then_manual_file_selection,not_attempted
41,dataset:275b845175eea7a3,PRIDE,PXD017674,public_metadata_unresolved,0,1,flow_cytometry;immunofluorescence;proteomics;western_blot,metadata_then_manual_file_selection,not_attempted
41,dataset:e6bfd192ebab0b2b,PRIDE,PXD019287,public_metadata_unresolved,0,1,immunofluorescence;pcr;proteomics;western_blot,metadata_then_manual_file_selection,not_attempted
41,dataset:3cdc4bf30b830a89,PRIDE,PXD026226,public_metadata_unresolved,0,1,flow_cytometry;immunofluorescence;proteomics;western_blot,metadata_then_manual_file_selection,not_attempted
41,dataset:e7f4c3c64deb1d69,PRIDE,PXD028254,public_metadata_unresolved,0,1,immunofluorescence;pcr;proteomics;western_blot,metadata_then_manual_file_selection,not_attempted
41,dataset:67c11942e7f446b5,PRIDE,PXD028848,public_metadata_unresolved,0,1,flow_cytometry;pcr;proteomics;western_blot,metadata_then_manual_file_selection,not_attempted
41,dataset:c99d949d3e4217c2,PRIDE,PXD031308,public_metadata_unresolved,0,1,afm;pcr;proteomics;western_blot,metadata_then_manual_file_selection,not_attempted
41,dataset:f1054f456b5cf7dd,PRIDE,PXD037328,public_metadata_unresolved,0,1,immunofluorescence;pcr;proteomics;western_blot,metadata_then_manual_file_selection,not_attempted
41,dataset:794e036e6ef8a980,PRIDE,PXD038468,public_metadata_unresolved,0,1,flow_cytometry;immunofluorescence;proteomics;western_blot,metadata_then_manual_file_selection,not_attempted
41,dataset:6ee62fab11cf694a,PRIDE,PXD057259,public_metadata_unresolved,0,1,flow_cytometry;immunofluorescence;proteomics;western_blot,metadata_then_manual_file_selection,not_attempted
41,dataset:d9030a7b4786a6bf,PRIDE,PXD058502,public_metadata_unresolved,0,1,flow_cytometry;pcr;proteomics;western_blot,metadata_then_manual_file_selection,not_attempted
41,dataset:ad824e0e0c1076b7,PRIDE,PXD059752,public_metadata_unresolved,0,1,afm;immunofluorescence;proteomics;western_blot,metadata_then_manual_file_selection,not_attempted
41,dataset:6440fcb50cef9a27,PRIDE,PXD059895,public_metadata_unresolved,0,1,immunofluorescence;pcr;proteomics;western_blot,metadata_then_manual_file_selection,not_attempted
41,dataset:af1d508182664679,PRIDE,PXD060036,public_metadata_unresolved,0,1,afm;immunofluorescence;proteomics;western_blot,metadata_then_manual_file_selection,not_attempted
41,dataset:81827c164914d861,PRIDE,PXD060067,public_metadata_unresolved,0,1,flow_cytometry;pcr;proteomics;western_blot,metadata_then_manual_file_selection,not_attempted
41,dataset:547cec5bb91c8da4,PRIDE,PXD060406,public_metadata_unresolved,0,1,flow_cytometry;immunofluorescence;proteomics;western_blot,metadata_then_manual_file_selection,not_attempted
41,dataset:2dae3583a1b2757c,PRIDE,PXD061033,public_metadata_unresolved,0,1,flow_cytometry;immunofluorescence;proteomics;western_blot,metadata_then_manual_file_selection,not_attempted
41,dataset:4ecaac1081d7a9f9,PRIDE,PXD061132,public_metadata_unresolved,0,1,flow_cytometry;pcr;proteomics;western_blot,metadata_then_manual_file_selection,not_attempted
41,dataset:7f5c6e6c1a2e3dd7,PRIDE,PXD061641,public_metadata_unresolved,0,1,flow_cytometry;immunofluorescence;proteomics;western_blot,metadata_then_manual_file_selection,not_attempted
41,dataset:262984fccd59d1bf,PRIDE,PXD062078,public_metadata_unresolved,0,1,flow_cytometry;immunofluorescence;proteomics;western_blot,metadata_then_manual_file_selection,not_attempted
41,dataset:b82f8bd697eb01c8,PRIDE,PXD063667,public_metadata_unresolved,0,1,flow_cytometry;immunofluorescence;proteomics;western_blot,metadata_then_manual_file_selection,not_attempted
41,dataset:6b5585d79f018764,PRIDE,PXD064023,public_metadata_unresolved,0,1,immunofluorescence;pcr;proteomics;western_blot,metadata_then_manual_file_selection,not_attempted
41,dataset:857d52050da4110b,PRIDE,PXD064136,public_metadata_unresolved,0,1,flow_cytometry;pcr;proteomics;western_blot,metadata_then_manual_file_selection,not_attempted
41,dataset:fc6e48c61aef1f09,PRIDE,PXD064756,public_metadata_unresolved,0,1,flow_cytometry;immunofluorescence;proteomics;western_blot,metadata_then_manual_file_selection,not_attempted
41,dataset:007e6538f0083e96,PRIDE,PXD069774,public_metadata_unresolved,0,1,immunofluorescence;pcr;proteomics;western_blot,metadata_then_manual_file_selection,not_attempted
41,dataset:337cf08aa9663929,PRIDE,PXD070289,public_metadata_unresolved,0,1,immunofluorescence;pcr;proteomics;western_blot,metadata_then_manual_file_selection,not_attempted
41,dataset:f73c51c613512589,PRIDE,PXD070997,public_metadata_unresolved,0,1,immunofluorescence;pcr;proteomics;western_blot,metadata_then_manual_file_selection,not_attempted
41,dataset:fda8cedf242fe562,PRIDE,PXD071048,public_metadata_unresolved,0,1,immunofluorescence;pcr;proteomics;western_blot,metadata_then_manual_file_selection,not_attempted
41,dataset:77df3798da81add8,PRIDE,PXD073786,public_metadata_unresolved,0,1,immunofluorescence;pcr;proteomics;western_blot,metadata_then_manual_file_selection,not_attempted
41,dataset:2a4cfc221e941095,PRIDE,PXD074376,public_metadata_unresolved,0,1,flow_cytometry;immunofluorescence;proteomics;western_blot,metadata_then_manual_file_selection,not_attempted
41,dataset:69a5e6bc024f2ec1,PRIDE,PXD074561,public_metadata_unresolved,0,1,flow_cytometry;immunofluorescence;proteomics;western_blot,metadata_then_manual_file_selection,not_attempted
41,dataset:bd7e4c37b86ce3e3,SRA,SRP0107,public_metadata_unresolved,0,1,immunofluorescence;omics;pcr;sequencing,metadata_then_manual_file_selection,not_attempted
41,dataset:d2babac78926bf08,SRA,SRP0217,public_metadata_unresolved,0,1,immunofluorescence;omics;sequencing;western_blot,metadata_then_manual_file_selection,not_attempted
41,dataset:2566f7eabe9e856f,SRA,SRP4896,public_metadata_unresolved,0,1,flow_cytometry;immunofluorescence;omics;sequencing,metadata_then_manual_file_selection,not_attempted
41,dataset:37d145e96836ebc6,SRA,SRR568038,public_metadata_unresolved,0,1,afm;omics;sequencing;western_blot,metadata_then_manual_file_selection,not_attempted
41,dataset:58c26963b3984752,SRA,SRR568039,public_metadata_unresolved,0,1,afm;omics;sequencing;western_blot,metadata_then_manual_file_selection,not_attempted
41,dataset:b13442e735df620a,SRA,SRR568040,public_metadata_unresolved,0,1,afm;omics;sequencing;western_blot,metadata_then_manual_file_selection,not_attempted
41,dataset:62e3154116216cb2,Zenodo,10.5281/zenodo.13930802,public_metadata_unresolved,0,1,afm;immunofluorescence;pcr;western_blot,metadata_then_manual_file_selection,not_attempted
41,dataset:107cd46068b4df3b,Zenodo,10.5281/zenodo.18458384,public_metadata_unresolved,0,1,afm;immunofluorescence;pcr;western_blot,metadata_then_manual_file_selection,not_attempted
33,dataset:2f43d50dc3d398cc,GEO,GSE161529,public_metadata_unresolved,0,3,omics;pcr;western_blot,metadata_then_manual_file_selection,not_attempted
32,dataset:10b4c41789ebb005,GEO,GSE123813,public_metadata_unresolved,0,2,flow_cytometry;omics;pcr,metadata_then_manual_file_selection,not_attempted
32,dataset:1ba3be155d4f95c8,GEO,GSE130001,public_metadata_unresolved,0,2,omics;pcr;western_blot,metadata_then_manual_file_selection,not_attempted
32,dataset:255f5eb524a67a70,GEO,GSE14764,public_metadata_unresolved,0,2,flow_cytometry;omics;pcr,metadata_then_manual_file_selection,not_attempted
32,dataset:eddfc176b8e8c2d5,GEO,GSE189903,public_metadata_unresolved,0,2,immunofluorescence;omics;pcr,metadata_then_manual_file_selection,not_attempted
32,dataset:f9e27b3501129ac4,GEO,GSE207493,public_metadata_unresolved,0,2,omics;pcr;western_blot,metadata_then_manual_file_selection,not_attempted
32,dataset:749582854cf2dda7,GEO,GSE212966,public_metadata_unresolved,0,2,flow_cytometry;omics;pcr,metadata_then_manual_file_selection,not_attempted
32,dataset:9db9e86da4890490,GEO,GSE3494,public_metadata_unresolved,0,2,omics;pcr;western_blot,metadata_then_manual_file_selection,not_attempted
32,dataset:f3e12a2555489f6c,GEO,GSE53757,public_metadata_unresolved,0,2,omics;pcr;western_blot,metadata_then_manual_file_selection,not_attempted
32,dataset:9665b00f8e8f47e5,GEO,GSE68920,public_metadata_unresolved,0,2,flow_cytometry;omics;pcr,metadata_then_manual_file_selection,not_attempted
32,dataset:1130fb388fa3613d,GEO,GSE78954,public_metadata_unresolved,0,2,flow_cytometry;omics;pcr,metadata_then_manual_file_selection,not_attempted
32,dataset:0ec173989b7926f9,GEO,GSE9893,public_metadata_unresolved,0,2,omics;pcr;western_blot,metadata_then_manual_file_selection,not_attempted
31,dataset:7a6246fd458ab382,ArrayExpress,E-MEXP-2681,public_metadata_unresolved,0,1,omics;pcr;western_blot,metadata_then_manual_file_selection,not_attempted
31,dataset:d53cb922e5468b17,ArrayExpress,E-MTAB-10359,public_metadata_unresolved,0,1,flow_cytometry;omics;pcr,metadata_then_manual_file_selection,not_attempted
31,dataset:da927583b890ee14,ArrayExpress,E-MTAB-13503,public_metadata_unresolved,0,1,afm;immunofluorescence;omics,metadata_then_manual_file_selection,not_attempted
31,dataset:b6ae6302f5e03cf9,ArrayExpress,E-MTAB-365,public_metadata_unresolved,0,1,omics;pcr;western_blot,metadata_then_manual_file_selection,not_attempted
31,dataset:90056641e692ae3d,ArrayExpress,E-MTAB-3994,public_metadata_unresolved,0,1,immunofluorescence;omics;pcr,metadata_then_manual_file_selection,not_attempted
31,dataset:4f6e2ff938c6d702,ArrayExpress,E-MTAB-5532,public_metadata_unresolved,0,1,immunofluorescence;omics;pcr,metadata_then_manual_file_selection,not_attempted
31,dataset:fbd3a56f4cca1f99,ArrayExpress,E-MTAB-9699,public_metadata_unresolved,0,1,afm;flow_cytometry;omics,metadata_then_manual_file_selection,not_attempted
31,dataset:cf9f4277c33e1a1d,BioImageArchive,S-BIAD1345,public_metadata_unresolved,0,1,immunofluorescence;raw_imaging;western_blot,metadata_then_manual_file_selection,not_attempted
31,dataset:57656b0ae41cb062,BioImageArchive,S-BIAD1801,public_metadata_unresolved,0,1,immunofluorescence;raw_imaging;western_blot,metadata_then_manual_file_selection,not_attempted
31,dataset:efaa98d8586e03b2,BioImageArchive,S-BIAD2751,public_metadata_unresolved,0,1,immunofluorescence;piv;raw_imaging,metadata_then_manual_file_selection,not_attempted
31,dataset:e7f59b93320b2d5d,BioImageArchive,S-BIAD553,public_metadata_unresolved,0,1,immunofluorescence;piv;raw_imaging,metadata_then_manual_file_selection,not_attempted
31,dataset:dcb5aa534f6fe50a,BioImageArchive,S-BIAD928,public_metadata_unresolved,0,1,immunofluorescence;pcr;raw_imaging,metadata_then_manual_file_selection,not_attempted
31,dataset:0452d5558132c594,BioProject,PRJDB39625,public_metadata_unresolved,0,1,omics;pcr;sequencing,metadata_then_manual_file_selection,not_attempted
31,dataset:23ae8cd97b2c42b0,BioProject,PRJDB39739,public_metadata_unresolved,0,1,omics;pcr;sequencing,metadata_then_manual_file_selection,not_attempted
31,dataset:f0b4a92afbb981d6,BioProject,PRJEB103796,public_metadata_unresolved,0,1,immunofluorescence;omics;sequencing,metadata_then_manual_file_selection,not_attempted
31,dataset:ebd9e76c2241c0af,BioProject,PRJNA1008351,public_metadata_unresolved,0,1,omics;sequencing;western_blot,metadata_then_manual_file_selection,not_attempted
31,dataset:5c07db3238650476,BioProject,PRJNA1068840,public_metadata_unresolved,0,1,omics;pcr;sequencing,metadata_then_manual_file_selection,not_attempted
31,dataset:8c1dda7310956635,BioProject,PRJNA1129577,public_metadata_unresolved,0,1,omics;pcr;sequencing,metadata_then_manual_file_selection,not_attempted
31,dataset:b6246487dcae3cc3,BioProject,PRJNA1138904,public_metadata_unresolved,0,1,omics;sequencing;western_blot,metadata_then_manual_file_selection,not_attempted
31,dataset:d2281fe0c26f19f8,BioProject,PRJNA1163025,public_metadata_unresolved,0,1,omics;pcr;sequencing,metadata_then_manual_file_selection,not_attempted
31,dataset:ba2921ea70d67ac9,BioProject,PRJNA1165275,public_metadata_unresolved,0,1,omics;sequencing;traction_force_microscopy,metadata_then_manual_file_selection,not_attempted
31,dataset:2bc1bd83e8b42b51,BioProject,PRJNA1220606,public_metadata_unresolved,0,1,flow_cytometry;omics;sequencing,metadata_then_manual_file_selection,not_attempted
31,dataset:da2e60b1efce3f45,BioProject,PRJNA1233309,public_metadata_unresolved,0,1,omics;pcr;sequencing,metadata_then_manual_file_selection,not_attempted
31,dataset:eda5bf5429e82f66,BioProject,PRJNA1234574,public_metadata_unresolved,0,1,immunofluorescence;omics;sequencing,metadata_then_manual_file_selection,not_attempted
31,dataset:c0cc3143d19d3249,BioProject,PRJNA1290294,public_metadata_unresolved,0,1,flow_cytometry;omics;sequencing,metadata_then_manual_file_selection,not_attempted
31,dataset:8796749dacd6ec07,BioProject,PRJNA1300790,public_metadata_unresolved,0,1,flow_cytometry;omics;sequencing,metadata_then_manual_file_selection,not_attempted
31,dataset:47946d17094c9a13,BioProject,PRJNA1304145,public_metadata_unresolved,0,1,immunofluorescence;omics;sequencing,metadata_then_manual_file_selection,not_attempted
31,dataset:ec50b7da4833268c,BioProject,PRJNA237581,public_metadata_unresolved,0,1,flow_cytometry;omics;sequencing,metadata_then_manual_file_selection,not_attempted
31,dataset:c473a2fb3bd53166,BioProject,PRJNA371840,public_metadata_unresolved,0,1,omics;pcr;sequencing,metadata_then_manual_file_selection,not_attempted
31,dataset:cec49459da0939aa,BioProject,PRJNA454681,public_metadata_unresolved,0,1,omics;pcr;sequencing,metadata_then_manual_file_selection,not_attempted
31,dataset:d6d5736cf4d75cd4,BioProject,PRJNA629381,public_metadata_unresolved,0,1,omics;pcr;sequencing,metadata_then_manual_file_selection,not_attempted
31,dataset:7dfc9d8ebe7b1b6f,BioProject,PRJNA687922,public_metadata_unresolved,0,1,omics;pcr;sequencing,metadata_then_manual_file_selection,not_attempted
31,dataset:6f229a6fda499938,BioProject,PRJNA759106,public_metadata_unresolved,0,1,omics;pcr;sequencing,metadata_then_manual_file_selection,not_attempted
31,dataset:3ff899b2fca82bf1,BioProject,PRJNA761512,public_metadata_unresolved,0,1,omics;pcr;sequencing,metadata_then_manual_file_selection,not_attempted
31,dataset:b797bd5efc54391c,BioProject,PRJNA768891,public_metadata_unresolved,0,1,omics;pcr;sequencing,metadata_then_manual_file_selection,not_attempted
31,dataset:cb26196f7fbb083f,BioSample,SAMD2,public_metadata_unresolved,0,1,omics;pcr;western_blot,metadata_then_manual_file_selection,not_attempted
31,dataset:a4833c4bd01f8c02,BioSample,SAMEA4104055,public_metadata_unresolved,0,1,immunofluorescence;omics;pcr,metadata_then_manual_file_selection,not_attempted
31,dataset:98ab10deb35ef50b,BioSample,SAMEA4146837,public_metadata_unresolved,0,1,immunofluorescence;omics;pcr,metadata_then_manual_file_selection,not_attempted
31,dataset:966e544a226f4e51,BioSample,SAMEA4168040,public_metadata_unresolved,0,1,immunofluorescence;omics;pcr,metadata_then_manual_file_selection,not_attempted
31,dataset:d32f4661e5390024,BioSample,SAMN04240766,public_metadata_unresolved,0,1,omics;pcr;western_blot,metadata_then_manual_file_selection,not_attempted
31,dataset:967f002bdf073e94,BioSample,SAMN07672738,public_metadata_unresolved,0,1,omics;pcr;western_blot,metadata_then_manual_file_selection,not_attempted
31,dataset:6e8e6cfb6b97c4c9,BioSample,SAMN10172596,public_metadata_unresolved,0,1,omics;pcr;western_blot,metadata_then_manual_file_selection,not_attempted
31,dataset:c2d643be9fe6c793,BioSample,SAMN10172607,public_metadata_unresolved,0,1,omics;pcr;western_blot,metadata_then_manual_file_selection,not_attempted
31,dataset:e3c762cdff318bdd,BioSample,SAMN26548527,public_metadata_unresolved,0,1,flow_cytometry;omics;pcr,metadata_then_manual_file_selection,not_attempted
31,dataset:7d82fc747e1aec73,BioSample,SAMN26548528,public_metadata_unresolved,0,1,flow_cytometry;omics;pcr,metadata_then_manual_file_selection,not_attempted
31,dataset:4fa6747858a92fc2,BioSample,SAMN26548529,public_metadata_unresolved,0,1,flow_cytometry;omics;pcr,metadata_then_manual_file_selection,not_attempted
31,dataset:2dc633e07a2977bc,BioSample,SAMN26548530,public_metadata_unresolved,0,1,flow_cytometry;omics;pcr,metadata_then_manual_file_selection,not_attempted
31,dataset:3cda3f8e41c20135,Dryad,10.5061/dryad.nj51t60,public_metadata_unresolved,0,1,flow_cytometry;pcr;western_blot,metadata_then_manual_file_selection,not_attempted
31,dataset:8d03e51fa24f4c29,Figshare,10.6084/m9.figshare.1270473,public_metadata_unresolved,0,1,immunofluorescence;pcr;western_blot,metadata_then_manual_file_selection,not_attempted
31,dataset:613428363f3d95d5,Figshare,10.6084/m9.figshare.14668542,public_metadata_unresolved,0,1,afm;flow_cytometry;pcr,metadata_then_manual_file_selection,not_attempted
31,dataset:f6de2d9d60618dcf,Figshare,10.6084/m9.figshare.25735506,public_metadata_unresolved,0,1,afm;piv;traction_force_microscopy,metadata_then_manual_file_selection,not_attempted
31,dataset:2266c9e87fd57719,Figshare,10.6084/m9.figshare.26387953.v1,public_metadata_unresolved,0,1,afm;piv;traction_force_microscopy,metadata_then_manual_file_selection,not_attempted
31,dataset:5ab727c3ed38ef74,Figshare,10.6084/m9.figshare.31899133,public_metadata_unresolved,0,1,immunofluorescence;pcr;western_blot,metadata_then_manual_file_selection,not_attempted
31,dataset:1db3182617a8a5e9,Figshare,10.6084/m9.figshare.32203299,public_metadata_unresolved,0,1,immunofluorescence;pcr;western_blot,metadata_then_manual_file_selection,not_attempted
31,dataset:b9fdc4131d33da9a,Figshare,10.6084/m9.figshare.32210214,public_metadata_unresolved,0,1,immunofluorescence;pcr;western_blot,metadata_then_manual_file_selection,not_attempted
31,dataset:7de7f17dea7336f5,Figshare,10.6084/m9.figshare.3493685.v1,public_metadata_unresolved,0,1,immunofluorescence;piv;traction_force_microscopy,metadata_then_manual_file_selection,not_attempted
31,dataset:afb7ae5dcf71d15c,Figshare,10.6084/m9.figshare.7591205,public_metadata_unresolved,0,1,afm;piv;traction_force_microscopy,metadata_then_manual_file_selection,not_attempted
31,dataset:9d6603d11570dc3a,Figshare,10.6084/m9.figshare.9116732.v1,public_metadata_unresolved,0,1,flow_cytometry;immunofluorescence;western_blot,metadata_then_manual_file_selection,not_attempted
31,dataset:0d9f2ec33f69f7fe,Figshare,10.6084/m9.figshare.9170975.v1,public_metadata_unresolved,0,1,flow_cytometry;immunofluorescence;western_blot,metadata_then_manual_file_selection,not_attempted
31,dataset:24531e6b97b622c8,Figshare,10.6084/m9.figshare.9201770.v3,public_metadata_unresolved,0,1,flow_cytometry;immunofluorescence;western_blot,metadata_then_manual_file_selection,not_attempted
31,dataset:5797203f0e515c07,GEO,GSE100125,public_metadata_unresolved,0,1,immunofluorescence;omics;pcr,metadata_then_manual_file_selection,not_attempted
31,dataset:6e16b3d8d3e6b68d,GEO,GSE1007,public_metadata_unresolved,0,1,omics;pcr;western_blot,metadata_then_manual_file_selection,not_attempted
31,dataset:7abd92ffbdac36b0,GEO,GSE102204,public_metadata_unresolved,0,1,immunofluorescence;omics;pcr,metadata_then_manual_file_selection,not_attempted
31,dataset:30302988353c3eaa,GEO,GSE102686,public_metadata_unresolved,0,1,omics;pcr;western_blot,metadata_then_manual_file_selection,not_attempted
31,dataset:89ddcd91cd9c51f4,GEO,GSE103392,public_metadata_unresolved,0,1,afm;omics;pcr,metadata_then_manual_file_selection,not_attempted
31,dataset:a49ff9444a52ffea,GEO,GSE103512,public_metadata_unresolved,0,1,omics;pcr;western_blot,metadata_then_manual_file_selection,not_attempted
31,dataset:f189dc1581bd86d5,GEO,GSE104397,public_metadata_unresolved,0,1,omics;pcr;western_blot,metadata_then_manual_file_selection,not_attempted
31,dataset:a668a063b5cc6f26,GEO,GSE104612,public_metadata_unresolved,0,1,omics;pcr;western_blot,metadata_then_manual_file_selection,not_attempted
31,dataset:074e66f46b29f699,GEO,GSE104613,public_metadata_unresolved,0,1,omics;pcr;western_blot,metadata_then_manual_file_selection,not_attempted
31,dataset:a86b261dafb8e497,GEO,GSE104779,public_metadata_unresolved,0,1,omics;pcr;western_blot,metadata_then_manual_file_selection,not_attempted
31,dataset:c6cbbdde4c2306bd,GEO,GSE105115,public_metadata_unresolved,0,1,flow_cytometry;omics;pcr,metadata_then_manual_file_selection,not_attempted
31,dataset:55089fd4ee79975f,GEO,GSE10616,public_metadata_unresolved,0,1,flow_cytometry;omics;pcr,metadata_then_manual_file_selection,not_attempted
31,dataset:85a4c9f8f3f66e7e,GEO,GSE10760,public_metadata_unresolved,0,1,omics;pcr;western_blot,metadata_then_manual_file_selection,not_attempted
31,dataset:8d603bb960fca44f,GEO,GSE110021,public_metadata_unresolved,0,1,immunofluorescence;omics;pcr,metadata_then_manual_file_selection,not_attempted
31,dataset:82b001e4d77f0c55,GEO,GSE110224,public_metadata_unresolved,0,1,omics;pcr;western_blot,metadata_then_manual_file_selection,not_attempted
31,dataset:772759d0f8ff780f,GEO,GSE110515,public_metadata_unresolved,0,1,immunofluorescence;omics;pcr,metadata_then_manual_file_selection,not_attempted
31,dataset:bfe4479eeb571692,GEO,GSE111065,public_metadata_unresolved,0,1,immunofluorescence;omics;pcr,metadata_then_manual_file_selection,not_attempted
31,dataset:8d8e7aade66901ae,GEO,GSE113297,public_metadata_unresolved,0,1,flow_cytometry;omics;pcr,metadata_then_manual_file_selection,not_attempted
31,dataset:f9f0c9a2cb3310bc,GEO,GSE114727,public_metadata_unresolved,0,1,flow_cytometry;omics;pcr,metadata_then_manual_file_selection,not_attempted
31,dataset:99c1c8ef7a4ba3dc,GEO,GSE115002,public_metadata_unresolved,0,1,immunofluorescence;omics;pcr,metadata_then_manual_file_selection,not_attempted
31,dataset:55965b608026af82,GEO,GSE115469,public_metadata_unresolved,0,1,immunofluorescence;omics;pcr,metadata_then_manual_file_selection,not_attempted
31,dataset:4f798f4f69e78b24,GEO,GSE115978,public_metadata_unresolved,0,1,flow_cytometry;omics;pcr,metadata_then_manual_file_selection,not_attempted
31,dataset:cb8d8b60e0ff569a,GEO,GSE117049,public_metadata_unresolved,0,1,immunofluorescence;omics;pcr,metadata_then_manual_file_selection,not_attempted
31,dataset:05fc00d46224459b,GEO,GSE117632,public_metadata_unresolved,0,1,omics;pcr;western_blot,metadata_then_manual_file_selection,not_attempted
31,dataset:0bda4df047c28e0b,GEO,GSE117993,public_metadata_unresolved,0,1,flow_cytometry;omics;pcr,metadata_then_manual_file_selection,not_attempted
31,dataset:52b8b09b55b2b13c,GEO,GSE118408,public_metadata_unresolved,0,1,immunofluorescence;omics;pcr,metadata_then_manual_file_selection,not_attempted
31,dataset:c6bd8a64f5f3a047,GEO,GSE119079,public_metadata_unresolved,0,1,flow_cytometry;omics;pcr,metadata_then_manual_file_selection,not_attempted
31,dataset:c268f72c164168fa,GEO,GSE11971,public_metadata_unresolved,0,1,omics;pcr;western_blot,metadata_then_manual_file_selection,not_attempted
31,dataset:f92b2fb5797f63fb,GEO,GSE12148,public_metadata_unresolved,0,1,immunofluorescence;omics;pcr,metadata_then_manual_file_selection,not_attempted
31,dataset:c1948e4277af99fd,GEO,GSE121638,public_metadata_unresolved,0,1,flow_cytometry;omics;pcr,metadata_then_manual_file_selection,not_attempted
31,dataset:da069cc62c769dfb,GEO,GSE121907,public_metadata_unresolved,0,1,omics;pcr;western_blot,metadata_then_manual_file_selection,not_attempted
31,dataset:bf790d781ec30490,GEO,GSE122643,public_metadata_unresolved,0,1,flow_cytometry;omics;pcr,metadata_then_manual_file_selection,not_attempted
31,dataset:361f2551873d9ac1,GEO,GSE122714,public_metadata_unresolved,0,1,flow_cytometry;omics;pcr,metadata_then_manual_file_selection,not_attempted
31,dataset:7b8584daa5e3e293,GEO,GSE123018,public_metadata_unresolved,0,1,omics;pcr;western_blot,metadata_then_manual_file_selection,not_attempted
31,dataset:d65a7ca9320d7eff,GEO,GSE123139,public_metadata_unresolved,0,1,flow_cytometry;omics;pcr,metadata_then_manual_file_selection,not_attempted
31,dataset:7c8c6672b0bf7639,GEO,GSE124057,public_metadata_unresolved,0,1,flow_cytometry;omics;pcr,metadata_then_manual_file_selection,not_attempted
31,dataset:0271888d44d44982,GEO,GSE124472,public_metadata_unresolved,0,1,immunofluorescence;omics;pcr,metadata_then_manual_file_selection,not_attempted
31,dataset:1374dab99fef76ed,GEO,GSE12469359,public_metadata_unresolved,0,1,omics;pcr;western_blot,metadata_then_manual_file_selection,not_attempted
31,dataset:69b1f75911abba87,GEO,GSE124706,public_metadata_unresolved,0,1,immunofluorescence;omics;pcr,metadata_then_manual_file_selection,not_attempted
31,dataset:9cdbe5603f0d2c45,GEO,GSE125610,public_metadata_unresolved,0,1,flow_cytometry;omics;pcr,metadata_then_manual_file_selection,not_attempted
31,dataset:aaf96a9fc8ab8e69,GEO,GSE127765,public_metadata_unresolved,0,1,immunofluorescence;omics;pcr,metadata_then_manual_file_selection,not_attempted
31,dataset:c7fbc471bcc7e83f,GEO,GSE127887,public_metadata_unresolved,0,1,afm;omics;pcr,metadata_then_manual_file_selection,not_attempted
31,dataset:f7b6c9661797fb81,GEO,GSE127981,public_metadata_unresolved,0,1,omics;pcr;western_blot,metadata_then_manual_file_selection,not_attempted
31,dataset:e2397863887ceb1d,GEO,GSE128449,public_metadata_unresolved,0,1,omics;pcr;western_blot,metadata_then_manual_file_selection,not_attempted
31,dataset:a61aa2ad2c973b9c,GEO,GSE131111,public_metadata_unresolved,0,1,omics;pcr;western_blot,metadata_then_manual_file_selection,not_attempted
31,dataset:4ed3d93a144c950f,GEO,GSE131112,public_metadata_unresolved,0,1,omics;pcr;western_blot,metadata_then_manual_file_selection,not_attempted
31,dataset:5958a28cfe36e711,GEO,GSE131418,public_metadata_unresolved,0,1,omics;pcr;western_blot,metadata_then_manual_file_selection,not_attempted
31,dataset:c3ef71f6af4d220c,GEO,GSE131878,public_metadata_unresolved,0,1,flow_cytometry;omics;pcr,metadata_then_manual_file_selection,not_attempted
31,dataset:8131541949f3f666,GEO,GSE132243,public_metadata_unresolved,0,1,flow_cytometry;omics;pcr,metadata_then_manual_file_selection,not_attempted
31,dataset:ab9eda9d9d1df17d,GEO,GSE132465,public_metadata_unresolved,0,1,omics;pcr;western_blot,metadata_then_manual_file_selection,not_attempted
31,dataset:a1f9f58f21c03437,GEO,GSE133529,public_metadata_unresolved,0,1,immunofluorescence;omics;pcr,metadata_then_manual_file_selection,not_attempted
31,dataset:980818f3ac1284c0,GEO,GSE134578,public_metadata_unresolved,0,1,flow_cytometry;omics;pcr,metadata_then_manual_file_selection,not_attempted
31,dataset:5deac095bd960b37,GEO,GSE13457814,public_metadata_unresolved,0,1,flow_cytometry;omics;pcr,metadata_then_manual_file_selection,not_attempted
31,dataset:dd277a0fdf1a8f38,GEO,GSE135045,public_metadata_unresolved,0,1,omics;pcr;western_blot,metadata_then_manual_file_selection,not_attempted
31,dataset:699bcc8a76dc011a,GEO,GSE135046,public_metadata_unresolved,0,1,omics;pcr;western_blot,metadata_then_manual_file_selection,not_attempted
31,dataset:8de7d18c3e6c1fe7,GEO,GSE13576,public_metadata_unresolved,0,1,immunofluorescence;omics;pcr,metadata_then_manual_file_selection,not_attempted
31,dataset:95dfa263ef6c73f3,GEO,GSE139107,public_metadata_unresolved,0,1,immunofluorescence;omics;pcr,metadata_then_manual_file_selection,not_attempted
31,dataset:7959d6e29be6db9a,GEO,GSE139604,public_metadata_unresolved,0,1,immunofluorescence;omics;pcr,metadata_then_manual_file_selection,not_attempted
31,dataset:55902773026441ac,GEO,GSE140797,public_metadata_unresolved,0,1,immunofluorescence;omics;pcr,metadata_then_manual_file_selection,not_attempted
31,dataset:71fdc412413f32bc,GEO,GSE14108,public_metadata_unresolved,0,1,omics;pcr;western_blot,metadata_then_manual_file_selection,not_attempted
31,dataset:567f49d30379fc48,GEO,GSE143423,public_metadata_unresolved,0,1,immunofluorescence;omics;pcr,metadata_then_manual_file_selection,not_attempted
31,dataset:3e5ede9ae64164df,GEO,GSE14407,public_metadata_unresolved,0,1,flow_cytometry;omics;pcr,metadata_then_manual_file_selection,not_attempted
31,dataset:e34d419795b6e178,GEO,GSE144265,public_metadata_unresolved,0,1,immunofluorescence;omics;pcr,metadata_then_manual_file_selection,not_attempted
31,dataset:0fed9e6474c05d0a,GEO,GSE1452016,public_metadata_unresolved,0,1,immunofluorescence;omics;pcr,metadata_then_manual_file_selection,not_attempted
31,dataset:98aee3d05ed3b948,GEO,GSE145281,public_metadata_unresolved,0,1,omics;pcr;western_blot,metadata_then_manual_file_selection,not_attempted
31,dataset:0457dd0475fd0e0c,GEO,GSE147026,public_metadata_unresolved,0,1,omics;pcr;western_blot,metadata_then_manual_file_selection,not_attempted
31,dataset:29f7e40173d67fe9,GEO,GSE148808,public_metadata_unresolved,0,1,omics;pcr;western_blot,metadata_then_manual_file_selection,not_attempted
31,dataset:d468fbd3a59b9948,GEO,GSE149652,public_metadata_unresolved,0,1,omics;pcr;western_blot,metadata_then_manual_file_selection,not_attempted
31,dataset:ac9c86baeb4d4f2b,GEO,GSE149655,public_metadata_unresolved,0,1,immunofluorescence;omics;pcr,metadata_then_manual_file_selection,not_attempted
31,dataset:4479c40179f1f0ce,GEO,GSE149687,public_metadata_unresolved,0,1,immunofluorescence;omics;pcr,metadata_then_manual_file_selection,not_attempted
31,dataset:4826336d345dd48d,GEO,GSE150660,public_metadata_unresolved,0,1,immunofluorescence;omics;pcr,metadata_then_manual_file_selection,not_attempted
31,dataset:9f174b0970786390,GEO,GSE150936,public_metadata_unresolved,0,1,omics;pcr;western_blot,metadata_then_manual_file_selection,not_attempted
31,dataset:71b5e638fe929ed7,GEO,GSE151167,public_metadata_unresolved,0,1,immunofluorescence;omics;pcr,metadata_then_manual_file_selection,not_attempted
31,dataset:4183bf509b9fc12e,GEO,GSE151530,public_metadata_unresolved,0,1,immunofluorescence;omics;pcr,metadata_then_manual_file_selection,not_attempted
31,dataset:ee78aa28a60278f6,GEO,GSE152223,public_metadata_unresolved,0,1,immunofluorescence;omics;pcr,metadata_then_manual_file_selection,not_attempted
31,dataset:8c0c2d8ac68dbe3f,GEO,GSE152766,public_metadata_unresolved,0,1,omics;pcr;western_blot,metadata_then_manual_file_selection,not_attempted
31,dataset:dacbc165f56ca020,GEO,GSE154261,public_metadata_unresolved,0,1,omics;pcr;western_blot,metadata_then_manual_file_selection,not_attempted
31,dataset:cca1611f0f45b6e5,GEO,GSE154778,public_metadata_unresolved,0,1,flow_cytometry;omics;pcr,metadata_then_manual_file_selection,not_attempted
31,dataset:cc67eb65b77d6eab,GEO,GSE15641,public_metadata_unresolved,0,1,omics;pcr;western_blot,metadata_then_manual_file_selection,not_attempted
31,dataset:905270a5661d88ed,GEO,GSE156451,public_metadata_unresolved,0,1,omics;pcr;western_blot,metadata_then_manual_file_selection,not_attempted
31,dataset:be0bf1e68a8e600f,GEO,GSE15852,public_metadata_unresolved,0,1,flow_cytometry;omics;pcr,metadata_then_manual_file_selection,not_attempted
31,dataset:8454c28dfaf8f141,GEO,GSE158933,public_metadata_unresolved,0,1,immunofluorescence;omics;pcr,metadata_then_manual_file_selection,not_attempted
31,dataset:cea466fc4a360879,GEO,GSE15932,public_metadata_unresolved,0,1,flow_cytometry;omics;pcr,metadata_then_manual_file_selection,not_attempted
31,dataset:890ab00646c7823b,GEO,GSE159939,public_metadata_unresolved,0,1,afm;omics;pcr,metadata_then_manual_file_selection,not_attempted
31,dataset:23df9e6fce6ca669,GEO,GSE16152953,public_metadata_unresolved,0,1,omics;pcr;western_blot,metadata_then_manual_file_selection,not_attempted
31,dataset:e55a481bafd68bc6,GEO,GSE161533,public_metadata_unresolved,0,1,omics;pcr;western_blot,metadata_then_manual_file_selection,not_attempted
31,dataset:5069baffb69292e3,GEO,GSE161762,public_metadata_unresolved,0,1,flow_cytometry;omics;pcr,metadata_then_manual_file_selection,not_attempted
31,dataset:2603378270947af4,GEO,GSE162604,public_metadata_unresolved,0,1,immunofluorescence;omics;pcr,metadata_then_manual_file_selection,not_attempted
31,dataset:1efb384339d033ff,GEO,GSE16391,public_metadata_unresolved,0,1,omics;pcr;western_blot,metadata_then_manual_file_selection,not_attempted
31,dataset:82f79ae31683ebab,GEO,GSE164378,public_metadata_unresolved,0,1,immunofluorescence;omics;pcr,metadata_then_manual_file_selection,not_attempted
31,dataset:464a43a6a9b8564d,GEO,GSE164789,public_metadata_unresolved,0,1,immunofluorescence;omics;pcr,metadata_then_manual_file_selection,not_attempted
31,dataset:38f3c1c8222808b4,GEO,GSE16515,public_metadata_unresolved,0,1,flow_cytometry;omics;pcr,metadata_then_manual_file_selection,not_attempted
31,dataset:522b43155f49fd99,GEO,GSE16561,public_metadata_unresolved,0,1,omics;pcr;western_blot,metadata_then_manual_file_selection,not_attempted
31,dataset:d4f618bf63388073,GEO,GSE166234,public_metadata_unresolved,0,1,omics;pcr;western_blot,metadata_then_manual_file_selection,not_attempted
31,dataset:d62b8b5ab627b66a,GEO,GSE166792,public_metadata_unresolved,0,1,immunofluorescence;omics;pcr,metadata_then_manual_file_selection,not_attempted
31,dataset:662f733bdad54256,GEO,GSE16716,public_metadata_unresolved,0,1,omics;pcr;western_blot,metadata_then_manual_file_selection,not_attempted
31,dataset:c0da71250e19c615,GEO,GSE168933,public_metadata_unresolved,0,1,immunofluorescence;omics;pcr,metadata_then_manual_file_selection,not_attempted
31,dataset:3e0b5af70ac4024a,GEO,GSE169109,public_metadata_unresolved,0,1,immunofluorescence;omics;pcr,metadata_then_manual_file_selection,not_attempted
31,dataset:22ab76c932d37456,GEO,GSE169246,public_metadata_unresolved,0,1,flow_cytometry;omics;pcr,metadata_then_manual_file_selection,not_attempted
31,dataset:ae04d32e0c0cfdfb,GEO,GSE174588,public_metadata_unresolved,0,1,omics;pcr;western_blot,metadata_then_manual_file_selection,not_attempted
31,dataset:27dcd4db2c462177,GEO,GSE17705,public_metadata_unresolved,0,1,omics;pcr;western_blot,metadata_then_manual_file_selection,not_attempted
31,dataset:1b6e1536fb937baa,GEO,GSE178341,public_metadata_unresolved,0,1,flow_cytometry;omics;pcr,metadata_then_manual_file_selection,not_attempted
31,dataset:dd0404fd2fdffe11,GEO,GSE17907,public_metadata_unresolved,0,1,omics;pcr;western_blot,metadata_then_manual_file_selection,not_attempted
31,dataset:8537baf15048a789,GEO,GSE180286,public_metadata_unresolved,0,1,omics;pcr;western_blot,metadata_then_manual_file_selection,not_attempted
31,dataset:91392fdc1c7b8869,GEO,GSE185477,public_metadata_unresolved,0,1,immunofluorescence;omics;pcr,metadata_then_manual_file_selection,not_attempted
31,dataset:56b78c28d22c332d,GEO,GSE186344,public_metadata_unresolved,0,1,immunofluorescence;omics;pcr,metadata_then_manual_file_selection,not_attempted
31,dataset:6eec713dfefa2c45,GEO,GSE190635,public_metadata_unresolved,0,1,omics;pcr;western_blot,metadata_then_manual_file_selection,not_attempted
31,dataset:cf4ad7a0ffeec17f,GEO,GSE190732,public_metadata_unresolved,0,1,omics;pcr;western_blot,metadata_then_manual_file_selection,not_attempted
31,dataset:591a8c24a0f81296,GEO,GSE19423,public_metadata_unresolved,0,1,omics;pcr;western_blot,metadata_then_manual_file_selection,not_attempted
31,dataset:c85f10f32d173475,GEO,GSE194319,public_metadata_unresolved,0,1,omics;pcr;western_blot,metadata_then_manual_file_selection,not_attempted
31,dataset:c7e396b07f272b3b,GEO,GSE195861,public_metadata_unresolved,0,1,immunofluorescence;omics;pcr,metadata_then_manual_file_selection,not_attempted
31,dataset:56c618b21c00fc88,GEO,GSE19650,public_metadata_unresolved,0,1,flow_cytometry;omics;pcr,metadata_then_manual_file_selection,not_attempted
31,dataset:01c1ae32c196d426,GEO,GSE197808,public_metadata_unresolved,0,1,immunofluorescence;omics;pcr,metadata_then_manual_file_selection,not_attempted
31,dataset:e4b7dbb11074d0c6,GEO,GSE201425,public_metadata_unresolved,0,1,omics;pcr;western_blot,metadata_then_manual_file_selection,not_attempted
31,dataset:53a59e860968a8ae,GEO,GSE201777,public_metadata_unresolved,0,1,flow_cytometry;omics;pcr,metadata_then_manual_file_selection,not_attempted
31,dataset:9e76ceb2f7edf577,GEO,GSE202501,public_metadata_unresolved,0,1,immunofluorescence;omics;pcr,metadata_then_manual_file_selection,not_attempted
31,dataset:869044b629b28e4b,GEO,GSE20271,public_metadata_unresolved,0,1,omics;pcr;western_blot,metadata_then_manual_file_selection,not_attempted
31,dataset:43d98bc495adde80,GEO,GSE2034,public_metadata_unresolved,0,1,omics;pcr;western_blot,metadata_then_manual_file_selection,not_attempted
31,dataset:fe809c63784fab1d,GEO,GSE205819,public_metadata_unresolved,0,1,afm;omics;pcr,metadata_then_manual_file_selection,not_attempted
31,dataset:8bee510622f84c68,GEO,GSE20711,public_metadata_unresolved,0,1,omics;pcr;western_blot,metadata_then_manual_file_selection,not_attempted
31,dataset:fdf98c0de8487e9b,GEO,GSE20916,public_metadata_unresolved,0,1,immunofluorescence;omics;pcr,metadata_then_manual_file_selection,not_attempted
31,dataset:7941111a727c14ac,GEO,GSE20970,public_metadata_unresolved,0,1,omics;pcr;western_blot,metadata_then_manual_file_selection,not_attempted
31,dataset:dcf422406d71d10b,GEO,GSE211831,public_metadata_unresolved,0,1,omics;pcr;western_blot,metadata_then_manual_file_selection,not_attempted
31,dataset:4ed63c530c2461d2,GEO,GSE213740,public_metadata_unresolved,0,1,omics;pcr;western_blot,metadata_then_manual_file_selection,not_attempted
31,dataset:758ad89aea963129,GEO,GSE215336,public_metadata_unresolved,0,1,immunofluorescence;omics;pcr,metadata_then_manual_file_selection,not_attempted
31,dataset:9ea276ca46143631,GEO,GSE218376,public_metadata_unresolved,0,1,immunofluorescence;omics;pcr,metadata_then_manual_file_selection,not_attempted
31,dataset:a10fbd4bded5fb6e,GEO,GSE218951,public_metadata_unresolved,0,1,omics;pcr;western_blot,metadata_then_manual_file_selection,not_attempted
31,dataset:17c825fecf23bd03,GEO,GSE221321,public_metadata_unresolved,0,1,flow_cytometry;omics;pcr,metadata_then_manual_file_selection,not_attempted
31,dataset:055249972780c2a6,GEO,GSE222318,public_metadata_unresolved,0,1,omics;pcr;western_blot,metadata_then_manual_file_selection,not_attempted
31,dataset:640a37aa4311da1f,GEO,GSE225664,public_metadata_unresolved,0,1,flow_cytometry;omics;pcr,metadata_then_manual_file_selection,not_attempted
31,dataset:23e807fc6932dd87,GEO,GSE225667,public_metadata_unresolved,0,1,flow_cytometry;omics;pcr,metadata_then_manual_file_selection,not_attempted
31,dataset:a5759e5bd77330e4,GEO,GSE225857,public_metadata_unresolved,0,1,omics;pcr;western_blot,metadata_then_manual_file_selection,not_attempted
31,dataset:51069c6bd68f69f8,GEO,GSE22598,public_metadata_unresolved,0,1,omics;pcr;western_blot,metadata_then_manual_file_selection,not_attempted
31,dataset:7b2a5d2a6f637146,GEO,GSE22780,public_metadata_unresolved,0,1,flow_cytometry;omics;pcr,metadata_then_manual_file_selection,not_attempted
31,dataset:bf2aa193ba226504,GEO,GSE22820,public_metadata_unresolved,0,1,omics;pcr;western_blot,metadata_then_manual_file_selection,not_attempted
31,dataset:ee733af7d8163eb6,GEO,GSE23603,public_metadata_unresolved,0,1,flow_cytometry;omics;pcr,metadata_then_manual_file_selection,not_attempted
31,dataset:1601f902c4d0707e,GEO,GSE2361,public_metadata_unresolved,0,1,flow_cytometry;omics;pcr,metadata_then_manual_file_selection,not_attempted
31,dataset:e6841d5a3c279455,GEO,GSE237305,public_metadata_unresolved,0,1,immunofluorescence;omics;pcr,metadata_then_manual_file_selection,not_attempted
31,dataset:b2355112546608cd,GEO,GSE240379,public_metadata_unresolved,0,1,immunofluorescence;omics;pcr,metadata_then_manual_file_selection,not_attempted
31,dataset:b3d004d2668e90a9,GEO,GSE241184,public_metadata_unresolved,0,1,omics;pcr;western_blot,metadata_then_manual_file_selection,not_attempted
31,dataset:0370c6f5faf8624d,GEO,GSE243351,public_metadata_unresolved,0,1,omics;pcr;western_blot,metadata_then_manual_file_selection,not_attempted
31,dataset:14d4ab664091a497,GEO,GSE248288,public_metadata_unresolved,0,1,omics;pcr;western_blot,metadata_then_manual_file_selection,not_attempted
31,dataset:334e26ba3861fc8c,GEO,GSE249919,public_metadata_unresolved,0,1,immunofluorescence;omics;pcr,metadata_then_manual_file_selection,not_attempted
31,dataset:f042f18147c7b208,GEO,GSE250163,public_metadata_unresolved,0,1,omics;pcr;western_blot,metadata_then_manual_file_selection,not_attempted
31,dataset:f3c30eba81bdc535,GEO,GSE250521,public_metadata_unresolved,0,1,omics;pcr;western_blot,metadata_then_manual_file_selection,not_attempted
31,dataset:2d314b48c63963ee,GEO,GSE25071,public_metadata_unresolved,0,1,omics;pcr;western_blot,metadata_then_manual_file_selection,not_attempted
31,dataset:cb53122ea2367b7a,GEO,GSE25097,public_metadata_unresolved,0,1,immunofluorescence;omics;pcr,metadata_then_manual_file_selection,not_attempted
31,dataset:da28996b9aa4c450,GEO,GSE251706,public_metadata_unresolved,0,1,omics;pcr;western_blot,metadata_then_manual_file_selection,not_attempted
31,dataset:37b06b9e1bad1b5f,GEO,GSE252425,public_metadata_unresolved,0,1,immunofluorescence;omics;pcr,metadata_then_manual_file_selection,not_attempted
31,dataset:c380e68e80490c6c,GEO,GSE252624,public_metadata_unresolved,0,1,flow_cytometry;omics;pcr,metadata_then_manual_file_selection,not_attempted
31,dataset:bc864cc2c3c0d364,GEO,GSE260461,public_metadata_unresolved,0,1,immunofluorescence;omics;pcr,metadata_then_manual_file_selection,not_attempted
31,dataset:ad9b964676290910,GEO,GSE260600,public_metadata_unresolved,0,1,immunofluorescence;omics;pcr,metadata_then_manual_file_selection,not_attempted
31,dataset:d56f8f369b041f1b,GEO,GSE261063,public_metadata_unresolved,0,1,immunofluorescence;omics;pcr,metadata_then_manual_file_selection,not_attempted
31,dataset:b5c5f48b947bf9ea,GEO,GSE26193,public_metadata_unresolved,0,1,flow_cytometry;omics;pcr,metadata_then_manual_file_selection,not_attempted
31,dataset:5a384252e4e10cf6,GEO,GSE263958,public_metadata_unresolved,0,1,omics;pcr;western_blot,metadata_then_manual_file_selection,not_attempted
31,dataset:41443ddb17f6be0b,GEO,GSE264038,public_metadata_unresolved,0,1,immunofluorescence;omics;pcr,metadata_then_manual_file_selection,not_attempted
31,dataset:55592d4804cbd320,GEO,GSE26712,public_metadata_unresolved,0,1,flow_cytometry;omics;pcr,metadata_then_manual_file_selection,not_attempted
31,dataset:8b0432fcbafeebe0,GEO,GSE26971,public_metadata_unresolved,0,1,omics;pcr;western_blot,metadata_then_manual_file_selection,not_attempted
31,dataset:ffe87e41d272634e,GEO,GSE271710,public_metadata_unresolved,0,1,afm;omics;pcr,metadata_then_manual_file_selection,not_attempted
31,dataset:68f412b3d29e3652,GEO,GSE273442,public_metadata_unresolved,0,1,omics;pcr;western_blot,metadata_then_manual_file_selection,not_attempted
31,dataset:3c0150b41b79c55d,GEO,GSE27651,public_metadata_unresolved,0,1,flow_cytometry;omics;pcr,metadata_then_manual_file_selection,not_attempted
31,dataset:4feecf364dcbbc4f,GEO,GSE277264,public_metadata_unresolved,0,1,immunofluorescence;omics;pcr,metadata_then_manual_file_selection,not_attempted
31,dataset:47a67e8f9932c216,GEO,GSE28044,public_metadata_unresolved,0,1,flow_cytometry;omics;pcr,metadata_then_manual_file_selection,not_attempted
31,dataset:0b5f8e277e90e343,GEO,GSE281736,public_metadata_unresolved,0,1,omics;pcr;western_blot,metadata_then_manual_file_selection,not_attempted
31,dataset:9ecc10007f7ff4cf,GEO,GSE281841,public_metadata_unresolved,0,1,immunofluorescence;omics;pcr,metadata_then_manual_file_selection,not_attempted
31,dataset:fbf2607e8058e548,GEO,GSE282791,public_metadata_unresolved,0,1,omics;pcr;western_blot,metadata_then_manual_file_selection,not_attempted
31,dataset:9047ca4f99ac1aac,GEO,GSE286976,public_metadata_unresolved,0,1,immunofluorescence;omics;pcr,metadata_then_manual_file_selection,not_attempted
31,dataset:8d4e4da2abb9b00c,GEO,GSE290094,public_metadata_unresolved,0,1,immunofluorescence;omics;pcr,metadata_then_manual_file_selection,not_attempted
31,dataset:5f6cee9311dc65a4,GEO,GSE290095,public_metadata_unresolved,0,1,immunofluorescence;omics;pcr,metadata_then_manual_file_selection,not_attempted
31,dataset:f91127aae37b1324,GEO,GSE290468,public_metadata_unresolved,0,1,immunofluorescence;omics;pcr,metadata_then_manual_file_selection,not_attempted
31,dataset:0aba8f611d5f6607,GEO,GSE293734,public_metadata_unresolved,0,1,omics;pcr;western_blot,metadata_then_manual_file_selection,not_attempted
31,dataset:c74077d00c841900,GEO,GSE29609,public_metadata_unresolved,0,1,omics;pcr;western_blot,metadata_then_manual_file_selection,not_attempted
31,dataset:0e4d9391b9a3c1fa,GEO,GSE29621,public_metadata_unresolved,0,1,immunofluorescence;omics;pcr,metadata_then_manual_file_selection,not_attempted
31,dataset:d79e8d6971964e19,GEO,GSE29698,public_metadata_unresolved,0,1,omics;pcr;western_blot,metadata_then_manual_file_selection,not_attempted
31,dataset:0796487140af9361,GEO,GSE298790,public_metadata_unresolved,0,1,immunofluorescence;omics;pcr,metadata_then_manual_file_selection,not_attempted
31,dataset:75fbfc718a982d04,GEO,GSE298876,public_metadata_unresolved,0,1,flow_cytometry;omics;pcr,metadata_then_manual_file_selection,not_attempted
31,dataset:7f08a14e4862c1bf,GEO,GSE298998,public_metadata_unresolved,0,1,omics;pcr;western_blot,metadata_then_manual_file_selection,not_attempted
31,dataset:fc3e0dc48d3f8195,GEO,GSE2990,public_metadata_unresolved,0,1,omics;pcr;western_blot,metadata_then_manual_file_selection,not_attempted
31,dataset:05b06a7ea879925f,GEO,GSE299463,public_metadata_unresolved,0,1,immunofluorescence;omics;pcr,metadata_then_manual_file_selection,not_attempted
31,dataset:d3bc669257f7ea01,GEO,GSE302937,public_metadata_unresolved,0,1,flow_cytometry;omics;pcr,metadata_then_manual_file_selection,not_attempted
31,dataset:60c79195828e1fd5,GEO,GSE305442,public_metadata_unresolved,0,1,omics;pcr;western_blot,metadata_then_manual_file_selection,not_attempted
31,dataset:89ed304c01f0caf6,GEO,GSE305463,public_metadata_unresolved,0,1,omics;pcr;western_blot,metadata_then_manual_file_selection,not_attempted
31,dataset:41f04926fdbed565,GEO,GSE306201,public_metadata_unresolved,0,1,omics;pcr;western_blot,metadata_then_manual_file_selection,not_attempted
31,dataset:ca62ae8e8920c942,GEO,GSE307005,public_metadata_unresolved,0,1,flow_cytometry;omics;pcr,metadata_then_manual_file_selection,not_attempted
31,dataset:1bb9d3c4df49a286,GEO,GSE309024,public_metadata_unresolved,0,1,omics;pcr;western_blot,metadata_then_manual_file_selection,not_attempted
31,dataset:14ecc86fc2c1313f,GEO,GSE313078,public_metadata_unresolved,0,1,immunofluorescence;omics;pcr,metadata_then_manual_file_selection,not_attempted
31,dataset:35b4c8134623e3b1,GEO,GSE313081,public_metadata_unresolved,0,1,flow_cytometry;omics;pcr,metadata_then_manual_file_selection,not_attempted
31,dataset:5909ee53739348c7,GEO,GSE313092,public_metadata_unresolved,0,1,flow_cytometry;omics;pcr,metadata_then_manual_file_selection,not_attempted
31,dataset:fa7df68dc177aaf3,GEO,GSE314753,public_metadata_unresolved,0,1,immunofluorescence;omics;pcr,metadata_then_manual_file_selection,not_attempted
31,dataset:4cfbff0bd3d2cd43,GEO,GSE31519,public_metadata_unresolved,0,1,omics;pcr;western_blot,metadata_then_manual_file_selection,not_attempted
31,dataset:2676c31e67238b6b,GEO,GSE315229,public_metadata_unresolved,0,1,immunofluorescence;omics;pcr,metadata_then_manual_file_selection,not_attempted
31,dataset:cdc6aa7d4356ceda,GEO,GSE31684,public_metadata_unresolved,0,1,omics;pcr;western_blot,metadata_then_manual_file_selection,not_attempted
31,dataset:8b1ec71a85c91beb,GEO,GSE31725,public_metadata_unresolved,0,1,immunofluorescence;omics;pcr,metadata_then_manual_file_selection,not_attempted
31,dataset:9738e8f1d0b9b0a3,GEO,GSE32474,public_metadata_unresolved,0,1,immunofluorescence;omics;pcr,metadata_then_manual_file_selection,not_attempted
31,dataset:86a3681321a766b7,GEO,GSE32688,public_metadata_unresolved,0,1,flow_cytometry;omics;pcr,metadata_then_manual_file_selection,not_attempted
31,dataset:4b7e1e69b42c06d1,GEO,GSE328562,public_metadata_unresolved,0,1,immunofluorescence;omics;pcr,metadata_then_manual_file_selection,not_attempted
31,dataset:eeef15fe049b17a5,GEO,GSE329470,public_metadata_unresolved,0,1,flow_cytometry;omics;pcr,metadata_then_manual_file_selection,not_attempted
31,dataset:2e5cb6929116ce96,GEO,GSE3307,public_metadata_unresolved,0,1,omics;pcr;western_blot,metadata_then_manual_file_selection,not_attempted
31,dataset:70037f0eaf9002a3,GEO,GSE331058,public_metadata_unresolved,0,1,immunofluorescence;omics;pcr,metadata_then_manual_file_selection,not_attempted
31,dataset:44a4fa64628e07aa,GEO,GSE33458,public_metadata_unresolved,0,1,immunofluorescence;omics;pcr,metadata_then_manual_file_selection,not_attempted
31,dataset:35c1db917e843181,GEO,GSE3365,public_metadata_unresolved,0,1,flow_cytometry;omics;pcr,metadata_then_manual_file_selection,not_attempted
31,dataset:a9474598636cc877,GEO,GSE33805,public_metadata_unresolved,0,1,flow_cytometry;omics;pcr,metadata_then_manual_file_selection,not_attempted
31,dataset:b60246d5948294ab,GEO,GSE34200,public_metadata_unresolved,0,1,flow_cytometry;omics;pcr,metadata_then_manual_file_selection,not_attempted
31,dataset:e5a0871bbb3fed24,GEO,GSE35069,public_metadata_unresolved,0,1,flow_cytometry;omics;pcr,metadata_then_manual_file_selection,not_attempted
31,dataset:32c9163c3abe983a,GEO,GSE36431,public_metadata_unresolved,0,1,immunofluorescence;omics;pcr,metadata_then_manual_file_selection,not_attempted
31,dataset:e55fefcce07ffce7,GEO,GSE36681,public_metadata_unresolved,0,1,omics;pcr;western_blot,metadata_then_manual_file_selection,not_attempted
31,dataset:15056c2faf411c47,GEO,GSE36772,public_metadata_unresolved,0,1,flow_cytometry;omics;pcr,metadata_then_manual_file_selection,not_attempted
31,dataset:6a21f15a5b65b651,GEO,GSE36807,public_metadata_unresolved,0,1,flow_cytometry;omics;pcr,metadata_then_manual_file_selection,not_attempted
31,dataset:919134fba5438943,GEO,GSE36952,public_metadata_unresolved,0,1,flow_cytometry;omics;pcr,metadata_then_manual_file_selection,not_attempted
31,dataset:58c3d7fb135be696,GEO,GSE37066,public_metadata_unresolved,0,1,flow_cytometry;omics;pcr,metadata_then_manual_file_selection,not_attempted
31,dataset:4215c09cd407da36,GEO,GSE37119,public_metadata_unresolved,0,1,omics;pcr;western_blot,metadata_then_manual_file_selection,not_attempted
31,dataset:a5a2de2b3f16903d,GEO,GSE37815,public_metadata_unresolved,0,1,omics;pcr;western_blot,metadata_then_manual_file_selection,not_attempted
31,dataset:3a79422e3a2bd56a,GEO,GSE37946,public_metadata_unresolved,0,1,omics;pcr;western_blot,metadata_then_manual_file_selection,not_attempted
31,dataset:fd59148c73150ab0,GEO,GSE38666,public_metadata_unresolved,0,1,flow_cytometry;omics;pcr,metadata_then_manual_file_selection,not_attempted
31,dataset:5b4b18fa8f66b380,GEO,GSE39454,public_metadata_unresolved,0,1,omics;pcr;western_blot,metadata_then_manual_file_selection,not_attempted
31,dataset:bc62a4d995f388cb,GEO,GSE40279,public_metadata_unresolved,0,1,flow_cytometry;omics;pcr,metadata_then_manual_file_selection,not_attempted
31,dataset:08225f08b11a61b9,GEO,GSE40524,public_metadata_unresolved,0,1,immunofluorescence;omics;pcr,metadata_then_manual_file_selection,not_attempted
31,dataset:efc58d8847db3554,GEO,GSE40595,public_metadata_unresolved,0,1,flow_cytometry;omics;pcr,metadata_then_manual_file_selection,not_attempted
31,dataset:fd719ec7fad2ccf5,GEO,GSE40799,public_metadata_unresolved,0,1,flow_cytometry;omics;pcr,metadata_then_manual_file_selection,not_attempted
31,dataset:9dba691ed4094964,GEO,GSE40873,public_metadata_unresolved,0,1,flow_cytometry;omics;pcr,metadata_then_manual_file_selection,not_attempted
31,dataset:e6b2941880138feb,GEO,GSE41804,public_metadata_unresolved,0,1,flow_cytometry;omics;pcr,metadata_then_manual_file_selection,not_attempted
31,dataset:3cd9b24986f08114,GEO,GSE43458,public_metadata_unresolved,0,1,omics;pcr;western_blot,metadata_then_manual_file_selection,not_attempted
31,dataset:5a95db15f4424825,GEO,GSE45255,public_metadata_unresolved,0,1,omics;pcr;western_blot,metadata_then_manual_file_selection,not_attempted
31,dataset:312448c3bafd5fd3,GEO,GSE45459,public_metadata_unresolved,0,1,flow_cytometry;omics;pcr,metadata_then_manual_file_selection,not_attempted
31,dataset:741d09f1b4d628e3,GEO,GSE4611,public_metadata_unresolved,0,1,omics;pcr;western_blot,metadata_then_manual_file_selection,not_attempted
31,dataset:ec90e2ac5cea6a35,GEO,GSE47622,public_metadata_unresolved,0,1,omics;pcr;western_blot,metadata_then_manual_file_selection,not_attempted
31,dataset:3a30bd7a6ee20671,GEO,GSE47994,public_metadata_unresolved,0,1,flow_cytometry;omics;pcr,metadata_then_manual_file_selection,not_attempted
31,dataset:447d4359f10c9ef5,GEO,GSE49296,public_metadata_unresolved,0,1,flow_cytometry;omics;pcr,metadata_then_manual_file_selection,not_attempted
31,dataset:8d7b89f9e095ebc8,GEO,GSE49618,public_metadata_unresolved,0,1,flow_cytometry;omics;pcr,metadata_then_manual_file_selection,not_attempted
31,dataset:9cc2203777ca74c3,GEO,GSE50418,public_metadata_unresolved,0,1,afm;omics;pcr,metadata_then_manual_file_selection,not_attempted
31,dataset:84c7bb8b18bbb611,GEO,GSE52460,public_metadata_unresolved,0,1,flow_cytometry;omics;pcr,metadata_then_manual_file_selection,not_attempted
31,dataset:ea98ee0638a30e04,GEO,GSE54002,public_metadata_unresolved,0,1,flow_cytometry;omics;pcr,metadata_then_manual_file_selection,not_attempted
31,dataset:6659784fcd074a82,GEO,GSE54129,public_metadata_unresolved,0,1,omics;pcr;western_blot,metadata_then_manual_file_selection,not_attempted
31,dataset:a6adba7a17612eb9,GEO,GSE54460,public_metadata_unresolved,0,1,flow_cytometry;omics;pcr,metadata_then_manual_file_selection,not_attempted
31,dataset:48e2041e12ef4b90,GEO,GSE54536,public_metadata_unresolved,0,1,immunofluorescence;omics;pcr,metadata_then_manual_file_selection,not_attempted
31,dataset:f6b216097d765b49,GEO,GSE56430,public_metadata_unresolved,0,1,immunofluorescence;omics;pcr,metadata_then_manual_file_selection,not_attempted
31,dataset:fa8e3288beced083,GEO,GSE58477,public_metadata_unresolved,0,1,flow_cytometry;omics;pcr,metadata_then_manual_file_selection,not_attempted
31,dataset:c28b75ade83fb50e,GEO,GSE60811,public_metadata_unresolved,0,1,flow_cytometry;omics;pcr,metadata_then_manual_file_selection,not_attempted
31,dataset:d0442e7d2c495f6b,GEO,GSE60923,public_metadata_unresolved,0,1,flow_cytometry;omics;pcr,metadata_then_manual_file_selection,not_attempted
31,dataset:6c7e6d131b6f758c,GEO,GSE61838,public_metadata_unresolved,0,1,omics;pcr;western_blot,metadata_then_manual_file_selection,not_attempted
31,dataset:0b02cc1fa8230a62,GEO,GSE63074,public_metadata_unresolved,0,1,flow_cytometry;omics;pcr,metadata_then_manual_file_selection,not_attempted
31,dataset:263c12c9a94dfa40,GEO,GSE63357,public_metadata_unresolved,0,1,immunofluorescence;omics;pcr,metadata_then_manual_file_selection,not_attempted
31,dataset:196c31e6b9000ff8,GEO,GSE63615,public_metadata_unresolved,0,1,omics;pcr;western_blot,metadata_then_manual_file_selection,not_attempted
31,dataset:6b87d521d39ed165,GEO,GSE63885,public_metadata_unresolved,0,1,flow_cytometry;omics;pcr,metadata_then_manual_file_selection,not_attempted
31,dataset:a7df25e77d0f7d0e,GEO,GSE65216,public_metadata_unresolved,0,1,flow_cytometry;omics;pcr,metadata_then_manual_file_selection,not_attempted
31,dataset:6ca7435621b62ba5,GEO,GSE66459,public_metadata_unresolved,0,1,flow_cytometry;omics;pcr,metadata_then_manual_file_selection,not_attempted
31,dataset:08fa43b1e3372e95,GEO,GSE66798,public_metadata_unresolved,0,1,flow_cytometry;omics;pcr,metadata_then_manual_file_selection,not_attempted
31,dataset:effff96b65d8522d,GEO,GSE6817758,public_metadata_unresolved,0,1,omics;pcr;western_blot,metadata_then_manual_file_selection,not_attempted
31,dataset:9093f94aa690f70c,GEO,GSE69428,public_metadata_unresolved,0,1,flow_cytometry;omics;pcr,metadata_then_manual_file_selection,not_attempted
31,dataset:89c7dfcff85358ca,GEO,GSE7014,public_metadata_unresolved,0,1,omics;pcr;western_blot,metadata_then_manual_file_selection,not_attempted
31,dataset:29543e9e14a82425,GEO,GSE70768,public_metadata_unresolved,0,1,omics;pcr;western_blot,metadata_then_manual_file_selection,not_attempted
31,dataset:52c1389d6c7f9d57,GEO,GSE71164,public_metadata_unresolved,0,1,immunofluorescence;omics;pcr,metadata_then_manual_file_selection,not_attempted
31,dataset:61ebaadc2b12a9d0,GEO,GSE72019,public_metadata_unresolved,0,1,omics;pcr;western_blot,metadata_then_manual_file_selection,not_attempted
31,dataset:d433bd49711884b5,GEO,GSE72293,public_metadata_unresolved,0,1,omics;pcr;western_blot,metadata_then_manual_file_selection,not_attempted
31,dataset:c2e73850fb63d1c9,GEO,GSE7307,public_metadata_unresolved,0,1,flow_cytometry;omics;pcr,metadata_then_manual_file_selection,not_attempted
31,dataset:c0892de34553fb79,GEO,GSE73211,public_metadata_unresolved,0,1,immunofluorescence;omics;pcr,metadata_then_manual_file_selection,not_attempted
31,dataset:93c47e50c10e658f,GEO,GSE73612,public_metadata_unresolved,0,1,omics;pcr;western_blot,metadata_then_manual_file_selection,not_attempted
31,dataset:f9bf603328f1aab6,GEO,GSE73613,public_metadata_unresolved,0,1,flow_cytometry;omics;pcr,metadata_then_manual_file_selection,not_attempted
31,dataset:fc69c79c1f2e759f,GEO,GSE77811,public_metadata_unresolved,0,1,flow_cytometry;omics;pcr,metadata_then_manual_file_selection,not_attempted
31,dataset:538500547de33820,GEO,GSE77861,public_metadata_unresolved,0,1,omics;pcr;western_blot,metadata_then_manual_file_selection,not_attempted
31,dataset:5345bc7fae7c9c83,GEO,GSE77955,public_metadata_unresolved,0,1,omics;pcr;western_blot,metadata_then_manual_file_selection,not_attempted
31,dataset:cf44f1e397ff97b6,GEO,GSE78759,public_metadata_unresolved,0,1,afm;omics;pcr,metadata_then_manual_file_selection,not_attempted
31,dataset:bd7ab38898c3c9ad,GEO,GSE7904,public_metadata_unresolved,0,1,flow_cytometry;omics;pcr,metadata_then_manual_file_selection,not_attempted
31,dataset:5626a343e7d1e0fa,GEO,GSE79973,public_metadata_unresolved,0,1,omics;pcr;western_blot,metadata_then_manual_file_selection,not_attempted
31,dataset:21f16306d78eb72b,GEO,GSE81367,public_metadata_unresolved,0,1,omics;pcr;western_blot,metadata_then_manual_file_selection,not_attempted
31,dataset:b4305e0a3d415b9d,GEO,GSE84437,public_metadata_unresolved,0,1,omics;pcr;western_blot,metadata_then_manual_file_selection,not_attempted
31,dataset:eaf2d9ebef1c28cb,GEO,GSE85841,public_metadata_unresolved,0,1,immunofluorescence;omics;pcr,metadata_then_manual_file_selection,not_attempted
31,dataset:fc48de576242cd74,GEO,GSE87544,public_metadata_unresolved,0,1,omics;pcr;western_blot,metadata_then_manual_file_selection,not_attempted
31,dataset:2f80a0be67bb7bc2,GEO,GSE8754457,public_metadata_unresolved,0,1,omics;pcr;western_blot,metadata_then_manual_file_selection,not_attempted
31,dataset:fe440dfe00734a0d,GEO,GSE89076,public_metadata_unresolved,0,1,omics;pcr;western_blot,metadata_then_manual_file_selection,not_attempted
31,dataset:2b51ae78593741b1,GEO,GSE95058,public_metadata_unresolved,0,1,flow_cytometry;omics;pcr,metadata_then_manual_file_selection,not_attempted
31,dataset:64599d41d085530f,GEO,GSE95680,public_metadata_unresolved,0,1,omics;pcr;piv,metadata_then_manual_file_selection,not_attempted
31,dataset:1f9d2b3f9015cafd,GEO,GSE96575,public_metadata_unresolved,0,1,immunofluorescence;omics;pcr,metadata_then_manual_file_selection,not_attempted
31,dataset:af2a348d6de3de98,GEO,GSE96576,public_metadata_unresolved,0,1,immunofluorescence;omics;pcr,metadata_then_manual_file_selection,not_attempted
31,dataset:812ca0ccc350397d,GEO,GSE9662776,public_metadata_unresolved,0,1,omics;pcr;western_blot,metadata_then_manual_file_selection,not_attempted
31,dataset:1810356652fb30fb,GEO,GSE97051,public_metadata_unresolved,0,1,omics;pcr;western_blot,metadata_then_manual_file_selection,not_attempted
31,dataset:e2dc30daff17b391,GEO,GSE98862,public_metadata_unresolved,0,1,immunofluorescence;omics;pcr,metadata_then_manual_file_selection,not_attempted
31,dataset:fa0aeca7d5831ae1,GEO,GSE9891,public_metadata_unresolved,0,1,flow_cytometry;omics;pcr,metadata_then_manual_file_selection,not_attempted
31,dataset:45d745386c8bbeb5,IDR,IDR0080,public_metadata_unresolved,0,1,flow_cytometry;immunofluorescence;raw_imaging,metadata_then_manual_file_selection,not_attempted
31,dataset:1014ab94e2d358d3,MassIVE,MSV000092958,public_metadata_unresolved,0,1,immunofluorescence;proteomics;western_blot,metadata_then_manual_file_selection,not_attempted
31,dataset:804597d17bf5ffed,MassIVE,MSV000096810,public_metadata_unresolved,0,1,immunofluorescence;proteomics;western_blot,metadata_then_manual_file_selection,not_attempted
31,dataset:e24f47583ebb66bd,MassIVE,MSV000096909,public_metadata_unresolved,0,1,flow_cytometry;pcr;proteomics,metadata_then_manual_file_selection,not_attempted
31,dataset:1057a5205cad23f8,MassIVE,MSV000097012,public_metadata_unresolved,0,1,immunofluorescence;proteomics;western_blot,metadata_then_manual_file_selection,not_attempted
31,dataset:ee8ce233b27dfe79,MassIVE,MSV000099700,public_metadata_unresolved,0,1,immunofluorescence;proteomics;western_blot,metadata_then_manual_file_selection,not_attempted
31,dataset:2461c12ca5e9e431,MendeleyData,10.17632/g2md5gbhz7.1,public_metadata_unresolved,0,1,flow_cytometry;immunofluorescence;pcr,metadata_then_manual_file_selection,not_attempted
31,dataset:5bf65315ca48e965,MendeleyData,10.17632/jm6yz5vzs8.1,public_metadata_unresolved,0,1,afm;flow_cytometry;immunofluorescence,metadata_then_manual_file_selection,not_attempted
31,dataset:1f0303a9abc54da2,PRIDE,PXD001183,public_metadata_unresolved,0,1,immunofluorescence;proteomics;western_blot,metadata_then_manual_file_selection,not_attempted
31,dataset:7a80c35bf2b16c78,PRIDE,PXD008934,public_metadata_unresolved,0,1,immunofluorescence;proteomics;western_blot,metadata_then_manual_file_selection,not_attempted
31,dataset:0a08e95a1f95d313,PRIDE,PXD013003,public_metadata_unresolved,0,1,immunofluorescence;proteomics;western_blot,metadata_then_manual_file_selection,not_attempted
31,dataset:463895c1ebe37a5f,PRIDE,PXD021601,public_metadata_unresolved,0,1,immunofluorescence;proteomics;western_blot,metadata_then_manual_file_selection,not_attempted
31,dataset:a3585a345010b4b2,PRIDE,PXD022635,public_metadata_unresolved,0,1,flow_cytometry;proteomics;western_blot,metadata_then_manual_file_selection,not_attempted
31,dataset:3d44cbe96558c771,PRIDE,PXD026582,public_metadata_unresolved,0,1,pcr;proteomics;western_blot,metadata_then_manual_file_selection,not_attempted
31,dataset:5170aa929e57557e,PRIDE,PXD028101,public_metadata_unresolved,0,1,pcr;proteomics;western_blot,metadata_then_manual_file_selection,not_attempted
31,dataset:6cbe6c9983c1a15b,PRIDE,PXD029485,public_metadata_unresolved,0,1,pcr;proteomics;western_blot,metadata_then_manual_file_selection,not_attempted
31,dataset:5a67c399180afb87,PRIDE,PXD045675,public_metadata_unresolved,0,1,immunofluorescence;proteomics;western_blot,metadata_then_manual_file_selection,not_attempted
31,dataset:f783338f13bda121,PRIDE,PXD052350,public_metadata_unresolved,0,1,immunofluorescence;proteomics;western_blot,metadata_then_manual_file_selection,not_attempted
31,dataset:eeefbe9954dafac5,PRIDE,PXD054157,public_metadata_unresolved,0,1,flow_cytometry;proteomics;western_blot,metadata_then_manual_file_selection,not_attempted
31,dataset:6522de3d1033950c,PRIDE,PXD056626,public_metadata_unresolved,0,1,pcr;proteomics;western_blot,metadata_then_manual_file_selection,not_attempted
31,dataset:0274fc5415e5538c,PRIDE,PXD056649,public_metadata_unresolved,0,1,pcr;proteomics;western_blot,metadata_then_manual_file_selection,not_attempted
31,dataset:4b5e3596014cbac1,PRIDE,PXD057905,public_metadata_unresolved,0,1,immunofluorescence;proteomics;western_blot,metadata_then_manual_file_selection,not_attempted
31,dataset:7520af28c8dba9e2,PRIDE,PXD058998,public_metadata_unresolved,0,1,immunofluorescence;proteomics;western_blot,metadata_then_manual_file_selection,not_attempted
31,dataset:46f3b424b2cb4533,PRIDE,PXD065661,public_metadata_unresolved,0,1,immunofluorescence;proteomics;western_blot,metadata_then_manual_file_selection,not_attempted
31,dataset:61093538c90dc2e3,PRIDE,PXD066353,public_metadata_unresolved,0,1,flow_cytometry;proteomics;western_blot,metadata_then_manual_file_selection,not_attempted
31,dataset:14c7316de51cf5d4,PRIDE,PXD067265,public_metadata_unresolved,0,1,flow_cytometry;proteomics;western_blot,metadata_then_manual_file_selection,not_attempted
31,dataset:16b5ba3cb0a43dc7,PRIDE,PXD069013,public_metadata_unresolved,0,1,flow_cytometry;proteomics;western_blot,metadata_then_manual_file_selection,not_attempted
31,dataset:99da2cdaa631fedc,PRIDE,PXD069327,public_metadata_unresolved,0,1,immunofluorescence;proteomics;western_blot,metadata_then_manual_file_selection,not_attempted
31,dataset:99f36503bd54d9a8,PRIDE,PXD070113,public_metadata_unresolved,0,1,immunofluorescence;proteomics;western_blot,metadata_then_manual_file_selection,not_attempted
31,dataset:03aaef9c29bd0bfe,PRIDE,PXD070782,public_metadata_unresolved,0,1,immunofluorescence;proteomics;western_blot,metadata_then_manual_file_selection,not_attempted
31,dataset:0519b5a9fe24bfa5,PRIDE,PXD071603,public_metadata_unresolved,0,1,immunofluorescence;proteomics;western_blot,metadata_then_manual_file_selection,not_attempted
31,dataset:862d62078c067806,PRIDE,PXD072594,public_metadata_unresolved,0,1,afm;proteomics;western_blot,metadata_then_manual_file_selection,not_attempted
31,dataset:189c2ec7ef9211b1,SRA,ERP006077,public_metadata_unresolved,0,1,omics;sequencing;western_blot,metadata_then_manual_file_selection,not_attempted
31,dataset:6ab50a0dbb269b3e,SRA,SRP099384,public_metadata_unresolved,0,1,omics;pcr;sequencing,metadata_then_manual_file_selection,not_attempted
31,dataset:0984a0c4a74717f5,SRA,SRP3027,public_metadata_unresolved,0,1,immunofluorescence;omics;sequencing,metadata_then_manual_file_selection,not_attempted
31,dataset:5580b9a280804ffa,SRA,SRP3131,public_metadata_unresolved,0,1,afm;omics;sequencing,metadata_then_manual_file_selection,not_attempted
31,dataset:e09f110031bb402e,SRA,SRP4037,public_metadata_unresolved,0,1,immunofluorescence;omics;sequencing,metadata_then_manual_file_selection,not_attempted
31,dataset:855d0903f2f0314d,SRA,SRR15676004,public_metadata_unresolved,0,1,omics;pcr;sequencing,metadata_then_manual_file_selection,not_attempted
31,dataset:124ee38bd220e85c,SRA,SRR37543589,public_metadata_unresolved,0,1,omics;pcr;sequencing,metadata_then_manual_file_selection,not_attempted
31,dataset:873f54ced1e6cb9f,SRA,SRR37715099,public_metadata_unresolved,0,1,omics;pcr;sequencing,metadata_then_manual_file_selection,not_attempted
31,dataset:d192804a1597dfb3,Zenodo,10.5281/zenodo.10223738,public_metadata_unresolved,0,1,afm;piv;traction_force_microscopy,metadata_then_manual_file_selection,not_attempted
31,dataset:dc0b1d9f4e262cfe,Zenodo,10.5281/zenodo.12795704,public_metadata_unresolved,0,1,flow_cytometry;immunofluorescence;western_blot,metadata_then_manual_file_selection,not_attempted
31,dataset:3a816c344a303315,Zenodo,10.5281/zenodo.13773083,public_metadata_unresolved,0,1,flow_cytometry;immunofluorescence;traction_force_microscopy,metadata_then_manual_file_selection,not_attempted
31,dataset:f20ef4e4e83726e2,Zenodo,10.5281/zenodo.13773792,public_metadata_unresolved,0,1,flow_cytometry;immunofluorescence;traction_force_microscopy,metadata_then_manual_file_selection,not_attempted
31,dataset:bd09188c456dcbab,Zenodo,10.5281/zenodo.13884283,public_metadata_unresolved,0,1,flow_cytometry;immunofluorescence;western_blot,metadata_then_manual_file_selection,not_attempted
31,dataset:3c143c2257c3fc0b,Zenodo,10.5281/zenodo.13984567,public_metadata_unresolved,0,1,afm;piv;traction_force_microscopy,metadata_then_manual_file_selection,not_attempted
31,dataset:1f747d6a2e24557a,Zenodo,10.5281/zenodo.14567205,public_metadata_unresolved,0,1,flow_cytometry;immunofluorescence;western_blot,metadata_then_manual_file_selection,not_attempted
31,dataset:c08056d2b6ed316c,Zenodo,10.5281/zenodo.14591503,public_metadata_unresolved,0,1,flow_cytometry;immunofluorescence;western_blot,metadata_then_manual_file_selection,not_attempted
31,dataset:65404eb5f24532bf,Zenodo,10.5281/zenodo.15178932,public_metadata_unresolved,0,1,flow_cytometry;immunofluorescence;western_blot,metadata_then_manual_file_selection,not_attempted
31,dataset:6f00968731d783b8,Zenodo,10.5281/zenodo.15350913,public_metadata_unresolved,0,1,flow_cytometry;immunofluorescence;western_blot,metadata_then_manual_file_selection,not_attempted
31,dataset:ad314afdf92b447e,Zenodo,10.5281/zenodo.16789916,public_metadata_unresolved,0,1,afm;immunofluorescence;pcr,metadata_then_manual_file_selection,not_attempted
31,dataset:561132fcb2a2d68b,Zenodo,10.5281/zenodo.18264493,public_metadata_unresolved,0,1,immunofluorescence;pcr;western_blot,metadata_then_manual_file_selection,not_attempted
31,dataset:a1527d572a034b45,Zenodo,10.5281/zenodo.3442325,public_metadata_unresolved,0,1,immunofluorescence;pcr;western_blot,metadata_then_manual_file_selection,not_attempted
31,dataset:0190ddcf6ca1286a,Zenodo,10.5281/zenodo.3930343,public_metadata_unresolved,0,1,immunofluorescence;pcr;piv,metadata_then_manual_file_selection,not_attempted
31,dataset:da430914f464a052,Zenodo,10.5281/zenodo.6977605,public_metadata_unresolved,0,1,immunofluorescence;pcr;western_blot,metadata_then_manual_file_selection,not_attempted
31,dataset:17fa16d55989a61d,Zenodo,10.5281/zenodo.7405901,public_metadata_unresolved,0,1,afm;piv;traction_force_microscopy,metadata_then_manual_file_selection,not_attempted
31,dataset:92426b399c9c8ef4,Zenodo,10.5281/zenodo.7510439,public_metadata_unresolved,0,1,flow_cytometry;pcr;western_blot,metadata_then_manual_file_selection,not_attempted
31,dataset:0da46f774ace37b2,dbGaP,phs000178,public_metadata_unresolved,0,1,immunofluorescence;pcr;western_blot,metadata_then_manual_file_selection,not_attempted
22,dataset:1fe566795190b63c,GEO,GSE147405,public_metadata_unresolved,0,2,omics;pcr,metadata_then_manual_file_selection,not_attempted
22,dataset:370d149ee3e3db28,GEO,GSE1648,public_metadata_unresolved,0,2,omics;pcr,metadata_then_manual_file_selection,not_attempted
22,dataset:5bce4bdcc17d5708,GEO,GSE167573,public_metadata_unresolved,0,2,omics;pcr,metadata_then_manual_file_selection,not_attempted
22,dataset:96bc4941c33a0e40,GEO,GSE45225,public_metadata_unresolved,0,2,omics;pcr,metadata_then_manual_file_selection,not_attempted
22,dataset:0a450214dee599bc,GEO,GSE66229,public_metadata_unresolved,0,2,omics;pcr,metadata_then_manual_file_selection,not_attempted
21,dataset:b81c4684fa5b9b6b,ArrayExpress,E-MTAB-15011,public_metadata_unresolved,0,1,omics;western_blot,metadata_then_manual_file_selection,not_attempted
21,dataset:bf695b2993c5dd7d,BioImageArchive,S-BIAD1426,public_metadata_unresolved,0,1,immunofluorescence;raw_imaging,metadata_then_manual_file_selection,not_attempted
21,dataset:aeaa3926d1b6ed11,BioImageArchive,S-BIAD161,public_metadata_unresolved,0,1,immunofluorescence;raw_imaging,metadata_then_manual_file_selection,not_attempted
21,dataset:6d287ad73adda1de,BioImageArchive,S-BIAD2905,public_metadata_unresolved,0,1,immunofluorescence;raw_imaging,metadata_then_manual_file_selection,not_attempted
21,dataset:01b2ab2574cec7ef,BioImageArchive,S-BIAD3187,public_metadata_unresolved,0,1,immunofluorescence;raw_imaging,metadata_then_manual_file_selection,not_attempted
21,dataset:06ebf8104aaa77de,BioProject,PRJNA1067154,public_metadata_unresolved,0,1,omics;sequencing,metadata_then_manual_file_selection,not_attempted
21,dataset:dc912e7fcbbc5702,BioProject,PRJNA1182924,public_metadata_unresolved,0,1,omics;sequencing,metadata_then_manual_file_selection,not_attempted
21,dataset:ab574dcc2e0fc593,BioProject,PRJNA1223692,public_metadata_unresolved,0,1,omics;sequencing,metadata_then_manual_file_selection,not_attempted
21,dataset:162391869e3cc740,BioProject,PRJNA1242298,public_metadata_unresolved,0,1,omics;sequencing,metadata_then_manual_file_selection,not_attempted
21,dataset:b9afc8b312d8ca65,BioProject,PRJNA1304000,public_metadata_unresolved,0,1,omics;sequencing,metadata_then_manual_file_selection,not_attempted
21,dataset:74f31672f3d85ff0,BioProject,PRJNA408230,public_metadata_unresolved,0,1,omics;sequencing,metadata_then_manual_file_selection,not_attempted
21,dataset:bfe6d804d7956e27,BioProject,PRJNA645844,public_metadata_unresolved,0,1,omics;sequencing,metadata_then_manual_file_selection,not_attempted
21,dataset:b6ef7977e827139f,BioProject,PRJNA673986,public_metadata_unresolved,0,1,omics;sequencing,metadata_then_manual_file_selection,not_attempted
21,dataset:0cde631e88bca780,BioSample,SAMN02420038,public_metadata_unresolved,0,1,omics;pcr,metadata_then_manual_file_selection,not_attempted
21,dataset:8379870dc02e0a20,Dryad,10.5061/dryad.612jm64j4,public_metadata_unresolved,0,1,pcr;western_blot,metadata_then_manual_file_selection,not_attempted
21,dataset:19876059fc563a30,Dryad,10.5061/dryad.6q573n6d4,public_metadata_unresolved,0,1,afm;pcr,metadata_then_manual_file_selection,not_attempted
21,dataset:bf1f42d83096f28b,Dryad,10.5061/dryad.6q573n6d4pmc1301660541879504,public_metadata_unresolved,0,1,afm;pcr,metadata_then_manual_file_selection,not_attempted
21,dataset:be6ccc529e13a1df,Dryad,10.5061/dryad.8d8v4,public_metadata_unresolved,0,1,afm;immunofluorescence,metadata_then_manual_file_selection,not_attempted
21,dataset:44744a225f634690,Dryad,10.5061/dryad.cfxpnvxn7,public_metadata_unresolved,0,1,flow_cytometry;immunofluorescence,metadata_then_manual_file_selection,not_attempted
21,dataset:3a6aee55439ee03e,Dryad,10.5061/dryad.g8143,public_metadata_unresolved,0,1,flow_cytometry;pcr,metadata_then_manual_file_selection,not_attempted
21,dataset:f03dd5d94c42a030,Dryad,10.5061/dryad.ht76hdr9z,public_metadata_unresolved,0,1,pcr;western_blot,metadata_then_manual_file_selection,not_attempted
21,dataset:15a0cdadbe218b00,Dryad,10.5061/dryad.xksn02vw6,public_metadata_unresolved,0,1,flow_cytometry;immunofluorescence,metadata_then_manual_file_selection,not_attempted
21,dataset:5fb366ec31cf0901,EMPIAR,EMPIAR-12056,public_metadata_unresolved,0,1,afm;raw_imaging,metadata_then_manual_file_selection,not_attempted
21,dataset:52223f061adc697a,EMPIAR,EMPIAR-12057,public_metadata_unresolved,0,1,afm;raw_imaging,metadata_then_manual_file_selection,not_attempted
21,dataset:46d0de1b70860312,EMPIAR,EMPIAR-12058,public_metadata_unresolved,0,1,afm;raw_imaging,metadata_then_manual_file_selection,not_attempted
21,dataset:f9bca00629293bbb,Figshare,10.6084/m9.figshare.10731869,public_metadata_unresolved,0,1,afm;traction_force_microscopy,metadata_then_manual_file_selection,not_attempted
21,dataset:1530c576ee8e9c3f,Figshare,10.6084/m9.figshare.10732415,public_metadata_unresolved,0,1,afm;traction_force_microscopy,metadata_then_manual_file_selection,not_attempted
21,dataset:2405fcd230f71044,Figshare,10.6084/m9.figshare.1285361,public_metadata_unresolved,0,1,pcr;western_blot,metadata_then_manual_file_selection,not_attempted
21,dataset:d24251e863b7b8b1,Figshare,10.6084/m9.figshare.16666864,public_metadata_unresolved,0,1,flow_cytometry;traction_force_microscopy,metadata_then_manual_file_selection,not_attempted
21,dataset:1e224b6283b62993,Figshare,10.6084/m9.figshare.16677373,public_metadata_unresolved,0,1,flow_cytometry;traction_force_microscopy,metadata_then_manual_file_selection,not_attempted
21,dataset:18196f7d706dcfc4,Figshare,10.6084/m9.figshare.29197922.v1,public_metadata_unresolved,0,1,immunofluorescence;western_blot,metadata_then_manual_file_selection,not_attempted
21,dataset:7127f768789211c3,Figshare,10.6084/m9.figshare.31177102,public_metadata_unresolved,0,1,pcr;western_blot,metadata_then_manual_file_selection,not_attempted
21,dataset:d71b3c4d3a45c9f0,Figshare,10.6084/m9.figshare.7170422,public_metadata_unresolved,0,1,immunofluorescence;pcr,metadata_then_manual_file_selection,not_attempted
21,dataset:f46c8b95dd2d0f05,Figshare,10.6084/m9.figshare.7898168,public_metadata_unresolved,0,1,pcr;western_blot,metadata_then_manual_file_selection,not_attempted
21,dataset:5db42f3060258bc1,GEO,GSE101693,public_metadata_unresolved,0,1,omics;pcr,metadata_then_manual_file_selection,not_attempted
21,dataset:d07b7ee5d0b7624d,GEO,GSE103668,public_metadata_unresolved,0,1,omics;pcr,metadata_then_manual_file_selection,not_attempted
21,dataset:5ff3801be14e868b,GEO,GSE105765,public_metadata_unresolved,0,1,omics;pcr,metadata_then_manual_file_selection,not_attempted
21,dataset:90a2fabab8d5a32d,GEO,GSE109857,public_metadata_unresolved,0,1,omics;pcr,metadata_then_manual_file_selection,not_attempted
21,dataset:b3cb4c2d1dab1c7a,GEO,GSE110357,public_metadata_unresolved,0,1,omics;pcr,metadata_then_manual_file_selection,not_attempted
21,dataset:476b5a2dd76d8e12,GEO,GSE110710,public_metadata_unresolved,0,1,omics;pcr,metadata_then_manual_file_selection,not_attempted
21,dataset:205f35056a36f677,GEO,GSE111464,public_metadata_unresolved,0,1,omics;pcr,metadata_then_manual_file_selection,not_attempted
21,dataset:e0ef28de39b4e3be,GEO,GSE111586,public_metadata_unresolved,0,1,omics;pcr,metadata_then_manual_file_selection,not_attempted
21,dataset:9be27eed5267e418,GEO,GSE113957,public_metadata_unresolved,0,1,omics;pcr,metadata_then_manual_file_selection,not_attempted
21,dataset:2039b81844330765,GEO,GSE1139575,public_metadata_unresolved,0,1,omics;pcr,metadata_then_manual_file_selection,not_attempted
21,dataset:371713b09c4c2023,GEO,GSE114397,public_metadata_unresolved,0,1,omics;pcr,metadata_then_manual_file_selection,not_attempted
21,dataset:53a255861de629f5,GEO,GSE116918,public_metadata_unresolved,0,1,omics;pcr,metadata_then_manual_file_selection,not_attempted
21,dataset:f64f11f6c6ddd085,GEO,GSE117870,public_metadata_unresolved,0,1,omics;pcr,metadata_then_manual_file_selection,not_attempted
21,dataset:698ef762b5ac51c2,GEO,GSE120575,public_metadata_unresolved,0,1,omics;pcr,metadata_then_manual_file_selection,not_attempted
21,dataset:bcea77083a69c78e,GEO,GSE121610,public_metadata_unresolved,0,1,omics;pcr,metadata_then_manual_file_selection,not_attempted
21,dataset:b423c7c0b12fabf1,GEO,GSE125312,public_metadata_unresolved,0,1,omics;pcr,metadata_then_manual_file_selection,not_attempted
21,dataset:3e59dc763b0eab7d,GEO,GSE126724,public_metadata_unresolved,0,1,omics;pcr,metadata_then_manual_file_selection,not_attempted
21,dataset:c932b239253704a0,GEO,GSE131685,public_metadata_unresolved,0,1,omics;pcr,metadata_then_manual_file_selection,not_attempted
21,dataset:966f6d537edec6d8,GEO,GSE13276,public_metadata_unresolved,0,1,omics;pcr,metadata_then_manual_file_selection,not_attempted
21,dataset:a94e0db972b5f903,GEO,GSE138852,public_metadata_unresolved,0,1,omics;pcr,metadata_then_manual_file_selection,not_attempted
21,dataset:9f094d93559f61a8,GEO,GSE144240,public_metadata_unresolved,0,1,omics;pcr,metadata_then_manual_file_selection,not_attempted
21,dataset:7ed1486d002448a7,GEO,GSE145645,public_metadata_unresolved,0,1,omics;pcr,metadata_then_manual_file_selection,not_attempted
21,dataset:60b5b72d390d10ec,GEO,GSE14805,public_metadata_unresolved,0,1,omics;pcr,metadata_then_manual_file_selection,not_attempted
21,dataset:ebe1abfc0ac4f574,GEO,GSE153164,public_metadata_unresolved,0,1,omics;pcr,metadata_then_manual_file_selection,not_attempted
21,dataset:1038edd92fba3e7c,GEO,GSE15459,public_metadata_unresolved,0,1,omics;pcr,metadata_then_manual_file_selection,not_attempted
21,dataset:b6531e9a54c3dfa0,GEO,GSE15653,public_metadata_unresolved,0,1,omics;pcr,metadata_then_manual_file_selection,not_attempted
21,dataset:ce3a95f7faea2298,GEO,GSE156632,public_metadata_unresolved,0,1,omics;pcr,metadata_then_manual_file_selection,not_attempted
21,dataset:ad95580da40438dc,GEO,GSE157156,public_metadata_unresolved,0,1,omics;pcr,metadata_then_manual_file_selection,not_attempted
21,dataset:e9d9e4325a8f7fac,GEO,GSE159115,public_metadata_unresolved,0,1,omics;pcr,metadata_then_manual_file_selection,not_attempted
21,dataset:d8cbce48181fae26,GEO,GSE160269,public_metadata_unresolved,0,1,omics;pcr,metadata_then_manual_file_selection,not_attempted
21,dataset:f1803acf057025ef,GEO,GSE163882,public_metadata_unresolved,0,1,omics;pcr,metadata_then_manual_file_selection,not_attempted
21,dataset:2b381be85582c9e0,GEO,GSE16560,public_metadata_unresolved,0,1,omics;pcr,metadata_then_manual_file_selection,not_attempted
21,dataset:145f132cf6aa72d2,GEO,GSE166635,public_metadata_unresolved,0,1,omics;pcr,metadata_then_manual_file_selection,not_attempted
21,dataset:b75cb120a27846f0,GEO,GSE168664,public_metadata_unresolved,0,1,omics;pcr,metadata_then_manual_file_selection,not_attempted
21,dataset:41f7ff75cc5deb46,GEO,GSE175540,public_metadata_unresolved,0,1,omics;pcr,metadata_then_manual_file_selection,not_attempted
21,dataset:e80f7b976262e470,GEO,GSE175652,public_metadata_unresolved,0,1,omics;pcr,metadata_then_manual_file_selection,not_attempted
21,dataset:b6c3f89acd933c88,GEO,GSE183285,public_metadata_unresolved,0,1,omics;pcr,metadata_then_manual_file_selection,not_attempted
21,dataset:c97d5fe295641583,GEO,GSE184409,public_metadata_unresolved,0,1,omics;pcr,metadata_then_manual_file_selection,not_attempted
21,dataset:473dd8c89ab84cd9,GEO,GSE184643,public_metadata_unresolved,0,1,omics;pcr,metadata_then_manual_file_selection,not_attempted
21,dataset:1c49a72fb4363136,GEO,GSE198896,public_metadata_unresolved,0,1,omics;pcr,metadata_then_manual_file_selection,not_attempted
21,dataset:46a30b21d63a9e61,GEO,GSE200295,public_metadata_unresolved,0,1,omics;pcr,metadata_then_manual_file_selection,not_attempted
21,dataset:4db4102146780443,GEO,GSE202813,public_metadata_unresolved,0,1,omics;pcr,metadata_then_manual_file_selection,not_attempted
21,dataset:345750e218a97035,GEO,GSE203612,public_metadata_unresolved,0,1,omics;pcr,metadata_then_manual_file_selection,not_attempted
21,dataset:3fa929de1058fa32,GEO,GSE204684,public_metadata_unresolved,0,1,omics;pcr,metadata_then_manual_file_selection,not_attempted
21,dataset:e8c06fb201b51f2d,GEO,GSE204759,public_metadata_unresolved,0,1,omics;pcr,metadata_then_manual_file_selection,not_attempted
21,dataset:f8bbc379c1302de6,GEO,GSE207817,public_metadata_unresolved,0,1,omics;pcr,metadata_then_manual_file_selection,not_attempted
21,dataset:71d9584d8ed77f57,GEO,GSE210616,public_metadata_unresolved,0,1,omics;pcr,metadata_then_manual_file_selection,not_attempted
21,dataset:a73c5099c76495f3,GEO,GSE211956,public_metadata_unresolved,0,1,omics;pcr,metadata_then_manual_file_selection,not_attempted
21,dataset:fa793b7f21cdc206,GEO,GSE212341,public_metadata_unresolved,0,1,omics;pcr,metadata_then_manual_file_selection,not_attempted
21,dataset:597e5601939c8594,GEO,GSE21257,public_metadata_unresolved,0,1,omics;pcr,metadata_then_manual_file_selection,not_attempted
21,dataset:892a26091e2e0ec1,GEO,GSE213699,public_metadata_unresolved,0,1,omics;pcr,metadata_then_manual_file_selection,not_attempted
21,dataset:7b27d13beea45c56,GEO,GSE213753,public_metadata_unresolved,0,1,omics;pcr,metadata_then_manual_file_selection,not_attempted
21,dataset:d219d6b941cab14d,GEO,GSE220095,public_metadata_unresolved,0,1,omics;pcr,metadata_then_manual_file_selection,not_attempted
21,dataset:8dc79398702f9799,GEO,GSE222396,public_metadata_unresolved,0,1,omics;pcr,metadata_then_manual_file_selection,not_attempted
21,dataset:d966d51b4276e123,GEO,GSE227043,public_metadata_unresolved,0,1,omics;pcr,metadata_then_manual_file_selection,not_attempted
21,dataset:81889a04ef2ccffb,GEO,GSE23343,public_metadata_unresolved,0,1,omics;pcr,metadata_then_manual_file_selection,not_attempted
21,dataset:634f0ee36eb97e6f,GEO,GSE246011,public_metadata_unresolved,0,1,omics;pcr,metadata_then_manual_file_selection,not_attempted
21,dataset:d8b7266ee3f97bab,GEO,GSE24807,public_metadata_unresolved,0,1,omics;pcr,metadata_then_manual_file_selection,not_attempted
21,dataset:a74dda1a4e0bf2a5,GEO,GSE250346,public_metadata_unresolved,0,1,omics;pcr,metadata_then_manual_file_selection,not_attempted
21,dataset:d52adbd6b0ec85e7,GEO,GSE281148,public_metadata_unresolved,0,1,omics;pcr,metadata_then_manual_file_selection,not_attempted
21,dataset:d6628cab6a2c8906,GEO,GSE281835,public_metadata_unresolved,0,1,omics;pcr,metadata_then_manual_file_selection,not_attempted
21,dataset:bb5e3e4207f8d878,GEO,GSE282701,public_metadata_unresolved,0,1,omics;pcr,metadata_then_manual_file_selection,not_attempted
21,dataset:2d3a13bbe83e2414,GEO,GSE283534,public_metadata_unresolved,0,1,omics;pcr,metadata_then_manual_file_selection,not_attempted
21,dataset:db65abab7a6f470e,GEO,GSE284140,public_metadata_unresolved,0,1,omics;pcr,metadata_then_manual_file_selection,not_attempted
21,dataset:d2656327a512bf43,GEO,GSE299310,public_metadata_unresolved,0,1,omics;pcr,metadata_then_manual_file_selection,not_attempted
21,dataset:f73e78946dc0cbe4,GEO,GSE300230,public_metadata_unresolved,0,1,omics;pcr,metadata_then_manual_file_selection,not_attempted
21,dataset:e81d43f395a8fbf6,GEO,GSE300231,public_metadata_unresolved,0,1,omics;pcr,metadata_then_manual_file_selection,not_attempted
21,dataset:028e31a589f7b7d0,GEO,GSE30929,public_metadata_unresolved,0,1,omics;pcr,metadata_then_manual_file_selection,not_attempted
21,dataset:dccd2cf680608e64,GEO,GSE31576,public_metadata_unresolved,0,1,omics;pcr,metadata_then_manual_file_selection,not_attempted
21,dataset:f963b805ac1e5dd4,GEO,GSE319722,public_metadata_unresolved,0,1,omics;pcr,metadata_then_manual_file_selection,not_attempted
21,dataset:6465f03257caf39b,GEO,GSE325402,public_metadata_unresolved,0,1,omics;pcr,metadata_then_manual_file_selection,not_attempted
21,dataset:0b034bff8d53fd8d,GEO,GSE32863,public_metadata_unresolved,0,1,omics;pcr,metadata_then_manual_file_selection,not_attempted
21,dataset:2775f52dbe872327,GEO,GSE37831,public_metadata_unresolved,0,1,omics;pcr,metadata_then_manual_file_selection,not_attempted
21,dataset:075ca1df7f1f2b89,GEO,GSE39055,public_metadata_unresolved,0,1,omics;pcr,metadata_then_manual_file_selection,not_attempted
21,dataset:db5d837a8d3667ab,GEO,GSE40435,public_metadata_unresolved,0,1,omics;pcr,metadata_then_manual_file_selection,not_attempted
21,dataset:17f3b21ec3ad03d8,GEO,GSE4107,public_metadata_unresolved,0,1,omics;pcr,metadata_then_manual_file_selection,not_attempted
21,dataset:e079da7ab9bffac9,GEO,GSE4183,public_metadata_unresolved,0,1,omics;pcr,metadata_then_manual_file_selection,not_attempted
21,dataset:75e5bdf206002579,GEO,GSE4412,public_metadata_unresolved,0,1,omics;pcr,metadata_then_manual_file_selection,not_attempted
21,dataset:5dd396ee99c68329,GEO,GSE44846,public_metadata_unresolved,0,1,omics;pcr,metadata_then_manual_file_selection,not_attempted
21,dataset:e8420ed5f240f13c,GEO,GSE46602,public_metadata_unresolved,0,1,omics;pcr,metadata_then_manual_file_selection,not_attempted
21,dataset:cd5abb8d4e87631c,GEO,GSE52286,public_metadata_unresolved,0,1,omics;pcr,metadata_then_manual_file_selection,not_attempted
21,dataset:a41d0c08739b27ad,GEO,GSE62116,public_metadata_unresolved,0,1,omics;pcr,metadata_then_manual_file_selection,not_attempted
21,dataset:00073a87c89156dc,GEO,GSE63459,public_metadata_unresolved,0,1,omics;pcr,metadata_then_manual_file_selection,not_attempted
21,dataset:2cb597193afce255,GEO,GSE6364,public_metadata_unresolved,0,1,omics;pcr,metadata_then_manual_file_selection,not_attempted
21,dataset:2ae1d5c63541454e,GEO,GSE71729,public_metadata_unresolved,0,1,omics;pcr,metadata_then_manual_file_selection,not_attempted
21,dataset:c8613df775c6982f,GEO,GSE71982,public_metadata_unresolved,0,1,omics;pcr,metadata_then_manual_file_selection,not_attempted
21,dataset:0e86ae1a1b2a9e0c,GEO,GSE74391,public_metadata_unresolved,0,1,omics;pcr,metadata_then_manual_file_selection,not_attempted
21,dataset:ca75e1c6402ea86d,GEO,GSE75037,public_metadata_unresolved,0,1,omics;pcr,metadata_then_manual_file_selection,not_attempted
21,dataset:2267ad2b12564266,GEO,GSE85330,public_metadata_unresolved,0,1,omics;pcr,metadata_then_manual_file_selection,not_attempted
21,dataset:a6df1ebdccab7a81,MendeleyData,10.17632/6bpkb4p74j.1,public_metadata_unresolved,0,1,afm;pcr,metadata_then_manual_file_selection,not_attempted
21,dataset:c87e2624318dd296,MendeleyData,10.17632/mgkbmytx63.1,public_metadata_unresolved,0,1,immunofluorescence;western_blot,metadata_then_manual_file_selection,not_attempted
21,dataset:8dfbc7f6c26ff58b,MendeleyData,10.17632/mgkbmytx63.1acryl6mmsvg,public_metadata_unresolved,0,1,immunofluorescence;western_blot,metadata_then_manual_file_selection,not_attempted
21,dataset:19d25e0d27a6c807,MendeleyData,10.17632/mgkbmytx63.1arduino,public_metadata_unresolved,0,1,immunofluorescence;western_blot,metadata_then_manual_file_selection,not_attempted
21,dataset:e104d2d64308a335,MendeleyData,10.17632/mgkbmytx63.1clampstlcc,public_metadata_unresolved,0,1,immunofluorescence;western_blot,metadata_then_manual_file_selection,not_attempted
21,dataset:8bc80a930e1a4627,MendeleyData,10.17632/mgkbmytx63.1moldframestlcc,public_metadata_unresolved,0,1,immunofluorescence;western_blot,metadata_then_manual_file_selection,not_attempted
21,dataset:863c987681844e34,MendeleyData,10.17632/mgkbmytx63.1raspberry,public_metadata_unresolved,0,1,immunofluorescence;western_blot,metadata_then_manual_file_selection,not_attempted
21,dataset:dc049d09ebff6e75,MendeleyData,10.17632/mgkbmytx63.1skynet,public_metadata_unresolved,0,1,immunofluorescence;western_blot,metadata_then_manual_file_selection,not_attempted
21,dataset:2d7628964e7cf9b9,MendeleyData,10.17632/mgkbmytx63.1stretcherzipcc,public_metadata_unresolved,0,1,immunofluorescence;western_blot,metadata_then_manual_file_selection,not_attempted
21,dataset:8e93d80c4dceb7d2,MendeleyData,10.17632/ycb9n7gv8f.1,public_metadata_unresolved,0,1,immunofluorescence;western_blot,metadata_then_manual_file_selection,not_attempted
21,dataset:e00521b7af3903d6,MendeleyData,10.17632/z8km7746tp.2,public_metadata_unresolved,0,1,pcr;western_blot,metadata_then_manual_file_selection,not_attempted
21,dataset:9e46b14b97e56781,MetaboLights,MTBLS8484,public_metadata_unresolved,0,1,immunofluorescence;pcr,metadata_then_manual_file_selection,not_attempted
21,dataset:ad812bcd7e7f7e3c,OSF,osf:785vp,public_metadata_unresolved,0,1,flow_cytometry;traction_force_microscopy,metadata_then_manual_file_selection,not_attempted
21,dataset:32e30a9d931d6c27,OSF,osf:ckyu6,public_metadata_unresolved,0,1,flow_cytometry;immunofluorescence,metadata_then_manual_file_selection,not_attempted
21,dataset:e15406999d30b39a,OSF,osf:prepri,public_metadata_unresolved,0,1,immunofluorescence;western_blot,metadata_then_manual_file_selection,not_attempted
21,dataset:7dabcf4358ec17ae,PRIDE,PXD002391,public_metadata_unresolved,0,1,proteomics;western_blot,metadata_then_manual_file_selection,not_attempted
21,dataset:7df3fc23f4468b1f,PRIDE,PXD015919,public_metadata_unresolved,0,1,proteomics;western_blot,metadata_then_manual_file_selection,not_attempted
21,dataset:3fd7f019e7cc8f3c,PRIDE,PXD015920,public_metadata_unresolved,0,1,proteomics;western_blot,metadata_then_manual_file_selection,not_attempted
21,dataset:09edce70f412e559,PRIDE,PXD026924,public_metadata_unresolved,0,1,proteomics;western_blot,metadata_then_manual_file_selection,not_attempted
21,dataset:1c24c2f19a0a5483,PRIDE,PXD032906,public_metadata_unresolved,0,1,proteomics;western_blot,metadata_then_manual_file_selection,not_attempted
21,dataset:0ad226d45b58c361,PRIDE,PXD043323,public_metadata_unresolved,0,1,proteomics;western_blot,metadata_then_manual_file_selection,not_attempted
21,dataset:1b8d05ab016e18db,PRIDE,PXD055523,public_metadata_unresolved,0,1,proteomics;western_blot,metadata_then_manual_file_selection,not_attempted
21,dataset:46ca7d0ec56fe1f8,PRIDE,PXD059316,public_metadata_unresolved,0,1,proteomics;western_blot,metadata_then_manual_file_selection,not_attempted
21,dataset:676d76282c062fb3,PRIDE,PXD063198,public_metadata_unresolved,0,1,proteomics;western_blot,metadata_then_manual_file_selection,not_attempted
21,dataset:20228299a4a8405d,PRIDE,PXD067112,public_metadata_unresolved,0,1,proteomics;western_blot,metadata_then_manual_file_selection,not_attempted
21,dataset:58c3db87e3b82593,PRIDE,PXD070528,public_metadata_unresolved,0,1,proteomics;western_blot,metadata_then_manual_file_selection,not_attempted
21,dataset:5fe24180ac2606db,PRIDE,PXD071466,public_metadata_unresolved,0,1,proteomics;western_blot,metadata_then_manual_file_selection,not_attempted
21,dataset:19c4aa3c67005494,PRIDE,PXD071589,public_metadata_unresolved,0,1,proteomics;western_blot,metadata_then_manual_file_selection,not_attempted
21,dataset:fc37345d24f3523e,PRIDE,PXD071667,public_metadata_unresolved,0,1,proteomics;western_blot,metadata_then_manual_file_selection,not_attempted
21,dataset:79c7733ab2d7a9c6,SRA,SRP253729,public_metadata_unresolved,0,1,omics;sequencing,metadata_then_manual_file_selection,not_attempted
21,dataset:e9371556061fcd7c,SRA,SRP3171,public_metadata_unresolved,0,1,omics;sequencing,metadata_then_manual_file_selection,not_attempted
21,dataset:4eae1228e365337a,Zenodo,10.5281/zenodo.10988529,public_metadata_unresolved,0,1,afm;piv,metadata_then_manual_file_selection,not_attempted
21,dataset:e89b6bf4e437c626,Zenodo,10.5281/zenodo.1209827,public_metadata_unresolved,0,1,afm;flow_cytometry,metadata_then_manual_file_selection,not_attempted
21,dataset:894d02f83fd1110a,Zenodo,10.5281/zenodo.12742961,public_metadata_unresolved,0,1,afm;immunofluorescence,metadata_then_manual_file_selection,not_attempted
21,dataset:41696ce68bdeeb05,Zenodo,10.5281/zenodo.1400710,public_metadata_unresolved,0,1,immunofluorescence;western_blot,metadata_then_manual_file_selection,not_attempted
21,dataset:835b471a87cf182c,Zenodo,10.5281/zenodo.14245709,public_metadata_unresolved,0,1,flow_cytometry;immunofluorescence,metadata_then_manual_file_selection,not_attempted
21,dataset:3b1b4ddf921c450c,Zenodo,10.5281/zenodo.14284038,public_metadata_unresolved,0,1,flow_cytometry;immunofluorescence,metadata_then_manual_file_selection,not_attempted
21,dataset:33e5e6b0ce84b88c,Zenodo,10.5281/zenodo.14512358,public_metadata_unresolved,0,1,afm;western_blot,metadata_then_manual_file_selection,not_attempted
21,dataset:e44622e3258bead8,Zenodo,10.5281/zenodo.14527725,public_metadata_unresolved,0,1,afm;immunofluorescence,metadata_then_manual_file_selection,not_attempted
21,dataset:35a4976c845153f1,Zenodo,10.5281/zenodo.15080547,public_metadata_unresolved,0,1,immunofluorescence;western_blot,metadata_then_manual_file_selection,not_attempted
21,dataset:f4609593f56745cf,Zenodo,10.5281/zenodo.15151294,public_metadata_unresolved,0,1,immunofluorescence;western_blot,metadata_then_manual_file_selection,not_attempted
21,dataset:d7afccf89b65766c,Zenodo,10.5281/zenodo.15356266,public_metadata_unresolved,0,1,afm;immunofluorescence,metadata_then_manual_file_selection,not_attempted
21,dataset:48c0c5522801b161,Zenodo,10.5281/zenodo.15361418,public_metadata_unresolved,0,1,flow_cytometry;western_blot,metadata_then_manual_file_selection,not_attempted
21,dataset:4c29eda64c85b037,Zenodo,10.5281/zenodo.15619314,public_metadata_unresolved,0,1,immunofluorescence;pcr,metadata_then_manual_file_selection,not_attempted
21,dataset:ad5dcc1243be1189,Zenodo,10.5281/zenodo.15632578,public_metadata_unresolved,0,1,afm;immunofluorescence,metadata_then_manual_file_selection,not_attempted
21,dataset:dbc820e1ce3ab9f3,Zenodo,10.5281/zenodo.15708471,public_metadata_unresolved,0,1,immunofluorescence;pcr,metadata_then_manual_file_selection,not_attempted
21,dataset:a8418873d3b5c801,Zenodo,10.5281/zenodo.16910231,public_metadata_unresolved,0,1,afm;immunofluorescence,metadata_then_manual_file_selection,not_attempted
21,dataset:416d1a00bbbee60c,Zenodo,10.5281/zenodo.17152358,public_metadata_unresolved,0,1,afm;immunofluorescence,metadata_then_manual_file_selection,not_attempted
21,dataset:2108a8052453759f,Zenodo,10.5281/zenodo.17154037,public_metadata_unresolved,0,1,afm;immunofluorescence,metadata_then_manual_file_selection,not_attempted
21,dataset:a51e9285fc77929d,Zenodo,10.5281/zenodo.17154451,public_metadata_unresolved,0,1,afm;immunofluorescence,metadata_then_manual_file_selection,not_attempted
21,dataset:43bb95d7554bca06,Zenodo,10.5281/zenodo.17154457,public_metadata_unresolved,0,1,afm;immunofluorescence,metadata_then_manual_file_selection,not_attempted
21,dataset:97dabd5a7a864a3b,Zenodo,10.5281/zenodo.17154501,public_metadata_unresolved,0,1,afm;immunofluorescence,metadata_then_manual_file_selection,not_attempted
21,dataset:59ac80c8253e5de3,Zenodo,10.5281/zenodo.17157938,public_metadata_unresolved,0,1,afm;immunofluorescence,metadata_then_manual_file_selection,not_attempted
21,dataset:0cf77a3363543418,Zenodo,10.5281/zenodo.17393602,public_metadata_unresolved,0,1,flow_cytometry;western_blot,metadata_then_manual_file_selection,not_attempted
21,dataset:4040c59dd3c92930,Zenodo,10.5281/zenodo.17496244,public_metadata_unresolved,0,1,immunofluorescence;western_blot,metadata_then_manual_file_selection,not_attempted
21,dataset:4025b39ff62bc9a9,Zenodo,10.5281/zenodo.17522320,public_metadata_unresolved,0,1,flow_cytometry;pcr,metadata_then_manual_file_selection,not_attempted
21,dataset:73e8cd9b0b970373,Zenodo,10.5281/zenodo.17540731,public_metadata_unresolved,0,1,flow_cytometry;pcr,metadata_then_manual_file_selection,not_attempted
21,dataset:533672cf113a383a,Zenodo,10.5281/zenodo.17541002,public_metadata_unresolved,0,1,flow_cytometry;pcr,metadata_then_manual_file_selection,not_attempted
21,dataset:57df6f3c19511cc7,Zenodo,10.5281/zenodo.17541055,public_metadata_unresolved,0,1,flow_cytometry;pcr,metadata_then_manual_file_selection,not_attempted
21,dataset:8226cc0e5f514aa5,Zenodo,10.5281/zenodo.1754155,public_metadata_unresolved,0,1,flow_cytometry;pcr,metadata_then_manual_file_selection,not_attempted
21,dataset:4b6a5d959aa386f1,Zenodo,10.5281/zenodo.17595148,public_metadata_unresolved,0,1,flow_cytometry;immunofluorescence,metadata_then_manual_file_selection,not_attempted
21,dataset:856311b4b7b1cfba,Zenodo,10.5281/zenodo.17595183,public_metadata_unresolved,0,1,flow_cytometry;immunofluorescence,metadata_then_manual_file_selection,not_attempted
21,dataset:7c2c770dfa66f5b6,Zenodo,10.5281/zenodo.17625937,public_metadata_unresolved,0,1,flow_cytometry;pcr,metadata_then_manual_file_selection,not_attempted
21,dataset:1602cbd071391046,Zenodo,10.5281/zenodo.17644763,public_metadata_unresolved,0,1,flow_cytometry;pcr,metadata_then_manual_file_selection,not_attempted
21,dataset:f7ed868dff23ac7e,Zenodo,10.5281/zenodo.17871734,public_metadata_unresolved,0,1,flow_cytometry;immunofluorescence,metadata_then_manual_file_selection,not_attempted
21,dataset:536cd85072e8fd03,Zenodo,10.5281/zenodo.18147079,public_metadata_unresolved,0,1,immunofluorescence;pcr,metadata_then_manual_file_selection,not_attempted
21,dataset:9a34d5c521715c31,Zenodo,10.5281/zenodo.18390989,public_metadata_unresolved,0,1,piv;traction_force_microscopy,metadata_then_manual_file_selection,not_attempted
21,dataset:2d5734491b66485b,Zenodo,10.5281/zenodo.18888268,public_metadata_unresolved,0,1,immunofluorescence;western_blot,metadata_then_manual_file_selection,not_attempted
21,dataset:7d3d367c4f14bacb,Zenodo,10.5281/zenodo.3758540,public_metadata_unresolved,0,1,flow_cytometry;pcr,metadata_then_manual_file_selection,not_attempted
21,dataset:24eae6e9f13d76fb,Zenodo,10.5281/zenodo.4047040,public_metadata_unresolved,0,1,piv;traction_force_microscopy,metadata_then_manual_file_selection,not_attempted
21,dataset:d77c31750c2b3263,Zenodo,10.5281/zenodo.4590475,public_metadata_unresolved,0,1,flow_cytometry;immunofluorescence,metadata_then_manual_file_selection,not_attempted
21,dataset:115508e1b927fef0,Zenodo,10.5281/zenodo.4739739,public_metadata_unresolved,0,1,pcr;western_blot,metadata_then_manual_file_selection,not_attempted
21,dataset:40d7327bc1b1379d,Zenodo,10.5281/zenodo.4977916,public_metadata_unresolved,0,1,afm;western_blot,metadata_then_manual_file_selection,not_attempted
21,dataset:2b1f933207281f3a,Zenodo,10.5281/zenodo.5082933,public_metadata_unresolved,0,1,immunofluorescence;traction_force_microscopy,metadata_then_manual_file_selection,not_attempted
21,dataset:04ccdeffd5101768,Zenodo,10.5281/zenodo.7314197,public_metadata_unresolved,0,1,immunofluorescence;pcr,metadata_then_manual_file_selection,not_attempted
21,dataset:997b89175f0a9545,Zenodo,10.5281/zenodo.7432971,public_metadata_unresolved,0,1,afm;traction_force_microscopy,metadata_then_manual_file_selection,not_attempted
21,dataset:a75e5876b9a59d1a,Zenodo,10.5281/zenodo.7884859,public_metadata_unresolved,0,1,immunofluorescence;pcr,metadata_then_manual_file_selection,not_attempted
21,dataset:ae7c6c2015f837c8,dbGaP,phs000924,public_metadata_unresolved,0,1,flow_cytometry;immunofluorescence,metadata_then_manual_file_selection,not_attempted
21,dataset:8af89cab0772b260,dbGaP,phs001325,public_metadata_unresolved,0,1,flow_cytometry;immunofluorescence,metadata_then_manual_file_selection,not_attempted
21,dataset:e09bd20997a6ab61,dbGaP,phs003369.v3.p1,public_metadata_unresolved,0,1,afm;immunofluorescence,metadata_then_manual_file_selection,not_attempted
12,dataset:b50616f4b78b1b5c,Zenodo,10.5281/zenodo.14982928,public_metadata_unresolved,0,2,immunofluorescence,metadata_then_manual_file_selection,not_attempted
12,dataset:246e3d8cc1264b56,Zenodo,10.5281/zenodo.15119993,public_metadata_unresolved,0,2,immunofluorescence,metadata_then_manual_file_selection,not_attempted
11,dataset:324a5380f5843557,ArrayExpress,E-MEXP-1921,public_metadata_unresolved,0,1,omics,metadata_then_manual_file_selection,not_attempted
11,dataset:7ddf3312540a0c47,ArrayExpress,E-MTAB-1980,public_metadata_unresolved,0,1,omics,metadata_then_manual_file_selection,not_attempted
11,dataset:7a12ef0bcd6d9e31,ArrayExpress,E-MTAB-9357,public_metadata_unresolved,0,1,omics,metadata_then_manual_file_selection,not_attempted
11,dataset:4de1bc87adf06355,BioSample,SAMD4,public_metadata_unresolved,0,1,omics,metadata_then_manual_file_selection,not_attempted
11,dataset:fa919da4eff25c32,BioSample,SAMN06246254,public_metadata_unresolved,0,1,omics,metadata_then_manual_file_selection,not_attempted
11,dataset:293136b02b8667fc,BioSample,SAMN06246566,public_metadata_unresolved,0,1,omics,metadata_then_manual_file_selection,not_attempted
11,dataset:464051d3d9835197,Dataverse,10.7910/dvn/4lcitp,public_metadata_unresolved,0,1,western_blot,metadata_then_manual_file_selection,not_attempted
11,dataset:c15ff095f59a1bab,Dataverse,10.7910/dvn/kwi737,public_metadata_unresolved,0,1,flow_cytometry,metadata_then_manual_file_selection,not_attempted
11,dataset:fa911b6d08622155,Dataverse,10.7910/dvn/lgl8ps,public_metadata_unresolved,0,1,immunofluorescence,metadata_then_manual_file_selection,not_attempted
11,dataset:000122146e25fced,Dryad,10.5061/dryad.7g8cn,public_metadata_unresolved,0,1,afm,metadata_then_manual_file_selection,not_attempted
11,dataset:bf85408256eda6c3,Dryad,10.5061/dryad.c59zw3rn1,public_metadata_unresolved,0,1,immunofluorescence,metadata_then_manual_file_selection,not_attempted
11,dataset:8d11b90f397e3a33,Dryad,10.5061/dryad.dfn2z35fm,public_metadata_unresolved,0,1,immunofluorescence,metadata_then_manual_file_selection,not_attempted
11,dataset:528b2f682080726e,Dryad,10.5061/dryad.djh9w0wbg,public_metadata_unresolved,0,1,pcr,metadata_then_manual_file_selection,not_attempted
11,dataset:c21207ad3c6f2434,Dryad,10.5061/dryad.mpg4f4rg9,public_metadata_unresolved,0,1,afm,metadata_then_manual_file_selection,not_attempted
11,dataset:55f920b76f8a028f,Dryad,10.5061/dryad.ns1rn8ppd,public_metadata_unresolved,0,1,afm,metadata_then_manual_file_selection,not_attempted
11,dataset:18bcc36a9ae5653d,Dryad,10.5061/dryad.pd33j50,public_metadata_unresolved,0,1,piv,metadata_then_manual_file_selection,not_attempted
11,dataset:f086807a294e6c97,Dryad,10.5061/dryad.v41ns1s60,public_metadata_unresolved,0,1,afm,metadata_then_manual_file_selection,not_attempted
11,dataset:0cd772bd28a0ba4e,EMPIAR,EMPIAR-12292,public_metadata_unresolved,0,1,raw_imaging,metadata_then_manual_file_selection,not_attempted
11,dataset:3d1caa57ea50be8c,Figshare,10.6084/m9.figshare.25576950,public_metadata_unresolved,0,1,western_blot,metadata_then_manual_file_selection,not_attempted
11,dataset:1a302844327e01c0,Figshare,10.6084/m9.figshare.26004184,public_metadata_unresolved,0,1,piv,metadata_then_manual_file_selection,not_attempted
11,dataset:d3d40ddcbda49203,Figshare,10.6084/m9.figshare.26139370.v1,public_metadata_unresolved,0,1,afm,metadata_then_manual_file_selection,not_attempted
11,dataset:bdbd6e078dba5f03,Figshare,10.6084/m9.figshare.28570940,public_metadata_unresolved,0,1,pcr,metadata_then_manual_file_selection,not_attempted
11,dataset:a5e509fba6ef9ed7,Figshare,10.6084/m9.figshare.28774310.v1,public_metadata_unresolved,0,1,traction_force_microscopy,metadata_then_manual_file_selection,not_attempted
11,dataset:34ff3dd4c87e07a7,Figshare,10.6084/m9.figshare.28807298.v2,public_metadata_unresolved,0,1,immunofluorescence,metadata_then_manual_file_selection,not_attempted
11,dataset:8b0e4b7449909600,Figshare,10.6084/m9.figshare.28836638.v1,public_metadata_unresolved,0,1,immunofluorescence,metadata_then_manual_file_selection,not_attempted
11,dataset:7a0c73855b780628,Figshare,10.6084/m9.figshare.28836713.v1,public_metadata_unresolved,0,1,immunofluorescence,metadata_then_manual_file_selection,not_attempted
11,dataset:90dd5926c95cebe3,Figshare,10.6084/m9.figshare.28916828,public_metadata_unresolved,0,1,afm,metadata_then_manual_file_selection,not_attempted
11,dataset:ef7eb7d968a63d11,Figshare,10.6084/m9.figshare.29064530,public_metadata_unresolved,0,1,afm,metadata_then_manual_file_selection,not_attempted
11,dataset:100ed45a8307b17d,Figshare,10.6084/m9.figshare.30030433,public_metadata_unresolved,0,1,immunofluorescence,metadata_then_manual_file_selection,not_attempted
11,dataset:9e8543a019382453,Figshare,10.6084/m9.figshare.30174265,public_metadata_unresolved,0,1,piv,metadata_then_manual_file_selection,not_attempted
11,dataset:5adbb5fc307a1a55,Figshare,10.6084/m9.figshare.30763754,public_metadata_unresolved,0,1,immunofluorescence,metadata_then_manual_file_selection,not_attempted
11,dataset:3602a40f09cbd2cd,Figshare,10.6084/m9.figshare.30944873,public_metadata_unresolved,0,1,afm,metadata_then_manual_file_selection,not_attempted
11,dataset:7db6f7df0b00a5c4,Figshare,10.6084/m9.figshare.31046287,public_metadata_unresolved,0,1,afm,metadata_then_manual_file_selection,not_attempted
11,dataset:42b08b4f4826c82b,Figshare,10.6084/m9.figshare.3997071,public_metadata_unresolved,0,1,flow_cytometry,metadata_then_manual_file_selection,not_attempted
11,dataset:f2931f6f4a99e78c,Figshare,10.6084/m9.figshare.5279956.v1,public_metadata_unresolved,0,1,traction_force_microscopy,metadata_then_manual_file_selection,not_attempted
11,dataset:0bf938e09345f05b,Figshare,10.6084/m9.figshare.8787119.v1,public_metadata_unresolved,0,1,traction_force_microscopy,metadata_then_manual_file_selection,not_attempted
11,dataset:388b0f4bb77436da,MendeleyData,10.17632/4t5g63m65h.1,public_metadata_unresolved,0,1,pcr,metadata_then_manual_file_selection,not_attempted
11,dataset:bb3e03582d017c78,MendeleyData,10.17632/4t5g63m65h.1raw,public_metadata_unresolved,0,1,pcr,metadata_then_manual_file_selection,not_attempted
11,dataset:f2fab4d32517f5ad,MendeleyData,10.17632/d4ytd5n98f.1experimental,public_metadata_unresolved,0,1,piv,metadata_then_manual_file_selection,not_attempted
11,dataset:3c13bd623d7d13ca,MendeleyData,10.17632/j2hmt7k9fh.1,public_metadata_unresolved,0,1,flow_cytometry,metadata_then_manual_file_selection,not_attempted
11,dataset:305bf8964b4d8230,MendeleyData,10.17632/mrrxsgfrh2.1,public_metadata_unresolved,0,1,western_blot,metadata_then_manual_file_selection,not_attempted
11,dataset:60d75e3443741312,MetaboLights,MTBLS12650,public_metadata_unresolved,0,1,pcr,metadata_then_manual_file_selection,not_attempted
11,dataset:343a757fb92c47c7,OSF,osf:8fhxr,public_metadata_unresolved,0,1,western_blot,metadata_then_manual_file_selection,not_attempted
11,dataset:88a6638031a8e9fc,OSF,osf:xqbca,public_metadata_unresolved,0,1,afm,metadata_then_manual_file_selection,not_attempted
11,dataset:8e699c5551dfff59,Zenodo,10.5281/zenodo.10447666,public_metadata_unresolved,0,1,traction_force_microscopy,metadata_then_manual_file_selection,not_attempted
11,dataset:8c60471f83c3946a,Zenodo,10.5281/zenodo.10853363,public_metadata_unresolved,0,1,piv,metadata_then_manual_file_selection,not_attempted
11,dataset:8449abd9ee108dca,Zenodo,10.5281/zenodo.11019126,public_metadata_unresolved,0,1,flow_cytometry,metadata_then_manual_file_selection,not_attempted
11,dataset:5aa5252e40ee6608,Zenodo,10.5281/zenodo.11502247,public_metadata_unresolved,0,1,afm,metadata_then_manual_file_selection,not_attempted
11,dataset:4185c3ff269e5556,Zenodo,10.5281/zenodo.12205333,public_metadata_unresolved,0,1,afm,metadata_then_manual_file_selection,not_attempted
11,dataset:5d984887c536c33d,Zenodo,10.5281/zenodo.13744448,public_metadata_unresolved,0,1,piv,metadata_then_manual_file_selection,not_attempted
11,dataset:30c91e6d52a0990c,Zenodo,10.5281/zenodo.13784742,public_metadata_unresolved,0,1,immunofluorescence,metadata_then_manual_file_selection,not_attempted
11,dataset:0c0342144faae5fd,Zenodo,10.5281/zenodo.13948827,public_metadata_unresolved,0,1,immunofluorescence,metadata_then_manual_file_selection,not_attempted
11,dataset:3d6274880ac2ce2e,Zenodo,10.5281/zenodo.13961112,public_metadata_unresolved,0,1,immunofluorescence,metadata_then_manual_file_selection,not_attempted
11,dataset:8037ac94c2c099d0,Zenodo,10.5281/zenodo.14051748,public_metadata_unresolved,0,1,piv,metadata_then_manual_file_selection,not_attempted
11,dataset:b631fd8d81a97797,Zenodo,10.5281/zenodo.14199059,public_metadata_unresolved,0,1,immunofluorescence,metadata_then_manual_file_selection,not_attempted
11,dataset:4a6eda4455efd713,Zenodo,10.5281/zenodo.14631321,public_metadata_unresolved,0,1,afm,metadata_then_manual_file_selection,not_attempted
11,dataset:8dab5372c3dcfa6c,Zenodo,10.5281/zenodo.14692589,public_metadata_unresolved,0,1,traction_force_microscopy,metadata_then_manual_file_selection,not_attempted
11,dataset:145f65b2050d55a0,Zenodo,10.5281/zenodo.14767107,public_metadata_unresolved,0,1,flow_cytometry,metadata_then_manual_file_selection,not_attempted
11,dataset:98b2d7562117ad07,Zenodo,10.5281/zenodo.14767257,public_metadata_unresolved,0,1,flow_cytometry,metadata_then_manual_file_selection,not_attempted
11,dataset:610431242568387e,Zenodo,10.5281/zenodo.14999026,public_metadata_unresolved,0,1,afm,metadata_then_manual_file_selection,not_attempted
11,dataset:9618a140c0aa00bb,Zenodo,10.5281/zenodo.15223446,public_metadata_unresolved,0,1,afm,metadata_then_manual_file_selection,not_attempted
11,dataset:c4c064f2fbe4060f,Zenodo,10.5281/zenodo.15236674,public_metadata_unresolved,0,1,afm,metadata_then_manual_file_selection,not_attempted
11,dataset:096659ce04b1a251,Zenodo,10.5281/zenodo.15399769,public_metadata_unresolved,0,1,flow_cytometry,metadata_then_manual_file_selection,not_attempted
11,dataset:bb35dfa7367fa1f5,Zenodo,10.5281/zenodo.1542556362,public_metadata_unresolved,0,1,immunofluorescence,metadata_then_manual_file_selection,not_attempted
11,dataset:4ed49c5bc7775620,Zenodo,10.5281/zenodo.15458516,public_metadata_unresolved,0,1,piv,metadata_then_manual_file_selection,not_attempted
11,dataset:d5c33d43baf78ed4,Zenodo,10.5281/zenodo.15458567,public_metadata_unresolved,0,1,piv,metadata_then_manual_file_selection,not_attempted
11,dataset:e5b35072fdf79c95,Zenodo,10.5281/zenodo.15465541,public_metadata_unresolved,0,1,afm,metadata_then_manual_file_selection,not_attempted
11,dataset:54861a199c11f8bc,Zenodo,10.5281/zenodo.15530248,public_metadata_unresolved,0,1,afm,metadata_then_manual_file_selection,not_attempted
11,dataset:48846b7dce8a1a43,Zenodo,10.5281/zenodo.15530275,public_metadata_unresolved,0,1,afm,metadata_then_manual_file_selection,not_attempted
11,dataset:87a983518e3c530a,Zenodo,10.5281/zenodo.15750510,public_metadata_unresolved,0,1,immunofluorescence,metadata_then_manual_file_selection,not_attempted
11,dataset:de0ed29ecdb8995c,Zenodo,10.5281/zenodo.15889204,public_metadata_unresolved,0,1,afm,metadata_then_manual_file_selection,not_attempted
11,dataset:8f9e50e286e03ac9,Zenodo,10.5281/zenodo.16763306,public_metadata_unresolved,0,1,immunofluorescence,metadata_then_manual_file_selection,not_attempted
11,dataset:d4b4512807b998aa,Zenodo,10.5281/zenodo.17191912,public_metadata_unresolved,0,1,afm,metadata_then_manual_file_selection,not_attempted
11,dataset:b5ea08c9ba703403,Zenodo,10.5281/zenodo.17246506,public_metadata_unresolved,0,1,afm,metadata_then_manual_file_selection,not_attempted
11,dataset:1e9eae24fe688537,Zenodo,10.5281/zenodo.17288660,public_metadata_unresolved,0,1,piv,metadata_then_manual_file_selection,not_attempted
11,dataset:46babe92dbfc5f38,Zenodo,10.5281/zenodo.17781658,public_metadata_unresolved,0,1,immunofluorescence,metadata_then_manual_file_selection,not_attempted
11,dataset:73f1f46c56931663,Zenodo,10.5281/zenodo.17850242,public_metadata_unresolved,0,1,flow_cytometry,metadata_then_manual_file_selection,not_attempted
11,dataset:63db7fc5c1796060,Zenodo,10.5281/zenodo.17970271,public_metadata_unresolved,0,1,immunofluorescence,metadata_then_manual_file_selection,not_attempted
11,dataset:173fc2bb6efdb9b4,Zenodo,10.5281/zenodo.18318970101,public_metadata_unresolved,0,1,piv,metadata_then_manual_file_selection,not_attempted
11,dataset:54147865292ac318,Zenodo,10.5281/zenodo.18394283102,public_metadata_unresolved,0,1,piv,metadata_then_manual_file_selection,not_attempted
11,dataset:9b7ec56b672662fd,Zenodo,10.5281/zenodo.1859980439,public_metadata_unresolved,0,1,flow_cytometry,metadata_then_manual_file_selection,not_attempted
11,dataset:c8a8f133256e899c,Zenodo,10.5281/zenodo.18610042,public_metadata_unresolved,0,1,immunofluorescence,metadata_then_manual_file_selection,not_attempted
11,dataset:bade996fe1055d52,Zenodo,10.5281/zenodo.19187845,public_metadata_unresolved,0,1,piv,metadata_then_manual_file_selection,not_attempted
11,dataset:908aef6f55c006bf,Zenodo,10.5281/zenodo.191878452,public_metadata_unresolved,0,1,piv,metadata_then_manual_file_selection,not_attempted
11,dataset:9ab9458c49cad1a0,Zenodo,10.5281/zenodo.19205503,public_metadata_unresolved,0,1,piv,metadata_then_manual_file_selection,not_attempted
11,dataset:02022db06d09492d,Zenodo,10.5281/zenodo.19228351,public_metadata_unresolved,0,1,pcr,metadata_then_manual_file_selection,not_attempted
11,dataset:c8d11089b37b5b9c,Zenodo,10.5281/zenodo.19591544,public_metadata_unresolved,0,1,flow_cytometry,metadata_then_manual_file_selection,not_attempted
11,dataset:f287fadfdcd0ea22,Zenodo,10.5281/zenodo.19614750,public_metadata_unresolved,0,1,afm,metadata_then_manual_file_selection,not_attempted
11,dataset:05a23da5f35cf6d9,Zenodo,10.5281/zenodo.2678042,public_metadata_unresolved,0,1,flow_cytometry,metadata_then_manual_file_selection,not_attempted
11,dataset:5a3133dc60190553,Zenodo,10.5281/zenodo.3773450,public_metadata_unresolved,0,1,immunofluorescence,metadata_then_manual_file_selection,not_attempted
11,dataset:9e33514b27a38f03,Zenodo,10.5281/zenodo.3967972,public_metadata_unresolved,0,1,piv,metadata_then_manual_file_selection,not_attempted
11,dataset:ea33c290d05d4b78,Zenodo,10.5281/zenodo.4718746,public_metadata_unresolved,0,1,piv,metadata_then_manual_file_selection,not_attempted
11,dataset:1790d342a6a441a5,Zenodo,10.5281/zenodo.5537041,public_metadata_unresolved,0,1,traction_force_microscopy,metadata_then_manual_file_selection,not_attempted
11,dataset:48003e6694e9b9c7,Zenodo,10.5281/zenodo.5832570,public_metadata_unresolved,0,1,afm,metadata_then_manual_file_selection,not_attempted
11,dataset:f8b0fc507781e691,Zenodo,10.5281/zenodo.60425,public_metadata_unresolved,0,1,traction_force_microscopy,metadata_then_manual_file_selection,not_attempted
11,dataset:0fb82e20daba9e6d,Zenodo,10.5281/zenodo.8171784,public_metadata_unresolved,0,1,piv,metadata_then_manual_file_selection,not_attempted
11,dataset:3e1a2d5a7965d419,Zenodo,10.5281/zenodo.8174506,public_metadata_unresolved,0,1,piv,metadata_then_manual_file_selection,not_attempted
11,dataset:7f0d45a73adff8ce,Zenodo,10.5281/zenodo.8251833,public_metadata_unresolved,0,1,immunofluorescence,metadata_then_manual_file_selection,not_attempted
11,dataset:29f01783d1e565eb,dbGaP,phs000424.v10.p2,public_metadata_unresolved,0,1,western_blot,metadata_then_manual_file_selection,not_attempted
1,dataset:09322cddbad34ea5,Dryad,10.5061/dryad.2z34tmq1h,public_metadata_unresolved,0,1,,metadata_then_manual_file_selection,not_attempted
1,dataset:d178689a64315545,Dryad,10.5061/dryad.76hdr7t1p,public_metadata_unresolved,0,1,,metadata_then_manual_file_selection,not_attempted
1,dataset:0143cf419bafa7b2,Dryad,10.5061/dryad.8t8s248,public_metadata_unresolved,0,1,,metadata_then_manual_file_selection,not_attempted
1,dataset:0c49e5843afe1fbe,Dryad,10.5061/dryad.dv41ns1x3,public_metadata_unresolved,0,1,,metadata_then_manual_file_selection,not_attempted
1,dataset:40e219079c2a6d0e,Dryad,10.5061/dryad.h70rxwdmj,public_metadata_unresolved,0,1,,metadata_then_manual_file_selection,not_attempted
1,dataset:325550157fa4c69c,Dryad,10.5061/dryad.pg4f4qrph,public_metadata_unresolved,0,1,,metadata_then_manual_file_selection,not_attempted
1,dataset:5d7467e3b5795bb9,Dryad,10.5061/dryad.pg4f4qrphpmc820549334032216,public_metadata_unresolved,0,1,,metadata_then_manual_file_selection,not_attempted
1,dataset:f6c15f2e978cd046,Dryad,10.5061/dryad.ph510,public_metadata_unresolved,0,1,,metadata_then_manual_file_selection,not_attempted
1,dataset:d1abedfe51f29ae5,Dryad,10.5061/dryad.pk0p2ngrf,public_metadata_unresolved,0,1,,metadata_then_manual_file_selection,not_attempted
1,dataset:6b367713e31c3f56,Dryad,10.5061/dryad.xgxd254wg,public_metadata_unresolved,0,1,,metadata_then_manual_file_selection,not_attempted
1,dataset:96e3205f9680b0f8,Figshare,10.6084/m9.figshare.13199756,public_metadata_unresolved,0,1,,metadata_then_manual_file_selection,not_attempted
1,dataset:c7c1cbb24f227bf6,Figshare,10.6084/m9.figshare.1344809.v2,public_metadata_unresolved,0,1,,metadata_then_manual_file_selection,not_attempted
1,dataset:1c197de6f137c3a8,Figshare,10.6084/m9.figshare.14062070,public_metadata_unresolved,0,1,,metadata_then_manual_file_selection,not_attempted
1,dataset:1f0c0719805c43da,Figshare,10.6084/m9.figshare.17360882,public_metadata_unresolved,0,1,,metadata_then_manual_file_selection,not_attempted
1,dataset:01a8e5ab27b7a246,Figshare,10.6084/m9.figshare.17360882.v3,public_metadata_unresolved,0,1,,metadata_then_manual_file_selection,not_attempted
1,dataset:e26b27589212825c,Figshare,10.6084/m9.figshare.24463519,public_metadata_unresolved,0,1,,metadata_then_manual_file_selection,not_attempted
1,dataset:2ae91c0303284c92,Figshare,10.6084/m9.figshare.24948180,public_metadata_unresolved,0,1,,metadata_then_manual_file_selection,not_attempted
1,dataset:38649ddcaefaf03a,Figshare,10.6084/m9.figshare.25869097,public_metadata_unresolved,0,1,,metadata_then_manual_file_selection,not_attempted
1,dataset:0efa34c806ffddca,Figshare,10.6084/m9.figshare.2689382274,public_metadata_unresolved,0,1,,metadata_then_manual_file_selection,not_attempted
1,dataset:7264d991e258b3ef,Figshare,10.6084/m9.figshare.29141777,public_metadata_unresolved,0,1,,metadata_then_manual_file_selection,not_attempted
1,dataset:27104f5aa0c24898,Figshare,10.6084/m9.figshare.29424653,public_metadata_unresolved,0,1,,metadata_then_manual_file_selection,not_attempted
1,dataset:13ba8431731298d8,Figshare,10.6084/m9.figshare.29551862,public_metadata_unresolved,0,1,,metadata_then_manual_file_selection,not_attempted
1,dataset:8b622041891201b1,Figshare,10.6084/m9.figshare.30071086.v2,public_metadata_unresolved,0,1,,metadata_then_manual_file_selection,not_attempted
1,dataset:bca07a90f172b7e8,Figshare,10.6084/m9.figshare.31030252,public_metadata_unresolved,0,1,,metadata_then_manual_file_selection,not_attempted
1,dataset:630c1acb6da8f9f4,Figshare,10.6084/m9.figshare.31385836,public_metadata_unresolved,0,1,,metadata_then_manual_file_selection,not_attempted
1,dataset:2e3ca957b31a0ef4,Figshare,10.6084/m9.figshare.4555852,public_metadata_unresolved,0,1,,metadata_then_manual_file_selection,not_attempted
1,dataset:2a0a7e89a15a7db4,MendeleyData,10.17632/pwwpt8s9cb.151,public_metadata_unresolved,0,1,,metadata_then_manual_file_selection,not_attempted
1,dataset:51b517623bbe4c0b,MendeleyData,10.17632/w7nw4km7xd.1,public_metadata_unresolved,0,1,,metadata_then_manual_file_selection,not_attempted
1,dataset:1a8b775a4cbf739d,OSF,osf:t7vmf,public_metadata_unresolved,0,1,,metadata_then_manual_file_selection,not_attempted
1,dataset:f968d1745119ff84,OSF,osf:uth78,public_metadata_unresolved,0,1,,metadata_then_manual_file_selection,not_attempted
1,dataset:e51713b13b52b4c7,Zenodo,10.5281/zenodo.10015614,public_metadata_unresolved,0,1,,metadata_then_manual_file_selection,not_attempted
1,dataset:0b84b8c1f7dce9d5,Zenodo,10.5281/zenodo.1041095874,public_metadata_unresolved,0,1,,metadata_then_manual_file_selection,not_attempted
1,dataset:8c21103ae67175ce,Zenodo,10.5281/zenodo.1041964074,public_metadata_unresolved,0,1,,metadata_then_manual_file_selection,not_attempted
1,dataset:be0b052526205e31,Zenodo,10.5281/zenodo.10887088,public_metadata_unresolved,0,1,,metadata_then_manual_file_selection,not_attempted
1,dataset:d0dd797037cb463b,Zenodo,10.5281/zenodo.11247565,public_metadata_unresolved,0,1,,metadata_then_manual_file_selection,not_attempted
1,dataset:6962a209f0700e74,Zenodo,10.5281/zenodo.1202077,public_metadata_unresolved,0,1,,metadata_then_manual_file_selection,not_attempted
1,dataset:1ed45997c931fc48,Zenodo,10.5281/zenodo.12126999,public_metadata_unresolved,0,1,,metadata_then_manual_file_selection,not_attempted
1,dataset:d7c765def84cc669,Zenodo,10.5281/zenodo.12168941,public_metadata_unresolved,0,1,,metadata_then_manual_file_selection,not_attempted
1,dataset:74461081b353221e,Zenodo,10.5281/zenodo.12518270,public_metadata_unresolved,0,1,,metadata_then_manual_file_selection,not_attempted
1,dataset:3de110601dc8544d,Zenodo,10.5281/zenodo.12528191,public_metadata_unresolved,0,1,,metadata_then_manual_file_selection,not_attempted
1,dataset:ef180891521c63ca,Zenodo,10.5281/zenodo.12636349,public_metadata_unresolved,0,1,,metadata_then_manual_file_selection,not_attempted
1,dataset:8ce86077d5419e3a,Zenodo,10.5281/zenodo.1286976,public_metadata_unresolved,0,1,,metadata_then_manual_file_selection,not_attempted
1,dataset:33148aeba62f1652,Zenodo,10.5281/zenodo.13644582,public_metadata_unresolved,0,1,,metadata_then_manual_file_selection,not_attempted
1,dataset:72a3ba20d5c87bd9,Zenodo,10.5281/zenodo.13734428,public_metadata_unresolved,0,1,,metadata_then_manual_file_selection,not_attempted
1,dataset:26c0346a425aa6dd,Zenodo,10.5281/zenodo.13998169,public_metadata_unresolved,0,1,,metadata_then_manual_file_selection,not_attempted
1,dataset:cf7e7c45a46679eb,Zenodo,10.5281/zenodo.14222289,public_metadata_unresolved,0,1,,metadata_then_manual_file_selection,not_attempted
1,dataset:80d767714d893a26,Zenodo,10.5281/zenodo.14263179,public_metadata_unresolved,0,1,,metadata_then_manual_file_selection,not_attempted
1,dataset:9740c37c2a941cf8,Zenodo,10.5281/zenodo.14611122,public_metadata_unresolved,0,1,,metadata_then_manual_file_selection,not_attempted
1,dataset:e9b02ba3763dbf4b,Zenodo,10.5281/zenodo.14885286,public_metadata_unresolved,0,1,,metadata_then_manual_file_selection,not_attempted
1,dataset:b770f6836e02e2a4,Zenodo,10.5281/zenodo.14888111,public_metadata_unresolved,0,1,,metadata_then_manual_file_selection,not_attempted
1,dataset:102d87cc120bcba5,Zenodo,10.5281/zenodo.14903509,public_metadata_unresolved,0,1,,metadata_then_manual_file_selection,not_attempted
1,dataset:5b61572eb9a334f2,Zenodo,10.5281/zenodo.14986870,public_metadata_unresolved,0,1,,metadata_then_manual_file_selection,not_attempted
1,dataset:3bdd5356168bab1c,Zenodo,10.5281/zenodo.14998398,public_metadata_unresolved,0,1,,metadata_then_manual_file_selection,not_attempted
1,dataset:99535806ce684b9d,Zenodo,10.5281/zenodo.14999395,public_metadata_unresolved,0,1,,metadata_then_manual_file_selection,not_attempted
1,dataset:6ffa85cc764f5e89,Zenodo,10.5281/zenodo.15005579,public_metadata_unresolved,0,1,,metadata_then_manual_file_selection,not_attempted
1,dataset:5d45409b94ad62b2,Zenodo,10.5281/zenodo.15022130,public_metadata_unresolved,0,1,,metadata_then_manual_file_selection,not_attempted
1,dataset:aa700bdc3c6f2953,Zenodo,10.5281/zenodo.15243986,public_metadata_unresolved,0,1,,metadata_then_manual_file_selection,not_attempted
1,dataset:36b9b997a50b7bfe,Zenodo,10.5281/zenodo.15425830,public_metadata_unresolved,0,1,,metadata_then_manual_file_selection,not_attempted
1,dataset:79bb8002dd07b3dd,Zenodo,10.5281/zenodo.15479735,public_metadata_unresolved,0,1,,metadata_then_manual_file_selection,not_attempted
1,dataset:402b1f4376a2fa53,Zenodo,10.5281/zenodo.15656848,public_metadata_unresolved,0,1,,metadata_then_manual_file_selection,not_attempted
1,dataset:69aaecc41c7d8bc3,Zenodo,10.5281/zenodo.15925656,public_metadata_unresolved,0,1,,metadata_then_manual_file_selection,not_attempted
1,dataset:3bff52b7960b3186,Zenodo,10.5281/zenodo.1675001282,public_metadata_unresolved,0,1,,metadata_then_manual_file_selection,not_attempted
1,dataset:ada647c133cd1243,Zenodo,10.5281/zenodo.16893454,public_metadata_unresolved,0,1,,metadata_then_manual_file_selection,not_attempted
1,dataset:6d0eb87c5284d7bf,Zenodo,10.5281/zenodo.16893874,public_metadata_unresolved,0,1,,metadata_then_manual_file_selection,not_attempted
1,dataset:936e2eab76352237,Zenodo,10.5281/zenodo.17339575,public_metadata_unresolved,0,1,,metadata_then_manual_file_selection,not_attempted
1,dataset:9deed4a7db88312f,Zenodo,10.5281/zenodo.17414605,public_metadata_unresolved,0,1,,metadata_then_manual_file_selection,not_attempted
1,dataset:af56f64f6d25fe34,Zenodo,10.5281/zenodo.17477924,public_metadata_unresolved,0,1,,metadata_then_manual_file_selection,not_attempted
1,dataset:799a94d63e40b2c2,Zenodo,10.5281/zenodo.17491084,public_metadata_unresolved,0,1,,metadata_then_manual_file_selection,not_attempted
1,dataset:0ede306df6b0c17c,Zenodo,10.5281/zenodo.17543163,public_metadata_unresolved,0,1,,metadata_then_manual_file_selection,not_attempted
1,dataset:1d66a0100bcfdabe,Zenodo,10.5281/zenodo.17546286,public_metadata_unresolved,0,1,,metadata_then_manual_file_selection,not_attempted
1,dataset:d6de13cfe37a51d4,Zenodo,10.5281/zenodo.17550730,public_metadata_unresolved,0,1,,metadata_then_manual_file_selection,not_attempted
1,dataset:a79696ebfa7c469b,Zenodo,10.5281/zenodo.17569912,public_metadata_unresolved,0,1,,metadata_then_manual_file_selection,not_attempted
1,dataset:54fbb5fb3013464c,Zenodo,10.5281/zenodo.17579155,public_metadata_unresolved,0,1,,metadata_then_manual_file_selection,not_attempted
1,dataset:6bde9842cdcdd72c,Zenodo,10.5281/zenodo.17589464,public_metadata_unresolved,0,1,,metadata_then_manual_file_selection,not_attempted
1,dataset:a052688e3db92e54,Zenodo,10.5281/zenodo.17596663,public_metadata_unresolved,0,1,,metadata_then_manual_file_selection,not_attempted
1,dataset:3bf352694b21b6bc,Zenodo,10.5281/zenodo.17602964,public_metadata_unresolved,0,1,,metadata_then_manual_file_selection,not_attempted
1,dataset:8568824f911e0136,Zenodo,10.5281/zenodo.17676576,public_metadata_unresolved,0,1,,metadata_then_manual_file_selection,not_attempted
1,dataset:e83868d277283d20,Zenodo,10.5281/zenodo.17831969,public_metadata_unresolved,0,1,,metadata_then_manual_file_selection,not_attempted
1,dataset:71b883857b7acf01,Zenodo,10.5281/zenodo.17966358,public_metadata_unresolved,0,1,,metadata_then_manual_file_selection,not_attempted
1,dataset:be4db8c199f27906,Zenodo,10.5281/zenodo.18086195,public_metadata_unresolved,0,1,,metadata_then_manual_file_selection,not_attempted
1,dataset:82101a7c1ef659af,Zenodo,10.5281/zenodo.1813789863,public_metadata_unresolved,0,1,,metadata_then_manual_file_selection,not_attempted
1,dataset:d9cbf4a401457141,Zenodo,10.5281/zenodo.18184315,public_metadata_unresolved,0,1,,metadata_then_manual_file_selection,not_attempted
1,dataset:5bd126b781b9dc2b,Zenodo,10.5281/zenodo.18184356,public_metadata_unresolved,0,1,,metadata_then_manual_file_selection,not_attempted
1,dataset:5e4a805d5b524e88,Zenodo,10.5281/zenodo.18385218,public_metadata_unresolved,0,1,,metadata_then_manual_file_selection,not_attempted
1,dataset:98a2a0608ce59412,Zenodo,10.5281/zenodo.18390286,public_metadata_unresolved,0,1,,metadata_then_manual_file_selection,not_attempted
1,dataset:4fc28a2b026e091b,Zenodo,10.5281/zenodo.18408577,public_metadata_unresolved,0,1,,metadata_then_manual_file_selection,not_attempted
1,dataset:9a8a08aaabf80bed,Zenodo,10.5281/zenodo.18454876,public_metadata_unresolved,0,1,,metadata_then_manual_file_selection,not_attempted
1,dataset:7f315512bf694814,Zenodo,10.5281/zenodo.18620435,public_metadata_unresolved,0,1,,metadata_then_manual_file_selection,not_attempted
1,dataset:e66a84f663986d53,Zenodo,10.5281/zenodo.18651263,public_metadata_unresolved,0,1,,metadata_then_manual_file_selection,not_attempted
1,dataset:3ec63898e717ef61,Zenodo,10.5281/zenodo.18690457,public_metadata_unresolved,0,1,,metadata_then_manual_file_selection,not_attempted
1,dataset:c2f62ffd34761c98,Zenodo,10.5281/zenodo.18824137,public_metadata_unresolved,0,1,,metadata_then_manual_file_selection,not_attempted
1,dataset:06b1ceba96e3ba31,Zenodo,10.5281/zenodo.20254474,public_metadata_unresolved,0,1,,metadata_then_manual_file_selection,not_attempted
1,dataset:ee2c3397b29d88df,Zenodo,10.5281/zenodo.20341365,public_metadata_unresolved,0,1,,metadata_then_manual_file_selection,not_attempted
1,dataset:3268f0ebc31580dc,Zenodo,10.5281/zenodo.2349226,public_metadata_unresolved,0,1,,metadata_then_manual_file_selection,not_attempted
1,dataset:7aa4a18a92f32b44,Zenodo,10.5281/zenodo.2564761,public_metadata_unresolved,0,1,,metadata_then_manual_file_selection,not_attempted
1,dataset:17c20f3457f9ec0e,Zenodo,10.5281/zenodo.292972,public_metadata_unresolved,0,1,,metadata_then_manual_file_selection,not_attempted
1,dataset:1c110b3e74be4b7b,Zenodo,10.5281/zenodo.3378706,public_metadata_unresolved,0,1,,metadata_then_manual_file_selection,not_attempted
1,dataset:53a14476a16bec78,Zenodo,10.5281/zenodo.3518284,public_metadata_unresolved,0,1,,metadata_then_manual_file_selection,not_attempted
1,dataset:a9b3facc500c7583,Zenodo,10.5281/zenodo.7114557,public_metadata_unresolved,0,1,,metadata_then_manual_file_selection,not_attempted
1,dataset:f1a0968f011acb0e,Zenodo,10.5281/zenodo.7276432,public_metadata_unresolved,0,1,,metadata_then_manual_file_selection,not_attempted
1,dataset:7053d40160e0397e,Zenodo,10.5281/zenodo.7489557,public_metadata_unresolved,0,1,,metadata_then_manual_file_selection,not_attempted
1,dataset:976748573435800b,Zenodo,10.5281/zenodo.7489972,public_metadata_unresolved,0,1,,metadata_then_manual_file_selection,not_attempted
1,dataset:6ad6feb42af51405,Zenodo,10.5281/zenodo.7489984,public_metadata_unresolved,0,1,,metadata_then_manual_file_selection,not_attempted
1,dataset:2fb329c2bddf0eb7,Zenodo,10.5281/zenodo.7489996,public_metadata_unresolved,0,1,,metadata_then_manual_file_selection,not_attempted
1,dataset:e5e91f656e1071b7,Zenodo,10.5281/zenodo.7490012,public_metadata_unresolved,0,1,,metadata_then_manual_file_selection,not_attempted
1,dataset:4f700aa5767fe89d,Zenodo,10.5281/zenodo.7490020,public_metadata_unresolved,0,1,,metadata_then_manual_file_selection,not_attempted
1,dataset:10e7b05bc93ef313,Zenodo,10.5281/zenodo.7490029,public_metadata_unresolved,0,1,,metadata_then_manual_file_selection,not_attempted
1,dataset:788e34d6c40451d5,Zenodo,10.5281/zenodo.7805849,public_metadata_unresolved,0,1,,metadata_then_manual_file_selection,not_attempted
1,dataset:c1aedeb9da6a6e56,Zenodo,10.5281/zenodo.8090780,public_metadata_unresolved,0,1,,metadata_then_manual_file_selection,not_attempted
1,dataset:2b828ecad5fb39e7,Zenodo,10.5281/zenodo.8133130,public_metadata_unresolved,0,1,,metadata_then_manual_file_selection,not_attempted
1,dataset:0fa1e443851302fd,Zenodo,10.5281/zenodo.8260142,public_metadata_unresolved,0,1,,metadata_then_manual_file_selection,not_attempted
1,dataset:124397af8c685c4c,Zenodo,10.5281/zenodo.8320862,public_metadata_unresolved,0,1,,metadata_then_manual_file_selection,not_attempted
1,dataset:400739554e89648c,Zenodo,10.5281/zenodo.8354144,public_metadata_unresolved,0,1,,metadata_then_manual_file_selection,not_attempted
1,dataset:5230fd7f24e71b4b,Zenodo,10.5281/zenodo.8354953,public_metadata_unresolved,0,1,,metadata_then_manual_file_selection,not_attempted
